2026-09-12 00:40:01.090  WARN 13084 --- [ool housekeeper] com.zaxxer.hikari.pool.HikariPool        : BusinessAppHikariPool - Thread starvation or clock leap detected (housekeeper delta=1h28m53s323ms824µs800ns).
2026-09-12 01:58:26.747  WARN 13084 --- [ool housekeeper] com.zaxxer.hikari.pool.HikariPool        : BusinessAppHikariPool - Thread starvation or clock leap detected (housekeeper delta=1h13m55s507ms201µs200ns).
2026-09-12 10:58:43.562  INFO 16796 --- [  restartedMain] c.e.firstapp.FirstappApplication         : Starting FirstappApplication using Java 25.0.3 with PID 16796 (E:\firstapp\firstapp\target\classes started by Dell in E:\firstapp\firstapp)
2026-09-12 10:58:43.575  INFO 16796 --- [  restartedMain] c.e.firstapp.FirstappApplication         : No active profile set, falling back to 1 default profile: "default"
2026-09-12 10:58:43.799  INFO 16796 --- [  restartedMain] .e.DevToolsPropertyDefaultsPostProcessor : Devtools property defaults active! Set 'spring.devtools.add-properties' to 'false' to disable
2026-09-12 10:58:43.802  INFO 16796 --- [  restartedMain] .e.DevToolsPropertyDefaultsPostProcessor : For additional web related logging consider setting the 'logging.level.web' property to 'DEBUG'
2026-09-12 10:58:50.926  INFO 16796 --- [  restartedMain] .s.d.r.c.RepositoryConfigurationDelegate : Bootstrapping Spring Data JPA repositories in DEFAULT mode.
2026-09-12 10:58:51.303  INFO 16796 --- [  restartedMain] .s.d.r.c.RepositoryConfigurationDelegate : Finished Spring Data repository scanning in 323 ms. Found 8 JPA repository interfaces.
2026-09-12 10:58:53.731  INFO 16796 --- [  restartedMain] o.s.b.w.e.tomcat.TomcatWebServer         : Tomcat initialized with port 8080 (http)
2026-09-12 10:58:53.776  INFO 16796 --- [  restartedMain] o.a.catalina.core.StandardService        : Starting service [Tomcat]
2026-09-12 10:58:53.778  INFO 16796 --- [  restartedMain] o.a.catalina.core.StandardEngine         : Starting Servlet engine: [Apache Tomcat/10.1.42]
2026-09-12 10:58:54.006  INFO 16796 --- [  restartedMain] o.a.c.c.C.[Tomcat].[localhost].[/]       : Initializing Spring embedded WebApplicationContext
2026-09-12 10:58:54.007  INFO 16796 --- [  restartedMain] w.s.c.ServletWebServerApplicationContext : Root WebApplicationContext: initialization completed in 10203 ms
2026-09-12 10:58:54.132 DEBUG 16796 --- [  restartedMain] com.zaxxer.hikari.HikariConfig           : Driver class com.mysql.cj.jdbc.Driver found in Thread context class loader TomcatEmbeddedWebappClassLoader
  context: ROOT
  delegate: true
----------> Parent Classloader:
org.springframework.boot.devtools.restart.classloader.RestartClassLoader@6e37c89b

2026-09-12 10:58:54.506  INFO 16796 --- [  restartedMain] o.h.jpa.internal.util.LogHelper          : HHH000204: Processing PersistenceUnitInfo [name: default]
2026-09-12 10:58:54.754  INFO 16796 --- [  restartedMain] org.hibernate.Version                    : HHH000412: Hibernate ORM core version 6.5.3.Final
2026-09-12 10:58:54.890  INFO 16796 --- [  restartedMain] o.h.c.i.RegionFactoryInitiator           : HHH000026: Second-level cache disabled
2026-09-12 10:58:56.049  INFO 16796 --- [  restartedMain] o.s.o.j.p.SpringPersistenceUnitInfo      : No LoadTimeWeaver setup: ignoring JPA class transformer
2026-09-12 10:58:56.154 DEBUG 16796 --- [  restartedMain] com.zaxxer.hikari.HikariConfig           : BusinessAppHikariPool - configuration:
2026-09-12 10:58:56.170 DEBUG 16796 --- [  restartedMain] com.zaxxer.hikari.HikariConfig           : allowPoolSuspension.............false
2026-09-12 10:58:56.172 DEBUG 16796 --- [  restartedMain] com.zaxxer.hikari.HikariConfig           : autoCommit......................true
2026-09-12 10:58:56.173 DEBUG 16796 --- [  restartedMain] com.zaxxer.hikari.HikariConfig           : catalog.........................none
2026-09-12 10:58:56.175 DEBUG 16796 --- [  restartedMain] com.zaxxer.hikari.HikariConfig           : connectionInitSql...............none
2026-09-12 10:58:56.176 DEBUG 16796 --- [  restartedMain] com.zaxxer.hikari.HikariConfig           : connectionTestQuery............."SELECT 1"
2026-09-12 10:58:56.179 DEBUG 16796 --- [  restartedMain] com.zaxxer.hikari.HikariConfig           : connectionTimeout...............20000
2026-09-12 10:58:56.181 DEBUG 16796 --- [  restartedMain] com.zaxxer.hikari.HikariConfig           : dataSource......................none
2026-09-12 10:58:56.182 DEBUG 16796 --- [  restartedMain] com.zaxxer.hikari.HikariConfig           : dataSourceClassName.............none
2026-09-12 10:58:56.183 DEBUG 16796 --- [  restartedMain] com.zaxxer.hikari.HikariConfig           : dataSourceJNDI..................none
2026-09-12 10:58:56.186 DEBUG 16796 --- [  restartedMain] com.zaxxer.hikari.HikariConfig           : dataSourceProperties............{password=<masked>}
2026-09-12 10:58:56.189 DEBUG 16796 --- [  restartedMain] com.zaxxer.hikari.HikariConfig           : driverClassName................."com.mysql.cj.jdbc.Driver"
2026-09-12 10:58:56.191 DEBUG 16796 --- [  restartedMain] com.zaxxer.hikari.HikariConfig           : exceptionOverrideClassName......none
2026-09-12 10:58:56.193 DEBUG 16796 --- [  restartedMain] com.zaxxer.hikari.HikariConfig           : healthCheckProperties...........{}
2026-09-12 10:58:56.195 DEBUG 16796 --- [  restartedMain] com.zaxxer.hikari.HikariConfig           : healthCheckRegistry.............none
2026-09-12 10:58:56.196 DEBUG 16796 --- [  restartedMain] com.zaxxer.hikari.HikariConfig           : idleTimeout.....................600000
2026-09-12 10:58:56.197 DEBUG 16796 --- [  restartedMain] com.zaxxer.hikari.HikariConfig           : initializationFailTimeout.......1
2026-09-12 10:58:56.198 DEBUG 16796 --- [  restartedMain] com.zaxxer.hikari.HikariConfig           : isolateInternalQueries..........false
2026-09-12 10:58:56.200 DEBUG 16796 --- [  restartedMain] com.zaxxer.hikari.HikariConfig           : jdbcUrl.........................jdbc:mysql://localhost:3306/businessapp?createDatabaseIfNotExist=true&useSSL=false&serverTimezone=UTC&allowPublicKeyRetrieval=true
2026-09-12 10:58:56.202 DEBUG 16796 --- [  restartedMain] com.zaxxer.hikari.HikariConfig           : keepaliveTime...................0
2026-09-12 10:58:56.203 DEBUG 16796 --- [  restartedMain] com.zaxxer.hikari.HikariConfig           : leakDetectionThreshold..........0
2026-09-12 10:58:56.204 DEBUG 16796 --- [  restartedMain] com.zaxxer.hikari.HikariConfig           : maxLifetime.....................1800000
2026-09-12 10:58:56.205 DEBUG 16796 --- [  restartedMain] com.zaxxer.hikari.HikariConfig           : maximumPoolSize.................10
2026-09-12 10:58:56.206 DEBUG 16796 --- [  restartedMain] com.zaxxer.hikari.HikariConfig           : metricRegistry..................none
2026-09-12 10:58:56.207 DEBUG 16796 --- [  restartedMain] com.zaxxer.hikari.HikariConfig           : metricsTrackerFactory...........none
2026-09-12 10:58:56.208 DEBUG 16796 --- [  restartedMain] com.zaxxer.hikari.HikariConfig           : minimumIdle.....................5
2026-09-12 10:58:56.209 DEBUG 16796 --- [  restartedMain] com.zaxxer.hikari.HikariConfig           : password........................<masked>
2026-09-12 10:58:56.210 DEBUG 16796 --- [  restartedMain] com.zaxxer.hikari.HikariConfig           : poolName........................"BusinessAppHikariPool"
2026-09-12 10:58:56.211 DEBUG 16796 --- [  restartedMain] com.zaxxer.hikari.HikariConfig           : readOnly........................false
2026-09-12 10:58:56.212 DEBUG 16796 --- [  restartedMain] com.zaxxer.hikari.HikariConfig           : registerMbeans..................false
2026-09-12 10:58:56.213 DEBUG 16796 --- [  restartedMain] com.zaxxer.hikari.HikariConfig           : scheduledExecutor...............none
2026-09-12 10:58:56.213 DEBUG 16796 --- [  restartedMain] com.zaxxer.hikari.HikariConfig           : schema..........................none
2026-09-12 10:58:56.214 DEBUG 16796 --- [  restartedMain] com.zaxxer.hikari.HikariConfig           : threadFactory...................internal
2026-09-12 10:58:56.216 DEBUG 16796 --- [  restartedMain] com.zaxxer.hikari.HikariConfig           : transactionIsolation............default
2026-09-12 10:58:56.220 DEBUG 16796 --- [  restartedMain] com.zaxxer.hikari.HikariConfig           : username........................"root"
2026-09-12 10:58:56.222 DEBUG 16796 --- [  restartedMain] com.zaxxer.hikari.HikariConfig           : validationTimeout...............5000
2026-09-12 10:58:56.223  INFO 16796 --- [  restartedMain] com.zaxxer.hikari.HikariDataSource       : BusinessAppHikariPool - Starting...
2026-09-12 10:58:56.865  INFO 16796 --- [  restartedMain] com.zaxxer.hikari.pool.HikariPool        : BusinessAppHikariPool - Added connection com.mysql.cj.jdbc.ConnectionImpl@6ee3129f
2026-09-12 10:58:56.871  INFO 16796 --- [  restartedMain] com.zaxxer.hikari.HikariDataSource       : BusinessAppHikariPool - Start completed.
2026-09-12 10:59:02.134  INFO 16796 --- [  restartedMain] o.h.e.t.j.p.i.JtaPlatformInitiator       : HHH000489: No JTA platform available (set 'hibernate.transaction.jta.platform' to enable JTA platform integration)
2026-09-12 10:59:02.388 DEBUG 16796 --- [  restartedMain] org.hibernate.SQL                        : 
    alter table businesses 
       modify column description TEXT
2026-09-12 10:59:02.894 DEBUG 16796 --- [  restartedMain] org.hibernate.SQL                        : 
    alter table member_educations 
       modify column description TEXT
2026-09-12 10:59:02.954 DEBUG 16796 --- [  restartedMain] org.hibernate.SQL                        : 
    alter table member_experiences 
       modify column description TEXT
2026-09-12 10:59:03.020 DEBUG 16796 --- [  restartedMain] org.hibernate.SQL                        : 
    alter table members 
       modify column bio TEXT
2026-09-12 10:59:03.149 DEBUG 16796 --- [  restartedMain] org.hibernate.SQL                        : 
    alter table members 
       modify column profile_visibility enum ('CONNECTIONS_ONLY','PRIVATE','PUBLIC') not null
2026-09-12 10:59:03.226 DEBUG 16796 --- [  restartedMain] org.hibernate.SQL                        : 
    alter table members 
       modify column specialization enum ('ACCOUNTING_AUDIT','ASSET_WEALTH_MANAGEMENT','CORPORATE_FINANCE','FINTECH','INSURANCE','INVESTMENT_BANKING','OTHER','PRIVATE_EQUITY_VC','RISK_COMPLIANCE')
2026-09-12 10:59:03.285 DEBUG 16796 --- [  restartedMain] org.hibernate.SQL                        : 
    alter table opportunities 
       modify column description TEXT not null
2026-09-12 10:59:03.426 DEBUG 16796 --- [  restartedMain] org.hibernate.SQL                        : 
    alter table opportunities 
       modify column experience_level enum ('EXECUTIVE','GRADUATE','JUNIOR','MID','SENIOR') not null
2026-09-12 10:59:03.487 DEBUG 16796 --- [  restartedMain] org.hibernate.SQL                        : 
    alter table opportunities 
       modify column specialization enum ('ACCOUNTING_AUDIT','ASSET_WEALTH_MANAGEMENT','CORPORATE_FINANCE','FINTECH','INSURANCE','INVESTMENT_BANKING','OTHER','PRIVATE_EQUITY_VC','RISK_COMPLIANCE') not null
2026-09-12 10:59:03.548 DEBUG 16796 --- [  restartedMain] org.hibernate.SQL                        : 
    alter table opportunities 
       modify column status enum ('CLOSED','DRAFT','PUBLISHED') not null
2026-09-12 10:59:03.609 DEBUG 16796 --- [  restartedMain] org.hibernate.SQL                        : 
    alter table opportunities 
       modify column type enum ('CONTRACT','FULL_TIME','GIG','INTERNSHIP','PART_TIME') not null
2026-09-12 10:59:03.778 DEBUG 16796 --- [  restartedMain] org.hibernate.SQL                        : 
    alter table opportunities 
       modify column work_mode enum ('HYBRID','ONSITE','REMOTE') not null
2026-09-12 10:59:03.844 DEBUG 16796 --- [  restartedMain] org.hibernate.SQL                        : 
    alter table opportunity_qualifications 
       modify column qualification TEXT not null
2026-09-12 10:59:03.870 DEBUG 16796 --- [  restartedMain] org.hibernate.SQL                        : 
    alter table opportunity_responsibilities 
       modify column responsibility TEXT not null
2026-09-12 10:59:03.896 DEBUG 16796 --- [  restartedMain] org.hibernate.SQL                        : 
    alter table users 
       modify column role enum ('ROLE_ADMIN','ROLE_ADVISORY','ROLE_BUSINESS','ROLE_CUSTOMER','ROLE_MEMBERS') not null
2026-09-12 10:59:04.345  INFO 16796 --- [  restartedMain] j.LocalContainerEntityManagerFactoryBean : Initialized JPA EntityManagerFactory for persistence unit 'default'
2026-09-12 10:59:05.652  INFO 16796 --- [  restartedMain] o.s.d.j.r.query.QueryEnhancerFactory     : Hibernate is in classpath; If applicable, HQL parser will be used.
2026-09-12 10:59:08.933  INFO 16796 --- [  restartedMain] o.s.b.web.servlet.RegistrationBean       : Filter disableJwtAuthFilterRegistration was not registered (disabled)
2026-09-12 10:59:09.678  INFO 16796 --- [  restartedMain] eAuthenticationProviderManagerConfigurer : Global AuthenticationManager configured with AuthenticationProvider bean with name authenticationProvider
2026-09-12 10:59:09.681  WARN 16796 --- [  restartedMain] r$InitializeUserDetailsManagerConfigurer : Global AuthenticationManager configured with an AuthenticationProvider bean. UserDetailsService beans will not be used for username/password login. Consider removing the AuthenticationProvider bean. Alternatively, consider using the UserDetailsService in a manually instantiated DaoAuthenticationProvider.
2026-09-12 10:59:11.371  INFO 16796 --- [  restartedMain] c.e.firstapp.config.AsyncConfig          : Email thread pool initialized: core=2 max=5 queue=50
2026-09-12 10:59:13.050 DEBUG 16796 --- [  restartedMain] o.s.s.web.DefaultSecurityFilterChain     : Will secure any request with filters: DisableEncodeUrlFilter, WebAsyncManagerIntegrationFilter, SecurityContextHolderFilter, HeaderWriterFilter, LogoutFilter, JwtAuthFilter, RequestCacheAwareFilter, SecurityContextHolderAwareRequestFilter, AnonymousAuthenticationFilter, SessionManagementFilter, ExceptionTranslationFilter, AuthorizationFilter
2026-09-12 10:59:14.292  INFO 16796 --- [  restartedMain] o.s.b.d.a.OptionalLiveReloadServer       : LiveReload server is running on port 35729
2026-09-12 10:59:14.458  INFO 16796 --- [  restartedMain] o.s.b.w.e.tomcat.TomcatWebServer         : Tomcat started on port 8080 (http) with context path '/'
2026-09-12 10:59:14.505  INFO 16796 --- [  restartedMain] c.e.firstapp.FirstappApplication         : Started FirstappApplication in 32.547 seconds (process running for 36.068)
2026-09-12 10:59:20.879  INFO 16796 --- [nio-8080-exec-1] o.a.c.c.C.[Tomcat].[localhost].[/]       : Initializing Spring DispatcherServlet 'dispatcherServlet'
2026-09-12 10:59:20.887  INFO 16796 --- [nio-8080-exec-1] o.s.web.servlet.DispatcherServlet        : Initializing Servlet 'dispatcherServlet'
2026-09-12 10:59:20.898  INFO 16796 --- [nio-8080-exec-1] o.s.web.servlet.DispatcherServlet        : Completed initialization in 5 ms
2026-09-12 10:59:22.037 DEBUG 16796 --- [nio-8080-exec-1] o.s.security.web.FilterChainProxy        : Securing POST /api/v1/members/1/experiences
2026-09-12 10:59:25.614 DEBUG 16796 --- [nio-8080-exec-1] org.hibernate.SQL                        : 
    select
        u1_0.id,
        u1_0.is_active,
        u1_0.created_at,
        u1_0.email,
        u1_0.failed_attempts,
        u1_0.last_login_at,
        u1_0.lock_time,
        u1_0.is_locked,
        u1_0.password,
        u1_0.role,
        u1_0.updated_at,
        u1_0.username 
    from
        users u1_0 
    where
        u1_0.email=?
2026-09-12 10:59:25.824 DEBUG 16796 --- [nio-8080-exec-1] o.s.security.web.FilterChainProxy        : Secured POST /api/v1/members/1/experiences
2026-09-12 10:59:28.283 DEBUG 16796 --- [nio-8080-exec-1] org.hibernate.SQL                        : 
    insert 
    into
        member_experiences
        (company_name, is_current_role, description, end_date, job_title, member_id, start_date) 
    values
        (?, ?, ?, ?, ?, ?, ?)
2026-09-12 11:03:08.137 DEBUG 16796 --- [nio-8080-exec-3] o.s.security.web.FilterChainProxy        : Securing POST /api/v1/members/1/certifications
2026-09-12 11:03:08.152 DEBUG 16796 --- [nio-8080-exec-3] org.hibernate.SQL                        : 
    select
        u1_0.id,
        u1_0.is_active,
        u1_0.created_at,
        u1_0.email,
        u1_0.failed_attempts,
        u1_0.last_login_at,
        u1_0.lock_time,
        u1_0.is_locked,
        u1_0.password,
        u1_0.role,
        u1_0.updated_at,
        u1_0.username 
    from
        users u1_0 
    where
        u1_0.email=?
2026-09-12 11:03:08.180 DEBUG 16796 --- [nio-8080-exec-3] o.s.security.web.FilterChainProxy        : Secured POST /api/v1/members/1/certifications
2026-09-12 11:03:08.465  WARN 16796 --- [nio-8080-exec-3] c.e.f.handler.GlobalExceptionHandler     : Validation failed: {issuedDate=must not be null, issuingOrganization=must not be blank}
2026-09-12 11:03:08.531  WARN 16796 --- [nio-8080-exec-3] .m.m.a.ExceptionHandlerExceptionResolver : Resolved [org.springframework.web.bind.MethodArgumentNotValidException: Validation failed for argument [1] in public org.springframework.http.ResponseEntity<com.example.firstapp.dto.Member.CertificationResponse> com.example.firstapp.controller.MemberProfileController.addCertification(java.lang.Long,com.example.firstapp.dto.Member.CertificationRequest) with 2 errors: [Field error in object 'certificationRequest' on field 'issuingOrganization': rejected value [null]; codes [NotBlank.certificationRequest.issuingOrganization,NotBlank.issuingOrganization,NotBlank.java.lang.String,NotBlank]; arguments [org.springframework.context.support.DefaultMessageSourceResolvable: codes [certificationRequest.issuingOrganization,issuingOrganization]; arguments []; default message [issuingOrganization]]; default message [must not be blank]] [Field error in object 'certificationRequest' on field 'issuedDate': rejected value [null]; codes [NotNull.certificationRequest.issuedDate,NotNull.issuedDate,NotNull.java.time.LocalDate,NotNull]; arguments [org.springframework.context.support.DefaultMessageSourceResolvable: codes [certificationRequest.issuedDate,issuedDate]; arguments []; default message [issuedDate]]; default message [must not be null]] ]
2026-09-12 11:03:48.466 DEBUG 16796 --- [nio-8080-exec-4] o.s.security.web.FilterChainProxy        : Securing POST /api/v1/members/1/certifications
2026-09-12 11:03:48.476 DEBUG 16796 --- [nio-8080-exec-4] org.hibernate.SQL                        : 
    select
        u1_0.id,
        u1_0.is_active,
        u1_0.created_at,
        u1_0.email,
        u1_0.failed_attempts,
        u1_0.last_login_at,
        u1_0.lock_time,
        u1_0.is_locked,
        u1_0.password,
        u1_0.role,
        u1_0.updated_at,
        u1_0.username 
    from
        users u1_0 
    where
        u1_0.email=?
2026-09-12 11:03:48.501 DEBUG 16796 --- [nio-8080-exec-4] o.s.security.web.FilterChainProxy        : Secured POST /api/v1/members/1/certifications
2026-09-12 11:03:48.537 DEBUG 16796 --- [nio-8080-exec-4] org.hibernate.SQL                        : 
    insert 
    into
        member_certifications
        (credential_id, credential_url, expiration_date, issue_date, issuing_organization, member_id, title) 
    values
        (?, ?, ?, ?, ?, ?, ?)
2026-09-12 11:04:18.596 DEBUG 16796 --- [nio-8080-exec-5] o.s.security.web.FilterChainProxy        : Securing POST /api/v1/members/1/certifications
2026-09-12 11:04:18.608 DEBUG 16796 --- [nio-8080-exec-5] org.hibernate.SQL                        : 
    select
        u1_0.id,
        u1_0.is_active,
        u1_0.created_at,
        u1_0.email,
        u1_0.failed_attempts,
        u1_0.last_login_at,
        u1_0.lock_time,
        u1_0.is_locked,
        u1_0.password,
        u1_0.role,
        u1_0.updated_at,
        u1_0.username 
    from
        users u1_0 
    where
        u1_0.email=?
2026-09-12 11:04:18.628 DEBUG 16796 --- [nio-8080-exec-5] o.s.security.web.FilterChainProxy        : Secured POST /api/v1/members/1/certifications
2026-09-12 11:04:18.642 DEBUG 16796 --- [nio-8080-exec-5] org.hibernate.SQL                        : 
    insert 
    into
        member_certifications
        (credential_id, credential_url, expiration_date, issue_date, issuing_organization, member_id, title) 
    values
        (?, ?, ?, ?, ?, ?, ?)
2026-09-12 11:11:21.184 DEBUG 16796 --- [nio-8080-exec-7] o.s.security.web.FilterChainProxy        : Securing POST /api/v1/auth/login
2026-09-12 11:11:21.227 DEBUG 16796 --- [nio-8080-exec-7] org.hibernate.SQL                        : 
    select
        u1_0.id,
        u1_0.is_active,
        u1_0.created_at,
        u1_0.email,
        u1_0.failed_attempts,
        u1_0.last_login_at,
        u1_0.lock_time,
        u1_0.is_locked,
        u1_0.password,
        u1_0.role,
        u1_0.updated_at,
        u1_0.username 
    from
        users u1_0 
    where
        u1_0.email=?
2026-09-12 11:11:21.269 DEBUG 16796 --- [nio-8080-exec-7] o.s.security.web.FilterChainProxy        : Secured POST /api/v1/auth/login
2026-09-12 11:11:21.488  INFO 16796 --- [nio-8080-exec-7] c.e.f.controller.AuthController          : Login request received: cat@gmgil.com
2026-09-12 11:11:21.493  INFO 16796 --- [nio-8080-exec-7] c.e.firstapp.service.AuthService         : Login attempt for: cat@gmgil.com
2026-09-12 11:11:22.507 DEBUG 16796 --- [nio-8080-exec-7] org.hibernate.SQL                        : 
    select
        u1_0.id,
        u1_0.is_active,
        u1_0.created_at,
        u1_0.email,
        u1_0.failed_attempts,
        u1_0.last_login_at,
        u1_0.lock_time,
        u1_0.is_locked,
        u1_0.password,
        u1_0.role,
        u1_0.updated_at,
        u1_0.username 
    from
        users u1_0 
    where
        u1_0.email=?
2026-09-12 11:11:22.516  WARN 16796 --- [nio-8080-exec-7] c.e.f.s.UserDetailsServiceImpl           : User not found: cat@gmgil.com
2026-09-12 11:11:23.608 DEBUG 16796 --- [nio-8080-exec-7] o.s.s.a.d.DaoAuthenticationProvider      : Failed to find user 'cat@gmgil.com'
2026-09-12 11:11:23.624 DEBUG 16796 --- [nio-8080-exec-7] org.hibernate.SQL                        : 
    select
        u1_0.id,
        u1_0.is_active,
        u1_0.created_at,
        u1_0.email,
        u1_0.failed_attempts,
        u1_0.last_login_at,
        u1_0.lock_time,
        u1_0.is_locked,
        u1_0.password,
        u1_0.role,
        u1_0.updated_at,
        u1_0.username 
    from
        users u1_0 
    where
        u1_0.email=?
2026-09-12 11:11:23.655  WARN 16796 --- [nio-8080-exec-7] c.e.f.handler.GlobalExceptionHandler     : Bad request: Invalid email or password
2026-09-12 11:11:23.761  WARN 16796 --- [nio-8080-exec-7] .m.m.a.ExceptionHandlerExceptionResolver : Resolved [com.example.firstapp.exception.BadRequestException: Invalid email or password]
2026-09-12 11:11:42.084 DEBUG 16796 --- [nio-8080-exec-8] o.s.security.web.FilterChainProxy        : Securing POST /api/v1/auth/login
2026-09-12 11:11:42.101 DEBUG 16796 --- [nio-8080-exec-8] org.hibernate.SQL                        : 
    select
        u1_0.id,
        u1_0.is_active,
        u1_0.created_at,
        u1_0.email,
        u1_0.failed_attempts,
        u1_0.last_login_at,
        u1_0.lock_time,
        u1_0.is_locked,
        u1_0.password,
        u1_0.role,
        u1_0.updated_at,
        u1_0.username 
    from
        users u1_0 
    where
        u1_0.email=?
2026-09-12 11:11:42.125 DEBUG 16796 --- [nio-8080-exec-8] o.s.security.web.FilterChainProxy        : Secured POST /api/v1/auth/login
2026-09-12 11:11:42.130  INFO 16796 --- [nio-8080-exec-8] c.e.f.controller.AuthController          : Login request received: cat@gmgil.com
2026-09-12 11:11:42.138  INFO 16796 --- [nio-8080-exec-8] c.e.firstapp.service.AuthService         : Login attempt for: cat@gmgil.com
2026-09-12 11:11:42.147 DEBUG 16796 --- [nio-8080-exec-8] org.hibernate.SQL                        : 
    select
        u1_0.id,
        u1_0.is_active,
        u1_0.created_at,
        u1_0.email,
        u1_0.failed_attempts,
        u1_0.last_login_at,
        u1_0.lock_time,
        u1_0.is_locked,
        u1_0.password,
        u1_0.role,
        u1_0.updated_at,
        u1_0.username 
    from
        users u1_0 
    where
        u1_0.email=?
2026-09-12 11:11:42.154  WARN 16796 --- [nio-8080-exec-8] c.e.f.s.UserDetailsServiceImpl           : User not found: cat@gmgil.com
2026-09-12 11:11:43.143 DEBUG 16796 --- [nio-8080-exec-8] o.s.s.a.d.DaoAuthenticationProvider      : Failed to find user 'cat@gmgil.com'
2026-09-12 11:11:43.153 DEBUG 16796 --- [nio-8080-exec-8] org.hibernate.SQL                        : 
    select
        u1_0.id,
        u1_0.is_active,
        u1_0.created_at,
        u1_0.email,
        u1_0.failed_attempts,
        u1_0.last_login_at,
        u1_0.lock_time,
        u1_0.is_locked,
        u1_0.password,
        u1_0.role,
        u1_0.updated_at,
        u1_0.username 
    from
        users u1_0 
    where
        u1_0.email=?
2026-09-12 11:11:43.159  WARN 16796 --- [nio-8080-exec-8] c.e.f.handler.GlobalExceptionHandler     : Bad request: Invalid email or password
2026-09-12 11:11:43.165  WARN 16796 --- [nio-8080-exec-8] .m.m.a.ExceptionHandlerExceptionResolver : Resolved [com.example.firstapp.exception.BadRequestException: Invalid email or password]
2026-09-12 11:11:55.308 DEBUG 16796 --- [nio-8080-exec-9] o.s.security.web.FilterChainProxy        : Securing POST /api/v1/auth/login
2026-09-12 11:11:55.323 DEBUG 16796 --- [nio-8080-exec-9] org.hibernate.SQL                        : 
    select
        u1_0.id,
        u1_0.is_active,
        u1_0.created_at,
        u1_0.email,
        u1_0.failed_attempts,
        u1_0.last_login_at,
        u1_0.lock_time,
        u1_0.is_locked,
        u1_0.password,
        u1_0.role,
        u1_0.updated_at,
        u1_0.username 
    from
        users u1_0 
    where
        u1_0.email=?
2026-09-12 11:11:55.341 DEBUG 16796 --- [nio-8080-exec-9] o.s.security.web.FilterChainProxy        : Secured POST /api/v1/auth/login
2026-09-12 11:11:55.351  INFO 16796 --- [nio-8080-exec-9] c.e.f.controller.AuthController          : Login request received: cat@gmail.com
2026-09-12 11:11:55.357  INFO 16796 --- [nio-8080-exec-9] c.e.firstapp.service.AuthService         : Login attempt for: cat@gmail.com
2026-09-12 11:11:55.365 DEBUG 16796 --- [nio-8080-exec-9] org.hibernate.SQL                        : 
    select
        u1_0.id,
        u1_0.is_active,
        u1_0.created_at,
        u1_0.email,
        u1_0.failed_attempts,
        u1_0.last_login_at,
        u1_0.lock_time,
        u1_0.is_locked,
        u1_0.password,
        u1_0.role,
        u1_0.updated_at,
        u1_0.username 
    from
        users u1_0 
    where
        u1_0.email=?
2026-09-12 11:11:56.356 DEBUG 16796 --- [nio-8080-exec-9] o.s.s.a.d.DaoAuthenticationProvider      : Authenticated user
2026-09-12 11:11:56.480 DEBUG 16796 --- [nio-8080-exec-9] org.hibernate.SQL                        : 
    update
        users u1_0 
    set
        failed_attempts=0,
        is_locked=0,
        lock_time=null 
    where
        u1_0.email=?
2026-09-12 11:11:56.508 DEBUG 16796 --- [nio-8080-exec-9] org.hibernate.SQL                        : 
    update
        users u1_0 
    set
        last_login_at=? 
    where
        u1_0.email=?
2026-09-12 11:11:56.536 DEBUG 16796 --- [nio-8080-exec-9] org.hibernate.SQL                        : 
    select
        u1_0.id,
        u1_0.is_active,
        u1_0.created_at,
        u1_0.email,
        u1_0.failed_attempts,
        u1_0.last_login_at,
        u1_0.lock_time,
        u1_0.is_locked,
        u1_0.password,
        u1_0.role,
        u1_0.updated_at,
        u1_0.username 
    from
        users u1_0 
    where
        u1_0.email=?
2026-09-12 11:11:56.606  INFO 16796 --- [nio-8080-exec-9] c.e.firstapp.service.AuthService         : Login successful: cat@gmail.com
2026-09-12 11:13:51.792  INFO 16796 --- [   File Watcher] rtingClassPathChangeChangedEventListener : Restarting due to 1 class path change (0 additions, 0 deletions, 1 modification)
2026-09-12 11:13:52.162  INFO 16796 --- [       Thread-5] j.LocalContainerEntityManagerFactoryBean : Closing JPA EntityManagerFactory for persistence unit 'default'
2026-09-12 11:13:52.239  INFO 16796 --- [       Thread-5] com.zaxxer.hikari.HikariDataSource       : BusinessAppHikariPool - Shutdown initiated...
2026-09-12 11:13:52.253  INFO 16796 --- [       Thread-5] com.zaxxer.hikari.HikariDataSource       : BusinessAppHikariPool - Shutdown completed.
2026-09-12 11:13:53.105  INFO 16796 --- [  restartedMain] c.e.firstapp.FirstappApplication         : Starting FirstappApplication using Java 25.0.3 with PID 16796 (E:\firstapp\firstapp\target\classes started by Dell in E:\firstapp\firstapp)
2026-09-12 11:13:53.105  INFO 16796 --- [  restartedMain] c.e.firstapp.FirstappApplication         : No active profile set, falling back to 1 default profile: "default"
2026-09-12 11:13:54.465  INFO 16796 --- [  restartedMain] .s.d.r.c.RepositoryConfigurationDelegate : Bootstrapping Spring Data JPA repositories in DEFAULT mode.
2026-09-12 11:13:54.508  INFO 16796 --- [  restartedMain] .s.d.r.c.RepositoryConfigurationDelegate : Finished Spring Data repository scanning in 42 ms. Found 8 JPA repository interfaces.
2026-09-12 11:13:54.715  INFO 16796 --- [  restartedMain] o.s.b.w.e.tomcat.TomcatWebServer         : Tomcat initialized with port 8080 (http)
2026-09-12 11:13:54.716  INFO 16796 --- [  restartedMain] o.a.catalina.core.StandardService        : Starting service [Tomcat]
2026-09-12 11:13:54.717  INFO 16796 --- [  restartedMain] o.a.catalina.core.StandardEngine         : Starting Servlet engine: [Apache Tomcat/10.1.42]
2026-09-12 11:13:54.775  INFO 16796 --- [  restartedMain] o.a.c.c.C.[Tomcat].[localhost].[/]       : Initializing Spring embedded WebApplicationContext
2026-09-12 11:13:54.776  INFO 16796 --- [  restartedMain] w.s.c.ServletWebServerApplicationContext : Root WebApplicationContext: initialization completed in 1665 ms
2026-09-12 11:13:54.798 DEBUG 16796 --- [  restartedMain] com.zaxxer.hikari.HikariConfig           : Driver class com.mysql.cj.jdbc.Driver found in Thread context class loader TomcatEmbeddedWebappClassLoader
  context: ROOT
  delegate: true
----------> Parent Classloader:
org.springframework.boot.devtools.restart.classloader.RestartClassLoader@70775f78

2026-09-12 11:13:54.828  INFO 16796 --- [  restartedMain] o.h.jpa.internal.util.LogHelper          : HHH000204: Processing PersistenceUnitInfo [name: default]
2026-09-12 11:13:54.830  INFO 16796 --- [  restartedMain] o.h.c.i.RegionFactoryInitiator           : HHH000026: Second-level cache disabled
2026-09-12 11:13:54.845  INFO 16796 --- [  restartedMain] o.s.o.j.p.SpringPersistenceUnitInfo      : No LoadTimeWeaver setup: ignoring JPA class transformer
2026-09-12 11:13:54.846 DEBUG 16796 --- [  restartedMain] com.zaxxer.hikari.HikariConfig           : BusinessAppHikariPool - configuration:
2026-09-12 11:13:54.848 DEBUG 16796 --- [  restartedMain] com.zaxxer.hikari.HikariConfig           : allowPoolSuspension.............false
2026-09-12 11:13:54.850 DEBUG 16796 --- [  restartedMain] com.zaxxer.hikari.HikariConfig           : autoCommit......................true
2026-09-12 11:13:54.851 DEBUG 16796 --- [  restartedMain] com.zaxxer.hikari.HikariConfig           : catalog.........................none
2026-09-12 11:13:54.851 DEBUG 16796 --- [  restartedMain] com.zaxxer.hikari.HikariConfig           : connectionInitSql...............none
2026-09-12 11:13:54.851 DEBUG 16796 --- [  restartedMain] com.zaxxer.hikari.HikariConfig           : connectionTestQuery............."SELECT 1"
2026-09-12 11:13:54.851 DEBUG 16796 --- [  restartedMain] com.zaxxer.hikari.HikariConfig           : connectionTimeout...............20000
2026-09-12 11:13:54.851 DEBUG 16796 --- [  restartedMain] com.zaxxer.hikari.HikariConfig           : dataSource......................none
2026-09-12 11:13:54.851 DEBUG 16796 --- [  restartedMain] com.zaxxer.hikari.HikariConfig           : dataSourceClassName.............none
2026-09-12 11:13:54.852 DEBUG 16796 --- [  restartedMain] com.zaxxer.hikari.HikariConfig           : dataSourceJNDI..................none
2026-09-12 11:13:54.852 DEBUG 16796 --- [  restartedMain] com.zaxxer.hikari.HikariConfig           : dataSourceProperties............{password=<masked>}
2026-09-12 11:13:54.853 DEBUG 16796 --- [  restartedMain] com.zaxxer.hikari.HikariConfig           : driverClassName................."com.mysql.cj.jdbc.Driver"
2026-09-12 11:13:54.853 DEBUG 16796 --- [  restartedMain] com.zaxxer.hikari.HikariConfig           : exceptionOverrideClassName......none
2026-09-12 11:13:54.853 DEBUG 16796 --- [  restartedMain] com.zaxxer.hikari.HikariConfig           : healthCheckProperties...........{}
2026-09-12 11:13:54.853 DEBUG 16796 --- [  restartedMain] com.zaxxer.hikari.HikariConfig           : healthCheckRegistry.............none
2026-09-12 11:13:54.853 DEBUG 16796 --- [  restartedMain] com.zaxxer.hikari.HikariConfig           : idleTimeout.....................600000
2026-09-12 11:13:54.854 DEBUG 16796 --- [  restartedMain] com.zaxxer.hikari.HikariConfig           : initializationFailTimeout.......1
2026-09-12 11:13:54.854 DEBUG 16796 --- [  restartedMain] com.zaxxer.hikari.HikariConfig           : isolateInternalQueries..........false
2026-09-12 11:13:54.854 DEBUG 16796 --- [  restartedMain] com.zaxxer.hikari.HikariConfig           : jdbcUrl.........................jdbc:mysql://localhost:3306/businessapp?createDatabaseIfNotExist=true&useSSL=false&serverTimezone=UTC&allowPublicKeyRetrieval=true
2026-09-12 11:13:54.854 DEBUG 16796 --- [  restartedMain] com.zaxxer.hikari.HikariConfig           : keepaliveTime...................0
2026-09-12 11:13:54.855 DEBUG 16796 --- [  restartedMain] com.zaxxer.hikari.HikariConfig           : leakDetectionThreshold..........0
2026-09-12 11:13:54.855 DEBUG 16796 --- [  restartedMain] com.zaxxer.hikari.HikariConfig           : maxLifetime.....................1800000
2026-09-12 11:13:54.855 DEBUG 16796 --- [  restartedMain] com.zaxxer.hikari.HikariConfig           : maximumPoolSize.................10
2026-09-12 11:13:54.855 DEBUG 16796 --- [  restartedMain] com.zaxxer.hikari.HikariConfig           : metricRegistry..................none
2026-09-12 11:13:54.855 DEBUG 16796 --- [  restartedMain] com.zaxxer.hikari.HikariConfig           : metricsTrackerFactory...........none
2026-09-12 11:13:54.855 DEBUG 16796 --- [  restartedMain] com.zaxxer.hikari.HikariConfig           : minimumIdle.....................5
2026-09-12 11:13:54.855 DEBUG 16796 --- [  restartedMain] com.zaxxer.hikari.HikariConfig           : password........................<masked>
2026-09-12 11:13:54.855 DEBUG 16796 --- [  restartedMain] com.zaxxer.hikari.HikariConfig           : poolName........................"BusinessAppHikariPool"
2026-09-12 11:13:54.857 DEBUG 16796 --- [  restartedMain] com.zaxxer.hikari.HikariConfig           : readOnly........................false
2026-09-12 11:13:54.857 DEBUG 16796 --- [  restartedMain] com.zaxxer.hikari.HikariConfig           : registerMbeans..................false
2026-09-12 11:13:54.857 DEBUG 16796 --- [  restartedMain] com.zaxxer.hikari.HikariConfig           : scheduledExecutor...............none
2026-09-12 11:13:54.857 DEBUG 16796 --- [  restartedMain] com.zaxxer.hikari.HikariConfig           : schema..........................none
2026-09-12 11:13:54.857 DEBUG 16796 --- [  restartedMain] com.zaxxer.hikari.HikariConfig           : threadFactory...................internal
2026-09-12 11:13:54.857 DEBUG 16796 --- [  restartedMain] com.zaxxer.hikari.HikariConfig           : transactionIsolation............default
2026-09-12 11:13:54.858 DEBUG 16796 --- [  restartedMain] com.zaxxer.hikari.HikariConfig           : username........................"root"
2026-09-12 11:13:54.858 DEBUG 16796 --- [  restartedMain] com.zaxxer.hikari.HikariConfig           : validationTimeout...............5000
2026-09-12 11:13:54.858  INFO 16796 --- [  restartedMain] com.zaxxer.hikari.HikariDataSource       : BusinessAppHikariPool - Starting...
2026-09-12 11:13:54.959  INFO 16796 --- [  restartedMain] com.zaxxer.hikari.pool.HikariPool        : BusinessAppHikariPool - Added connection com.mysql.cj.jdbc.ConnectionImpl@14c28562
2026-09-12 11:13:54.961  INFO 16796 --- [  restartedMain] com.zaxxer.hikari.HikariDataSource       : BusinessAppHikariPool - Start completed.
2026-09-12 11:13:55.248  INFO 16796 --- [  restartedMain] o.h.e.t.j.p.i.JtaPlatformInitiator       : HHH000489: No JTA platform available (set 'hibernate.transaction.jta.platform' to enable JTA platform integration)
2026-09-12 11:13:55.409 DEBUG 16796 --- [  restartedMain] org.hibernate.SQL                        : 
    alter table businesses 
       modify column description TEXT
2026-09-12 11:13:55.597 DEBUG 16796 --- [  restartedMain] org.hibernate.SQL                        : 
    alter table member_educations 
       modify column description TEXT
2026-09-12 11:13:55.621 DEBUG 16796 --- [  restartedMain] org.hibernate.SQL                        : 
    alter table member_experiences 
       modify column description TEXT
2026-09-12 11:13:55.638 DEBUG 16796 --- [  restartedMain] org.hibernate.SQL                        : 
    alter table members 
       modify column bio TEXT
2026-09-12 11:13:55.693 DEBUG 16796 --- [  restartedMain] org.hibernate.SQL                        : 
    alter table members 
       modify column profile_visibility enum ('CONNECTIONS_ONLY','PRIVATE','PUBLIC') not null
2026-09-12 11:13:55.737 DEBUG 16796 --- [  restartedMain] org.hibernate.SQL                        : 
    alter table members 
       modify column specialization enum ('ACCOUNTING_AUDIT','ASSET_WEALTH_MANAGEMENT','CORPORATE_FINANCE','FINTECH','INSURANCE','INVESTMENT_BANKING','OTHER','PRIVATE_EQUITY_VC','RISK_COMPLIANCE')
2026-09-12 11:13:55.768 DEBUG 16796 --- [  restartedMain] org.hibernate.SQL                        : 
    alter table opportunities 
       modify column description TEXT not null
2026-09-12 11:13:55.818 DEBUG 16796 --- [  restartedMain] org.hibernate.SQL                        : 
    alter table opportunities 
       modify column experience_level enum ('EXECUTIVE','GRADUATE','JUNIOR','MID','SENIOR') not null
2026-09-12 11:13:55.853 DEBUG 16796 --- [  restartedMain] org.hibernate.SQL                        : 
    alter table opportunities 
       modify column specialization enum ('ACCOUNTING_AUDIT','ASSET_WEALTH_MANAGEMENT','CORPORATE_FINANCE','FINTECH','INSURANCE','INVESTMENT_BANKING','OTHER','PRIVATE_EQUITY_VC','RISK_COMPLIANCE') not null
2026-09-12 11:13:55.885 DEBUG 16796 --- [  restartedMain] org.hibernate.SQL                        : 
    alter table opportunities 
       modify column status enum ('CLOSED','DRAFT','PUBLISHED') not null
2026-09-12 11:13:55.910 DEBUG 16796 --- [  restartedMain] org.hibernate.SQL                        : 
    alter table opportunities 
       modify column type enum ('CONTRACT','FULL_TIME','GIG','INTERNSHIP','PART_TIME') not null
2026-09-12 11:13:55.935 DEBUG 16796 --- [  restartedMain] org.hibernate.SQL                        : 
    alter table opportunities 
       modify column work_mode enum ('HYBRID','ONSITE','REMOTE') not null
2026-09-12 11:13:55.956 DEBUG 16796 --- [  restartedMain] org.hibernate.SQL                        : 
    alter table opportunity_qualifications 
       modify column qualification TEXT not null
2026-09-12 11:13:55.969 DEBUG 16796 --- [  restartedMain] org.hibernate.SQL                        : 
    alter table opportunity_responsibilities 
       modify column responsibility TEXT not null
2026-09-12 11:13:55.993 DEBUG 16796 --- [  restartedMain] org.hibernate.SQL                        : 
    alter table users 
       modify column role enum ('ROLE_ADMIN','ROLE_ADVISORY','ROLE_BUSINESS','ROLE_CUSTOMER','ROLE_MEMBERS') not null
2026-09-12 11:13:56.189  INFO 16796 --- [  restartedMain] j.LocalContainerEntityManagerFactoryBean : Initialized JPA EntityManagerFactory for persistence unit 'default'
2026-09-12 11:13:56.292  INFO 16796 --- [  restartedMain] o.s.b.web.servlet.RegistrationBean       : Filter disableJwtAuthFilterRegistration was not registered (disabled)
2026-09-12 11:13:56.351  INFO 16796 --- [  restartedMain] eAuthenticationProviderManagerConfigurer : Global AuthenticationManager configured with AuthenticationProvider bean with name authenticationProvider
2026-09-12 11:13:56.351  WARN 16796 --- [  restartedMain] r$InitializeUserDetailsManagerConfigurer : Global AuthenticationManager configured with an AuthenticationProvider bean. UserDetailsService beans will not be used for username/password login. Consider removing the AuthenticationProvider bean. Alternatively, consider using the UserDetailsService in a manually instantiated DaoAuthenticationProvider.
2026-09-12 11:13:56.571  INFO 16796 --- [  restartedMain] c.e.firstapp.config.AsyncConfig          : Email thread pool initialized: core=2 max=5 queue=50
2026-09-12 11:13:56.656 DEBUG 16796 --- [  restartedMain] o.s.s.web.DefaultSecurityFilterChain     : Will secure any request with filters: DisableEncodeUrlFilter, WebAsyncManagerIntegrationFilter, SecurityContextHolderFilter, HeaderWriterFilter, LogoutFilter, JwtAuthFilter, RequestCacheAwareFilter, SecurityContextHolderAwareRequestFilter, AnonymousAuthenticationFilter, SessionManagementFilter, ExceptionTranslationFilter, AuthorizationFilter
2026-09-12 11:13:56.777  INFO 16796 --- [  restartedMain] o.s.b.d.a.OptionalLiveReloadServer       : LiveReload server is running on port 35729
2026-09-12 11:13:56.792  INFO 16796 --- [  restartedMain] o.s.b.w.e.tomcat.TomcatWebServer         : Tomcat started on port 8080 (http) with context path '/'
2026-09-12 11:13:56.800  INFO 16796 --- [  restartedMain] c.e.firstapp.FirstappApplication         : Started FirstappApplication in 3.777 seconds (process running for 918.363)
2026-09-12 11:13:56.803  INFO 16796 --- [  restartedMain] .ConditionEvaluationDeltaLoggingListener : Condition evaluation unchanged
2026-09-12 11:13:58.204  INFO 16796 --- [   File Watcher] rtingClassPathChangeChangedEventListener : Restarting due to 1 class path change (0 additions, 0 deletions, 1 modification)
2026-09-12 11:13:58.229  INFO 16796 --- [       Thread-7] j.LocalContainerEntityManagerFactoryBean : Closing JPA EntityManagerFactory for persistence unit 'default'
2026-09-12 11:13:58.232  INFO 16796 --- [       Thread-7] com.zaxxer.hikari.HikariDataSource       : BusinessAppHikariPool - Shutdown initiated...
2026-09-12 11:13:58.234  INFO 16796 --- [       Thread-7] com.zaxxer.hikari.HikariDataSource       : BusinessAppHikariPool - Shutdown completed.
2026-09-12 11:13:58.358  INFO 16796 --- [  restartedMain] c.e.firstapp.FirstappApplication         : Starting FirstappApplication using Java 25.0.3 with PID 16796 (E:\firstapp\firstapp\target\classes started by Dell in E:\firstapp\firstapp)
2026-09-12 11:13:58.359  INFO 16796 --- [  restartedMain] c.e.firstapp.FirstappApplication         : No active profile set, falling back to 1 default profile: "default"
2026-09-12 11:13:58.610  INFO 16796 --- [  restartedMain] .s.d.r.c.RepositoryConfigurationDelegate : Bootstrapping Spring Data JPA repositories in DEFAULT mode.
2026-09-12 11:13:58.664  INFO 16796 --- [  restartedMain] .s.d.r.c.RepositoryConfigurationDelegate : Finished Spring Data repository scanning in 52 ms. Found 8 JPA repository interfaces.
2026-09-12 11:13:58.844  INFO 16796 --- [  restartedMain] o.s.b.w.e.tomcat.TomcatWebServer         : Tomcat initialized with port 8080 (http)
2026-09-12 11:13:58.846  INFO 16796 --- [  restartedMain] o.a.catalina.core.StandardService        : Starting service [Tomcat]
2026-09-12 11:13:58.847  INFO 16796 --- [  restartedMain] o.a.catalina.core.StandardEngine         : Starting Servlet engine: [Apache Tomcat/10.1.42]
2026-09-12 11:13:58.952  INFO 16796 --- [  restartedMain] o.a.c.c.C.[Tomcat].[localhost].[/]       : Initializing Spring embedded WebApplicationContext
2026-09-12 11:13:58.953  INFO 16796 --- [  restartedMain] w.s.c.ServletWebServerApplicationContext : Root WebApplicationContext: initialization completed in 593 ms
2026-09-12 11:13:58.971 DEBUG 16796 --- [  restartedMain] com.zaxxer.hikari.HikariConfig           : Driver class com.mysql.cj.jdbc.Driver found in Thread context class loader TomcatEmbeddedWebappClassLoader
  context: ROOT
  delegate: true
----------> Parent Classloader:
org.springframework.boot.devtools.restart.classloader.RestartClassLoader@3b77d707

2026-09-12 11:13:59.002  INFO 16796 --- [  restartedMain] o.h.jpa.internal.util.LogHelper          : HHH000204: Processing PersistenceUnitInfo [name: default]
2026-09-12 11:13:59.004  INFO 16796 --- [  restartedMain] o.h.c.i.RegionFactoryInitiator           : HHH000026: Second-level cache disabled
2026-09-12 11:13:59.010  INFO 16796 --- [  restartedMain] o.s.o.j.p.SpringPersistenceUnitInfo      : No LoadTimeWeaver setup: ignoring JPA class transformer
2026-09-12 11:13:59.013 DEBUG 16796 --- [  restartedMain] com.zaxxer.hikari.HikariConfig           : BusinessAppHikariPool - configuration:
2026-09-12 11:13:59.014 DEBUG 16796 --- [  restartedMain] com.zaxxer.hikari.HikariConfig           : allowPoolSuspension.............false
2026-09-12 11:13:59.015 DEBUG 16796 --- [  restartedMain] com.zaxxer.hikari.HikariConfig           : autoCommit......................true
2026-09-12 11:13:59.015 DEBUG 16796 --- [  restartedMain] com.zaxxer.hikari.HikariConfig           : catalog.........................none
2026-09-12 11:13:59.015 DEBUG 16796 --- [  restartedMain] com.zaxxer.hikari.HikariConfig           : connectionInitSql...............none
2026-09-12 11:13:59.015 DEBUG 16796 --- [  restartedMain] com.zaxxer.hikari.HikariConfig           : connectionTestQuery............."SELECT 1"
2026-09-12 11:13:59.015 DEBUG 16796 --- [  restartedMain] com.zaxxer.hikari.HikariConfig           : connectionTimeout...............20000
2026-09-12 11:13:59.015 DEBUG 16796 --- [  restartedMain] com.zaxxer.hikari.HikariConfig           : dataSource......................none
2026-09-12 11:13:59.015 DEBUG 16796 --- [  restartedMain] com.zaxxer.hikari.HikariConfig           : dataSourceClassName.............none
2026-09-12 11:13:59.015 DEBUG 16796 --- [  restartedMain] com.zaxxer.hikari.HikariConfig           : dataSourceJNDI..................none
2026-09-12 11:13:59.016 DEBUG 16796 --- [  restartedMain] com.zaxxer.hikari.HikariConfig           : dataSourceProperties............{password=<masked>}
2026-09-12 11:13:59.016 DEBUG 16796 --- [  restartedMain] com.zaxxer.hikari.HikariConfig           : driverClassName................."com.mysql.cj.jdbc.Driver"
2026-09-12 11:13:59.016 DEBUG 16796 --- [  restartedMain] com.zaxxer.hikari.HikariConfig           : exceptionOverrideClassName......none
2026-09-12 11:13:59.016 DEBUG 16796 --- [  restartedMain] com.zaxxer.hikari.HikariConfig           : healthCheckProperties...........{}
2026-09-12 11:13:59.016 DEBUG 16796 --- [  restartedMain] com.zaxxer.hikari.HikariConfig           : healthCheckRegistry.............none
2026-09-12 11:13:59.016 DEBUG 16796 --- [  restartedMain] com.zaxxer.hikari.HikariConfig           : idleTimeout.....................600000
2026-09-12 11:13:59.016 DEBUG 16796 --- [  restartedMain] com.zaxxer.hikari.HikariConfig           : initializationFailTimeout.......1
2026-09-12 11:13:59.016 DEBUG 16796 --- [  restartedMain] com.zaxxer.hikari.HikariConfig           : isolateInternalQueries..........false
2026-09-12 11:13:59.017 DEBUG 16796 --- [  restartedMain] com.zaxxer.hikari.HikariConfig           : jdbcUrl.........................jdbc:mysql://localhost:3306/businessapp?createDatabaseIfNotExist=true&useSSL=false&serverTimezone=UTC&allowPublicKeyRetrieval=true
2026-09-12 11:13:59.017 DEBUG 16796 --- [  restartedMain] com.zaxxer.hikari.HikariConfig           : keepaliveTime...................0
2026-09-12 11:13:59.017 DEBUG 16796 --- [  restartedMain] com.zaxxer.hikari.HikariConfig           : leakDetectionThreshold..........0
2026-09-12 11:13:59.017 DEBUG 16796 --- [  restartedMain] com.zaxxer.hikari.HikariConfig           : maxLifetime.....................1800000
2026-09-12 11:13:59.017 DEBUG 16796 --- [  restartedMain] com.zaxxer.hikari.HikariConfig           : maximumPoolSize.................10
2026-09-12 11:13:59.018 DEBUG 16796 --- [  restartedMain] com.zaxxer.hikari.HikariConfig           : metricRegistry..................none
2026-09-12 11:13:59.018 DEBUG 16796 --- [  restartedMain] com.zaxxer.hikari.HikariConfig           : metricsTrackerFactory...........none
2026-09-12 11:13:59.018 DEBUG 16796 --- [  restartedMain] com.zaxxer.hikari.HikariConfig           : minimumIdle.....................5
2026-09-12 11:13:59.018 DEBUG 16796 --- [  restartedMain] com.zaxxer.hikari.HikariConfig           : password........................<masked>
2026-09-12 11:13:59.018 DEBUG 16796 --- [  restartedMain] com.zaxxer.hikari.HikariConfig           : poolName........................"BusinessAppHikariPool"
2026-09-12 11:13:59.018 DEBUG 16796 --- [  restartedMain] com.zaxxer.hikari.HikariConfig           : readOnly........................false
2026-09-12 11:13:59.019 DEBUG 16796 --- [  restartedMain] com.zaxxer.hikari.HikariConfig           : registerMbeans..................false
2026-09-12 11:13:59.019 DEBUG 16796 --- [  restartedMain] com.zaxxer.hikari.HikariConfig           : scheduledExecutor...............none
2026-09-12 11:13:59.019 DEBUG 16796 --- [  restartedMain] com.zaxxer.hikari.HikariConfig           : schema..........................none
2026-09-12 11:13:59.019 DEBUG 16796 --- [  restartedMain] com.zaxxer.hikari.HikariConfig           : threadFactory...................internal
2026-09-12 11:13:59.019 DEBUG 16796 --- [  restartedMain] com.zaxxer.hikari.HikariConfig           : transactionIsolation............default
2026-09-12 11:13:59.019 DEBUG 16796 --- [  restartedMain] com.zaxxer.hikari.HikariConfig           : username........................"root"
2026-09-12 11:13:59.019 DEBUG 16796 --- [  restartedMain] com.zaxxer.hikari.HikariConfig           : validationTimeout...............5000
2026-09-12 11:13:59.019  INFO 16796 --- [  restartedMain] com.zaxxer.hikari.HikariDataSource       : BusinessAppHikariPool - Starting...
2026-09-12 11:13:59.026  INFO 16796 --- [  restartedMain] com.zaxxer.hikari.pool.HikariPool        : BusinessAppHikariPool - Added connection com.mysql.cj.jdbc.ConnectionImpl@27bedcd4
2026-09-12 11:13:59.026  INFO 16796 --- [  restartedMain] com.zaxxer.hikari.HikariDataSource       : BusinessAppHikariPool - Start completed.
2026-09-12 11:13:59.237  INFO 16796 --- [  restartedMain] o.h.e.t.j.p.i.JtaPlatformInitiator       : HHH000489: No JTA platform available (set 'hibernate.transaction.jta.platform' to enable JTA platform integration)
2026-09-12 11:13:59.253 DEBUG 16796 --- [  restartedMain] org.hibernate.SQL                        : 
    alter table businesses 
       modify column description TEXT
2026-09-12 11:13:59.272 DEBUG 16796 --- [  restartedMain] org.hibernate.SQL                        : 
    alter table member_educations 
       modify column description TEXT
2026-09-12 11:13:59.283 DEBUG 16796 --- [  restartedMain] org.hibernate.SQL                        : 
    alter table member_experiences 
       modify column description TEXT
2026-09-12 11:13:59.291 DEBUG 16796 --- [  restartedMain] org.hibernate.SQL                        : 
    alter table members 
       modify column bio TEXT
2026-09-12 11:13:59.313 DEBUG 16796 --- [  restartedMain] org.hibernate.SQL                        : 
    alter table members 
       modify column profile_visibility enum ('CONNECTIONS_ONLY','PRIVATE','PUBLIC') not null
2026-09-12 11:13:59.331 DEBUG 16796 --- [  restartedMain] org.hibernate.SQL                        : 
    alter table members 
       modify column specialization enum ('ACCOUNTING_AUDIT','ASSET_WEALTH_MANAGEMENT','CORPORATE_FINANCE','FINTECH','INSURANCE','INVESTMENT_BANKING','OTHER','PRIVATE_EQUITY_VC','RISK_COMPLIANCE')
2026-09-12 11:13:59.351 DEBUG 16796 --- [  restartedMain] org.hibernate.SQL                        : 
    alter table opportunities 
       modify column description TEXT not null
2026-09-12 11:13:59.374 DEBUG 16796 --- [  restartedMain] org.hibernate.SQL                        : 
    alter table opportunities 
       modify column experience_level enum ('EXECUTIVE','GRADUATE','JUNIOR','MID','SENIOR') not null
2026-09-12 11:13:59.413 DEBUG 16796 --- [  restartedMain] org.hibernate.SQL                        : 
    alter table opportunities 
       modify column specialization enum ('ACCOUNTING_AUDIT','ASSET_WEALTH_MANAGEMENT','CORPORATE_FINANCE','FINTECH','INSURANCE','INVESTMENT_BANKING','OTHER','PRIVATE_EQUITY_VC','RISK_COMPLIANCE') not null
2026-09-12 11:13:59.429 DEBUG 16796 --- [  restartedMain] org.hibernate.SQL                        : 
    alter table opportunities 
       modify column status enum ('CLOSED','DRAFT','PUBLISHED') not null
2026-09-12 11:13:59.446 DEBUG 16796 --- [  restartedMain] org.hibernate.SQL                        : 
    alter table opportunities 
       modify column type enum ('CONTRACT','FULL_TIME','GIG','INTERNSHIP','PART_TIME') not null
2026-09-12 11:13:59.464 DEBUG 16796 --- [  restartedMain] org.hibernate.SQL                        : 
    alter table opportunities 
       modify column work_mode enum ('HYBRID','ONSITE','REMOTE') not null
2026-09-12 11:13:59.482 DEBUG 16796 --- [  restartedMain] org.hibernate.SQL                        : 
    alter table opportunity_qualifications 
       modify column qualification TEXT not null
2026-09-12 11:13:59.488 DEBUG 16796 --- [  restartedMain] org.hibernate.SQL                        : 
    alter table opportunity_responsibilities 
       modify column responsibility TEXT not null
2026-09-12 11:13:59.498 DEBUG 16796 --- [  restartedMain] org.hibernate.SQL                        : 
    alter table users 
       modify column role enum ('ROLE_ADMIN','ROLE_ADVISORY','ROLE_BUSINESS','ROLE_CUSTOMER','ROLE_MEMBERS') not null
2026-09-12 11:13:59.589  INFO 16796 --- [  restartedMain] j.LocalContainerEntityManagerFactoryBean : Initialized JPA EntityManagerFactory for persistence unit 'default'
2026-09-12 11:13:59.669  INFO 16796 --- [  restartedMain] o.s.b.web.servlet.RegistrationBean       : Filter disableJwtAuthFilterRegistration was not registered (disabled)
2026-09-12 11:13:59.709  INFO 16796 --- [  restartedMain] eAuthenticationProviderManagerConfigurer : Global AuthenticationManager configured with AuthenticationProvider bean with name authenticationProvider
2026-09-12 11:13:59.710  WARN 16796 --- [  restartedMain] r$InitializeUserDetailsManagerConfigurer : Global AuthenticationManager configured with an AuthenticationProvider bean. UserDetailsService beans will not be used for username/password login. Consider removing the AuthenticationProvider bean. Alternatively, consider using the UserDetailsService in a manually instantiated DaoAuthenticationProvider.
2026-09-12 11:13:59.888  INFO 16796 --- [  restartedMain] c.e.firstapp.config.AsyncConfig          : Email thread pool initialized: core=2 max=5 queue=50
2026-09-12 11:13:59.962 DEBUG 16796 --- [  restartedMain] o.s.s.web.DefaultSecurityFilterChain     : Will secure any request with filters: DisableEncodeUrlFilter, WebAsyncManagerIntegrationFilter, SecurityContextHolderFilter, HeaderWriterFilter, LogoutFilter, JwtAuthFilter, RequestCacheAwareFilter, SecurityContextHolderAwareRequestFilter, AnonymousAuthenticationFilter, SessionManagementFilter, ExceptionTranslationFilter, AuthorizationFilter
2026-09-12 11:14:00.033  INFO 16796 --- [  restartedMain] o.s.b.d.a.OptionalLiveReloadServer       : LiveReload server is running on port 35729
2026-09-12 11:14:00.049  INFO 16796 --- [  restartedMain] o.s.b.w.e.tomcat.TomcatWebServer         : Tomcat started on port 8080 (http) with context path '/'
2026-09-12 11:14:00.054  INFO 16796 --- [  restartedMain] c.e.firstapp.FirstappApplication         : Started FirstappApplication in 1.729 seconds (process running for 921.617)
2026-09-12 11:14:00.055  INFO 16796 --- [  restartedMain] .ConditionEvaluationDeltaLoggingListener : Condition evaluation unchanged
2026-09-12 11:16:09.201  INFO 16796 --- [nio-8080-exec-1] o.a.c.c.C.[Tomcat].[localhost].[/]       : Initializing Spring DispatcherServlet 'dispatcherServlet'
2026-09-12 11:16:09.202  INFO 16796 --- [nio-8080-exec-1] o.s.web.servlet.DispatcherServlet        : Initializing Servlet 'dispatcherServlet'
2026-09-12 11:16:09.203  INFO 16796 --- [nio-8080-exec-1] o.s.web.servlet.DispatcherServlet        : Completed initialization in 1 ms
2026-09-12 11:16:09.205 DEBUG 16796 --- [nio-8080-exec-1] o.s.security.web.FilterChainProxy        : Securing POST /api/v1/members
2026-09-12 11:16:09.249 DEBUG 16796 --- [nio-8080-exec-1] org.hibernate.SQL                        : 
    select
        u1_0.id,
        u1_0.is_active,
        u1_0.created_at,
        u1_0.email,
        u1_0.failed_attempts,
        u1_0.last_login_at,
        u1_0.lock_time,
        u1_0.is_locked,
        u1_0.password,
        u1_0.role,
        u1_0.updated_at,
        u1_0.username 
    from
        users u1_0 
    where
        u1_0.email=?
2026-09-12 11:16:09.261 DEBUG 16796 --- [nio-8080-exec-1] o.s.security.web.FilterChainProxy        : Secured POST /api/v1/members
2026-09-12 11:16:09.332 DEBUG 16796 --- [nio-8080-exec-1] horizationManagerBeforeMethodInterceptor : Authorizing method invocation ReflectiveMethodInvocation: public org.springframework.http.ResponseEntity com.example.firstapp.controller.MemberProfileController.create(com.example.firstapp.dto.Member.MemberCreateRequest,com.example.firstapp.entity.User); target is of class [com.example.firstapp.controller.MemberProfileController]
2026-09-12 11:16:09.379 DEBUG 16796 --- [nio-8080-exec-1] horizationManagerBeforeMethodInterceptor : Authorized method invocation ReflectiveMethodInvocation: public org.springframework.http.ResponseEntity com.example.firstapp.controller.MemberProfileController.create(com.example.firstapp.dto.Member.MemberCreateRequest,com.example.firstapp.entity.User); target is of class [com.example.firstapp.controller.MemberProfileController]
2026-09-12 11:16:09.409 DEBUG 16796 --- [nio-8080-exec-1] org.hibernate.SQL                        : 
    select
        m1_0.id 
    from
        members m1_0 
    where
        m1_0.profile_slug=? 
    limit
        ?
2026-09-12 11:16:09.441 DEBUG 16796 --- [nio-8080-exec-1] org.hibernate.SQL                        : 
    insert 
    into
        members
        (bio, contact_email, cover_photo_url, created_at, first_name, github_url, headline, last_name, linkedin_url, city, country, postal_code, state, street, open_to_work, phone, profile_picture_url, profile_slug, profile_visibility, resume_url, specialization, updated_at, user_id, version, website_url, years_of_experience) 
    values
        (?, ?, ?, ?, ?, ?, ?, ?, ?, ?, ?, ?, ?, ?, ?, ?, ?, ?, ?, ?, ?, ?, ?, ?, ?, ?)
2026-09-12 11:16:09.474  WARN 16796 --- [nio-8080-exec-1] o.h.e.jdbc.spi.SqlExceptionHelper        : SQL Error: 1062, SQLState: 23000
2026-09-12 11:16:09.474 ERROR 16796 --- [nio-8080-exec-1] o.h.e.jdbc.spi.SqlExceptionHelper        : Duplicate entry '28' for key 'members.uk_member_user_id'
2026-09-12 11:16:09.496 ERROR 16796 --- [nio-8080-exec-1] c.e.f.handler.GlobalExceptionHandler     : Unexpected error at /api/v1/members: could not execute statement [Duplicate entry '28' for key 'members.uk_member_user_id'] [insert into members (bio,contact_email,cover_photo_url,created_at,first_name,github_url,headline,last_name,linkedin_url,city,country,postal_code,state,street,open_to_work,phone,profile_picture_url,profile_slug,profile_visibility,resume_url,specialization,updated_at,user_id,version,website_url,years_of_experience) values (?,?,?,?,?,?,?,?,?,?,?,?,?,?,?,?,?,?,?,?,?,?,?,?,?,?)]; SQL [insert into members (bio,contact_email,cover_photo_url,created_at,first_name,github_url,headline,last_name,linkedin_url,city,country,postal_code,state,street,open_to_work,phone,profile_picture_url,profile_slug,profile_visibility,resume_url,specialization,updated_at,user_id,version,website_url,years_of_experience) values (?,?,?,?,?,?,?,?,?,?,?,?,?,?,?,?,?,?,?,?,?,?,?,?,?,?)]; constraint [members.uk_member_user_id]
org.springframework.dao.DataIntegrityViolationException: could not execute statement [Duplicate entry '28' for key 'members.uk_member_user_id'] [insert into members (bio,contact_email,cover_photo_url,created_at,first_name,github_url,headline,last_name,linkedin_url,city,country,postal_code,state,street,open_to_work,phone,profile_picture_url,profile_slug,profile_visibility,resume_url,specialization,updated_at,user_id,version,website_url,years_of_experience) values (?,?,?,?,?,?,?,?,?,?,?,?,?,?,?,?,?,?,?,?,?,?,?,?,?,?)]; SQL [insert into members (bio,contact_email,cover_photo_url,created_at,first_name,github_url,headline,last_name,linkedin_url,city,country,postal_code,state,street,open_to_work,phone,profile_picture_url,profile_slug,profile_visibility,resume_url,specialization,updated_at,user_id,version,website_url,years_of_experience) values (?,?,?,?,?,?,?,?,?,?,?,?,?,?,?,?,?,?,?,?,?,?,?,?,?,?)]; constraint [members.uk_member_user_id]
	at org.springframework.orm.jpa.vendor.HibernateJpaDialect.convertHibernateAccessException(HibernateJpaDialect.java:290) ~[spring-orm-6.1.21.jar:6.1.21]
	at org.springframework.orm.jpa.vendor.HibernateJpaDialect.translateExceptionIfPossible(HibernateJpaDialect.java:241) ~[spring-orm-6.1.21.jar:6.1.21]
	at org.springframework.orm.jpa.AbstractEntityManagerFactoryBean.translateExceptionIfPossible(AbstractEntityManagerFactoryBean.java:550) ~[spring-orm-6.1.21.jar:6.1.21]
	at org.springframework.dao.support.ChainedPersistenceExceptionTranslator.translateExceptionIfPossible(ChainedPersistenceExceptionTranslator.java:61) ~[spring-tx-6.1.21.jar:6.1.21]
	at org.springframework.dao.support.DataAccessUtils.translateIfNecessary(DataAccessUtils.java:335) ~[spring-tx-6.1.21.jar:6.1.21]
	at org.springframework.dao.support.PersistenceExceptionTranslationInterceptor.invoke(PersistenceExceptionTranslationInterceptor.java:160) ~[spring-tx-6.1.21.jar:6.1.21]
	at org.springframework.aop.framework.ReflectiveMethodInvocation.proceed(ReflectiveMethodInvocation.java:184) ~[spring-aop-6.1.21.jar:6.1.21]
	at org.springframework.data.jpa.repository.support.CrudMethodMetadataPostProcessor$CrudMethodMetadataPopulatingMethodInterceptor.invoke(CrudMethodMetadataPostProcessor.java:165) ~[spring-data-jpa-3.3.13.jar:3.3.13]
	at org.springframework.aop.framework.ReflectiveMethodInvocation.proceed(ReflectiveMethodInvocation.java:184) ~[spring-aop-6.1.21.jar:6.1.21]
	at org.springframework.aop.interceptor.ExposeInvocationInterceptor.invoke(ExposeInvocationInterceptor.java:97) ~[spring-aop-6.1.21.jar:6.1.21]
	at org.springframework.aop.framework.ReflectiveMethodInvocation.proceed(ReflectiveMethodInvocation.java:184) ~[spring-aop-6.1.21.jar:6.1.21]
	at org.springframework.aop.framework.JdkDynamicAopProxy.invoke(JdkDynamicAopProxy.java:223) ~[spring-aop-6.1.21.jar:6.1.21]
	at jdk.proxy8/jdk.proxy8.$Proxy211.save(Unknown Source) ~[na:na]
	at com.example.firstapp.service.Member.MemberService.createMember(MemberService.java:55) ~[classes/:na]
	at java.base/jdk.internal.reflect.DirectMethodHandleAccessor.invoke(DirectMethodHandleAccessor.java:104) ~[na:na]
	at java.base/java.lang.reflect.Method.invoke(Method.java:565) ~[na:na]
	at org.springframework.aop.support.AopUtils.invokeJoinpointUsingReflection(AopUtils.java:355) ~[spring-aop-6.1.21.jar:6.1.21]
	at org.springframework.aop.framework.ReflectiveMethodInvocation.invokeJoinpoint(ReflectiveMethodInvocation.java:196) ~[spring-aop-6.1.21.jar:6.1.21]
	at org.springframework.aop.framework.ReflectiveMethodInvocation.proceed(ReflectiveMethodInvocation.java:163) ~[spring-aop-6.1.21.jar:6.1.21]
	at org.springframework.aop.framework.CglibAopProxy$CglibMethodInvocation.proceed(CglibAopProxy.java:769) ~[spring-aop-6.1.21.jar:6.1.21]
	at org.springframework.transaction.interceptor.TransactionAspectSupport.invokeWithinTransaction(TransactionAspectSupport.java:379) ~[spring-tx-6.1.21.jar:6.1.21]
	at org.springframework.transaction.interceptor.TransactionInterceptor.invoke(TransactionInterceptor.java:119) ~[spring-tx-6.1.21.jar:6.1.21]
	at org.springframework.aop.framework.ReflectiveMethodInvocation.proceed(ReflectiveMethodInvocation.java:184) ~[spring-aop-6.1.21.jar:6.1.21]
	at org.springframework.aop.framework.CglibAopProxy$CglibMethodInvocation.proceed(CglibAopProxy.java:769) ~[spring-aop-6.1.21.jar:6.1.21]
	at org.springframework.aop.framework.CglibAopProxy$DynamicAdvisedInterceptor.intercept(CglibAopProxy.java:721) ~[spring-aop-6.1.21.jar:6.1.21]
	at com.example.firstapp.service.Member.MemberService$$SpringCGLIB$$0.createMember(<generated>) ~[classes/:na]
	at com.example.firstapp.controller.MemberProfileController.create(MemberProfileController.java:53) ~[classes/:na]
	at java.base/jdk.internal.reflect.DirectMethodHandleAccessor.invoke(DirectMethodHandleAccessor.java:104) ~[na:na]
	at java.base/java.lang.reflect.Method.invoke(Method.java:565) ~[na:na]
	at org.springframework.aop.support.AopUtils.invokeJoinpointUsingReflection(AopUtils.java:355) ~[spring-aop-6.1.21.jar:6.1.21]
	at org.springframework.aop.framework.ReflectiveMethodInvocation.invokeJoinpoint(ReflectiveMethodInvocation.java:196) ~[spring-aop-6.1.21.jar:6.1.21]
	at org.springframework.aop.framework.ReflectiveMethodInvocation.proceed(ReflectiveMethodInvocation.java:163) ~[spring-aop-6.1.21.jar:6.1.21]
	at org.springframework.aop.framework.CglibAopProxy$CglibMethodInvocation.proceed(CglibAopProxy.java:769) ~[spring-aop-6.1.21.jar:6.1.21]
	at org.springframework.validation.beanvalidation.MethodValidationInterceptor.invoke(MethodValidationInterceptor.java:174) ~[spring-context-6.1.21.jar:6.1.21]
	at org.springframework.aop.framework.ReflectiveMethodInvocation.proceed(ReflectiveMethodInvocation.java:184) ~[spring-aop-6.1.21.jar:6.1.21]
	at org.springframework.aop.framework.CglibAopProxy$CglibMethodInvocation.proceed(CglibAopProxy.java:769) ~[spring-aop-6.1.21.jar:6.1.21]
	at org.springframework.security.authorization.method.AuthorizationManagerBeforeMethodInterceptor.proceed(AuthorizationManagerBeforeMethodInterceptor.java:269) ~[spring-security-core-6.3.10.jar:6.3.10]
	at org.springframework.security.authorization.method.AuthorizationManagerBeforeMethodInterceptor.attemptAuthorization(AuthorizationManagerBeforeMethodInterceptor.java:264) ~[spring-security-core-6.3.10.jar:6.3.10]
	at org.springframework.security.authorization.method.AuthorizationManagerBeforeMethodInterceptor.invoke(AuthorizationManagerBeforeMethodInterceptor.java:197) ~[spring-security-core-6.3.10.jar:6.3.10]
	at org.springframework.security.config.annotation.method.configuration.DeferringMethodInterceptor.invoke(DeferringMethodInterceptor.java:44) ~[spring-security-config-6.3.10.jar:6.3.10]
	at org.springframework.aop.framework.ReflectiveMethodInvocation.proceed(ReflectiveMethodInvocation.java:184) ~[spring-aop-6.1.21.jar:6.1.21]
	at org.springframework.aop.framework.CglibAopProxy$CglibMethodInvocation.proceed(CglibAopProxy.java:769) ~[spring-aop-6.1.21.jar:6.1.21]
	at org.springframework.aop.framework.CglibAopProxy$DynamicAdvisedInterceptor.intercept(CglibAopProxy.java:721) ~[spring-aop-6.1.21.jar:6.1.21]
	at com.example.firstapp.controller.MemberProfileController$$SpringCGLIB$$0.create(<generated>) ~[classes/:na]
	at java.base/jdk.internal.reflect.DirectMethodHandleAccessor.invoke(DirectMethodHandleAccessor.java:104) ~[na:na]
	at java.base/java.lang.reflect.Method.invoke(Method.java:565) ~[na:na]
	at org.springframework.web.method.support.InvocableHandlerMethod.doInvoke(InvocableHandlerMethod.java:255) ~[spring-web-6.1.21.jar:6.1.21]
	at org.springframework.web.method.support.InvocableHandlerMethod.invokeForRequest(InvocableHandlerMethod.java:188) ~[spring-web-6.1.21.jar:6.1.21]
	at org.springframework.web.servlet.mvc.method.annotation.ServletInvocableHandlerMethod.invokeAndHandle(ServletInvocableHandlerMethod.java:118) ~[spring-webmvc-6.1.21.jar:6.1.21]
	at org.springframework.web.servlet.mvc.method.annotation.RequestMappingHandlerAdapter.invokeHandlerMethod(RequestMappingHandlerAdapter.java:926) ~[spring-webmvc-6.1.21.jar:6.1.21]
	at org.springframework.web.servlet.mvc.method.annotation.RequestMappingHandlerAdapter.handleInternal(RequestMappingHandlerAdapter.java:831) ~[spring-webmvc-6.1.21.jar:6.1.21]
	at org.springframework.web.servlet.mvc.method.AbstractHandlerMethodAdapter.handle(AbstractHandlerMethodAdapter.java:87) ~[spring-webmvc-6.1.21.jar:6.1.21]
	at org.springframework.web.servlet.DispatcherServlet.doDispatch(DispatcherServlet.java:1089) ~[spring-webmvc-6.1.21.jar:6.1.21]
	at org.springframework.web.servlet.DispatcherServlet.doService(DispatcherServlet.java:979) ~[spring-webmvc-6.1.21.jar:6.1.21]
	at org.springframework.web.servlet.FrameworkServlet.processRequest(FrameworkServlet.java:1014) ~[spring-webmvc-6.1.21.jar:6.1.21]
	at org.springframework.web.servlet.FrameworkServlet.doPost(FrameworkServlet.java:914) ~[spring-webmvc-6.1.21.jar:6.1.21]
	at jakarta.servlet.http.HttpServlet.service(HttpServlet.java:590) ~[tomcat-embed-core-10.1.42.jar:6.0]
	at org.springframework.web.servlet.FrameworkServlet.service(FrameworkServlet.java:885) ~[spring-webmvc-6.1.21.jar:6.1.21]
	at jakarta.servlet.http.HttpServlet.service(HttpServlet.java:658) ~[tomcat-embed-core-10.1.42.jar:6.0]
	at org.apache.catalina.core.ApplicationFilterChain.internalDoFilter(ApplicationFilterChain.java:195) ~[tomcat-embed-core-10.1.42.jar:10.1.42]
	at org.apache.catalina.core.ApplicationFilterChain.doFilter(ApplicationFilterChain.java:140) ~[tomcat-embed-core-10.1.42.jar:10.1.42]
	at org.apache.tomcat.websocket.server.WsFilter.doFilter(WsFilter.java:51) ~[tomcat-embed-websocket-10.1.42.jar:10.1.42]
	at org.apache.catalina.core.ApplicationFilterChain.internalDoFilter(ApplicationFilterChain.java:164) ~[tomcat-embed-core-10.1.42.jar:10.1.42]
	at org.apache.catalina.core.ApplicationFilterChain.doFilter(ApplicationFilterChain.java:140) ~[tomcat-embed-core-10.1.42.jar:10.1.42]
	at org.springframework.web.filter.CompositeFilter$VirtualFilterChain.doFilter(CompositeFilter.java:108) ~[spring-web-6.1.21.jar:6.1.21]
	at org.springframework.security.web.FilterChainProxy.lambda$doFilterInternal$3(FilterChainProxy.java:231) ~[spring-security-web-6.3.10.jar:6.3.10]
	at org.springframework.security.web.FilterChainProxy$VirtualFilterChain.doFilter(FilterChainProxy.java:365) ~[spring-security-web-6.3.10.jar:6.3.10]
	at org.springframework.security.web.access.intercept.AuthorizationFilter.doFilter(AuthorizationFilter.java:100) ~[spring-security-web-6.3.10.jar:6.3.10]
	at org.springframework.security.web.FilterChainProxy$VirtualFilterChain.doFilter(FilterChainProxy.java:374) ~[spring-security-web-6.3.10.jar:6.3.10]
	at org.springframework.security.web.access.ExceptionTranslationFilter.doFilter(ExceptionTranslationFilter.java:126) ~[spring-security-web-6.3.10.jar:6.3.10]
	at org.springframework.security.web.access.ExceptionTranslationFilter.doFilter(ExceptionTranslationFilter.java:120) ~[spring-security-web-6.3.10.jar:6.3.10]
	at org.springframework.security.web.FilterChainProxy$VirtualFilterChain.doFilter(FilterChainProxy.java:374) ~[spring-security-web-6.3.10.jar:6.3.10]
	at org.springframework.security.web.session.SessionManagementFilter.doFilter(SessionManagementFilter.java:131) ~[spring-security-web-6.3.10.jar:6.3.10]
	at org.springframework.security.web.session.SessionManagementFilter.doFilter(SessionManagementFilter.java:85) ~[spring-security-web-6.3.10.jar:6.3.10]
	at org.springframework.security.web.FilterChainProxy$VirtualFilterChain.doFilter(FilterChainProxy.java:374) ~[spring-security-web-6.3.10.jar:6.3.10]
	at org.springframework.security.web.authentication.AnonymousAuthenticationFilter.doFilter(AnonymousAuthenticationFilter.java:100) ~[spring-security-web-6.3.10.jar:6.3.10]
	at org.springframework.security.web.FilterChainProxy$VirtualFilterChain.doFilter(FilterChainProxy.java:374) ~[spring-security-web-6.3.10.jar:6.3.10]
	at org.springframework.security.web.servletapi.SecurityContextHolderAwareRequestFilter.doFilter(SecurityContextHolderAwareRequestFilter.java:179) ~[spring-security-web-6.3.10.jar:6.3.10]
	at org.springframework.security.web.FilterChainProxy$VirtualFilterChain.doFilter(FilterChainProxy.java:374) ~[spring-security-web-6.3.10.jar:6.3.10]
	at org.springframework.security.web.savedrequest.RequestCacheAwareFilter.doFilter(RequestCacheAwareFilter.java:63) ~[spring-security-web-6.3.10.jar:6.3.10]
	at org.springframework.security.web.FilterChainProxy$VirtualFilterChain.doFilter(FilterChainProxy.java:374) ~[spring-security-web-6.3.10.jar:6.3.10]
	at com.example.firstapp.filter.JwtAuthFilter.doFilterInternal(JwtAuthFilter.java:205) ~[classes/:na]
	at org.springframework.web.filter.OncePerRequestFilter.doFilter(OncePerRequestFilter.java:116) ~[spring-web-6.1.21.jar:6.1.21]
	at org.springframework.security.web.FilterChainProxy$VirtualFilterChain.doFilter(FilterChainProxy.java:374) ~[spring-security-web-6.3.10.jar:6.3.10]
	at org.springframework.security.web.authentication.logout.LogoutFilter.doFilter(LogoutFilter.java:107) ~[spring-security-web-6.3.10.jar:6.3.10]
	at org.springframework.security.web.authentication.logout.LogoutFilter.doFilter(LogoutFilter.java:93) ~[spring-security-web-6.3.10.jar:6.3.10]
	at org.springframework.security.web.FilterChainProxy$VirtualFilterChain.doFilter(FilterChainProxy.java:374) ~[spring-security-web-6.3.10.jar:6.3.10]
	at org.springframework.security.web.header.HeaderWriterFilter.doHeadersAfter(HeaderWriterFilter.java:90) ~[spring-security-web-6.3.10.jar:6.3.10]
	at org.springframework.security.web.header.HeaderWriterFilter.doFilterInternal(HeaderWriterFilter.java:75) ~[spring-security-web-6.3.10.jar:6.3.10]
	at org.springframework.web.filter.OncePerRequestFilter.doFilter(OncePerRequestFilter.java:116) ~[spring-web-6.1.21.jar:6.1.21]
	at org.springframework.security.web.FilterChainProxy$VirtualFilterChain.doFilter(FilterChainProxy.java:374) ~[spring-security-web-6.3.10.jar:6.3.10]
	at org.springframework.security.web.context.SecurityContextHolderFilter.doFilter(SecurityContextHolderFilter.java:82) ~[spring-security-web-6.3.10.jar:6.3.10]
	at org.springframework.security.web.context.SecurityContextHolderFilter.doFilter(SecurityContextHolderFilter.java:69) ~[spring-security-web-6.3.10.jar:6.3.10]
	at org.springframework.security.web.FilterChainProxy$VirtualFilterChain.doFilter(FilterChainProxy.java:374) ~[spring-security-web-6.3.10.jar:6.3.10]
	at org.springframework.security.web.context.request.async.WebAsyncManagerIntegrationFilter.doFilterInternal(WebAsyncManagerIntegrationFilter.java:62) ~[spring-security-web-6.3.10.jar:6.3.10]
	at org.springframework.web.filter.OncePerRequestFilter.doFilter(OncePerRequestFilter.java:116) ~[spring-web-6.1.21.jar:6.1.21]
	at org.springframework.security.web.FilterChainProxy$VirtualFilterChain.doFilter(FilterChainProxy.java:374) ~[spring-security-web-6.3.10.jar:6.3.10]
	at org.springframework.security.web.session.DisableEncodeUrlFilter.doFilterInternal(DisableEncodeUrlFilter.java:42) ~[spring-security-web-6.3.10.jar:6.3.10]
	at org.springframework.web.filter.OncePerRequestFilter.doFilter(OncePerRequestFilter.java:116) ~[spring-web-6.1.21.jar:6.1.21]
	at org.springframework.security.web.FilterChainProxy$VirtualFilterChain.doFilter(FilterChainProxy.java:374) ~[spring-security-web-6.3.10.jar:6.3.10]
	at org.springframework.security.web.FilterChainProxy.doFilterInternal(FilterChainProxy.java:233) ~[spring-security-web-6.3.10.jar:6.3.10]
	at org.springframework.security.web.FilterChainProxy.doFilter(FilterChainProxy.java:191) ~[spring-security-web-6.3.10.jar:6.3.10]
	at org.springframework.web.filter.CompositeFilter$VirtualFilterChain.doFilter(CompositeFilter.java:113) ~[spring-web-6.1.21.jar:6.1.21]
	at org.springframework.web.servlet.handler.HandlerMappingIntrospector.lambda$createCacheFilter$3(HandlerMappingIntrospector.java:195) ~[spring-webmvc-6.1.21.jar:6.1.21]
	at org.springframework.web.filter.CompositeFilter$VirtualFilterChain.doFilter(CompositeFilter.java:113) ~[spring-web-6.1.21.jar:6.1.21]
	at org.springframework.web.filter.CompositeFilter.doFilter(CompositeFilter.java:74) ~[spring-web-6.1.21.jar:6.1.21]
	at org.springframework.security.config.annotation.web.configuration.WebMvcSecurityConfiguration$CompositeFilterChainProxy.doFilter(WebMvcSecurityConfiguration.java:230) ~[spring-security-config-6.3.10.jar:6.3.10]
	at org.springframework.web.filter.DelegatingFilterProxy.invokeDelegate(DelegatingFilterProxy.java:362) ~[spring-web-6.1.21.jar:6.1.21]
	at org.springframework.web.filter.DelegatingFilterProxy.doFilter(DelegatingFilterProxy.java:278) ~[spring-web-6.1.21.jar:6.1.21]
	at org.apache.catalina.core.ApplicationFilterChain.internalDoFilter(ApplicationFilterChain.java:164) ~[tomcat-embed-core-10.1.42.jar:10.1.42]
	at org.apache.catalina.core.ApplicationFilterChain.doFilter(ApplicationFilterChain.java:140) ~[tomcat-embed-core-10.1.42.jar:10.1.42]
	at org.springframework.web.filter.RequestContextFilter.doFilterInternal(RequestContextFilter.java:100) ~[spring-web-6.1.21.jar:6.1.21]
	at org.springframework.web.filter.OncePerRequestFilter.doFilter(OncePerRequestFilter.java:116) ~[spring-web-6.1.21.jar:6.1.21]
	at org.apache.catalina.core.ApplicationFilterChain.internalDoFilter(ApplicationFilterChain.java:164) ~[tomcat-embed-core-10.1.42.jar:10.1.42]
	at org.apache.catalina.core.ApplicationFilterChain.doFilter(ApplicationFilterChain.java:140) ~[tomcat-embed-core-10.1.42.jar:10.1.42]
	at org.springframework.web.filter.FormContentFilter.doFilterInternal(FormContentFilter.java:93) ~[spring-web-6.1.21.jar:6.1.21]
	at org.springframework.web.filter.OncePerRequestFilter.doFilter(OncePerRequestFilter.java:116) ~[spring-web-6.1.21.jar:6.1.21]
	at org.apache.catalina.core.ApplicationFilterChain.internalDoFilter(ApplicationFilterChain.java:164) ~[tomcat-embed-core-10.1.42.jar:10.1.42]
	at org.apache.catalina.core.ApplicationFilterChain.doFilter(ApplicationFilterChain.java:140) ~[tomcat-embed-core-10.1.42.jar:10.1.42]
	at org.springframework.web.filter.CharacterEncodingFilter.doFilterInternal(CharacterEncodingFilter.java:201) ~[spring-web-6.1.21.jar:6.1.21]
	at org.springframework.web.filter.OncePerRequestFilter.doFilter(OncePerRequestFilter.java:116) ~[spring-web-6.1.21.jar:6.1.21]
	at org.apache.catalina.core.ApplicationFilterChain.internalDoFilter(ApplicationFilterChain.java:164) ~[tomcat-embed-core-10.1.42.jar:10.1.42]
	at org.apache.catalina.core.ApplicationFilterChain.doFilter(ApplicationFilterChain.java:140) ~[tomcat-embed-core-10.1.42.jar:10.1.42]
	at com.example.firstapp.filter.RateLimitFilter.doFilterInternal(RateLimitFilter.java:161) ~[classes/:na]
	at org.springframework.web.filter.OncePerRequestFilter.doFilter(OncePerRequestFilter.java:116) ~[spring-web-6.1.21.jar:6.1.21]
	at org.apache.catalina.core.ApplicationFilterChain.internalDoFilter(ApplicationFilterChain.java:164) ~[tomcat-embed-core-10.1.42.jar:10.1.42]
	at org.apache.catalina.core.ApplicationFilterChain.doFilter(ApplicationFilterChain.java:140) ~[tomcat-embed-core-10.1.42.jar:10.1.42]
	at org.apache.catalina.core.StandardWrapperValve.invoke(StandardWrapperValve.java:167) ~[tomcat-embed-core-10.1.42.jar:10.1.42]
	at org.apache.catalina.core.StandardContextValve.invoke(StandardContextValve.java:90) ~[tomcat-embed-core-10.1.42.jar:10.1.42]
	at org.apache.catalina.authenticator.AuthenticatorBase.invoke(AuthenticatorBase.java:483) ~[tomcat-embed-core-10.1.42.jar:10.1.42]
	at org.apache.catalina.core.StandardHostValve.invoke(StandardHostValve.java:116) ~[tomcat-embed-core-10.1.42.jar:10.1.42]
	at org.apache.catalina.valves.ErrorReportValve.invoke(ErrorReportValve.java:93) ~[tomcat-embed-core-10.1.42.jar:10.1.42]
	at org.apache.catalina.core.StandardEngineValve.invoke(StandardEngineValve.java:74) ~[tomcat-embed-core-10.1.42.jar:10.1.42]
	at org.apache.catalina.connector.CoyoteAdapter.service(CoyoteAdapter.java:344) ~[tomcat-embed-core-10.1.42.jar:10.1.42]
	at org.apache.coyote.http11.Http11Processor.service(Http11Processor.java:398) ~[tomcat-embed-core-10.1.42.jar:10.1.42]
	at org.apache.coyote.AbstractProcessorLight.process(AbstractProcessorLight.java:63) ~[tomcat-embed-core-10.1.42.jar:10.1.42]
	at org.apache.coyote.AbstractProtocol$ConnectionHandler.process(AbstractProtocol.java:903) ~[tomcat-embed-core-10.1.42.jar:10.1.42]
	at org.apache.tomcat.util.net.NioEndpoint$SocketProcessor.doRun(NioEndpoint.java:1769) ~[tomcat-embed-core-10.1.42.jar:10.1.42]
	at org.apache.tomcat.util.net.SocketProcessorBase.run(SocketProcessorBase.java:52) ~[tomcat-embed-core-10.1.42.jar:10.1.42]
	at org.apache.tomcat.util.threads.ThreadPoolExecutor.runWorker(ThreadPoolExecutor.java:1189) ~[tomcat-embed-core-10.1.42.jar:10.1.42]
	at org.apache.tomcat.util.threads.ThreadPoolExecutor$Worker.run(ThreadPoolExecutor.java:658) ~[tomcat-embed-core-10.1.42.jar:10.1.42]
	at org.apache.tomcat.util.threads.TaskThread$WrappingRunnable.run(TaskThread.java:63) ~[tomcat-embed-core-10.1.42.jar:10.1.42]
	at java.base/java.lang.Thread.run(Thread.java:1474) ~[na:na]
Caused by: org.hibernate.exception.ConstraintViolationException: could not execute statement [Duplicate entry '28' for key 'members.uk_member_user_id'] [insert into members (bio,contact_email,cover_photo_url,created_at,first_name,github_url,headline,last_name,linkedin_url,city,country,postal_code,state,street,open_to_work,phone,profile_picture_url,profile_slug,profile_visibility,resume_url,specialization,updated_at,user_id,version,website_url,years_of_experience) values (?,?,?,?,?,?,?,?,?,?,?,?,?,?,?,?,?,?,?,?,?,?,?,?,?,?)]
	at org.hibernate.dialect.MySQLDialect.lambda$buildSQLExceptionConversionDelegate$3(MySQLDialect.java:1243) ~[hibernate-core-6.5.3.Final.jar:6.5.3.Final]
	at org.hibernate.exception.internal.StandardSQLExceptionConverter.convert(StandardSQLExceptionConverter.java:58) ~[hibernate-core-6.5.3.Final.jar:6.5.3.Final]
	at org.hibernate.engine.jdbc.spi.SqlExceptionHelper.convert(SqlExceptionHelper.java:108) ~[hibernate-core-6.5.3.Final.jar:6.5.3.Final]
	at org.hibernate.engine.jdbc.internal.ResultSetReturnImpl.executeUpdate(ResultSetReturnImpl.java:197) ~[hibernate-core-6.5.3.Final.jar:6.5.3.Final]
	at org.hibernate.id.insert.GetGeneratedKeysDelegate.performMutation(GetGeneratedKeysDelegate.java:116) ~[hibernate-core-6.5.3.Final.jar:6.5.3.Final]
	at org.hibernate.engine.jdbc.mutation.internal.MutationExecutorSingleNonBatched.performNonBatchedOperations(MutationExecutorSingleNonBatched.java:47) ~[hibernate-core-6.5.3.Final.jar:6.5.3.Final]
	at org.hibernate.engine.jdbc.mutation.internal.AbstractMutationExecutor.execute(AbstractMutationExecutor.java:55) ~[hibernate-core-6.5.3.Final.jar:6.5.3.Final]
	at org.hibernate.persister.entity.mutation.InsertCoordinatorStandard.doStaticInserts(InsertCoordinatorStandard.java:194) ~[hibernate-core-6.5.3.Final.jar:6.5.3.Final]
	at org.hibernate.persister.entity.mutation.InsertCoordinatorStandard.coordinateInsert(InsertCoordinatorStandard.java:132) ~[hibernate-core-6.5.3.Final.jar:6.5.3.Final]
	at org.hibernate.persister.entity.mutation.InsertCoordinatorStandard.insert(InsertCoordinatorStandard.java:95) ~[hibernate-core-6.5.3.Final.jar:6.5.3.Final]
	at org.hibernate.action.internal.EntityIdentityInsertAction.execute(EntityIdentityInsertAction.java:85) ~[hibernate-core-6.5.3.Final.jar:6.5.3.Final]
	at org.hibernate.engine.spi.ActionQueue.execute(ActionQueue.java:671) ~[hibernate-core-6.5.3.Final.jar:6.5.3.Final]
	at org.hibernate.engine.spi.ActionQueue.addResolvedEntityInsertAction(ActionQueue.java:292) ~[hibernate-core-6.5.3.Final.jar:6.5.3.Final]
	at org.hibernate.engine.spi.ActionQueue.addInsertAction(ActionQueue.java:273) ~[hibernate-core-6.5.3.Final.jar:6.5.3.Final]
	at org.hibernate.engine.spi.ActionQueue.addAction(ActionQueue.java:323) ~[hibernate-core-6.5.3.Final.jar:6.5.3.Final]
	at org.hibernate.event.internal.AbstractSaveEventListener.addInsertAction(AbstractSaveEventListener.java:391) ~[hibernate-core-6.5.3.Final.jar:6.5.3.Final]
	at org.hibernate.event.internal.AbstractSaveEventListener.performSaveOrReplicate(AbstractSaveEventListener.java:305) ~[hibernate-core-6.5.3.Final.jar:6.5.3.Final]
	at org.hibernate.event.internal.AbstractSaveEventListener.performSave(AbstractSaveEventListener.java:224) ~[hibernate-core-6.5.3.Final.jar:6.5.3.Final]
	at org.hibernate.event.internal.AbstractSaveEventListener.saveWithGeneratedId(AbstractSaveEventListener.java:137) ~[hibernate-core-6.5.3.Final.jar:6.5.3.Final]
	at org.hibernate.event.internal.DefaultPersistEventListener.entityIsTransient(DefaultPersistEventListener.java:175) ~[hibernate-core-6.5.3.Final.jar:6.5.3.Final]
	at org.hibernate.event.internal.DefaultPersistEventListener.persist(DefaultPersistEventListener.java:93) ~[hibernate-core-6.5.3.Final.jar:6.5.3.Final]
	at org.hibernate.event.internal.DefaultPersistEventListener.onPersist(DefaultPersistEventListener.java:77) ~[hibernate-core-6.5.3.Final.jar:6.5.3.Final]
	at org.hibernate.event.internal.DefaultPersistEventListener.onPersist(DefaultPersistEventListener.java:54) ~[hibernate-core-6.5.3.Final.jar:6.5.3.Final]
	at org.hibernate.event.service.internal.EventListenerGroupImpl.fireEventOnEachListener(EventListenerGroupImpl.java:127) ~[hibernate-core-6.5.3.Final.jar:6.5.3.Final]
	at org.hibernate.internal.SessionImpl.firePersist(SessionImpl.java:757) ~[hibernate-core-6.5.3.Final.jar:6.5.3.Final]
	at org.hibernate.internal.SessionImpl.persist(SessionImpl.java:741) ~[hibernate-core-6.5.3.Final.jar:6.5.3.Final]
	at java.base/jdk.internal.reflect.DirectMethodHandleAccessor.invoke(DirectMethodHandleAccessor.java:104) ~[na:na]
	at java.base/java.lang.reflect.Method.invoke(Method.java:565) ~[na:na]
	at org.springframework.orm.jpa.SharedEntityManagerCreator$SharedEntityManagerInvocationHandler.invoke(SharedEntityManagerCreator.java:319) ~[spring-orm-6.1.21.jar:6.1.21]
	at jdk.proxy8/jdk.proxy8.$Proxy205.persist(Unknown Source) ~[na:na]
	at org.springframework.data.jpa.repository.support.SimpleJpaRepository.save(SimpleJpaRepository.java:636) ~[spring-data-jpa-3.3.13.jar:3.3.13]
	at java.base/jdk.internal.reflect.DirectMethodHandleAccessor.invoke(DirectMethodHandleAccessor.java:104) ~[na:na]
	at java.base/java.lang.reflect.Method.invoke(Method.java:565) ~[na:na]
	at org.springframework.aop.support.AopUtils.invokeJoinpointUsingReflection(AopUtils.java:355) ~[spring-aop-6.1.21.jar:6.1.21]
	at org.springframework.data.repository.core.support.RepositoryMethodInvoker$RepositoryFragmentMethodInvoker.lambda$new$0(RepositoryMethodInvoker.java:277) ~[spring-data-commons-3.3.13.jar:3.3.13]
	at org.springframework.data.repository.core.support.RepositoryMethodInvoker.doInvoke(RepositoryMethodInvoker.java:170) ~[spring-data-commons-3.3.13.jar:3.3.13]
	at org.springframework.data.repository.core.support.RepositoryMethodInvoker.invoke(RepositoryMethodInvoker.java:158) ~[spring-data-commons-3.3.13.jar:3.3.13]
	at org.springframework.data.repository.core.support.RepositoryComposition$RepositoryFragments.invoke(RepositoryComposition.java:516) ~[spring-data-commons-3.3.13.jar:3.3.13]
	at org.springframework.data.repository.core.support.RepositoryComposition.invoke(RepositoryComposition.java:285) ~[spring-data-commons-3.3.13.jar:3.3.13]
	at org.springframework.data.repository.core.support.RepositoryFactorySupport$ImplementationMethodExecutionInterceptor.invoke(RepositoryFactorySupport.java:628) ~[spring-data-commons-3.3.13.jar:3.3.13]
	at org.springframework.aop.framework.ReflectiveMethodInvocation.proceed(ReflectiveMethodInvocation.java:184) ~[spring-aop-6.1.21.jar:6.1.21]
	at org.springframework.data.repository.core.support.QueryExecutorMethodInterceptor.doInvoke(QueryExecutorMethodInterceptor.java:173) ~[spring-data-commons-3.3.13.jar:3.3.13]
	at org.springframework.data.repository.core.support.QueryExecutorMethodInterceptor.invoke(QueryExecutorMethodInterceptor.java:148) ~[spring-data-commons-3.3.13.jar:3.3.13]
	at org.springframework.aop.framework.ReflectiveMethodInvocation.proceed(ReflectiveMethodInvocation.java:184) ~[spring-aop-6.1.21.jar:6.1.21]
	at org.springframework.data.projection.DefaultMethodInvokingMethodInterceptor.invoke(DefaultMethodInvokingMethodInterceptor.java:70) ~[spring-data-commons-3.3.13.jar:3.3.13]
	at org.springframework.aop.framework.ReflectiveMethodInvocation.proceed(ReflectiveMethodInvocation.java:184) ~[spring-aop-6.1.21.jar:6.1.21]
	at org.springframework.transaction.interceptor.TransactionAspectSupport.invokeWithinTransaction(TransactionAspectSupport.java:379) ~[spring-tx-6.1.21.jar:6.1.21]
	at org.springframework.transaction.interceptor.TransactionInterceptor.invoke(TransactionInterceptor.java:119) ~[spring-tx-6.1.21.jar:6.1.21]
	at org.springframework.aop.framework.ReflectiveMethodInvocation.proceed(ReflectiveMethodInvocation.java:184) ~[spring-aop-6.1.21.jar:6.1.21]
	at org.springframework.dao.support.PersistenceExceptionTranslationInterceptor.invoke(PersistenceExceptionTranslationInterceptor.java:138) ~[spring-tx-6.1.21.jar:6.1.21]
	... 137 common frames omitted
Caused by: java.sql.SQLIntegrityConstraintViolationException: Duplicate entry '28' for key 'members.uk_member_user_id'
	at com.mysql.cj.jdbc.exceptions.SQLError.createSQLException(SQLError.java:118) ~[mysql-connector-j-8.3.0.jar:8.3.0]
	at com.mysql.cj.jdbc.exceptions.SQLExceptionsMapping.translateException(SQLExceptionsMapping.java:122) ~[mysql-connector-j-8.3.0.jar:8.3.0]
	at com.mysql.cj.jdbc.ClientPreparedStatement.executeInternal(ClientPreparedStatement.java:912) ~[mysql-connector-j-8.3.0.jar:8.3.0]
	at com.mysql.cj.jdbc.ClientPreparedStatement.executeUpdateInternal(ClientPreparedStatement.java:1054) ~[mysql-connector-j-8.3.0.jar:8.3.0]
	at com.mysql.cj.jdbc.ClientPreparedStatement.executeUpdateInternal(ClientPreparedStatement.java:1003) ~[mysql-connector-j-8.3.0.jar:8.3.0]
	at com.mysql.cj.jdbc.ClientPreparedStatement.executeLargeUpdate(ClientPreparedStatement.java:1312) ~[mysql-connector-j-8.3.0.jar:8.3.0]
	at com.mysql.cj.jdbc.ClientPreparedStatement.executeUpdate(ClientPreparedStatement.java:988) ~[mysql-connector-j-8.3.0.jar:8.3.0]
	at com.zaxxer.hikari.pool.ProxyPreparedStatement.executeUpdate(ProxyPreparedStatement.java:61) ~[HikariCP-5.1.0.jar:na]
	at com.zaxxer.hikari.pool.HikariProxyPreparedStatement.executeUpdate(HikariProxyPreparedStatement.java) ~[HikariCP-5.1.0.jar:na]
	at org.hibernate.engine.jdbc.internal.ResultSetReturnImpl.executeUpdate(ResultSetReturnImpl.java:194) ~[hibernate-core-6.5.3.Final.jar:6.5.3.Final]
	... 183 common frames omitted
2026-09-12 11:16:09.524  WARN 16796 --- [nio-8080-exec-1] .m.m.a.ExceptionHandlerExceptionResolver : Resolved [org.springframework.dao.DataIntegrityViolationException: could not execute statement [Duplicate entry '28' for key 'members.uk_member_user_id'] [insert into members (bio,contact_email,cover_photo_url,created_at,first_name,github_url,headline,last_name,linkedin_url,city,country,postal_code,state,street,open_to_work,phone,profile_picture_url,profile_slug,profile_visibility,resume_url,specialization,updated_at,user_id,version,website_url,years_of_experience) values (?,?,?,?,?,?,?,?,?,?,?,?,?,?,?,?,?,?,?,?,?,?,?,?,?,?)]; SQL [insert into members (bio,contact_email,cover_photo_url,created_at,first_name,github_url,headline,last_name,linkedin_url,city,country,postal_code,state,street,open_to_work,phone,profile_picture_url,profile_slug,profile_visibility,resume_url,specialization,updated_at,user_id,version,website_url,years_of_experience) values (?,?,?,?,?,?,?,?,?,?,?,?,?,?,?,?,?,?,?,?,?,?,?,?,?,?)]; constraint [members.uk_member_user_id]]
2026-09-12 11:18:28.419  INFO 16796 --- [   File Watcher] rtingClassPathChangeChangedEventListener : Restarting due to 1 class path change (0 additions, 0 deletions, 1 modification)
2026-09-12 11:18:28.937  INFO 16796 --- [      Thread-11] j.LocalContainerEntityManagerFactoryBean : Closing JPA EntityManagerFactory for persistence unit 'default'
2026-09-12 11:18:28.988  INFO 16796 --- [      Thread-11] com.zaxxer.hikari.HikariDataSource       : BusinessAppHikariPool - Shutdown initiated...
2026-09-12 11:18:29.017  INFO 16796 --- [      Thread-11] com.zaxxer.hikari.HikariDataSource       : BusinessAppHikariPool - Shutdown completed.
2026-09-12 11:18:29.898  INFO 16796 --- [  restartedMain] c.e.firstapp.FirstappApplication         : Starting FirstappApplication using Java 25.0.3 with PID 16796 (E:\firstapp\firstapp\target\classes started by Dell in E:\firstapp\firstapp)
2026-09-12 11:18:29.898  INFO 16796 --- [  restartedMain] c.e.firstapp.FirstappApplication         : No active profile set, falling back to 1 default profile: "default"
2026-09-12 11:18:30.397  INFO 16796 --- [  restartedMain] .s.d.r.c.RepositoryConfigurationDelegate : Bootstrapping Spring Data JPA repositories in DEFAULT mode.
2026-09-12 11:18:30.458  INFO 16796 --- [  restartedMain] .s.d.r.c.RepositoryConfigurationDelegate : Finished Spring Data repository scanning in 59 ms. Found 8 JPA repository interfaces.
2026-09-12 11:18:30.652  INFO 16796 --- [  restartedMain] o.s.b.w.e.tomcat.TomcatWebServer         : Tomcat initialized with port 8080 (http)
2026-09-12 11:18:30.653  INFO 16796 --- [  restartedMain] o.a.catalina.core.StandardService        : Starting service [Tomcat]
2026-09-12 11:18:30.653  INFO 16796 --- [  restartedMain] o.a.catalina.core.StandardEngine         : Starting Servlet engine: [Apache Tomcat/10.1.42]
2026-09-12 11:18:30.719  INFO 16796 --- [  restartedMain] o.a.c.c.C.[Tomcat].[localhost].[/]       : Initializing Spring embedded WebApplicationContext
2026-09-12 11:18:30.719  INFO 16796 --- [  restartedMain] w.s.c.ServletWebServerApplicationContext : Root WebApplicationContext: initialization completed in 816 ms
2026-09-12 11:18:30.751 DEBUG 16796 --- [  restartedMain] com.zaxxer.hikari.HikariConfig           : Driver class com.mysql.cj.jdbc.Driver found in Thread context class loader TomcatEmbeddedWebappClassLoader
  context: ROOT
  delegate: true
----------> Parent Classloader:
org.springframework.boot.devtools.restart.classloader.RestartClassLoader@65028cb9

2026-09-12 11:18:30.832  INFO 16796 --- [  restartedMain] o.h.jpa.internal.util.LogHelper          : HHH000204: Processing PersistenceUnitInfo [name: default]
2026-09-12 11:18:30.835  INFO 16796 --- [  restartedMain] o.h.c.i.RegionFactoryInitiator           : HHH000026: Second-level cache disabled
2026-09-12 11:18:30.854  INFO 16796 --- [  restartedMain] o.s.o.j.p.SpringPersistenceUnitInfo      : No LoadTimeWeaver setup: ignoring JPA class transformer
2026-09-12 11:18:30.855 DEBUG 16796 --- [  restartedMain] com.zaxxer.hikari.HikariConfig           : BusinessAppHikariPool - configuration:
2026-09-12 11:18:30.865 DEBUG 16796 --- [  restartedMain] com.zaxxer.hikari.HikariConfig           : allowPoolSuspension.............false
2026-09-12 11:18:30.866 DEBUG 16796 --- [  restartedMain] com.zaxxer.hikari.HikariConfig           : autoCommit......................true
2026-09-12 11:18:30.867 DEBUG 16796 --- [  restartedMain] com.zaxxer.hikari.HikariConfig           : catalog.........................none
2026-09-12 11:18:30.867 DEBUG 16796 --- [  restartedMain] com.zaxxer.hikari.HikariConfig           : connectionInitSql...............none
2026-09-12 11:18:30.867 DEBUG 16796 --- [  restartedMain] com.zaxxer.hikari.HikariConfig           : connectionTestQuery............."SELECT 1"
2026-09-12 11:18:30.868 DEBUG 16796 --- [  restartedMain] com.zaxxer.hikari.HikariConfig           : connectionTimeout...............20000
2026-09-12 11:18:30.869 DEBUG 16796 --- [  restartedMain] com.zaxxer.hikari.HikariConfig           : dataSource......................none
2026-09-12 11:18:30.869 DEBUG 16796 --- [  restartedMain] com.zaxxer.hikari.HikariConfig           : dataSourceClassName.............none
2026-09-12 11:18:30.873 DEBUG 16796 --- [  restartedMain] com.zaxxer.hikari.HikariConfig           : dataSourceJNDI..................none
2026-09-12 11:18:30.876 DEBUG 16796 --- [  restartedMain] com.zaxxer.hikari.HikariConfig           : dataSourceProperties............{password=<masked>}
2026-09-12 11:18:30.877 DEBUG 16796 --- [  restartedMain] com.zaxxer.hikari.HikariConfig           : driverClassName................."com.mysql.cj.jdbc.Driver"
2026-09-12 11:18:30.880 DEBUG 16796 --- [  restartedMain] com.zaxxer.hikari.HikariConfig           : exceptionOverrideClassName......none
2026-09-12 11:18:30.881 DEBUG 16796 --- [  restartedMain] com.zaxxer.hikari.HikariConfig           : healthCheckProperties...........{}
2026-09-12 11:18:30.881 DEBUG 16796 --- [  restartedMain] com.zaxxer.hikari.HikariConfig           : healthCheckRegistry.............none
2026-09-12 11:18:30.881 DEBUG 16796 --- [  restartedMain] com.zaxxer.hikari.HikariConfig           : idleTimeout.....................600000
2026-09-12 11:18:30.881 DEBUG 16796 --- [  restartedMain] com.zaxxer.hikari.HikariConfig           : initializationFailTimeout.......1
2026-09-12 11:18:30.882 DEBUG 16796 --- [  restartedMain] com.zaxxer.hikari.HikariConfig           : isolateInternalQueries..........false
2026-09-12 11:18:30.882 DEBUG 16796 --- [  restartedMain] com.zaxxer.hikari.HikariConfig           : jdbcUrl.........................jdbc:mysql://localhost:3306/businessapp?createDatabaseIfNotExist=true&useSSL=false&serverTimezone=UTC&allowPublicKeyRetrieval=true
2026-09-12 11:18:30.882 DEBUG 16796 --- [  restartedMain] com.zaxxer.hikari.HikariConfig           : keepaliveTime...................0
2026-09-12 11:18:30.882 DEBUG 16796 --- [  restartedMain] com.zaxxer.hikari.HikariConfig           : leakDetectionThreshold..........0
2026-09-12 11:18:30.882 DEBUG 16796 --- [  restartedMain] com.zaxxer.hikari.HikariConfig           : maxLifetime.....................1800000
2026-09-12 11:18:30.882 DEBUG 16796 --- [  restartedMain] com.zaxxer.hikari.HikariConfig           : maximumPoolSize.................10
2026-09-12 11:18:30.883 DEBUG 16796 --- [  restartedMain] com.zaxxer.hikari.HikariConfig           : metricRegistry..................none
2026-09-12 11:18:30.883 DEBUG 16796 --- [  restartedMain] com.zaxxer.hikari.HikariConfig           : metricsTrackerFactory...........none
2026-09-12 11:18:30.883 DEBUG 16796 --- [  restartedMain] com.zaxxer.hikari.HikariConfig           : minimumIdle.....................5
2026-09-12 11:18:30.883 DEBUG 16796 --- [  restartedMain] com.zaxxer.hikari.HikariConfig           : password........................<masked>
2026-09-12 11:18:30.883 DEBUG 16796 --- [  restartedMain] com.zaxxer.hikari.HikariConfig           : poolName........................"BusinessAppHikariPool"
2026-09-12 11:18:30.883 DEBUG 16796 --- [  restartedMain] com.zaxxer.hikari.HikariConfig           : readOnly........................false
2026-09-12 11:18:30.883 DEBUG 16796 --- [  restartedMain] com.zaxxer.hikari.HikariConfig           : registerMbeans..................false
2026-09-12 11:18:30.884 DEBUG 16796 --- [  restartedMain] com.zaxxer.hikari.HikariConfig           : scheduledExecutor...............none
2026-09-12 11:18:30.884 DEBUG 16796 --- [  restartedMain] com.zaxxer.hikari.HikariConfig           : schema..........................none
2026-09-12 11:18:30.884 DEBUG 16796 --- [  restartedMain] com.zaxxer.hikari.HikariConfig           : threadFactory...................internal
2026-09-12 11:18:30.884 DEBUG 16796 --- [  restartedMain] com.zaxxer.hikari.HikariConfig           : transactionIsolation............default
2026-09-12 11:18:30.884 DEBUG 16796 --- [  restartedMain] com.zaxxer.hikari.HikariConfig           : username........................"root"
2026-09-12 11:18:30.884 DEBUG 16796 --- [  restartedMain] com.zaxxer.hikari.HikariConfig           : validationTimeout...............5000
2026-09-12 11:18:30.885  INFO 16796 --- [  restartedMain] com.zaxxer.hikari.HikariDataSource       : BusinessAppHikariPool - Starting...
2026-09-12 11:18:31.103  INFO 16796 --- [  restartedMain] com.zaxxer.hikari.pool.HikariPool        : BusinessAppHikariPool - Added connection com.mysql.cj.jdbc.ConnectionImpl@5aa9d9c9
2026-09-12 11:18:31.103  INFO 16796 --- [  restartedMain] com.zaxxer.hikari.HikariDataSource       : BusinessAppHikariPool - Start completed.
2026-09-12 11:18:31.506  INFO 16796 --- [  restartedMain] o.h.e.t.j.p.i.JtaPlatformInitiator       : HHH000489: No JTA platform available (set 'hibernate.transaction.jta.platform' to enable JTA platform integration)
2026-09-12 11:18:31.620 DEBUG 16796 --- [  restartedMain] org.hibernate.SQL                        : 
    alter table businesses 
       modify column description TEXT
2026-09-12 11:18:31.756 DEBUG 16796 --- [  restartedMain] org.hibernate.SQL                        : 
    alter table member_educations 
       modify column description TEXT
2026-09-12 11:18:31.776 DEBUG 16796 --- [  restartedMain] org.hibernate.SQL                        : 
    alter table member_experiences 
       modify column description TEXT
2026-09-12 11:18:31.789 DEBUG 16796 --- [  restartedMain] org.hibernate.SQL                        : 
    alter table members 
       modify column bio TEXT
2026-09-12 11:18:31.824 DEBUG 16796 --- [  restartedMain] org.hibernate.SQL                        : 
    alter table members 
       modify column profile_visibility enum ('CONNECTIONS_ONLY','PRIVATE','PUBLIC') not null
2026-09-12 11:18:31.854 DEBUG 16796 --- [  restartedMain] org.hibernate.SQL                        : 
    alter table members 
       modify column specialization enum ('ACCOUNTING_AUDIT','ASSET_WEALTH_MANAGEMENT','CORPORATE_FINANCE','FINTECH','INSURANCE','INVESTMENT_BANKING','OTHER','PRIVATE_EQUITY_VC','RISK_COMPLIANCE')
2026-09-12 11:18:31.881 DEBUG 16796 --- [  restartedMain] org.hibernate.SQL                        : 
    alter table opportunities 
       modify column description TEXT not null
2026-09-12 11:18:31.912 DEBUG 16796 --- [  restartedMain] org.hibernate.SQL                        : 
    alter table opportunities 
       modify column experience_level enum ('EXECUTIVE','GRADUATE','JUNIOR','MID','SENIOR') not null
2026-09-12 11:18:31.934 DEBUG 16796 --- [  restartedMain] org.hibernate.SQL                        : 
    alter table opportunities 
       modify column specialization enum ('ACCOUNTING_AUDIT','ASSET_WEALTH_MANAGEMENT','CORPORATE_FINANCE','FINTECH','INSURANCE','INVESTMENT_BANKING','OTHER','PRIVATE_EQUITY_VC','RISK_COMPLIANCE') not null
2026-09-12 11:18:31.955 DEBUG 16796 --- [  restartedMain] org.hibernate.SQL                        : 
    alter table opportunities 
       modify column status enum ('CLOSED','DRAFT','PUBLISHED') not null
2026-09-12 11:18:31.982 DEBUG 16796 --- [  restartedMain] org.hibernate.SQL                        : 
    alter table opportunities 
       modify column type enum ('CONTRACT','FULL_TIME','GIG','INTERNSHIP','PART_TIME') not null
2026-09-12 11:18:32.002 DEBUG 16796 --- [  restartedMain] org.hibernate.SQL                        : 
    alter table opportunities 
       modify column work_mode enum ('HYBRID','ONSITE','REMOTE') not null
2026-09-12 11:18:32.024 DEBUG 16796 --- [  restartedMain] org.hibernate.SQL                        : 
    alter table opportunity_qualifications 
       modify column qualification TEXT not null
2026-09-12 11:18:32.035 DEBUG 16796 --- [  restartedMain] org.hibernate.SQL                        : 
    alter table opportunity_responsibilities 
       modify column responsibility TEXT not null
2026-09-12 11:18:32.045 DEBUG 16796 --- [  restartedMain] org.hibernate.SQL                        : 
    alter table users 
       modify column role enum ('ROLE_ADMIN','ROLE_ADVISORY','ROLE_BUSINESS','ROLE_CUSTOMER','ROLE_MEMBERS') not null
2026-09-12 11:18:32.187  INFO 16796 --- [  restartedMain] j.LocalContainerEntityManagerFactoryBean : Initialized JPA EntityManagerFactory for persistence unit 'default'
2026-09-12 11:18:32.333  INFO 16796 --- [  restartedMain] o.s.b.web.servlet.RegistrationBean       : Filter disableJwtAuthFilterRegistration was not registered (disabled)
2026-09-12 11:18:32.478  INFO 16796 --- [  restartedMain] eAuthenticationProviderManagerConfigurer : Global AuthenticationManager configured with AuthenticationProvider bean with name authenticationProvider
2026-09-12 11:18:32.482  WARN 16796 --- [  restartedMain] r$InitializeUserDetailsManagerConfigurer : Global AuthenticationManager configured with an AuthenticationProvider bean. UserDetailsService beans will not be used for username/password login. Consider removing the AuthenticationProvider bean. Alternatively, consider using the UserDetailsService in a manually instantiated DaoAuthenticationProvider.
2026-09-12 11:18:32.697  INFO 16796 --- [  restartedMain] c.e.firstapp.config.AsyncConfig          : Email thread pool initialized: core=2 max=5 queue=50
2026-09-12 11:18:32.796 DEBUG 16796 --- [  restartedMain] o.s.s.web.DefaultSecurityFilterChain     : Will secure any request with filters: DisableEncodeUrlFilter, WebAsyncManagerIntegrationFilter, SecurityContextHolderFilter, HeaderWriterFilter, LogoutFilter, JwtAuthFilter, RequestCacheAwareFilter, SecurityContextHolderAwareRequestFilter, AnonymousAuthenticationFilter, SessionManagementFilter, ExceptionTranslationFilter, AuthorizationFilter
2026-09-12 11:18:32.876  INFO 16796 --- [  restartedMain] o.s.b.d.a.OptionalLiveReloadServer       : LiveReload server is running on port 35729
2026-09-12 11:18:32.889  INFO 16796 --- [  restartedMain] o.s.b.w.e.tomcat.TomcatWebServer         : Tomcat started on port 8080 (http) with context path '/'
2026-09-12 11:18:32.897  INFO 16796 --- [  restartedMain] c.e.firstapp.FirstappApplication         : Started FirstappApplication in 3.079 seconds (process running for 1194.461)
2026-09-12 11:18:32.899  INFO 16796 --- [  restartedMain] .ConditionEvaluationDeltaLoggingListener : Condition evaluation unchanged
2026-09-12 11:18:34.306  INFO 16796 --- [   File Watcher] rtingClassPathChangeChangedEventListener : Restarting due to 1 class path change (0 additions, 0 deletions, 1 modification)
2026-09-12 11:18:34.326  INFO 16796 --- [      Thread-15] j.LocalContainerEntityManagerFactoryBean : Closing JPA EntityManagerFactory for persistence unit 'default'
2026-09-12 11:18:34.327  INFO 16796 --- [      Thread-15] com.zaxxer.hikari.HikariDataSource       : BusinessAppHikariPool - Shutdown initiated...
2026-09-12 11:18:34.329  INFO 16796 --- [      Thread-15] com.zaxxer.hikari.HikariDataSource       : BusinessAppHikariPool - Shutdown completed.
2026-09-12 11:18:34.417  INFO 16796 --- [  restartedMain] c.e.firstapp.FirstappApplication         : Starting FirstappApplication using Java 25.0.3 with PID 16796 (E:\firstapp\firstapp\target\classes started by Dell in E:\firstapp\firstapp)
2026-09-12 11:18:34.418  INFO 16796 --- [  restartedMain] c.e.firstapp.FirstappApplication         : No active profile set, falling back to 1 default profile: "default"
2026-09-12 11:18:34.700  INFO 16796 --- [  restartedMain] .s.d.r.c.RepositoryConfigurationDelegate : Bootstrapping Spring Data JPA repositories in DEFAULT mode.
2026-09-12 11:18:34.834  INFO 16796 --- [  restartedMain] .s.d.r.c.RepositoryConfigurationDelegate : Finished Spring Data repository scanning in 133 ms. Found 8 JPA repository interfaces.
2026-09-12 11:18:35.103  INFO 16796 --- [  restartedMain] o.s.b.w.e.tomcat.TomcatWebServer         : Tomcat initialized with port 8080 (http)
2026-09-12 11:18:35.108  INFO 16796 --- [  restartedMain] o.a.catalina.core.StandardService        : Starting service [Tomcat]
2026-09-12 11:18:35.108  INFO 16796 --- [  restartedMain] o.a.catalina.core.StandardEngine         : Starting Servlet engine: [Apache Tomcat/10.1.42]
2026-09-12 11:18:35.217  INFO 16796 --- [  restartedMain] o.a.c.c.C.[Tomcat].[localhost].[/]       : Initializing Spring embedded WebApplicationContext
2026-09-12 11:18:35.217  INFO 16796 --- [  restartedMain] w.s.c.ServletWebServerApplicationContext : Root WebApplicationContext: initialization completed in 798 ms
2026-09-12 11:18:35.246 DEBUG 16796 --- [  restartedMain] com.zaxxer.hikari.HikariConfig           : Driver class com.mysql.cj.jdbc.Driver found in Thread context class loader TomcatEmbeddedWebappClassLoader
  context: ROOT
  delegate: true
----------> Parent Classloader:
org.springframework.boot.devtools.restart.classloader.RestartClassLoader@fdd9ea4

2026-09-12 11:18:35.376  INFO 16796 --- [  restartedMain] o.h.jpa.internal.util.LogHelper          : HHH000204: Processing PersistenceUnitInfo [name: default]
2026-09-12 11:18:35.393  INFO 16796 --- [  restartedMain] o.h.c.i.RegionFactoryInitiator           : HHH000026: Second-level cache disabled
2026-09-12 11:18:35.419  INFO 16796 --- [  restartedMain] o.s.o.j.p.SpringPersistenceUnitInfo      : No LoadTimeWeaver setup: ignoring JPA class transformer
2026-09-12 11:18:35.425 DEBUG 16796 --- [  restartedMain] com.zaxxer.hikari.HikariConfig           : BusinessAppHikariPool - configuration:
2026-09-12 11:18:35.430 DEBUG 16796 --- [  restartedMain] com.zaxxer.hikari.HikariConfig           : allowPoolSuspension.............false
2026-09-12 11:18:35.431 DEBUG 16796 --- [  restartedMain] com.zaxxer.hikari.HikariConfig           : autoCommit......................true
2026-09-12 11:18:35.431 DEBUG 16796 --- [  restartedMain] com.zaxxer.hikari.HikariConfig           : catalog.........................none
2026-09-12 11:18:35.431 DEBUG 16796 --- [  restartedMain] com.zaxxer.hikari.HikariConfig           : connectionInitSql...............none
2026-09-12 11:18:35.431 DEBUG 16796 --- [  restartedMain] com.zaxxer.hikari.HikariConfig           : connectionTestQuery............."SELECT 1"
2026-09-12 11:18:35.431 DEBUG 16796 --- [  restartedMain] com.zaxxer.hikari.HikariConfig           : connectionTimeout...............20000
2026-09-12 11:18:35.431 DEBUG 16796 --- [  restartedMain] com.zaxxer.hikari.HikariConfig           : dataSource......................none
2026-09-12 11:18:35.432 DEBUG 16796 --- [  restartedMain] com.zaxxer.hikari.HikariConfig           : dataSourceClassName.............none
2026-09-12 11:18:35.433 DEBUG 16796 --- [  restartedMain] com.zaxxer.hikari.HikariConfig           : dataSourceJNDI..................none
2026-09-12 11:18:35.433 DEBUG 16796 --- [  restartedMain] com.zaxxer.hikari.HikariConfig           : dataSourceProperties............{password=<masked>}
2026-09-12 11:18:35.433 DEBUG 16796 --- [  restartedMain] com.zaxxer.hikari.HikariConfig           : driverClassName................."com.mysql.cj.jdbc.Driver"
2026-09-12 11:18:35.433 DEBUG 16796 --- [  restartedMain] com.zaxxer.hikari.HikariConfig           : exceptionOverrideClassName......none
2026-09-12 11:18:35.434 DEBUG 16796 --- [  restartedMain] com.zaxxer.hikari.HikariConfig           : healthCheckProperties...........{}
2026-09-12 11:18:35.532 DEBUG 16796 --- [  restartedMain] com.zaxxer.hikari.HikariConfig           : healthCheckRegistry.............none
2026-09-12 11:18:35.591 DEBUG 16796 --- [  restartedMain] com.zaxxer.hikari.HikariConfig           : idleTimeout.....................600000
2026-09-12 11:18:35.612 DEBUG 16796 --- [  restartedMain] com.zaxxer.hikari.HikariConfig           : initializationFailTimeout.......1
2026-09-12 11:18:35.618 DEBUG 16796 --- [  restartedMain] com.zaxxer.hikari.HikariConfig           : isolateInternalQueries..........false
2026-09-12 11:18:35.619 DEBUG 16796 --- [  restartedMain] com.zaxxer.hikari.HikariConfig           : jdbcUrl.........................jdbc:mysql://localhost:3306/businessapp?createDatabaseIfNotExist=true&useSSL=false&serverTimezone=UTC&allowPublicKeyRetrieval=true
2026-09-12 11:18:35.620 DEBUG 16796 --- [  restartedMain] com.zaxxer.hikari.HikariConfig           : keepaliveTime...................0
2026-09-12 11:18:35.621 DEBUG 16796 --- [  restartedMain] com.zaxxer.hikari.HikariConfig           : leakDetectionThreshold..........0
2026-09-12 11:18:35.626 DEBUG 16796 --- [  restartedMain] com.zaxxer.hikari.HikariConfig           : maxLifetime.....................1800000
2026-09-12 11:18:35.626 DEBUG 16796 --- [  restartedMain] com.zaxxer.hikari.HikariConfig           : maximumPoolSize.................10
2026-09-12 11:18:35.627 DEBUG 16796 --- [  restartedMain] com.zaxxer.hikari.HikariConfig           : metricRegistry..................none
2026-09-12 11:18:35.628 DEBUG 16796 --- [  restartedMain] com.zaxxer.hikari.HikariConfig           : metricsTrackerFactory...........none
2026-09-12 11:18:35.628 DEBUG 16796 --- [  restartedMain] com.zaxxer.hikari.HikariConfig           : minimumIdle.....................5
2026-09-12 11:18:35.628 DEBUG 16796 --- [  restartedMain] com.zaxxer.hikari.HikariConfig           : password........................<masked>
2026-09-12 11:18:35.629 DEBUG 16796 --- [  restartedMain] com.zaxxer.hikari.HikariConfig           : poolName........................"BusinessAppHikariPool"
2026-09-12 11:18:35.629 DEBUG 16796 --- [  restartedMain] com.zaxxer.hikari.HikariConfig           : readOnly........................false
2026-09-12 11:18:35.630 DEBUG 16796 --- [  restartedMain] com.zaxxer.hikari.HikariConfig           : registerMbeans..................false
2026-09-12 11:18:35.630 DEBUG 16796 --- [  restartedMain] com.zaxxer.hikari.HikariConfig           : scheduledExecutor...............none
2026-09-12 11:18:35.631 DEBUG 16796 --- [  restartedMain] com.zaxxer.hikari.HikariConfig           : schema..........................none
2026-09-12 11:18:35.631 DEBUG 16796 --- [  restartedMain] com.zaxxer.hikari.HikariConfig           : threadFactory...................internal
2026-09-12 11:18:35.631 DEBUG 16796 --- [  restartedMain] com.zaxxer.hikari.HikariConfig           : transactionIsolation............default
2026-09-12 11:18:35.631 DEBUG 16796 --- [  restartedMain] com.zaxxer.hikari.HikariConfig           : username........................"root"
2026-09-12 11:18:35.632 DEBUG 16796 --- [  restartedMain] com.zaxxer.hikari.HikariConfig           : validationTimeout...............5000
2026-09-12 11:18:35.632  INFO 16796 --- [  restartedMain] com.zaxxer.hikari.HikariDataSource       : BusinessAppHikariPool - Starting...
2026-09-12 11:18:35.642  INFO 16796 --- [  restartedMain] com.zaxxer.hikari.pool.HikariPool        : BusinessAppHikariPool - Added connection com.mysql.cj.jdbc.ConnectionImpl@3b990659
2026-09-12 11:18:35.643  INFO 16796 --- [  restartedMain] com.zaxxer.hikari.HikariDataSource       : BusinessAppHikariPool - Start completed.
2026-09-12 11:18:35.850  INFO 16796 --- [  restartedMain] o.h.e.t.j.p.i.JtaPlatformInitiator       : HHH000489: No JTA platform available (set 'hibernate.transaction.jta.platform' to enable JTA platform integration)
2026-09-12 11:18:35.869 DEBUG 16796 --- [  restartedMain] org.hibernate.SQL                        : 
    alter table businesses 
       modify column description TEXT
2026-09-12 11:18:35.898 DEBUG 16796 --- [  restartedMain] org.hibernate.SQL                        : 
    alter table member_educations 
       modify column description TEXT
2026-09-12 11:18:35.909 DEBUG 16796 --- [  restartedMain] org.hibernate.SQL                        : 
    alter table member_experiences 
       modify column description TEXT
2026-09-12 11:18:35.920 DEBUG 16796 --- [  restartedMain] org.hibernate.SQL                        : 
    alter table members 
       modify column bio TEXT
2026-09-12 11:18:35.950 DEBUG 16796 --- [  restartedMain] org.hibernate.SQL                        : 
    alter table members 
       modify column profile_visibility enum ('CONNECTIONS_ONLY','PRIVATE','PUBLIC') not null
2026-09-12 11:18:35.978 DEBUG 16796 --- [  restartedMain] org.hibernate.SQL                        : 
    alter table members 
       modify column specialization enum ('ACCOUNTING_AUDIT','ASSET_WEALTH_MANAGEMENT','CORPORATE_FINANCE','FINTECH','INSURANCE','INVESTMENT_BANKING','OTHER','PRIVATE_EQUITY_VC','RISK_COMPLIANCE')
2026-09-12 11:18:36.002 DEBUG 16796 --- [  restartedMain] org.hibernate.SQL                        : 
    alter table opportunities 
       modify column description TEXT not null
2026-09-12 11:18:36.018 DEBUG 16796 --- [  restartedMain] org.hibernate.SQL                        : 
    alter table opportunities 
       modify column experience_level enum ('EXECUTIVE','GRADUATE','JUNIOR','MID','SENIOR') not null
2026-09-12 11:18:36.039 DEBUG 16796 --- [  restartedMain] org.hibernate.SQL                        : 
    alter table opportunities 
       modify column specialization enum ('ACCOUNTING_AUDIT','ASSET_WEALTH_MANAGEMENT','CORPORATE_FINANCE','FINTECH','INSURANCE','INVESTMENT_BANKING','OTHER','PRIVATE_EQUITY_VC','RISK_COMPLIANCE') not null
2026-09-12 11:18:36.055 DEBUG 16796 --- [  restartedMain] org.hibernate.SQL                        : 
    alter table opportunities 
       modify column status enum ('CLOSED','DRAFT','PUBLISHED') not null
2026-09-12 11:18:36.075 DEBUG 16796 --- [  restartedMain] org.hibernate.SQL                        : 
    alter table opportunities 
       modify column type enum ('CONTRACT','FULL_TIME','GIG','INTERNSHIP','PART_TIME') not null
2026-09-12 11:18:36.114 DEBUG 16796 --- [  restartedMain] org.hibernate.SQL                        : 
    alter table opportunities 
       modify column work_mode enum ('HYBRID','ONSITE','REMOTE') not null
2026-09-12 11:18:36.134 DEBUG 16796 --- [  restartedMain] org.hibernate.SQL                        : 
    alter table opportunity_qualifications 
       modify column qualification TEXT not null
2026-09-12 11:18:36.148 DEBUG 16796 --- [  restartedMain] org.hibernate.SQL                        : 
    alter table opportunity_responsibilities 
       modify column responsibility TEXT not null
2026-09-12 11:18:36.159 DEBUG 16796 --- [  restartedMain] org.hibernate.SQL                        : 
    alter table users 
       modify column role enum ('ROLE_ADMIN','ROLE_ADVISORY','ROLE_BUSINESS','ROLE_CUSTOMER','ROLE_MEMBERS') not null
2026-09-12 11:18:36.339  INFO 16796 --- [  restartedMain] j.LocalContainerEntityManagerFactoryBean : Initialized JPA EntityManagerFactory for persistence unit 'default'
2026-09-12 11:18:36.465  INFO 16796 --- [  restartedMain] o.s.b.web.servlet.RegistrationBean       : Filter disableJwtAuthFilterRegistration was not registered (disabled)
2026-09-12 11:18:36.523  INFO 16796 --- [  restartedMain] eAuthenticationProviderManagerConfigurer : Global AuthenticationManager configured with AuthenticationProvider bean with name authenticationProvider
2026-09-12 11:18:36.524  WARN 16796 --- [  restartedMain] r$InitializeUserDetailsManagerConfigurer : Global AuthenticationManager configured with an AuthenticationProvider bean. UserDetailsService beans will not be used for username/password login. Consider removing the AuthenticationProvider bean. Alternatively, consider using the UserDetailsService in a manually instantiated DaoAuthenticationProvider.
2026-09-12 11:18:36.777  INFO 16796 --- [  restartedMain] c.e.firstapp.config.AsyncConfig          : Email thread pool initialized: core=2 max=5 queue=50
2026-09-12 11:18:36.867 DEBUG 16796 --- [  restartedMain] o.s.s.web.DefaultSecurityFilterChain     : Will secure any request with filters: DisableEncodeUrlFilter, WebAsyncManagerIntegrationFilter, SecurityContextHolderFilter, HeaderWriterFilter, LogoutFilter, JwtAuthFilter, RequestCacheAwareFilter, SecurityContextHolderAwareRequestFilter, AnonymousAuthenticationFilter, SessionManagementFilter, ExceptionTranslationFilter, AuthorizationFilter
2026-09-12 11:18:36.966  INFO 16796 --- [  restartedMain] o.s.b.d.a.OptionalLiveReloadServer       : LiveReload server is running on port 35729
2026-09-12 11:18:36.979  INFO 16796 --- [  restartedMain] o.s.b.w.e.tomcat.TomcatWebServer         : Tomcat started on port 8080 (http) with context path '/'
2026-09-12 11:18:36.982  INFO 16796 --- [  restartedMain] c.e.firstapp.FirstappApplication         : Started FirstappApplication in 2.588 seconds (process running for 1198.545)
2026-09-12 11:18:36.984  INFO 16796 --- [  restartedMain] .ConditionEvaluationDeltaLoggingListener : Condition evaluation unchanged
2026-09-12 11:18:50.136  INFO 16796 --- [   File Watcher] rtingClassPathChangeChangedEventListener : Restarting due to 1 class path change (0 additions, 0 deletions, 1 modification)
2026-09-12 11:18:50.155  INFO 16796 --- [      Thread-19] j.LocalContainerEntityManagerFactoryBean : Closing JPA EntityManagerFactory for persistence unit 'default'
2026-09-12 11:18:50.156  INFO 16796 --- [      Thread-19] com.zaxxer.hikari.HikariDataSource       : BusinessAppHikariPool - Shutdown initiated...
2026-09-12 11:18:50.159  INFO 16796 --- [      Thread-19] com.zaxxer.hikari.HikariDataSource       : BusinessAppHikariPool - Shutdown completed.
2026-09-12 11:18:50.254  INFO 16796 --- [  restartedMain] c.e.firstapp.FirstappApplication         : Starting FirstappApplication using Java 25.0.3 with PID 16796 (E:\firstapp\firstapp\target\classes started by Dell in E:\firstapp\firstapp)
2026-09-12 11:18:50.254  INFO 16796 --- [  restartedMain] c.e.firstapp.FirstappApplication         : No active profile set, falling back to 1 default profile: "default"
2026-09-12 11:18:50.450  INFO 16796 --- [  restartedMain] .s.d.r.c.RepositoryConfigurationDelegate : Bootstrapping Spring Data JPA repositories in DEFAULT mode.
2026-09-12 11:18:50.479  INFO 16796 --- [  restartedMain] .s.d.r.c.RepositoryConfigurationDelegate : Finished Spring Data repository scanning in 29 ms. Found 8 JPA repository interfaces.
2026-09-12 11:18:50.565  INFO 16796 --- [  restartedMain] o.s.b.w.e.tomcat.TomcatWebServer         : Tomcat initialized with port 8080 (http)
2026-09-12 11:18:50.566  INFO 16796 --- [  restartedMain] o.a.catalina.core.StandardService        : Starting service [Tomcat]
2026-09-12 11:18:50.566  INFO 16796 --- [  restartedMain] o.a.catalina.core.StandardEngine         : Starting Servlet engine: [Apache Tomcat/10.1.42]
2026-09-12 11:18:50.605  INFO 16796 --- [  restartedMain] o.a.c.c.C.[Tomcat].[localhost].[/]       : Initializing Spring embedded WebApplicationContext
2026-09-12 11:18:50.605  INFO 16796 --- [  restartedMain] w.s.c.ServletWebServerApplicationContext : Root WebApplicationContext: initialization completed in 350 ms
2026-09-12 11:18:50.620 DEBUG 16796 --- [  restartedMain] com.zaxxer.hikari.HikariConfig           : Driver class com.mysql.cj.jdbc.Driver found in Thread context class loader TomcatEmbeddedWebappClassLoader
  context: ROOT
  delegate: true
----------> Parent Classloader:
org.springframework.boot.devtools.restart.classloader.RestartClassLoader@656ccf89

2026-09-12 11:18:50.664  INFO 16796 --- [  restartedMain] o.h.jpa.internal.util.LogHelper          : HHH000204: Processing PersistenceUnitInfo [name: default]
2026-09-12 11:18:50.666  INFO 16796 --- [  restartedMain] o.h.c.i.RegionFactoryInitiator           : HHH000026: Second-level cache disabled
2026-09-12 11:18:50.679  INFO 16796 --- [  restartedMain] o.s.o.j.p.SpringPersistenceUnitInfo      : No LoadTimeWeaver setup: ignoring JPA class transformer
2026-09-12 11:18:50.682 DEBUG 16796 --- [  restartedMain] com.zaxxer.hikari.HikariConfig           : BusinessAppHikariPool - configuration:
2026-09-12 11:18:50.683 DEBUG 16796 --- [  restartedMain] com.zaxxer.hikari.HikariConfig           : allowPoolSuspension.............false
2026-09-12 11:18:50.683 DEBUG 16796 --- [  restartedMain] com.zaxxer.hikari.HikariConfig           : autoCommit......................true
2026-09-12 11:18:50.683 DEBUG 16796 --- [  restartedMain] com.zaxxer.hikari.HikariConfig           : catalog.........................none
2026-09-12 11:18:50.683 DEBUG 16796 --- [  restartedMain] com.zaxxer.hikari.HikariConfig           : connectionInitSql...............none
2026-09-12 11:18:50.683 DEBUG 16796 --- [  restartedMain] com.zaxxer.hikari.HikariConfig           : connectionTestQuery............."SELECT 1"
2026-09-12 11:18:50.683 DEBUG 16796 --- [  restartedMain] com.zaxxer.hikari.HikariConfig           : connectionTimeout...............20000
2026-09-12 11:18:50.684 DEBUG 16796 --- [  restartedMain] com.zaxxer.hikari.HikariConfig           : dataSource......................none
2026-09-12 11:18:50.684 DEBUG 16796 --- [  restartedMain] com.zaxxer.hikari.HikariConfig           : dataSourceClassName.............none
2026-09-12 11:18:50.684 DEBUG 16796 --- [  restartedMain] com.zaxxer.hikari.HikariConfig           : dataSourceJNDI..................none
2026-09-12 11:18:50.684 DEBUG 16796 --- [  restartedMain] com.zaxxer.hikari.HikariConfig           : dataSourceProperties............{password=<masked>}
2026-09-12 11:18:50.684 DEBUG 16796 --- [  restartedMain] com.zaxxer.hikari.HikariConfig           : driverClassName................."com.mysql.cj.jdbc.Driver"
2026-09-12 11:18:50.684 DEBUG 16796 --- [  restartedMain] com.zaxxer.hikari.HikariConfig           : exceptionOverrideClassName......none
2026-09-12 11:18:50.684 DEBUG 16796 --- [  restartedMain] com.zaxxer.hikari.HikariConfig           : healthCheckProperties...........{}
2026-09-12 11:18:50.684 DEBUG 16796 --- [  restartedMain] com.zaxxer.hikari.HikariConfig           : healthCheckRegistry.............none
2026-09-12 11:18:50.684 DEBUG 16796 --- [  restartedMain] com.zaxxer.hikari.HikariConfig           : idleTimeout.....................600000
2026-09-12 11:18:50.685 DEBUG 16796 --- [  restartedMain] com.zaxxer.hikari.HikariConfig           : initializationFailTimeout.......1
2026-09-12 11:18:50.685 DEBUG 16796 --- [  restartedMain] com.zaxxer.hikari.HikariConfig           : isolateInternalQueries..........false
2026-09-12 11:18:50.685 DEBUG 16796 --- [  restartedMain] com.zaxxer.hikari.HikariConfig           : jdbcUrl.........................jdbc:mysql://localhost:3306/businessapp?createDatabaseIfNotExist=true&useSSL=false&serverTimezone=UTC&allowPublicKeyRetrieval=true
2026-09-12 11:18:50.685 DEBUG 16796 --- [  restartedMain] com.zaxxer.hikari.HikariConfig           : keepaliveTime...................0
2026-09-12 11:18:50.685 DEBUG 16796 --- [  restartedMain] com.zaxxer.hikari.HikariConfig           : leakDetectionThreshold..........0
2026-09-12 11:18:50.686 DEBUG 16796 --- [  restartedMain] com.zaxxer.hikari.HikariConfig           : maxLifetime.....................1800000
2026-09-12 11:18:50.686 DEBUG 16796 --- [  restartedMain] com.zaxxer.hikari.HikariConfig           : maximumPoolSize.................10
2026-09-12 11:18:50.686 DEBUG 16796 --- [  restartedMain] com.zaxxer.hikari.HikariConfig           : metricRegistry..................none
2026-09-12 11:18:50.686 DEBUG 16796 --- [  restartedMain] com.zaxxer.hikari.HikariConfig           : metricsTrackerFactory...........none
2026-09-12 11:18:50.687 DEBUG 16796 --- [  restartedMain] com.zaxxer.hikari.HikariConfig           : minimumIdle.....................5
2026-09-12 11:18:50.687 DEBUG 16796 --- [  restartedMain] com.zaxxer.hikari.HikariConfig           : password........................<masked>
2026-09-12 11:18:50.687 DEBUG 16796 --- [  restartedMain] com.zaxxer.hikari.HikariConfig           : poolName........................"BusinessAppHikariPool"
2026-09-12 11:18:50.688 DEBUG 16796 --- [  restartedMain] com.zaxxer.hikari.HikariConfig           : readOnly........................false
2026-09-12 11:18:50.689 DEBUG 16796 --- [  restartedMain] com.zaxxer.hikari.HikariConfig           : registerMbeans..................false
2026-09-12 11:18:50.689 DEBUG 16796 --- [  restartedMain] com.zaxxer.hikari.HikariConfig           : scheduledExecutor...............none
2026-09-12 11:18:50.689 DEBUG 16796 --- [  restartedMain] com.zaxxer.hikari.HikariConfig           : schema..........................none
2026-09-12 11:18:50.689 DEBUG 16796 --- [  restartedMain] com.zaxxer.hikari.HikariConfig           : threadFactory...................internal
2026-09-12 11:18:50.689 DEBUG 16796 --- [  restartedMain] com.zaxxer.hikari.HikariConfig           : transactionIsolation............default
2026-09-12 11:18:50.690 DEBUG 16796 --- [  restartedMain] com.zaxxer.hikari.HikariConfig           : username........................"root"
2026-09-12 11:18:50.691 DEBUG 16796 --- [  restartedMain] com.zaxxer.hikari.HikariConfig           : validationTimeout...............5000
2026-09-12 11:18:50.692  INFO 16796 --- [  restartedMain] com.zaxxer.hikari.HikariDataSource       : BusinessAppHikariPool - Starting...
2026-09-12 11:18:50.707  INFO 16796 --- [  restartedMain] com.zaxxer.hikari.pool.HikariPool        : BusinessAppHikariPool - Added connection com.mysql.cj.jdbc.ConnectionImpl@75de1e
2026-09-12 11:18:50.708  INFO 16796 --- [  restartedMain] com.zaxxer.hikari.HikariDataSource       : BusinessAppHikariPool - Start completed.
2026-09-12 11:18:50.881  INFO 16796 --- [  restartedMain] o.h.e.t.j.p.i.JtaPlatformInitiator       : HHH000489: No JTA platform available (set 'hibernate.transaction.jta.platform' to enable JTA platform integration)
2026-09-12 11:18:50.896 DEBUG 16796 --- [  restartedMain] org.hibernate.SQL                        : 
    alter table businesses 
       modify column description TEXT
2026-09-12 11:18:50.992 DEBUG 16796 --- [  restartedMain] org.hibernate.SQL                        : 
    alter table member_educations 
       modify column description TEXT
2026-09-12 11:18:51.004 DEBUG 16796 --- [  restartedMain] org.hibernate.SQL                        : 
    alter table member_experiences 
       modify column description TEXT
2026-09-12 11:18:51.016 DEBUG 16796 --- [  restartedMain] org.hibernate.SQL                        : 
    alter table members 
       modify column bio TEXT
2026-09-12 11:18:51.036 DEBUG 16796 --- [  restartedMain] org.hibernate.SQL                        : 
    alter table members 
       modify column profile_visibility enum ('CONNECTIONS_ONLY','PRIVATE','PUBLIC') not null
2026-09-12 11:18:51.058 DEBUG 16796 --- [  restartedMain] org.hibernate.SQL                        : 
    alter table members 
       modify column specialization enum ('ACCOUNTING_AUDIT','ASSET_WEALTH_MANAGEMENT','CORPORATE_FINANCE','FINTECH','INSURANCE','INVESTMENT_BANKING','OTHER','PRIVATE_EQUITY_VC','RISK_COMPLIANCE')
2026-09-12 11:18:51.126 DEBUG 16796 --- [  restartedMain] org.hibernate.SQL                        : 
    alter table opportunities 
       modify column description TEXT not null
2026-09-12 11:18:51.155 DEBUG 16796 --- [  restartedMain] org.hibernate.SQL                        : 
    alter table opportunities 
       modify column experience_level enum ('EXECUTIVE','GRADUATE','JUNIOR','MID','SENIOR') not null
2026-09-12 11:18:51.177 DEBUG 16796 --- [  restartedMain] org.hibernate.SQL                        : 
    alter table opportunities 
       modify column specialization enum ('ACCOUNTING_AUDIT','ASSET_WEALTH_MANAGEMENT','CORPORATE_FINANCE','FINTECH','INSURANCE','INVESTMENT_BANKING','OTHER','PRIVATE_EQUITY_VC','RISK_COMPLIANCE') not null
2026-09-12 11:18:51.192 DEBUG 16796 --- [  restartedMain] org.hibernate.SQL                        : 
    alter table opportunities 
       modify column status enum ('CLOSED','DRAFT','PUBLISHED') not null
2026-09-12 11:18:51.211 DEBUG 16796 --- [  restartedMain] org.hibernate.SQL                        : 
    alter table opportunities 
       modify column type enum ('CONTRACT','FULL_TIME','GIG','INTERNSHIP','PART_TIME') not null
2026-09-12 11:18:51.229 DEBUG 16796 --- [  restartedMain] org.hibernate.SQL                        : 
    alter table opportunities 
       modify column work_mode enum ('HYBRID','ONSITE','REMOTE') not null
2026-09-12 11:18:51.425 DEBUG 16796 --- [  restartedMain] org.hibernate.SQL                        : 
    alter table opportunity_qualifications 
       modify column qualification TEXT not null
2026-09-12 11:18:51.566 DEBUG 16796 --- [  restartedMain] org.hibernate.SQL                        : 
    alter table opportunity_responsibilities 
       modify column responsibility TEXT not null
2026-09-12 11:18:51.681 DEBUG 16796 --- [  restartedMain] org.hibernate.SQL                        : 
    alter table users 
       modify column role enum ('ROLE_ADMIN','ROLE_ADVISORY','ROLE_BUSINESS','ROLE_CUSTOMER','ROLE_MEMBERS') not null
2026-09-12 11:18:51.819  INFO 16796 --- [  restartedMain] j.LocalContainerEntityManagerFactoryBean : Initialized JPA EntityManagerFactory for persistence unit 'default'
2026-09-12 11:18:51.911  INFO 16796 --- [  restartedMain] o.s.b.web.servlet.RegistrationBean       : Filter disableJwtAuthFilterRegistration was not registered (disabled)
2026-09-12 11:18:51.997  INFO 16796 --- [  restartedMain] eAuthenticationProviderManagerConfigurer : Global AuthenticationManager configured with AuthenticationProvider bean with name authenticationProvider
2026-09-12 11:18:51.998  WARN 16796 --- [  restartedMain] r$InitializeUserDetailsManagerConfigurer : Global AuthenticationManager configured with an AuthenticationProvider bean. UserDetailsService beans will not be used for username/password login. Consider removing the AuthenticationProvider bean. Alternatively, consider using the UserDetailsService in a manually instantiated DaoAuthenticationProvider.
2026-09-12 11:18:52.380  INFO 16796 --- [  restartedMain] c.e.firstapp.config.AsyncConfig          : Email thread pool initialized: core=2 max=5 queue=50
2026-09-12 11:18:52.473 DEBUG 16796 --- [  restartedMain] o.s.s.web.DefaultSecurityFilterChain     : Will secure any request with filters: DisableEncodeUrlFilter, WebAsyncManagerIntegrationFilter, SecurityContextHolderFilter, HeaderWriterFilter, LogoutFilter, JwtAuthFilter, RequestCacheAwareFilter, SecurityContextHolderAwareRequestFilter, AnonymousAuthenticationFilter, SessionManagementFilter, ExceptionTranslationFilter, AuthorizationFilter
2026-09-12 11:18:52.530  INFO 16796 --- [  restartedMain] o.s.b.d.a.OptionalLiveReloadServer       : LiveReload server is running on port 35729
2026-09-12 11:18:52.541  INFO 16796 --- [  restartedMain] o.s.b.w.e.tomcat.TomcatWebServer         : Tomcat started on port 8080 (http) with context path '/'
2026-09-12 11:18:52.543  INFO 16796 --- [  restartedMain] c.e.firstapp.FirstappApplication         : Started FirstappApplication in 2.314 seconds (process running for 1214.107)
2026-09-12 11:18:52.545  INFO 16796 --- [  restartedMain] .ConditionEvaluationDeltaLoggingListener : Condition evaluation unchanged
2026-09-12 11:19:04.138  INFO 16796 --- [   File Watcher] rtingClassPathChangeChangedEventListener : Restarting due to 1 class path change (0 additions, 0 deletions, 1 modification)
2026-09-12 11:19:04.158  INFO 16796 --- [      Thread-23] j.LocalContainerEntityManagerFactoryBean : Closing JPA EntityManagerFactory for persistence unit 'default'
2026-09-12 11:19:04.159  INFO 16796 --- [      Thread-23] com.zaxxer.hikari.HikariDataSource       : BusinessAppHikariPool - Shutdown initiated...
2026-09-12 11:19:04.161  INFO 16796 --- [      Thread-23] com.zaxxer.hikari.HikariDataSource       : BusinessAppHikariPool - Shutdown completed.
2026-09-12 11:19:04.258  INFO 16796 --- [  restartedMain] c.e.firstapp.FirstappApplication         : Starting FirstappApplication using Java 25.0.3 with PID 16796 (E:\firstapp\firstapp\target\classes started by Dell in E:\firstapp\firstapp)
2026-09-12 11:19:04.258  INFO 16796 --- [  restartedMain] c.e.firstapp.FirstappApplication         : No active profile set, falling back to 1 default profile: "default"
2026-09-12 11:19:04.536  INFO 16796 --- [  restartedMain] .s.d.r.c.RepositoryConfigurationDelegate : Bootstrapping Spring Data JPA repositories in DEFAULT mode.
2026-09-12 11:19:04.631  INFO 16796 --- [  restartedMain] .s.d.r.c.RepositoryConfigurationDelegate : Finished Spring Data repository scanning in 94 ms. Found 8 JPA repository interfaces.
2026-09-12 11:19:04.809  INFO 16796 --- [  restartedMain] o.s.b.w.e.tomcat.TomcatWebServer         : Tomcat initialized with port 8080 (http)
2026-09-12 11:19:04.810  INFO 16796 --- [  restartedMain] o.a.catalina.core.StandardService        : Starting service [Tomcat]
2026-09-12 11:19:04.810  INFO 16796 --- [  restartedMain] o.a.catalina.core.StandardEngine         : Starting Servlet engine: [Apache Tomcat/10.1.42]
2026-09-12 11:19:04.936  INFO 16796 --- [  restartedMain] o.a.c.c.C.[Tomcat].[localhost].[/]       : Initializing Spring embedded WebApplicationContext
2026-09-12 11:19:04.937  INFO 16796 --- [  restartedMain] w.s.c.ServletWebServerApplicationContext : Root WebApplicationContext: initialization completed in 677 ms
2026-09-12 11:19:04.968 DEBUG 16796 --- [  restartedMain] com.zaxxer.hikari.HikariConfig           : Driver class com.mysql.cj.jdbc.Driver found in Thread context class loader TomcatEmbeddedWebappClassLoader
  context: ROOT
  delegate: true
----------> Parent Classloader:
org.springframework.boot.devtools.restart.classloader.RestartClassLoader@2330816c

2026-09-12 11:19:05.008  INFO 16796 --- [  restartedMain] o.h.jpa.internal.util.LogHelper          : HHH000204: Processing PersistenceUnitInfo [name: default]
2026-09-12 11:19:05.014  INFO 16796 --- [  restartedMain] o.h.c.i.RegionFactoryInitiator           : HHH000026: Second-level cache disabled
2026-09-12 11:19:05.026  INFO 16796 --- [  restartedMain] o.s.o.j.p.SpringPersistenceUnitInfo      : No LoadTimeWeaver setup: ignoring JPA class transformer
2026-09-12 11:19:05.027 DEBUG 16796 --- [  restartedMain] com.zaxxer.hikari.HikariConfig           : BusinessAppHikariPool - configuration:
2026-09-12 11:19:05.038 DEBUG 16796 --- [  restartedMain] com.zaxxer.hikari.HikariConfig           : allowPoolSuspension.............false
2026-09-12 11:19:05.039 DEBUG 16796 --- [  restartedMain] com.zaxxer.hikari.HikariConfig           : autoCommit......................true
2026-09-12 11:19:05.039 DEBUG 16796 --- [  restartedMain] com.zaxxer.hikari.HikariConfig           : catalog.........................none
2026-09-12 11:19:05.040 DEBUG 16796 --- [  restartedMain] com.zaxxer.hikari.HikariConfig           : connectionInitSql...............none
2026-09-12 11:19:05.040 DEBUG 16796 --- [  restartedMain] com.zaxxer.hikari.HikariConfig           : connectionTestQuery............."SELECT 1"
2026-09-12 11:19:05.040 DEBUG 16796 --- [  restartedMain] com.zaxxer.hikari.HikariConfig           : connectionTimeout...............20000
2026-09-12 11:19:05.040 DEBUG 16796 --- [  restartedMain] com.zaxxer.hikari.HikariConfig           : dataSource......................none
2026-09-12 11:19:05.040 DEBUG 16796 --- [  restartedMain] com.zaxxer.hikari.HikariConfig           : dataSourceClassName.............none
2026-09-12 11:19:05.040 DEBUG 16796 --- [  restartedMain] com.zaxxer.hikari.HikariConfig           : dataSourceJNDI..................none
2026-09-12 11:19:05.040 DEBUG 16796 --- [  restartedMain] com.zaxxer.hikari.HikariConfig           : dataSourceProperties............{password=<masked>}
2026-09-12 11:19:05.042 DEBUG 16796 --- [  restartedMain] com.zaxxer.hikari.HikariConfig           : driverClassName................."com.mysql.cj.jdbc.Driver"
2026-09-12 11:19:05.042 DEBUG 16796 --- [  restartedMain] com.zaxxer.hikari.HikariConfig           : exceptionOverrideClassName......none
2026-09-12 11:19:05.042 DEBUG 16796 --- [  restartedMain] com.zaxxer.hikari.HikariConfig           : healthCheckProperties...........{}
2026-09-12 11:19:05.042 DEBUG 16796 --- [  restartedMain] com.zaxxer.hikari.HikariConfig           : healthCheckRegistry.............none
2026-09-12 11:19:05.042 DEBUG 16796 --- [  restartedMain] com.zaxxer.hikari.HikariConfig           : idleTimeout.....................600000
2026-09-12 11:19:05.042 DEBUG 16796 --- [  restartedMain] com.zaxxer.hikari.HikariConfig           : initializationFailTimeout.......1
2026-09-12 11:19:05.042 DEBUG 16796 --- [  restartedMain] com.zaxxer.hikari.HikariConfig           : isolateInternalQueries..........false
2026-09-12 11:19:05.043 DEBUG 16796 --- [  restartedMain] com.zaxxer.hikari.HikariConfig           : jdbcUrl.........................jdbc:mysql://localhost:3306/businessapp?createDatabaseIfNotExist=true&useSSL=false&serverTimezone=UTC&allowPublicKeyRetrieval=true
2026-09-12 11:19:05.043 DEBUG 16796 --- [  restartedMain] com.zaxxer.hikari.HikariConfig           : keepaliveTime...................0
2026-09-12 11:19:05.043 DEBUG 16796 --- [  restartedMain] com.zaxxer.hikari.HikariConfig           : leakDetectionThreshold..........0
2026-09-12 11:19:05.043 DEBUG 16796 --- [  restartedMain] com.zaxxer.hikari.HikariConfig           : maxLifetime.....................1800000
2026-09-12 11:19:05.043 DEBUG 16796 --- [  restartedMain] com.zaxxer.hikari.HikariConfig           : maximumPoolSize.................10
2026-09-12 11:19:05.043 DEBUG 16796 --- [  restartedMain] com.zaxxer.hikari.HikariConfig           : metricRegistry..................none
2026-09-12 11:19:05.043 DEBUG 16796 --- [  restartedMain] com.zaxxer.hikari.HikariConfig           : metricsTrackerFactory...........none
2026-09-12 11:19:05.044 DEBUG 16796 --- [  restartedMain] com.zaxxer.hikari.HikariConfig           : minimumIdle.....................5
2026-09-12 11:19:05.044 DEBUG 16796 --- [  restartedMain] com.zaxxer.hikari.HikariConfig           : password........................<masked>
2026-09-12 11:19:05.044 DEBUG 16796 --- [  restartedMain] com.zaxxer.hikari.HikariConfig           : poolName........................"BusinessAppHikariPool"
2026-09-12 11:19:05.044 DEBUG 16796 --- [  restartedMain] com.zaxxer.hikari.HikariConfig           : readOnly........................false
2026-09-12 11:19:05.044 DEBUG 16796 --- [  restartedMain] com.zaxxer.hikari.HikariConfig           : registerMbeans..................false
2026-09-12 11:19:05.044 DEBUG 16796 --- [  restartedMain] com.zaxxer.hikari.HikariConfig           : scheduledExecutor...............none
2026-09-12 11:19:05.045 DEBUG 16796 --- [  restartedMain] com.zaxxer.hikari.HikariConfig           : schema..........................none
2026-09-12 11:19:05.048 DEBUG 16796 --- [  restartedMain] com.zaxxer.hikari.HikariConfig           : threadFactory...................internal
2026-09-12 11:19:05.049 DEBUG 16796 --- [  restartedMain] com.zaxxer.hikari.HikariConfig           : transactionIsolation............default
2026-09-12 11:19:05.049 DEBUG 16796 --- [  restartedMain] com.zaxxer.hikari.HikariConfig           : username........................"root"
2026-09-12 11:19:05.050 DEBUG 16796 --- [  restartedMain] com.zaxxer.hikari.HikariConfig           : validationTimeout...............5000
2026-09-12 11:19:05.050  INFO 16796 --- [  restartedMain] com.zaxxer.hikari.HikariDataSource       : BusinessAppHikariPool - Starting...
2026-09-12 11:19:05.059  INFO 16796 --- [  restartedMain] com.zaxxer.hikari.pool.HikariPool        : BusinessAppHikariPool - Added connection com.mysql.cj.jdbc.ConnectionImpl@7905528c
2026-09-12 11:19:05.059  INFO 16796 --- [  restartedMain] com.zaxxer.hikari.HikariDataSource       : BusinessAppHikariPool - Start completed.
2026-09-12 11:19:05.324  INFO 16796 --- [  restartedMain] o.h.e.t.j.p.i.JtaPlatformInitiator       : HHH000489: No JTA platform available (set 'hibernate.transaction.jta.platform' to enable JTA platform integration)
2026-09-12 11:19:05.354 DEBUG 16796 --- [  restartedMain] org.hibernate.SQL                        : 
    alter table businesses 
       modify column description TEXT
2026-09-12 11:19:05.396 DEBUG 16796 --- [  restartedMain] org.hibernate.SQL                        : 
    alter table member_educations 
       modify column description TEXT
2026-09-12 11:19:05.407 DEBUG 16796 --- [  restartedMain] org.hibernate.SQL                        : 
    alter table member_experiences 
       modify column description TEXT
2026-09-12 11:19:05.421 DEBUG 16796 --- [  restartedMain] org.hibernate.SQL                        : 
    alter table members 
       modify column bio TEXT
2026-09-12 11:19:05.448 DEBUG 16796 --- [  restartedMain] org.hibernate.SQL                        : 
    alter table members 
       modify column profile_visibility enum ('CONNECTIONS_ONLY','PRIVATE','PUBLIC') not null
2026-09-12 11:19:05.465 DEBUG 16796 --- [  restartedMain] org.hibernate.SQL                        : 
    alter table members 
       modify column specialization enum ('ACCOUNTING_AUDIT','ASSET_WEALTH_MANAGEMENT','CORPORATE_FINANCE','FINTECH','INSURANCE','INVESTMENT_BANKING','OTHER','PRIVATE_EQUITY_VC','RISK_COMPLIANCE')
2026-09-12 11:19:05.483 DEBUG 16796 --- [  restartedMain] org.hibernate.SQL                        : 
    alter table opportunities 
       modify column description TEXT not null
2026-09-12 11:19:05.505 DEBUG 16796 --- [  restartedMain] org.hibernate.SQL                        : 
    alter table opportunities 
       modify column experience_level enum ('EXECUTIVE','GRADUATE','JUNIOR','MID','SENIOR') not null
2026-09-12 11:19:05.522 DEBUG 16796 --- [  restartedMain] org.hibernate.SQL                        : 
    alter table opportunities 
       modify column specialization enum ('ACCOUNTING_AUDIT','ASSET_WEALTH_MANAGEMENT','CORPORATE_FINANCE','FINTECH','INSURANCE','INVESTMENT_BANKING','OTHER','PRIVATE_EQUITY_VC','RISK_COMPLIANCE') not null
2026-09-12 11:19:05.540 DEBUG 16796 --- [  restartedMain] org.hibernate.SQL                        : 
    alter table opportunities 
       modify column status enum ('CLOSED','DRAFT','PUBLISHED') not null
2026-09-12 11:19:05.560 DEBUG 16796 --- [  restartedMain] org.hibernate.SQL                        : 
    alter table opportunities 
       modify column type enum ('CONTRACT','FULL_TIME','GIG','INTERNSHIP','PART_TIME') not null
2026-09-12 11:19:05.582 DEBUG 16796 --- [  restartedMain] org.hibernate.SQL                        : 
    alter table opportunities 
       modify column work_mode enum ('HYBRID','ONSITE','REMOTE') not null
2026-09-12 11:19:05.598 DEBUG 16796 --- [  restartedMain] org.hibernate.SQL                        : 
    alter table opportunity_qualifications 
       modify column qualification TEXT not null
2026-09-12 11:19:05.606 DEBUG 16796 --- [  restartedMain] org.hibernate.SQL                        : 
    alter table opportunity_responsibilities 
       modify column responsibility TEXT not null
2026-09-12 11:19:05.618 DEBUG 16796 --- [  restartedMain] org.hibernate.SQL                        : 
    alter table users 
       modify column role enum ('ROLE_ADMIN','ROLE_ADVISORY','ROLE_BUSINESS','ROLE_CUSTOMER','ROLE_MEMBERS') not null
2026-09-12 11:19:05.748  INFO 16796 --- [  restartedMain] j.LocalContainerEntityManagerFactoryBean : Initialized JPA EntityManagerFactory for persistence unit 'default'
2026-09-12 11:19:05.849  INFO 16796 --- [  restartedMain] o.s.b.web.servlet.RegistrationBean       : Filter disableJwtAuthFilterRegistration was not registered (disabled)
2026-09-12 11:19:05.892  INFO 16796 --- [  restartedMain] eAuthenticationProviderManagerConfigurer : Global AuthenticationManager configured with AuthenticationProvider bean with name authenticationProvider
2026-09-12 11:19:05.893  WARN 16796 --- [  restartedMain] r$InitializeUserDetailsManagerConfigurer : Global AuthenticationManager configured with an AuthenticationProvider bean. UserDetailsService beans will not be used for username/password login. Consider removing the AuthenticationProvider bean. Alternatively, consider using the UserDetailsService in a manually instantiated DaoAuthenticationProvider.
2026-09-12 11:19:06.077  INFO 16796 --- [  restartedMain] c.e.firstapp.config.AsyncConfig          : Email thread pool initialized: core=2 max=5 queue=50
2026-09-12 11:19:06.144 DEBUG 16796 --- [  restartedMain] o.s.s.web.DefaultSecurityFilterChain     : Will secure any request with filters: DisableEncodeUrlFilter, WebAsyncManagerIntegrationFilter, SecurityContextHolderFilter, HeaderWriterFilter, LogoutFilter, JwtAuthFilter, RequestCacheAwareFilter, SecurityContextHolderAwareRequestFilter, AnonymousAuthenticationFilter, SessionManagementFilter, ExceptionTranslationFilter, AuthorizationFilter
2026-09-12 11:19:06.204  INFO 16796 --- [  restartedMain] o.s.b.d.a.OptionalLiveReloadServer       : LiveReload server is running on port 35729
2026-09-12 11:19:06.215  INFO 16796 --- [  restartedMain] o.s.b.w.e.tomcat.TomcatWebServer         : Tomcat started on port 8080 (http) with context path '/'
2026-09-12 11:19:06.218  INFO 16796 --- [  restartedMain] c.e.firstapp.FirstappApplication         : Started FirstappApplication in 1.983 seconds (process running for 1227.781)
2026-09-12 11:19:06.219  INFO 16796 --- [  restartedMain] .ConditionEvaluationDeltaLoggingListener : Condition evaluation unchanged
2026-09-12 11:19:26.868  INFO 16796 --- [nio-8080-exec-1] o.a.c.c.C.[Tomcat].[localhost].[/]       : Initializing Spring DispatcherServlet 'dispatcherServlet'
2026-09-12 11:19:26.889  INFO 16796 --- [nio-8080-exec-1] o.s.web.servlet.DispatcherServlet        : Initializing Servlet 'dispatcherServlet'
2026-09-12 11:19:26.908  INFO 16796 --- [nio-8080-exec-1] o.s.web.servlet.DispatcherServlet        : Completed initialization in 2 ms
2026-09-12 11:19:26.944 DEBUG 16796 --- [nio-8080-exec-1] o.s.security.web.FilterChainProxy        : Securing POST /api/v1/auth/login
2026-09-12 11:19:27.008 DEBUG 16796 --- [nio-8080-exec-1] org.hibernate.SQL                        : 
    select
        u1_0.id,
        u1_0.is_active,
        u1_0.created_at,
        u1_0.email,
        u1_0.failed_attempts,
        u1_0.last_login_at,
        u1_0.lock_time,
        u1_0.is_locked,
        u1_0.password,
        u1_0.role,
        u1_0.updated_at,
        u1_0.username 
    from
        users u1_0 
    where
        u1_0.email=?
2026-09-12 11:19:27.024 DEBUG 16796 --- [nio-8080-exec-1] o.s.security.web.FilterChainProxy        : Secured POST /api/v1/auth/login
2026-09-12 11:19:27.065  INFO 16796 --- [nio-8080-exec-1] c.e.f.controller.AuthController          : Login request received: cat@gmgil.com
2026-09-12 11:19:27.070  INFO 16796 --- [nio-8080-exec-1] c.e.firstapp.service.AuthService         : Login attempt for: cat@gmgil.com
2026-09-12 11:19:27.547 DEBUG 16796 --- [nio-8080-exec-1] org.hibernate.SQL                        : 
    select
        u1_0.id,
        u1_0.is_active,
        u1_0.created_at,
        u1_0.email,
        u1_0.failed_attempts,
        u1_0.last_login_at,
        u1_0.lock_time,
        u1_0.is_locked,
        u1_0.password,
        u1_0.role,
        u1_0.updated_at,
        u1_0.username 
    from
        users u1_0 
    where
        u1_0.email=?
2026-09-12 11:19:27.549  WARN 16796 --- [nio-8080-exec-1] c.e.f.s.UserDetailsServiceImpl           : User not found: cat@gmgil.com
2026-09-12 11:19:27.837 DEBUG 16796 --- [nio-8080-exec-1] o.s.s.a.d.DaoAuthenticationProvider      : Failed to find user 'cat@gmgil.com'
2026-09-12 11:19:27.839 DEBUG 16796 --- [nio-8080-exec-1] org.hibernate.SQL                        : 
    select
        u1_0.id,
        u1_0.is_active,
        u1_0.created_at,
        u1_0.email,
        u1_0.failed_attempts,
        u1_0.last_login_at,
        u1_0.lock_time,
        u1_0.is_locked,
        u1_0.password,
        u1_0.role,
        u1_0.updated_at,
        u1_0.username 
    from
        users u1_0 
    where
        u1_0.email=?
2026-09-12 11:19:27.843  WARN 16796 --- [nio-8080-exec-1] c.e.f.handler.GlobalExceptionHandler     : Bad request: Invalid email or password
2026-09-12 11:19:27.852  WARN 16796 --- [nio-8080-exec-1] .m.m.a.ExceptionHandlerExceptionResolver : Resolved [com.example.firstapp.exception.BadRequestException: Invalid email or password]
2026-09-12 11:19:28.017  INFO 16796 --- [   File Watcher] rtingClassPathChangeChangedEventListener : Restarting due to 1 class path change (0 additions, 0 deletions, 1 modification)
2026-09-12 11:19:28.089  INFO 16796 --- [      Thread-27] j.LocalContainerEntityManagerFactoryBean : Closing JPA EntityManagerFactory for persistence unit 'default'
2026-09-12 11:19:28.090  INFO 16796 --- [      Thread-27] com.zaxxer.hikari.HikariDataSource       : BusinessAppHikariPool - Shutdown initiated...
2026-09-12 11:19:28.091  INFO 16796 --- [      Thread-27] com.zaxxer.hikari.HikariDataSource       : BusinessAppHikariPool - Shutdown completed.
2026-09-12 11:19:28.199  INFO 16796 --- [  restartedMain] c.e.firstapp.FirstappApplication         : Starting FirstappApplication using Java 25.0.3 with PID 16796 (E:\firstapp\firstapp\target\classes started by Dell in E:\firstapp\firstapp)
2026-09-12 11:19:28.200  INFO 16796 --- [  restartedMain] c.e.firstapp.FirstappApplication         : No active profile set, falling back to 1 default profile: "default"
2026-09-12 11:19:28.431  INFO 16796 --- [  restartedMain] .s.d.r.c.RepositoryConfigurationDelegate : Bootstrapping Spring Data JPA repositories in DEFAULT mode.
2026-09-12 11:19:28.469  INFO 16796 --- [  restartedMain] .s.d.r.c.RepositoryConfigurationDelegate : Finished Spring Data repository scanning in 37 ms. Found 8 JPA repository interfaces.
2026-09-12 11:19:28.753  INFO 16796 --- [  restartedMain] o.s.b.w.e.tomcat.TomcatWebServer         : Tomcat initialized with port 8080 (http)
2026-09-12 11:19:28.755  INFO 16796 --- [  restartedMain] o.a.catalina.core.StandardService        : Starting service [Tomcat]
2026-09-12 11:19:28.755  INFO 16796 --- [  restartedMain] o.a.catalina.core.StandardEngine         : Starting Servlet engine: [Apache Tomcat/10.1.42]
2026-09-12 11:19:28.849  INFO 16796 --- [  restartedMain] o.a.c.c.C.[Tomcat].[localhost].[/]       : Initializing Spring embedded WebApplicationContext
2026-09-12 11:19:28.849  INFO 16796 --- [  restartedMain] w.s.c.ServletWebServerApplicationContext : Root WebApplicationContext: initialization completed in 647 ms
2026-09-12 11:19:28.865 DEBUG 16796 --- [  restartedMain] com.zaxxer.hikari.HikariConfig           : Driver class com.mysql.cj.jdbc.Driver found in Thread context class loader TomcatEmbeddedWebappClassLoader
  context: ROOT
  delegate: true
----------> Parent Classloader:
org.springframework.boot.devtools.restart.classloader.RestartClassLoader@7fae4f51

2026-09-12 11:19:28.900  INFO 16796 --- [  restartedMain] o.h.jpa.internal.util.LogHelper          : HHH000204: Processing PersistenceUnitInfo [name: default]
2026-09-12 11:19:28.905  INFO 16796 --- [  restartedMain] o.h.c.i.RegionFactoryInitiator           : HHH000026: Second-level cache disabled
2026-09-12 11:19:28.916  INFO 16796 --- [  restartedMain] o.s.o.j.p.SpringPersistenceUnitInfo      : No LoadTimeWeaver setup: ignoring JPA class transformer
2026-09-12 11:19:28.917 DEBUG 16796 --- [  restartedMain] com.zaxxer.hikari.HikariConfig           : BusinessAppHikariPool - configuration:
2026-09-12 11:19:28.920 DEBUG 16796 --- [  restartedMain] com.zaxxer.hikari.HikariConfig           : allowPoolSuspension.............false
2026-09-12 11:19:28.922 DEBUG 16796 --- [  restartedMain] com.zaxxer.hikari.HikariConfig           : autoCommit......................true
2026-09-12 11:19:28.922 DEBUG 16796 --- [  restartedMain] com.zaxxer.hikari.HikariConfig           : catalog.........................none
2026-09-12 11:19:28.922 DEBUG 16796 --- [  restartedMain] com.zaxxer.hikari.HikariConfig           : connectionInitSql...............none
2026-09-12 11:19:28.922 DEBUG 16796 --- [  restartedMain] com.zaxxer.hikari.HikariConfig           : connectionTestQuery............."SELECT 1"
2026-09-12 11:19:28.922 DEBUG 16796 --- [  restartedMain] com.zaxxer.hikari.HikariConfig           : connectionTimeout...............20000
2026-09-12 11:19:28.923 DEBUG 16796 --- [  restartedMain] com.zaxxer.hikari.HikariConfig           : dataSource......................none
2026-09-12 11:19:28.923 DEBUG 16796 --- [  restartedMain] com.zaxxer.hikari.HikariConfig           : dataSourceClassName.............none
2026-09-12 11:19:28.923 DEBUG 16796 --- [  restartedMain] com.zaxxer.hikari.HikariConfig           : dataSourceJNDI..................none
2026-09-12 11:19:28.923 DEBUG 16796 --- [  restartedMain] com.zaxxer.hikari.HikariConfig           : dataSourceProperties............{password=<masked>}
2026-09-12 11:19:28.924 DEBUG 16796 --- [  restartedMain] com.zaxxer.hikari.HikariConfig           : driverClassName................."com.mysql.cj.jdbc.Driver"
2026-09-12 11:19:28.924 DEBUG 16796 --- [  restartedMain] com.zaxxer.hikari.HikariConfig           : exceptionOverrideClassName......none
2026-09-12 11:19:28.925 DEBUG 16796 --- [  restartedMain] com.zaxxer.hikari.HikariConfig           : healthCheckProperties...........{}
2026-09-12 11:19:28.925 DEBUG 16796 --- [  restartedMain] com.zaxxer.hikari.HikariConfig           : healthCheckRegistry.............none
2026-09-12 11:19:28.926 DEBUG 16796 --- [  restartedMain] com.zaxxer.hikari.HikariConfig           : idleTimeout.....................600000
2026-09-12 11:19:28.926 DEBUG 16796 --- [  restartedMain] com.zaxxer.hikari.HikariConfig           : initializationFailTimeout.......1
2026-09-12 11:19:28.926 DEBUG 16796 --- [  restartedMain] com.zaxxer.hikari.HikariConfig           : isolateInternalQueries..........false
2026-09-12 11:19:28.927 DEBUG 16796 --- [  restartedMain] com.zaxxer.hikari.HikariConfig           : jdbcUrl.........................jdbc:mysql://localhost:3306/businessapp?createDatabaseIfNotExist=true&useSSL=false&serverTimezone=UTC&allowPublicKeyRetrieval=true
2026-09-12 11:19:28.927 DEBUG 16796 --- [  restartedMain] com.zaxxer.hikari.HikariConfig           : keepaliveTime...................0
2026-09-12 11:19:28.927 DEBUG 16796 --- [  restartedMain] com.zaxxer.hikari.HikariConfig           : leakDetectionThreshold..........0
2026-09-12 11:19:28.927 DEBUG 16796 --- [  restartedMain] com.zaxxer.hikari.HikariConfig           : maxLifetime.....................1800000
2026-09-12 11:19:28.927 DEBUG 16796 --- [  restartedMain] com.zaxxer.hikari.HikariConfig           : maximumPoolSize.................10
2026-09-12 11:19:28.927 DEBUG 16796 --- [  restartedMain] com.zaxxer.hikari.HikariConfig           : metricRegistry..................none
2026-09-12 11:19:28.928 DEBUG 16796 --- [  restartedMain] com.zaxxer.hikari.HikariConfig           : metricsTrackerFactory...........none
2026-09-12 11:19:28.928 DEBUG 16796 --- [  restartedMain] com.zaxxer.hikari.HikariConfig           : minimumIdle.....................5
2026-09-12 11:19:28.928 DEBUG 16796 --- [  restartedMain] com.zaxxer.hikari.HikariConfig           : password........................<masked>
2026-09-12 11:19:28.928 DEBUG 16796 --- [  restartedMain] com.zaxxer.hikari.HikariConfig           : poolName........................"BusinessAppHikariPool"
2026-09-12 11:19:28.929 DEBUG 16796 --- [  restartedMain] com.zaxxer.hikari.HikariConfig           : readOnly........................false
2026-09-12 11:19:28.929 DEBUG 16796 --- [  restartedMain] com.zaxxer.hikari.HikariConfig           : registerMbeans..................false
2026-09-12 11:19:28.929 DEBUG 16796 --- [  restartedMain] com.zaxxer.hikari.HikariConfig           : scheduledExecutor...............none
2026-09-12 11:19:28.930 DEBUG 16796 --- [  restartedMain] com.zaxxer.hikari.HikariConfig           : schema..........................none
2026-09-12 11:19:28.930 DEBUG 16796 --- [  restartedMain] com.zaxxer.hikari.HikariConfig           : threadFactory...................internal
2026-09-12 11:19:28.930 DEBUG 16796 --- [  restartedMain] com.zaxxer.hikari.HikariConfig           : transactionIsolation............default
2026-09-12 11:19:28.931 DEBUG 16796 --- [  restartedMain] com.zaxxer.hikari.HikariConfig           : username........................"root"
2026-09-12 11:19:28.931 DEBUG 16796 --- [  restartedMain] com.zaxxer.hikari.HikariConfig           : validationTimeout...............5000
2026-09-12 11:19:28.931  INFO 16796 --- [  restartedMain] com.zaxxer.hikari.HikariDataSource       : BusinessAppHikariPool - Starting...
2026-09-12 11:19:28.947  INFO 16796 --- [  restartedMain] com.zaxxer.hikari.pool.HikariPool        : BusinessAppHikariPool - Added connection com.mysql.cj.jdbc.ConnectionImpl@e8ac908
2026-09-12 11:19:28.948  INFO 16796 --- [  restartedMain] com.zaxxer.hikari.HikariDataSource       : BusinessAppHikariPool - Start completed.
2026-09-12 11:19:29.263  INFO 16796 --- [  restartedMain] o.h.e.t.j.p.i.JtaPlatformInitiator       : HHH000489: No JTA platform available (set 'hibernate.transaction.jta.platform' to enable JTA platform integration)
2026-09-12 11:19:29.280 DEBUG 16796 --- [  restartedMain] org.hibernate.SQL                        : 
    alter table businesses 
       modify column description TEXT
2026-09-12 11:19:29.302 DEBUG 16796 --- [  restartedMain] org.hibernate.SQL                        : 
    alter table member_educations 
       modify column description TEXT
2026-09-12 11:19:29.313 DEBUG 16796 --- [  restartedMain] org.hibernate.SQL                        : 
    alter table member_experiences 
       modify column description TEXT
2026-09-12 11:19:29.325 DEBUG 16796 --- [  restartedMain] org.hibernate.SQL                        : 
    alter table members 
       modify column bio TEXT
2026-09-12 11:19:29.347 DEBUG 16796 --- [  restartedMain] org.hibernate.SQL                        : 
    alter table members 
       modify column profile_visibility enum ('CONNECTIONS_ONLY','PRIVATE','PUBLIC') not null
2026-09-12 11:19:29.365 DEBUG 16796 --- [  restartedMain] org.hibernate.SQL                        : 
    alter table members 
       modify column specialization enum ('ACCOUNTING_AUDIT','ASSET_WEALTH_MANAGEMENT','CORPORATE_FINANCE','FINTECH','INSURANCE','INVESTMENT_BANKING','OTHER','PRIVATE_EQUITY_VC','RISK_COMPLIANCE')
2026-09-12 11:19:29.386 DEBUG 16796 --- [  restartedMain] org.hibernate.SQL                        : 
    alter table opportunities 
       modify column description TEXT not null
2026-09-12 11:19:29.407 DEBUG 16796 --- [  restartedMain] org.hibernate.SQL                        : 
    alter table opportunities 
       modify column experience_level enum ('EXECUTIVE','GRADUATE','JUNIOR','MID','SENIOR') not null
2026-09-12 11:19:29.429 DEBUG 16796 --- [  restartedMain] org.hibernate.SQL                        : 
    alter table opportunities 
       modify column specialization enum ('ACCOUNTING_AUDIT','ASSET_WEALTH_MANAGEMENT','CORPORATE_FINANCE','FINTECH','INSURANCE','INVESTMENT_BANKING','OTHER','PRIVATE_EQUITY_VC','RISK_COMPLIANCE') not null
2026-09-12 11:19:29.451 DEBUG 16796 --- [  restartedMain] org.hibernate.SQL                        : 
    alter table opportunities 
       modify column status enum ('CLOSED','DRAFT','PUBLISHED') not null
2026-09-12 11:19:29.469 DEBUG 16796 --- [  restartedMain] org.hibernate.SQL                        : 
    alter table opportunities 
       modify column type enum ('CONTRACT','FULL_TIME','GIG','INTERNSHIP','PART_TIME') not null
2026-09-12 11:19:29.491 DEBUG 16796 --- [  restartedMain] org.hibernate.SQL                        : 
    alter table opportunities 
       modify column work_mode enum ('HYBRID','ONSITE','REMOTE') not null
2026-09-12 11:19:29.513 DEBUG 16796 --- [  restartedMain] org.hibernate.SQL                        : 
    alter table opportunity_qualifications 
       modify column qualification TEXT not null
2026-09-12 11:19:29.522 DEBUG 16796 --- [  restartedMain] org.hibernate.SQL                        : 
    alter table opportunity_responsibilities 
       modify column responsibility TEXT not null
2026-09-12 11:19:29.531 DEBUG 16796 --- [  restartedMain] org.hibernate.SQL                        : 
    alter table users 
       modify column role enum ('ROLE_ADMIN','ROLE_ADVISORY','ROLE_BUSINESS','ROLE_CUSTOMER','ROLE_MEMBERS') not null
2026-09-12 11:19:29.636  INFO 16796 --- [  restartedMain] j.LocalContainerEntityManagerFactoryBean : Initialized JPA EntityManagerFactory for persistence unit 'default'
2026-09-12 11:19:29.720  INFO 16796 --- [  restartedMain] o.s.b.web.servlet.RegistrationBean       : Filter disableJwtAuthFilterRegistration was not registered (disabled)
2026-09-12 11:19:29.765  INFO 16796 --- [  restartedMain] eAuthenticationProviderManagerConfigurer : Global AuthenticationManager configured with AuthenticationProvider bean with name authenticationProvider
2026-09-12 11:19:29.766  WARN 16796 --- [  restartedMain] r$InitializeUserDetailsManagerConfigurer : Global AuthenticationManager configured with an AuthenticationProvider bean. UserDetailsService beans will not be used for username/password login. Consider removing the AuthenticationProvider bean. Alternatively, consider using the UserDetailsService in a manually instantiated DaoAuthenticationProvider.
2026-09-12 11:19:29.941  INFO 16796 --- [  restartedMain] c.e.firstapp.config.AsyncConfig          : Email thread pool initialized: core=2 max=5 queue=50
2026-09-12 11:19:30.021 DEBUG 16796 --- [  restartedMain] o.s.s.web.DefaultSecurityFilterChain     : Will secure any request with filters: DisableEncodeUrlFilter, WebAsyncManagerIntegrationFilter, SecurityContextHolderFilter, HeaderWriterFilter, LogoutFilter, JwtAuthFilter, RequestCacheAwareFilter, SecurityContextHolderAwareRequestFilter, AnonymousAuthenticationFilter, SessionManagementFilter, ExceptionTranslationFilter, AuthorizationFilter
2026-09-12 11:19:30.091  INFO 16796 --- [  restartedMain] o.s.b.d.a.OptionalLiveReloadServer       : LiveReload server is running on port 35729
2026-09-12 11:19:30.103  INFO 16796 --- [  restartedMain] o.s.b.w.e.tomcat.TomcatWebServer         : Tomcat started on port 8080 (http) with context path '/'
2026-09-12 11:19:30.106  INFO 16796 --- [  restartedMain] c.e.firstapp.FirstappApplication         : Started FirstappApplication in 1.934 seconds (process running for 1251.67)
2026-09-12 11:19:30.109  INFO 16796 --- [  restartedMain] .ConditionEvaluationDeltaLoggingListener : Condition evaluation unchanged
2026-09-12 11:19:35.531  INFO 16796 --- [nio-8080-exec-1] o.a.c.c.C.[Tomcat].[localhost].[/]       : Initializing Spring DispatcherServlet 'dispatcherServlet'
2026-09-12 11:19:35.532  INFO 16796 --- [nio-8080-exec-1] o.s.web.servlet.DispatcherServlet        : Initializing Servlet 'dispatcherServlet'
2026-09-12 11:19:35.532  INFO 16796 --- [nio-8080-exec-1] o.s.web.servlet.DispatcherServlet        : Completed initialization in 0 ms
2026-09-12 11:19:35.534 DEBUG 16796 --- [nio-8080-exec-1] o.s.security.web.FilterChainProxy        : Securing POST /api/v1/auth/login
2026-09-12 11:19:35.559 DEBUG 16796 --- [nio-8080-exec-1] org.hibernate.SQL                        : 
    select
        u1_0.id,
        u1_0.is_active,
        u1_0.created_at,
        u1_0.email,
        u1_0.failed_attempts,
        u1_0.last_login_at,
        u1_0.lock_time,
        u1_0.is_locked,
        u1_0.password,
        u1_0.role,
        u1_0.updated_at,
        u1_0.username 
    from
        users u1_0 
    where
        u1_0.email=?
2026-09-12 11:19:35.564 DEBUG 16796 --- [nio-8080-exec-1] o.s.security.web.FilterChainProxy        : Secured POST /api/v1/auth/login
2026-09-12 11:19:35.574  INFO 16796 --- [nio-8080-exec-1] c.e.f.controller.AuthController          : Login request received: cat@gmail.com
2026-09-12 11:19:35.576  INFO 16796 --- [nio-8080-exec-1] c.e.firstapp.service.AuthService         : Login attempt for: cat@gmail.com
2026-09-12 11:19:35.877 DEBUG 16796 --- [nio-8080-exec-1] org.hibernate.SQL                        : 
    select
        u1_0.id,
        u1_0.is_active,
        u1_0.created_at,
        u1_0.email,
        u1_0.failed_attempts,
        u1_0.last_login_at,
        u1_0.lock_time,
        u1_0.is_locked,
        u1_0.password,
        u1_0.role,
        u1_0.updated_at,
        u1_0.username 
    from
        users u1_0 
    where
        u1_0.email=?
2026-09-12 11:19:36.172 DEBUG 16796 --- [nio-8080-exec-1] o.s.s.a.d.DaoAuthenticationProvider      : Authenticated user
2026-09-12 11:19:36.173 DEBUG 16796 --- [nio-8080-exec-1] org.hibernate.SQL                        : 
    update
        users u1_0 
    set
        failed_attempts=0,
        is_locked=0,
        lock_time=null 
    where
        u1_0.email=?
2026-09-12 11:19:36.184 DEBUG 16796 --- [nio-8080-exec-1] org.hibernate.SQL                        : 
    update
        users u1_0 
    set
        last_login_at=? 
    where
        u1_0.email=?
2026-09-12 11:19:36.209 DEBUG 16796 --- [nio-8080-exec-1] org.hibernate.SQL                        : 
    select
        u1_0.id,
        u1_0.is_active,
        u1_0.created_at,
        u1_0.email,
        u1_0.failed_attempts,
        u1_0.last_login_at,
        u1_0.lock_time,
        u1_0.is_locked,
        u1_0.password,
        u1_0.role,
        u1_0.updated_at,
        u1_0.username 
    from
        users u1_0 
    where
        u1_0.email=?
2026-09-12 11:19:36.229  INFO 16796 --- [nio-8080-exec-1] c.e.firstapp.service.AuthService         : Login successful: cat@gmail.com
2026-09-12 11:20:13.062 DEBUG 16796 --- [nio-8080-exec-2] o.s.security.web.FilterChainProxy        : Securing POST /api/v1/members
2026-09-12 11:20:13.067 DEBUG 16796 --- [nio-8080-exec-2] org.hibernate.SQL                        : 
    select
        u1_0.id,
        u1_0.is_active,
        u1_0.created_at,
        u1_0.email,
        u1_0.failed_attempts,
        u1_0.last_login_at,
        u1_0.lock_time,
        u1_0.is_locked,
        u1_0.password,
        u1_0.role,
        u1_0.updated_at,
        u1_0.username 
    from
        users u1_0 
    where
        u1_0.email=?
2026-09-12 11:20:13.072 DEBUG 16796 --- [nio-8080-exec-2] o.s.security.web.FilterChainProxy        : Secured POST /api/v1/members
2026-09-12 11:20:13.097 DEBUG 16796 --- [nio-8080-exec-2] horizationManagerBeforeMethodInterceptor : Authorizing method invocation ReflectiveMethodInvocation: public org.springframework.http.ResponseEntity com.example.firstapp.controller.MemberProfileController.create(com.example.firstapp.dto.Member.MemberCreateRequest,com.example.firstapp.entity.User); target is of class [com.example.firstapp.controller.MemberProfileController]
2026-09-12 11:20:13.098 DEBUG 16796 --- [nio-8080-exec-2] horizationManagerBeforeMethodInterceptor : Authorized method invocation ReflectiveMethodInvocation: public org.springframework.http.ResponseEntity com.example.firstapp.controller.MemberProfileController.create(com.example.firstapp.dto.Member.MemberCreateRequest,com.example.firstapp.entity.User); target is of class [com.example.firstapp.controller.MemberProfileController]
2026-09-12 11:20:13.105 DEBUG 16796 --- [nio-8080-exec-2] org.hibernate.SQL                        : 
    select
        m1_0.id 
    from
        members m1_0 
    where
        m1_0.profile_slug=? 
    limit
        ?
2026-09-12 11:20:13.110 DEBUG 16796 --- [nio-8080-exec-2] org.hibernate.SQL                        : 
    insert 
    into
        members
        (bio, contact_email, cover_photo_url, created_at, first_name, github_url, headline, last_name, linkedin_url, city, country, postal_code, state, street, open_to_work, phone, profile_picture_url, profile_slug, profile_visibility, resume_url, specialization, updated_at, user_id, version, website_url, years_of_experience) 
    values
        (?, ?, ?, ?, ?, ?, ?, ?, ?, ?, ?, ?, ?, ?, ?, ?, ?, ?, ?, ?, ?, ?, ?, ?, ?, ?)
2026-09-12 11:32:41.419  WARN 16796 --- [ool housekeeper] com.zaxxer.hikari.pool.HikariPool        : BusinessAppHikariPool - Thread starvation or clock leap detected (housekeeper delta=6m12s353ms879µs900ns).
2026-09-12 11:34:36.443  INFO 16796 --- [   File Watcher] rtingClassPathChangeChangedEventListener : Restarting due to 1 class path change (0 additions, 0 deletions, 1 modification)
2026-09-12 11:34:36.791  INFO 16796 --- [      Thread-31] j.LocalContainerEntityManagerFactoryBean : Closing JPA EntityManagerFactory for persistence unit 'default'
2026-09-12 11:34:36.862  INFO 16796 --- [      Thread-31] com.zaxxer.hikari.HikariDataSource       : BusinessAppHikariPool - Shutdown initiated...
2026-09-12 11:34:36.923  INFO 16796 --- [      Thread-31] com.zaxxer.hikari.HikariDataSource       : BusinessAppHikariPool - Shutdown completed.
2026-09-12 11:34:38.309  INFO 16796 --- [  restartedMain] c.e.firstapp.FirstappApplication         : Starting FirstappApplication using Java 25.0.3 with PID 16796 (E:\firstapp\firstapp\target\classes started by Dell in E:\firstapp\firstapp)
2026-09-12 11:34:38.310  INFO 16796 --- [  restartedMain] c.e.firstapp.FirstappApplication         : No active profile set, falling back to 1 default profile: "default"
2026-09-12 11:34:38.503  INFO 16796 --- [  restartedMain] .s.d.r.c.RepositoryConfigurationDelegate : Bootstrapping Spring Data JPA repositories in DEFAULT mode.
2026-09-12 11:34:38.527  INFO 16796 --- [  restartedMain] .s.d.r.c.RepositoryConfigurationDelegate : Finished Spring Data repository scanning in 24 ms. Found 8 JPA repository interfaces.
2026-09-12 11:34:38.594  INFO 16796 --- [  restartedMain] o.s.b.w.e.tomcat.TomcatWebServer         : Tomcat initialized with port 8080 (http)
2026-09-12 11:34:38.595  INFO 16796 --- [  restartedMain] o.a.catalina.core.StandardService        : Starting service [Tomcat]
2026-09-12 11:34:38.595  INFO 16796 --- [  restartedMain] o.a.catalina.core.StandardEngine         : Starting Servlet engine: [Apache Tomcat/10.1.42]
2026-09-12 11:34:38.626  INFO 16796 --- [  restartedMain] o.a.c.c.C.[Tomcat].[localhost].[/]       : Initializing Spring embedded WebApplicationContext
2026-09-12 11:34:38.626  INFO 16796 --- [  restartedMain] w.s.c.ServletWebServerApplicationContext : Root WebApplicationContext: initialization completed in 313 ms
2026-09-12 11:34:38.647 DEBUG 16796 --- [  restartedMain] com.zaxxer.hikari.HikariConfig           : Driver class com.mysql.cj.jdbc.Driver found in Thread context class loader TomcatEmbeddedWebappClassLoader
  context: ROOT
  delegate: true
----------> Parent Classloader:
org.springframework.boot.devtools.restart.classloader.RestartClassLoader@eda6021

2026-09-12 11:34:38.678  INFO 16796 --- [  restartedMain] o.h.jpa.internal.util.LogHelper          : HHH000204: Processing PersistenceUnitInfo [name: default]
2026-09-12 11:34:38.680  INFO 16796 --- [  restartedMain] o.h.c.i.RegionFactoryInitiator           : HHH000026: Second-level cache disabled
2026-09-12 11:34:38.689  INFO 16796 --- [  restartedMain] o.s.o.j.p.SpringPersistenceUnitInfo      : No LoadTimeWeaver setup: ignoring JPA class transformer
2026-09-12 11:34:38.690 DEBUG 16796 --- [  restartedMain] com.zaxxer.hikari.HikariConfig           : BusinessAppHikariPool - configuration:
2026-09-12 11:34:38.691 DEBUG 16796 --- [  restartedMain] com.zaxxer.hikari.HikariConfig           : allowPoolSuspension.............false
2026-09-12 11:34:38.692 DEBUG 16796 --- [  restartedMain] com.zaxxer.hikari.HikariConfig           : autoCommit......................true
2026-09-12 11:34:38.692 DEBUG 16796 --- [  restartedMain] com.zaxxer.hikari.HikariConfig           : catalog.........................none
2026-09-12 11:34:38.692 DEBUG 16796 --- [  restartedMain] com.zaxxer.hikari.HikariConfig           : connectionInitSql...............none
2026-09-12 11:34:38.692 DEBUG 16796 --- [  restartedMain] com.zaxxer.hikari.HikariConfig           : connectionTestQuery............."SELECT 1"
2026-09-12 11:34:38.692 DEBUG 16796 --- [  restartedMain] com.zaxxer.hikari.HikariConfig           : connectionTimeout...............20000
2026-09-12 11:34:38.692 DEBUG 16796 --- [  restartedMain] com.zaxxer.hikari.HikariConfig           : dataSource......................none
2026-09-12 11:34:38.692 DEBUG 16796 --- [  restartedMain] com.zaxxer.hikari.HikariConfig           : dataSourceClassName.............none
2026-09-12 11:34:38.692 DEBUG 16796 --- [  restartedMain] com.zaxxer.hikari.HikariConfig           : dataSourceJNDI..................none
2026-09-12 11:34:38.692 DEBUG 16796 --- [  restartedMain] com.zaxxer.hikari.HikariConfig           : dataSourceProperties............{password=<masked>}
2026-09-12 11:34:38.692 DEBUG 16796 --- [  restartedMain] com.zaxxer.hikari.HikariConfig           : driverClassName................."com.mysql.cj.jdbc.Driver"
2026-09-12 11:34:38.692 DEBUG 16796 --- [  restartedMain] com.zaxxer.hikari.HikariConfig           : exceptionOverrideClassName......none
2026-09-12 11:34:38.693 DEBUG 16796 --- [  restartedMain] com.zaxxer.hikari.HikariConfig           : healthCheckProperties...........{}
2026-09-12 11:34:38.693 DEBUG 16796 --- [  restartedMain] com.zaxxer.hikari.HikariConfig           : healthCheckRegistry.............none
2026-09-12 11:34:38.693 DEBUG 16796 --- [  restartedMain] com.zaxxer.hikari.HikariConfig           : idleTimeout.....................600000
2026-09-12 11:34:38.693 DEBUG 16796 --- [  restartedMain] com.zaxxer.hikari.HikariConfig           : initializationFailTimeout.......1
2026-09-12 11:34:38.693 DEBUG 16796 --- [  restartedMain] com.zaxxer.hikari.HikariConfig           : isolateInternalQueries..........false
2026-09-12 11:34:38.693 DEBUG 16796 --- [  restartedMain] com.zaxxer.hikari.HikariConfig           : jdbcUrl.........................jdbc:mysql://localhost:3306/businessapp?createDatabaseIfNotExist=true&useSSL=false&serverTimezone=UTC&allowPublicKeyRetrieval=true
2026-09-12 11:34:38.693 DEBUG 16796 --- [  restartedMain] com.zaxxer.hikari.HikariConfig           : keepaliveTime...................0
2026-09-12 11:34:38.693 DEBUG 16796 --- [  restartedMain] com.zaxxer.hikari.HikariConfig           : leakDetectionThreshold..........0
2026-09-12 11:34:38.693 DEBUG 16796 --- [  restartedMain] com.zaxxer.hikari.HikariConfig           : maxLifetime.....................1800000
2026-09-12 11:34:38.693 DEBUG 16796 --- [  restartedMain] com.zaxxer.hikari.HikariConfig           : maximumPoolSize.................10
2026-09-12 11:34:38.693 DEBUG 16796 --- [  restartedMain] com.zaxxer.hikari.HikariConfig           : metricRegistry..................none
2026-09-12 11:34:38.693 DEBUG 16796 --- [  restartedMain] com.zaxxer.hikari.HikariConfig           : metricsTrackerFactory...........none
2026-09-12 11:34:38.693 DEBUG 16796 --- [  restartedMain] com.zaxxer.hikari.HikariConfig           : minimumIdle.....................5
2026-09-12 11:34:38.693 DEBUG 16796 --- [  restartedMain] com.zaxxer.hikari.HikariConfig           : password........................<masked>
2026-09-12 11:34:38.693 DEBUG 16796 --- [  restartedMain] com.zaxxer.hikari.HikariConfig           : poolName........................"BusinessAppHikariPool"
2026-09-12 11:34:38.693 DEBUG 16796 --- [  restartedMain] com.zaxxer.hikari.HikariConfig           : readOnly........................false
2026-09-12 11:34:38.695 DEBUG 16796 --- [  restartedMain] com.zaxxer.hikari.HikariConfig           : registerMbeans..................false
2026-09-12 11:34:38.695 DEBUG 16796 --- [  restartedMain] com.zaxxer.hikari.HikariConfig           : scheduledExecutor...............none
2026-09-12 11:34:38.695 DEBUG 16796 --- [  restartedMain] com.zaxxer.hikari.HikariConfig           : schema..........................none
2026-09-12 11:34:38.695 DEBUG 16796 --- [  restartedMain] com.zaxxer.hikari.HikariConfig           : threadFactory...................internal
2026-09-12 11:34:38.695 DEBUG 16796 --- [  restartedMain] com.zaxxer.hikari.HikariConfig           : transactionIsolation............default
2026-09-12 11:34:38.695 DEBUG 16796 --- [  restartedMain] com.zaxxer.hikari.HikariConfig           : username........................"root"
2026-09-12 11:34:38.695 DEBUG 16796 --- [  restartedMain] com.zaxxer.hikari.HikariConfig           : validationTimeout...............5000
2026-09-12 11:34:38.695  INFO 16796 --- [  restartedMain] com.zaxxer.hikari.HikariDataSource       : BusinessAppHikariPool - Starting...
2026-09-12 11:34:38.730  INFO 16796 --- [  restartedMain] com.zaxxer.hikari.pool.HikariPool        : BusinessAppHikariPool - Added connection com.mysql.cj.jdbc.ConnectionImpl@52ef7a0e
2026-09-12 11:34:38.731  INFO 16796 --- [  restartedMain] com.zaxxer.hikari.HikariDataSource       : BusinessAppHikariPool - Start completed.
2026-09-12 11:34:38.862  INFO 16796 --- [  restartedMain] o.h.e.t.j.p.i.JtaPlatformInitiator       : HHH000489: No JTA platform available (set 'hibernate.transaction.jta.platform' to enable JTA platform integration)
2026-09-12 11:34:38.887 DEBUG 16796 --- [  restartedMain] org.hibernate.SQL                        : 
    alter table businesses 
       modify column description TEXT
2026-09-12 11:34:38.935 DEBUG 16796 --- [  restartedMain] org.hibernate.SQL                        : 
    alter table member_educations 
       modify column description TEXT
2026-09-12 11:34:38.950 DEBUG 16796 --- [  restartedMain] org.hibernate.SQL                        : 
    alter table member_experiences 
       modify column description TEXT
2026-09-12 11:34:38.959 DEBUG 16796 --- [  restartedMain] org.hibernate.SQL                        : 
    alter table members 
       modify column bio TEXT
2026-09-12 11:34:38.982 DEBUG 16796 --- [  restartedMain] org.hibernate.SQL                        : 
    alter table members 
       modify column profile_visibility enum ('CONNECTIONS_ONLY','PRIVATE','PUBLIC') not null
2026-09-12 11:34:39.009 DEBUG 16796 --- [  restartedMain] org.hibernate.SQL                        : 
    alter table members 
       modify column specialization enum ('ACCOUNTING_AUDIT','ASSET_WEALTH_MANAGEMENT','CORPORATE_FINANCE','FINTECH','INSURANCE','INVESTMENT_BANKING','OTHER','PRIVATE_EQUITY_VC','RISK_COMPLIANCE')
2026-09-12 11:34:39.028 DEBUG 16796 --- [  restartedMain] org.hibernate.SQL                        : 
    alter table opportunities 
       modify column description TEXT not null
2026-09-12 11:34:39.049 DEBUG 16796 --- [  restartedMain] org.hibernate.SQL                        : 
    alter table opportunities 
       modify column experience_level enum ('EXECUTIVE','GRADUATE','JUNIOR','MID','SENIOR') not null
2026-09-12 11:34:39.065 DEBUG 16796 --- [  restartedMain] org.hibernate.SQL                        : 
    alter table opportunities 
       modify column specialization enum ('ACCOUNTING_AUDIT','ASSET_WEALTH_MANAGEMENT','CORPORATE_FINANCE','FINTECH','INSURANCE','INVESTMENT_BANKING','OTHER','PRIVATE_EQUITY_VC','RISK_COMPLIANCE') not null
2026-09-12 11:34:39.084 DEBUG 16796 --- [  restartedMain] org.hibernate.SQL                        : 
    alter table opportunities 
       modify column status enum ('CLOSED','DRAFT','PUBLISHED') not null
2026-09-12 11:34:39.102 DEBUG 16796 --- [  restartedMain] org.hibernate.SQL                        : 
    alter table opportunities 
       modify column type enum ('CONTRACT','FULL_TIME','GIG','INTERNSHIP','PART_TIME') not null
2026-09-12 11:34:39.117 DEBUG 16796 --- [  restartedMain] org.hibernate.SQL                        : 
    alter table opportunities 
       modify column work_mode enum ('HYBRID','ONSITE','REMOTE') not null
2026-09-12 11:34:39.132 DEBUG 16796 --- [  restartedMain] org.hibernate.SQL                        : 
    alter table opportunity_qualifications 
       modify column qualification TEXT not null
2026-09-12 11:34:39.139 DEBUG 16796 --- [  restartedMain] org.hibernate.SQL                        : 
    alter table opportunity_responsibilities 
       modify column responsibility TEXT not null
2026-09-12 11:34:39.147 DEBUG 16796 --- [  restartedMain] org.hibernate.SQL                        : 
    alter table users 
       modify column role enum ('ROLE_ADMIN','ROLE_ADVISORY','ROLE_BUSINESS','ROLE_CUSTOMER','ROLE_MEMBERS') not null
2026-09-12 11:34:39.238  INFO 16796 --- [  restartedMain] j.LocalContainerEntityManagerFactoryBean : Initialized JPA EntityManagerFactory for persistence unit 'default'
2026-09-12 11:34:39.316  INFO 16796 --- [  restartedMain] o.s.b.web.servlet.RegistrationBean       : Filter disableJwtAuthFilterRegistration was not registered (disabled)
2026-09-12 11:34:39.352  INFO 16796 --- [  restartedMain] eAuthenticationProviderManagerConfigurer : Global AuthenticationManager configured with AuthenticationProvider bean with name authenticationProvider
2026-09-12 11:34:39.352  WARN 16796 --- [  restartedMain] r$InitializeUserDetailsManagerConfigurer : Global AuthenticationManager configured with an AuthenticationProvider bean. UserDetailsService beans will not be used for username/password login. Consider removing the AuthenticationProvider bean. Alternatively, consider using the UserDetailsService in a manually instantiated DaoAuthenticationProvider.
2026-09-12 11:34:39.595  INFO 16796 --- [  restartedMain] c.e.firstapp.config.AsyncConfig          : Email thread pool initialized: core=2 max=5 queue=50
2026-09-12 11:34:39.654 DEBUG 16796 --- [  restartedMain] o.s.s.web.DefaultSecurityFilterChain     : Will secure any request with filters: DisableEncodeUrlFilter, WebAsyncManagerIntegrationFilter, SecurityContextHolderFilter, HeaderWriterFilter, LogoutFilter, JwtAuthFilter, RequestCacheAwareFilter, SecurityContextHolderAwareRequestFilter, AnonymousAuthenticationFilter, SessionManagementFilter, ExceptionTranslationFilter, AuthorizationFilter
2026-09-12 11:34:39.717  INFO 16796 --- [  restartedMain] o.s.b.d.a.OptionalLiveReloadServer       : LiveReload server is running on port 35729
2026-09-12 11:34:39.729  INFO 16796 --- [  restartedMain] o.s.b.w.e.tomcat.TomcatWebServer         : Tomcat started on port 8080 (http) with context path '/'
2026-09-12 11:34:39.733  INFO 16796 --- [  restartedMain] c.e.firstapp.FirstappApplication         : Started FirstappApplication in 1.459 seconds (process running for 2161.296)
2026-09-12 11:34:39.735  INFO 16796 --- [  restartedMain] .ConditionEvaluationDeltaLoggingListener : Condition evaluation unchanged
2026-09-12 11:34:41.150  INFO 16796 --- [   File Watcher] rtingClassPathChangeChangedEventListener : Restarting due to 1 class path change (0 additions, 0 deletions, 1 modification)
2026-09-12 11:34:41.173  INFO 16796 --- [      Thread-35] j.LocalContainerEntityManagerFactoryBean : Closing JPA EntityManagerFactory for persistence unit 'default'
2026-09-12 11:34:41.174  INFO 16796 --- [      Thread-35] com.zaxxer.hikari.HikariDataSource       : BusinessAppHikariPool - Shutdown initiated...
2026-09-12 11:34:41.178  INFO 16796 --- [      Thread-35] com.zaxxer.hikari.HikariDataSource       : BusinessAppHikariPool - Shutdown completed.
2026-09-12 11:34:41.341  INFO 16796 --- [  restartedMain] c.e.firstapp.FirstappApplication         : Starting FirstappApplication using Java 25.0.3 with PID 16796 (E:\firstapp\firstapp\target\classes started by Dell in E:\firstapp\firstapp)
2026-09-12 11:34:41.341  INFO 16796 --- [  restartedMain] c.e.firstapp.FirstappApplication         : No active profile set, falling back to 1 default profile: "default"
2026-09-12 11:34:41.715  INFO 16796 --- [  restartedMain] .s.d.r.c.RepositoryConfigurationDelegate : Bootstrapping Spring Data JPA repositories in DEFAULT mode.
2026-09-12 11:34:41.786  INFO 16796 --- [  restartedMain] .s.d.r.c.RepositoryConfigurationDelegate : Finished Spring Data repository scanning in 70 ms. Found 8 JPA repository interfaces.
2026-09-12 11:34:41.962  INFO 16796 --- [  restartedMain] o.s.b.w.e.tomcat.TomcatWebServer         : Tomcat initialized with port 8080 (http)
2026-09-12 11:34:41.963  INFO 16796 --- [  restartedMain] o.a.catalina.core.StandardService        : Starting service [Tomcat]
2026-09-12 11:34:41.963  INFO 16796 --- [  restartedMain] o.a.catalina.core.StandardEngine         : Starting Servlet engine: [Apache Tomcat/10.1.42]
2026-09-12 11:34:42.018  INFO 16796 --- [  restartedMain] o.a.c.c.C.[Tomcat].[localhost].[/]       : Initializing Spring embedded WebApplicationContext
2026-09-12 11:34:42.018  INFO 16796 --- [  restartedMain] w.s.c.ServletWebServerApplicationContext : Root WebApplicationContext: initialization completed in 674 ms
2026-09-12 11:34:42.028 DEBUG 16796 --- [  restartedMain] com.zaxxer.hikari.HikariConfig           : Driver class com.mysql.cj.jdbc.Driver found in Thread context class loader TomcatEmbeddedWebappClassLoader
  context: ROOT
  delegate: true
----------> Parent Classloader:
org.springframework.boot.devtools.restart.classloader.RestartClassLoader@27e2d2de

2026-09-12 11:34:42.081  INFO 16796 --- [  restartedMain] o.h.jpa.internal.util.LogHelper          : HHH000204: Processing PersistenceUnitInfo [name: default]
2026-09-12 11:34:42.084  INFO 16796 --- [  restartedMain] o.h.c.i.RegionFactoryInitiator           : HHH000026: Second-level cache disabled
2026-09-12 11:34:42.108  INFO 16796 --- [  restartedMain] o.s.o.j.p.SpringPersistenceUnitInfo      : No LoadTimeWeaver setup: ignoring JPA class transformer
2026-09-12 11:34:42.110 DEBUG 16796 --- [  restartedMain] com.zaxxer.hikari.HikariConfig           : BusinessAppHikariPool - configuration:
2026-09-12 11:34:42.111 DEBUG 16796 --- [  restartedMain] com.zaxxer.hikari.HikariConfig           : allowPoolSuspension.............false
2026-09-12 11:34:42.111 DEBUG 16796 --- [  restartedMain] com.zaxxer.hikari.HikariConfig           : autoCommit......................true
2026-09-12 11:34:42.111 DEBUG 16796 --- [  restartedMain] com.zaxxer.hikari.HikariConfig           : catalog.........................none
2026-09-12 11:34:42.111 DEBUG 16796 --- [  restartedMain] com.zaxxer.hikari.HikariConfig           : connectionInitSql...............none
2026-09-12 11:34:42.111 DEBUG 16796 --- [  restartedMain] com.zaxxer.hikari.HikariConfig           : connectionTestQuery............."SELECT 1"
2026-09-12 11:34:42.112 DEBUG 16796 --- [  restartedMain] com.zaxxer.hikari.HikariConfig           : connectionTimeout...............20000
2026-09-12 11:34:42.112 DEBUG 16796 --- [  restartedMain] com.zaxxer.hikari.HikariConfig           : dataSource......................none
2026-09-12 11:34:42.112 DEBUG 16796 --- [  restartedMain] com.zaxxer.hikari.HikariConfig           : dataSourceClassName.............none
2026-09-12 11:34:42.112 DEBUG 16796 --- [  restartedMain] com.zaxxer.hikari.HikariConfig           : dataSourceJNDI..................none
2026-09-12 11:34:42.112 DEBUG 16796 --- [  restartedMain] com.zaxxer.hikari.HikariConfig           : dataSourceProperties............{password=<masked>}
2026-09-12 11:34:42.112 DEBUG 16796 --- [  restartedMain] com.zaxxer.hikari.HikariConfig           : driverClassName................."com.mysql.cj.jdbc.Driver"
2026-09-12 11:34:42.112 DEBUG 16796 --- [  restartedMain] com.zaxxer.hikari.HikariConfig           : exceptionOverrideClassName......none
2026-09-12 11:34:42.112 DEBUG 16796 --- [  restartedMain] com.zaxxer.hikari.HikariConfig           : healthCheckProperties...........{}
2026-09-12 11:34:42.112 DEBUG 16796 --- [  restartedMain] com.zaxxer.hikari.HikariConfig           : healthCheckRegistry.............none
2026-09-12 11:34:42.112 DEBUG 16796 --- [  restartedMain] com.zaxxer.hikari.HikariConfig           : idleTimeout.....................600000
2026-09-12 11:34:42.113 DEBUG 16796 --- [  restartedMain] com.zaxxer.hikari.HikariConfig           : initializationFailTimeout.......1
2026-09-12 11:34:42.113 DEBUG 16796 --- [  restartedMain] com.zaxxer.hikari.HikariConfig           : isolateInternalQueries..........false
2026-09-12 11:34:42.113 DEBUG 16796 --- [  restartedMain] com.zaxxer.hikari.HikariConfig           : jdbcUrl.........................jdbc:mysql://localhost:3306/businessapp?createDatabaseIfNotExist=true&useSSL=false&serverTimezone=UTC&allowPublicKeyRetrieval=true
2026-09-12 11:34:42.114 DEBUG 16796 --- [  restartedMain] com.zaxxer.hikari.HikariConfig           : keepaliveTime...................0
2026-09-12 11:34:42.114 DEBUG 16796 --- [  restartedMain] com.zaxxer.hikari.HikariConfig           : leakDetectionThreshold..........0
2026-09-12 11:34:42.114 DEBUG 16796 --- [  restartedMain] com.zaxxer.hikari.HikariConfig           : maxLifetime.....................1800000
2026-09-12 11:34:42.114 DEBUG 16796 --- [  restartedMain] com.zaxxer.hikari.HikariConfig           : maximumPoolSize.................10
2026-09-12 11:34:42.114 DEBUG 16796 --- [  restartedMain] com.zaxxer.hikari.HikariConfig           : metricRegistry..................none
2026-09-12 11:34:42.114 DEBUG 16796 --- [  restartedMain] com.zaxxer.hikari.HikariConfig           : metricsTrackerFactory...........none
2026-09-12 11:34:42.114 DEBUG 16796 --- [  restartedMain] com.zaxxer.hikari.HikariConfig           : minimumIdle.....................5
2026-09-12 11:34:42.114 DEBUG 16796 --- [  restartedMain] com.zaxxer.hikari.HikariConfig           : password........................<masked>
2026-09-12 11:34:42.115 DEBUG 16796 --- [  restartedMain] com.zaxxer.hikari.HikariConfig           : poolName........................"BusinessAppHikariPool"
2026-09-12 11:34:42.115 DEBUG 16796 --- [  restartedMain] com.zaxxer.hikari.HikariConfig           : readOnly........................false
2026-09-12 11:34:42.115 DEBUG 16796 --- [  restartedMain] com.zaxxer.hikari.HikariConfig           : registerMbeans..................false
2026-09-12 11:34:42.115 DEBUG 16796 --- [  restartedMain] com.zaxxer.hikari.HikariConfig           : scheduledExecutor...............none
2026-09-12 11:34:42.115 DEBUG 16796 --- [  restartedMain] com.zaxxer.hikari.HikariConfig           : schema..........................none
2026-09-12 11:34:42.115 DEBUG 16796 --- [  restartedMain] com.zaxxer.hikari.HikariConfig           : threadFactory...................internal
2026-09-12 11:34:42.117 DEBUG 16796 --- [  restartedMain] com.zaxxer.hikari.HikariConfig           : transactionIsolation............default
2026-09-12 11:34:42.117 DEBUG 16796 --- [  restartedMain] com.zaxxer.hikari.HikariConfig           : username........................"root"
2026-09-12 11:34:42.117 DEBUG 16796 --- [  restartedMain] com.zaxxer.hikari.HikariConfig           : validationTimeout...............5000
2026-09-12 11:34:42.118  INFO 16796 --- [  restartedMain] com.zaxxer.hikari.HikariDataSource       : BusinessAppHikariPool - Starting...
2026-09-12 11:34:42.128  INFO 16796 --- [  restartedMain] com.zaxxer.hikari.pool.HikariPool        : BusinessAppHikariPool - Added connection com.mysql.cj.jdbc.ConnectionImpl@49e1a134
2026-09-12 11:34:42.128  INFO 16796 --- [  restartedMain] com.zaxxer.hikari.HikariDataSource       : BusinessAppHikariPool - Start completed.
2026-09-12 11:34:42.314  INFO 16796 --- [  restartedMain] o.h.e.t.j.p.i.JtaPlatformInitiator       : HHH000489: No JTA platform available (set 'hibernate.transaction.jta.platform' to enable JTA platform integration)
2026-09-12 11:34:42.326 DEBUG 16796 --- [  restartedMain] org.hibernate.SQL                        : 
    alter table businesses 
       modify column description TEXT
2026-09-12 11:34:42.343 DEBUG 16796 --- [  restartedMain] org.hibernate.SQL                        : 
    alter table member_educations 
       modify column description TEXT
2026-09-12 11:34:42.350 DEBUG 16796 --- [  restartedMain] org.hibernate.SQL                        : 
    alter table member_experiences 
       modify column description TEXT
2026-09-12 11:34:42.363 DEBUG 16796 --- [  restartedMain] org.hibernate.SQL                        : 
    alter table members 
       modify column bio TEXT
2026-09-12 11:34:42.382 DEBUG 16796 --- [  restartedMain] org.hibernate.SQL                        : 
    alter table members 
       modify column profile_visibility enum ('CONNECTIONS_ONLY','PRIVATE','PUBLIC') not null
2026-09-12 11:34:42.514 DEBUG 16796 --- [  restartedMain] org.hibernate.SQL                        : 
    alter table members 
       modify column specialization enum ('ACCOUNTING_AUDIT','ASSET_WEALTH_MANAGEMENT','CORPORATE_FINANCE','FINTECH','INSURANCE','INVESTMENT_BANKING','OTHER','PRIVATE_EQUITY_VC','RISK_COMPLIANCE')
2026-09-12 11:34:42.534 DEBUG 16796 --- [  restartedMain] org.hibernate.SQL                        : 
    alter table opportunities 
       modify column description TEXT not null
2026-09-12 11:34:42.550 DEBUG 16796 --- [  restartedMain] org.hibernate.SQL                        : 
    alter table opportunities 
       modify column experience_level enum ('EXECUTIVE','GRADUATE','JUNIOR','MID','SENIOR') not null
2026-09-12 11:34:42.568 DEBUG 16796 --- [  restartedMain] org.hibernate.SQL                        : 
    alter table opportunities 
       modify column specialization enum ('ACCOUNTING_AUDIT','ASSET_WEALTH_MANAGEMENT','CORPORATE_FINANCE','FINTECH','INSURANCE','INVESTMENT_BANKING','OTHER','PRIVATE_EQUITY_VC','RISK_COMPLIANCE') not null
2026-09-12 11:34:42.583 DEBUG 16796 --- [  restartedMain] org.hibernate.SQL                        : 
    alter table opportunities 
       modify column status enum ('CLOSED','DRAFT','PUBLISHED') not null
2026-09-12 11:34:42.599 DEBUG 16796 --- [  restartedMain] org.hibernate.SQL                        : 
    alter table opportunities 
       modify column type enum ('CONTRACT','FULL_TIME','GIG','INTERNSHIP','PART_TIME') not null
2026-09-12 11:34:42.616 DEBUG 16796 --- [  restartedMain] org.hibernate.SQL                        : 
    alter table opportunities 
       modify column work_mode enum ('HYBRID','ONSITE','REMOTE') not null
2026-09-12 11:34:42.633 DEBUG 16796 --- [  restartedMain] org.hibernate.SQL                        : 
    alter table opportunity_qualifications 
       modify column qualification TEXT not null
2026-09-12 11:34:42.642 DEBUG 16796 --- [  restartedMain] org.hibernate.SQL                        : 
    alter table opportunity_responsibilities 
       modify column responsibility TEXT not null
2026-09-12 11:34:42.651 DEBUG 16796 --- [  restartedMain] org.hibernate.SQL                        : 
    alter table users 
       modify column role enum ('ROLE_ADMIN','ROLE_ADVISORY','ROLE_BUSINESS','ROLE_CUSTOMER','ROLE_MEMBERS') not null
2026-09-12 11:34:42.727  INFO 16796 --- [  restartedMain] j.LocalContainerEntityManagerFactoryBean : Initialized JPA EntityManagerFactory for persistence unit 'default'
2026-09-12 11:34:42.784  INFO 16796 --- [  restartedMain] o.s.b.web.servlet.RegistrationBean       : Filter disableJwtAuthFilterRegistration was not registered (disabled)
2026-09-12 11:34:42.811  INFO 16796 --- [  restartedMain] eAuthenticationProviderManagerConfigurer : Global AuthenticationManager configured with AuthenticationProvider bean with name authenticationProvider
2026-09-12 11:34:42.812  WARN 16796 --- [  restartedMain] r$InitializeUserDetailsManagerConfigurer : Global AuthenticationManager configured with an AuthenticationProvider bean. UserDetailsService beans will not be used for username/password login. Consider removing the AuthenticationProvider bean. Alternatively, consider using the UserDetailsService in a manually instantiated DaoAuthenticationProvider.
2026-09-12 11:34:42.933  INFO 16796 --- [  restartedMain] c.e.firstapp.config.AsyncConfig          : Email thread pool initialized: core=2 max=5 queue=50
2026-09-12 11:34:43.005 DEBUG 16796 --- [  restartedMain] o.s.s.web.DefaultSecurityFilterChain     : Will secure any request with filters: DisableEncodeUrlFilter, WebAsyncManagerIntegrationFilter, SecurityContextHolderFilter, HeaderWriterFilter, LogoutFilter, JwtAuthFilter, RequestCacheAwareFilter, SecurityContextHolderAwareRequestFilter, AnonymousAuthenticationFilter, SessionManagementFilter, ExceptionTranslationFilter, AuthorizationFilter
2026-09-12 11:34:43.078  INFO 16796 --- [  restartedMain] o.s.b.d.a.OptionalLiveReloadServer       : LiveReload server is running on port 35729
2026-09-12 11:34:43.086  INFO 16796 --- [  restartedMain] o.s.b.w.e.tomcat.TomcatWebServer         : Tomcat started on port 8080 (http) with context path '/'
2026-09-12 11:34:43.090  INFO 16796 --- [  restartedMain] c.e.firstapp.FirstappApplication         : Started FirstappApplication in 1.793 seconds (process running for 2164.652)
2026-09-12 11:34:43.091  INFO 16796 --- [  restartedMain] .ConditionEvaluationDeltaLoggingListener : Condition evaluation unchanged
2026-09-12 11:35:10.237  INFO 16796 --- [   File Watcher] rtingClassPathChangeChangedEventListener : Restarting due to 1 class path change (0 additions, 0 deletions, 1 modification)
2026-09-12 11:35:10.271  INFO 16796 --- [      Thread-39] j.LocalContainerEntityManagerFactoryBean : Closing JPA EntityManagerFactory for persistence unit 'default'
2026-09-12 11:35:10.271  INFO 16796 --- [      Thread-39] com.zaxxer.hikari.HikariDataSource       : BusinessAppHikariPool - Shutdown initiated...
2026-09-12 11:35:10.273  INFO 16796 --- [      Thread-39] com.zaxxer.hikari.HikariDataSource       : BusinessAppHikariPool - Shutdown completed.
2026-09-12 11:35:10.348  INFO 16796 --- [  restartedMain] c.e.firstapp.FirstappApplication         : Starting FirstappApplication using Java 25.0.3 with PID 16796 (E:\firstapp\firstapp\target\classes started by Dell in E:\firstapp\firstapp)
2026-09-12 11:35:10.349  INFO 16796 --- [  restartedMain] c.e.firstapp.FirstappApplication         : No active profile set, falling back to 1 default profile: "default"
2026-09-12 11:35:10.502  INFO 16796 --- [  restartedMain] .s.d.r.c.RepositoryConfigurationDelegate : Bootstrapping Spring Data JPA repositories in DEFAULT mode.
2026-09-12 11:35:10.527  INFO 16796 --- [  restartedMain] .s.d.r.c.RepositoryConfigurationDelegate : Finished Spring Data repository scanning in 25 ms. Found 8 JPA repository interfaces.
2026-09-12 11:35:10.641  INFO 16796 --- [  restartedMain] o.s.b.w.e.tomcat.TomcatWebServer         : Tomcat initialized with port 8080 (http)
2026-09-12 11:35:10.642  INFO 16796 --- [  restartedMain] o.a.catalina.core.StandardService        : Starting service [Tomcat]
2026-09-12 11:35:10.642  INFO 16796 --- [  restartedMain] o.a.catalina.core.StandardEngine         : Starting Servlet engine: [Apache Tomcat/10.1.42]
2026-09-12 11:35:10.675  INFO 16796 --- [  restartedMain] o.a.c.c.C.[Tomcat].[localhost].[/]       : Initializing Spring embedded WebApplicationContext
2026-09-12 11:35:10.675  INFO 16796 --- [  restartedMain] w.s.c.ServletWebServerApplicationContext : Root WebApplicationContext: initialization completed in 326 ms
2026-09-12 11:35:10.686 DEBUG 16796 --- [  restartedMain] com.zaxxer.hikari.HikariConfig           : Driver class com.mysql.cj.jdbc.Driver found in Thread context class loader TomcatEmbeddedWebappClassLoader
  context: ROOT
  delegate: true
----------> Parent Classloader:
org.springframework.boot.devtools.restart.classloader.RestartClassLoader@cfb48b6

2026-09-12 11:35:10.721  INFO 16796 --- [  restartedMain] o.h.jpa.internal.util.LogHelper          : HHH000204: Processing PersistenceUnitInfo [name: default]
2026-09-12 11:35:10.722  INFO 16796 --- [  restartedMain] o.h.c.i.RegionFactoryInitiator           : HHH000026: Second-level cache disabled
2026-09-12 11:35:10.732  INFO 16796 --- [  restartedMain] o.s.o.j.p.SpringPersistenceUnitInfo      : No LoadTimeWeaver setup: ignoring JPA class transformer
2026-09-12 11:35:10.733 DEBUG 16796 --- [  restartedMain] com.zaxxer.hikari.HikariConfig           : BusinessAppHikariPool - configuration:
2026-09-12 11:35:10.734 DEBUG 16796 --- [  restartedMain] com.zaxxer.hikari.HikariConfig           : allowPoolSuspension.............false
2026-09-12 11:35:10.734 DEBUG 16796 --- [  restartedMain] com.zaxxer.hikari.HikariConfig           : autoCommit......................true
2026-09-12 11:35:10.734 DEBUG 16796 --- [  restartedMain] com.zaxxer.hikari.HikariConfig           : catalog.........................none
2026-09-12 11:35:10.734 DEBUG 16796 --- [  restartedMain] com.zaxxer.hikari.HikariConfig           : connectionInitSql...............none
2026-09-12 11:35:10.734 DEBUG 16796 --- [  restartedMain] com.zaxxer.hikari.HikariConfig           : connectionTestQuery............."SELECT 1"
2026-09-12 11:35:10.734 DEBUG 16796 --- [  restartedMain] com.zaxxer.hikari.HikariConfig           : connectionTimeout...............20000
2026-09-12 11:35:10.734 DEBUG 16796 --- [  restartedMain] com.zaxxer.hikari.HikariConfig           : dataSource......................none
2026-09-12 11:35:10.734 DEBUG 16796 --- [  restartedMain] com.zaxxer.hikari.HikariConfig           : dataSourceClassName.............none
2026-09-12 11:35:10.735 DEBUG 16796 --- [  restartedMain] com.zaxxer.hikari.HikariConfig           : dataSourceJNDI..................none
2026-09-12 11:35:10.735 DEBUG 16796 --- [  restartedMain] com.zaxxer.hikari.HikariConfig           : dataSourceProperties............{password=<masked>}
2026-09-12 11:35:10.735 DEBUG 16796 --- [  restartedMain] com.zaxxer.hikari.HikariConfig           : driverClassName................."com.mysql.cj.jdbc.Driver"
2026-09-12 11:35:10.735 DEBUG 16796 --- [  restartedMain] com.zaxxer.hikari.HikariConfig           : exceptionOverrideClassName......none
2026-09-12 11:35:10.735 DEBUG 16796 --- [  restartedMain] com.zaxxer.hikari.HikariConfig           : healthCheckProperties...........{}
2026-09-12 11:35:10.735 DEBUG 16796 --- [  restartedMain] com.zaxxer.hikari.HikariConfig           : healthCheckRegistry.............none
2026-09-12 11:35:10.735 DEBUG 16796 --- [  restartedMain] com.zaxxer.hikari.HikariConfig           : idleTimeout.....................600000
2026-09-12 11:35:10.735 DEBUG 16796 --- [  restartedMain] com.zaxxer.hikari.HikariConfig           : initializationFailTimeout.......1
2026-09-12 11:35:10.735 DEBUG 16796 --- [  restartedMain] com.zaxxer.hikari.HikariConfig           : isolateInternalQueries..........false
2026-09-12 11:35:10.735 DEBUG 16796 --- [  restartedMain] com.zaxxer.hikari.HikariConfig           : jdbcUrl.........................jdbc:mysql://localhost:3306/businessapp?createDatabaseIfNotExist=true&useSSL=false&serverTimezone=UTC&allowPublicKeyRetrieval=true
2026-09-12 11:35:10.735 DEBUG 16796 --- [  restartedMain] com.zaxxer.hikari.HikariConfig           : keepaliveTime...................0
2026-09-12 11:35:10.735 DEBUG 16796 --- [  restartedMain] com.zaxxer.hikari.HikariConfig           : leakDetectionThreshold..........0
2026-09-12 11:35:10.735 DEBUG 16796 --- [  restartedMain] com.zaxxer.hikari.HikariConfig           : maxLifetime.....................1800000
2026-09-12 11:35:10.736 DEBUG 16796 --- [  restartedMain] com.zaxxer.hikari.HikariConfig           : maximumPoolSize.................10
2026-09-12 11:35:10.736 DEBUG 16796 --- [  restartedMain] com.zaxxer.hikari.HikariConfig           : metricRegistry..................none
2026-09-12 11:35:10.736 DEBUG 16796 --- [  restartedMain] com.zaxxer.hikari.HikariConfig           : metricsTrackerFactory...........none
2026-09-12 11:35:10.736 DEBUG 16796 --- [  restartedMain] com.zaxxer.hikari.HikariConfig           : minimumIdle.....................5
2026-09-12 11:35:10.736 DEBUG 16796 --- [  restartedMain] com.zaxxer.hikari.HikariConfig           : password........................<masked>
2026-09-12 11:35:10.736 DEBUG 16796 --- [  restartedMain] com.zaxxer.hikari.HikariConfig           : poolName........................"BusinessAppHikariPool"
2026-09-12 11:35:10.736 DEBUG 16796 --- [  restartedMain] com.zaxxer.hikari.HikariConfig           : readOnly........................false
2026-09-12 11:35:10.736 DEBUG 16796 --- [  restartedMain] com.zaxxer.hikari.HikariConfig           : registerMbeans..................false
2026-09-12 11:35:10.736 DEBUG 16796 --- [  restartedMain] com.zaxxer.hikari.HikariConfig           : scheduledExecutor...............none
2026-09-12 11:35:10.737 DEBUG 16796 --- [  restartedMain] com.zaxxer.hikari.HikariConfig           : schema..........................none
2026-09-12 11:35:10.737 DEBUG 16796 --- [  restartedMain] com.zaxxer.hikari.HikariConfig           : threadFactory...................internal
2026-09-12 11:35:10.737 DEBUG 16796 --- [  restartedMain] com.zaxxer.hikari.HikariConfig           : transactionIsolation............default
2026-09-12 11:35:10.737 DEBUG 16796 --- [  restartedMain] com.zaxxer.hikari.HikariConfig           : username........................"root"
2026-09-12 11:35:10.737 DEBUG 16796 --- [  restartedMain] com.zaxxer.hikari.HikariConfig           : validationTimeout...............5000
2026-09-12 11:35:10.737  INFO 16796 --- [  restartedMain] com.zaxxer.hikari.HikariDataSource       : BusinessAppHikariPool - Starting...
2026-09-12 11:35:10.754  INFO 16796 --- [  restartedMain] com.zaxxer.hikari.pool.HikariPool        : BusinessAppHikariPool - Added connection com.mysql.cj.jdbc.ConnectionImpl@5fdfa2e7
2026-09-12 11:35:10.755  INFO 16796 --- [  restartedMain] com.zaxxer.hikari.HikariDataSource       : BusinessAppHikariPool - Start completed.
2026-09-12 11:35:10.904  INFO 16796 --- [  restartedMain] o.h.e.t.j.p.i.JtaPlatformInitiator       : HHH000489: No JTA platform available (set 'hibernate.transaction.jta.platform' to enable JTA platform integration)
2026-09-12 11:35:10.928 DEBUG 16796 --- [  restartedMain] org.hibernate.SQL                        : 
    alter table businesses 
       modify column description TEXT
2026-09-12 11:35:11.232 DEBUG 16796 --- [  restartedMain] org.hibernate.SQL                        : 
    alter table member_educations 
       modify column description TEXT
2026-09-12 11:35:11.470 DEBUG 16796 --- [  restartedMain] org.hibernate.SQL                        : 
    alter table member_experiences 
       modify column description TEXT
2026-09-12 11:35:11.850 DEBUG 16796 --- [  restartedMain] org.hibernate.SQL                        : 
    alter table members 
       modify column bio TEXT
2026-09-12 11:35:13.598 DEBUG 16796 --- [  restartedMain] org.hibernate.SQL                        : 
    alter table members 
       modify column profile_visibility enum ('CONNECTIONS_ONLY','PRIVATE','PUBLIC') not null
2026-09-12 11:35:13.616 DEBUG 16796 --- [  restartedMain] org.hibernate.SQL                        : 
    alter table members 
       modify column specialization enum ('ACCOUNTING_AUDIT','ASSET_WEALTH_MANAGEMENT','CORPORATE_FINANCE','FINTECH','INSURANCE','INVESTMENT_BANKING','OTHER','PRIVATE_EQUITY_VC','RISK_COMPLIANCE')
2026-09-12 11:35:13.634 DEBUG 16796 --- [  restartedMain] org.hibernate.SQL                        : 
    alter table opportunities 
       modify column description TEXT not null
2026-09-12 11:35:13.653 DEBUG 16796 --- [  restartedMain] org.hibernate.SQL                        : 
    alter table opportunities 
       modify column experience_level enum ('EXECUTIVE','GRADUATE','JUNIOR','MID','SENIOR') not null
2026-09-12 11:35:13.669 DEBUG 16796 --- [  restartedMain] org.hibernate.SQL                        : 
    alter table opportunities 
       modify column specialization enum ('ACCOUNTING_AUDIT','ASSET_WEALTH_MANAGEMENT','CORPORATE_FINANCE','FINTECH','INSURANCE','INVESTMENT_BANKING','OTHER','PRIVATE_EQUITY_VC','RISK_COMPLIANCE') not null
2026-09-12 11:35:13.685 DEBUG 16796 --- [  restartedMain] org.hibernate.SQL                        : 
    alter table opportunities 
       modify column status enum ('CLOSED','DRAFT','PUBLISHED') not null
2026-09-12 11:35:13.700 DEBUG 16796 --- [  restartedMain] org.hibernate.SQL                        : 
    alter table opportunities 
       modify column type enum ('CONTRACT','FULL_TIME','GIG','INTERNSHIP','PART_TIME') not null
2026-09-12 11:35:13.716 DEBUG 16796 --- [  restartedMain] org.hibernate.SQL                        : 
    alter table opportunities 
       modify column work_mode enum ('HYBRID','ONSITE','REMOTE') not null
2026-09-12 11:35:13.733 DEBUG 16796 --- [  restartedMain] org.hibernate.SQL                        : 
    alter table opportunity_qualifications 
       modify column qualification TEXT not null
2026-09-12 11:35:13.742 DEBUG 16796 --- [  restartedMain] org.hibernate.SQL                        : 
    alter table opportunity_responsibilities 
       modify column responsibility TEXT not null
2026-09-12 11:35:13.752 DEBUG 16796 --- [  restartedMain] org.hibernate.SQL                        : 
    alter table users 
       modify column role enum ('ROLE_ADMIN','ROLE_ADVISORY','ROLE_BUSINESS','ROLE_CUSTOMER','ROLE_MEMBERS') not null
2026-09-12 11:35:13.821  INFO 16796 --- [  restartedMain] j.LocalContainerEntityManagerFactoryBean : Initialized JPA EntityManagerFactory for persistence unit 'default'
2026-09-12 11:35:13.873  INFO 16796 --- [  restartedMain] o.s.b.web.servlet.RegistrationBean       : Filter disableJwtAuthFilterRegistration was not registered (disabled)
2026-09-12 11:35:13.901  INFO 16796 --- [  restartedMain] eAuthenticationProviderManagerConfigurer : Global AuthenticationManager configured with AuthenticationProvider bean with name authenticationProvider
2026-09-12 11:35:13.901  WARN 16796 --- [  restartedMain] r$InitializeUserDetailsManagerConfigurer : Global AuthenticationManager configured with an AuthenticationProvider bean. UserDetailsService beans will not be used for username/password login. Consider removing the AuthenticationProvider bean. Alternatively, consider using the UserDetailsService in a manually instantiated DaoAuthenticationProvider.
2026-09-12 11:35:14.006  INFO 16796 --- [  restartedMain] c.e.firstapp.config.AsyncConfig          : Email thread pool initialized: core=2 max=5 queue=50
2026-09-12 11:35:14.053 DEBUG 16796 --- [  restartedMain] o.s.s.web.DefaultSecurityFilterChain     : Will secure any request with filters: DisableEncodeUrlFilter, WebAsyncManagerIntegrationFilter, SecurityContextHolderFilter, HeaderWriterFilter, LogoutFilter, JwtAuthFilter, RequestCacheAwareFilter, SecurityContextHolderAwareRequestFilter, AnonymousAuthenticationFilter, SessionManagementFilter, ExceptionTranslationFilter, AuthorizationFilter
2026-09-12 11:35:14.093  INFO 16796 --- [  restartedMain] o.s.b.d.a.OptionalLiveReloadServer       : LiveReload server is running on port 35729
2026-09-12 11:35:14.100  INFO 16796 --- [  restartedMain] o.s.b.w.e.tomcat.TomcatWebServer         : Tomcat started on port 8080 (http) with context path '/'
2026-09-12 11:35:14.103  INFO 16796 --- [  restartedMain] c.e.firstapp.FirstappApplication         : Started FirstappApplication in 3.77 seconds (process running for 2195.666)
2026-09-12 11:35:14.104  INFO 16796 --- [  restartedMain] .ConditionEvaluationDeltaLoggingListener : Condition evaluation unchanged
2026-09-12 11:49:07.877  INFO 16796 --- [   File Watcher] rtingClassPathChangeChangedEventListener : Restarting due to 1 class path change (0 additions, 0 deletions, 1 modification)
2026-09-12 11:49:08.230  INFO 16796 --- [      Thread-43] j.LocalContainerEntityManagerFactoryBean : Closing JPA EntityManagerFactory for persistence unit 'default'
2026-09-12 11:49:08.307  INFO 16796 --- [      Thread-43] com.zaxxer.hikari.HikariDataSource       : BusinessAppHikariPool - Shutdown initiated...
2026-09-12 11:49:08.356  INFO 16796 --- [      Thread-43] com.zaxxer.hikari.HikariDataSource       : BusinessAppHikariPool - Shutdown completed.
2026-09-12 11:49:08.937  INFO 16796 --- [  restartedMain] c.e.firstapp.FirstappApplication         : Starting FirstappApplication using Java 25.0.3 with PID 16796 (E:\firstapp\firstapp\target\classes started by Dell in E:\firstapp\firstapp)
2026-09-12 11:49:08.939  INFO 16796 --- [  restartedMain] c.e.firstapp.FirstappApplication         : No active profile set, falling back to 1 default profile: "default"
2026-09-12 11:49:09.342  INFO 16796 --- [  restartedMain] .s.d.r.c.RepositoryConfigurationDelegate : Bootstrapping Spring Data JPA repositories in DEFAULT mode.
2026-09-12 11:49:09.369  INFO 16796 --- [  restartedMain] .s.d.r.c.RepositoryConfigurationDelegate : Finished Spring Data repository scanning in 26 ms. Found 8 JPA repository interfaces.
2026-09-12 11:49:09.447  INFO 16796 --- [  restartedMain] o.s.b.w.e.tomcat.TomcatWebServer         : Tomcat initialized with port 8080 (http)
2026-09-12 11:49:09.448  INFO 16796 --- [  restartedMain] o.a.catalina.core.StandardService        : Starting service [Tomcat]
2026-09-12 11:49:09.448  INFO 16796 --- [  restartedMain] o.a.catalina.core.StandardEngine         : Starting Servlet engine: [Apache Tomcat/10.1.42]
2026-09-12 11:49:09.482  INFO 16796 --- [  restartedMain] o.a.c.c.C.[Tomcat].[localhost].[/]       : Initializing Spring embedded WebApplicationContext
2026-09-12 11:49:09.482  INFO 16796 --- [  restartedMain] w.s.c.ServletWebServerApplicationContext : Root WebApplicationContext: initialization completed in 542 ms
2026-09-12 11:49:09.499 DEBUG 16796 --- [  restartedMain] com.zaxxer.hikari.HikariConfig           : Driver class com.mysql.cj.jdbc.Driver found in Thread context class loader TomcatEmbeddedWebappClassLoader
  context: ROOT
  delegate: true
----------> Parent Classloader:
org.springframework.boot.devtools.restart.classloader.RestartClassLoader@399de847

2026-09-12 11:49:09.539  INFO 16796 --- [  restartedMain] o.h.jpa.internal.util.LogHelper          : HHH000204: Processing PersistenceUnitInfo [name: default]
2026-09-12 11:49:09.541  INFO 16796 --- [  restartedMain] o.h.c.i.RegionFactoryInitiator           : HHH000026: Second-level cache disabled
2026-09-12 11:49:09.546  INFO 16796 --- [  restartedMain] o.s.o.j.p.SpringPersistenceUnitInfo      : No LoadTimeWeaver setup: ignoring JPA class transformer
2026-09-12 11:49:09.547 DEBUG 16796 --- [  restartedMain] com.zaxxer.hikari.HikariConfig           : BusinessAppHikariPool - configuration:
2026-09-12 11:49:09.548 DEBUG 16796 --- [  restartedMain] com.zaxxer.hikari.HikariConfig           : allowPoolSuspension.............false
2026-09-12 11:49:09.548 DEBUG 16796 --- [  restartedMain] com.zaxxer.hikari.HikariConfig           : autoCommit......................true
2026-09-12 11:49:09.548 DEBUG 16796 --- [  restartedMain] com.zaxxer.hikari.HikariConfig           : catalog.........................none
2026-09-12 11:49:09.548 DEBUG 16796 --- [  restartedMain] com.zaxxer.hikari.HikariConfig           : connectionInitSql...............none
2026-09-12 11:49:09.548 DEBUG 16796 --- [  restartedMain] com.zaxxer.hikari.HikariConfig           : connectionTestQuery............."SELECT 1"
2026-09-12 11:49:09.548 DEBUG 16796 --- [  restartedMain] com.zaxxer.hikari.HikariConfig           : connectionTimeout...............20000
2026-09-12 11:49:09.549 DEBUG 16796 --- [  restartedMain] com.zaxxer.hikari.HikariConfig           : dataSource......................none
2026-09-12 11:49:09.549 DEBUG 16796 --- [  restartedMain] com.zaxxer.hikari.HikariConfig           : dataSourceClassName.............none
2026-09-12 11:49:09.549 DEBUG 16796 --- [  restartedMain] com.zaxxer.hikari.HikariConfig           : dataSourceJNDI..................none
2026-09-12 11:49:09.549 DEBUG 16796 --- [  restartedMain] com.zaxxer.hikari.HikariConfig           : dataSourceProperties............{password=<masked>}
2026-09-12 11:49:09.549 DEBUG 16796 --- [  restartedMain] com.zaxxer.hikari.HikariConfig           : driverClassName................."com.mysql.cj.jdbc.Driver"
2026-09-12 11:49:09.549 DEBUG 16796 --- [  restartedMain] com.zaxxer.hikari.HikariConfig           : exceptionOverrideClassName......none
2026-09-12 11:49:09.549 DEBUG 16796 --- [  restartedMain] com.zaxxer.hikari.HikariConfig           : healthCheckProperties...........{}
2026-09-12 11:49:09.549 DEBUG 16796 --- [  restartedMain] com.zaxxer.hikari.HikariConfig           : healthCheckRegistry.............none
2026-09-12 11:49:09.549 DEBUG 16796 --- [  restartedMain] com.zaxxer.hikari.HikariConfig           : idleTimeout.....................600000
2026-09-12 11:49:09.549 DEBUG 16796 --- [  restartedMain] com.zaxxer.hikari.HikariConfig           : initializationFailTimeout.......1
2026-09-12 11:49:09.550 DEBUG 16796 --- [  restartedMain] com.zaxxer.hikari.HikariConfig           : isolateInternalQueries..........false
2026-09-12 11:49:09.550 DEBUG 16796 --- [  restartedMain] com.zaxxer.hikari.HikariConfig           : jdbcUrl.........................jdbc:mysql://localhost:3306/businessapp?createDatabaseIfNotExist=true&useSSL=false&serverTimezone=UTC&allowPublicKeyRetrieval=true
2026-09-12 11:49:09.551 DEBUG 16796 --- [  restartedMain] com.zaxxer.hikari.HikariConfig           : keepaliveTime...................0
2026-09-12 11:49:09.551 DEBUG 16796 --- [  restartedMain] com.zaxxer.hikari.HikariConfig           : leakDetectionThreshold..........0
2026-09-12 11:49:09.551 DEBUG 16796 --- [  restartedMain] com.zaxxer.hikari.HikariConfig           : maxLifetime.....................1800000
2026-09-12 11:49:09.551 DEBUG 16796 --- [  restartedMain] com.zaxxer.hikari.HikariConfig           : maximumPoolSize.................10
2026-09-12 11:49:09.551 DEBUG 16796 --- [  restartedMain] com.zaxxer.hikari.HikariConfig           : metricRegistry..................none
2026-09-12 11:49:09.551 DEBUG 16796 --- [  restartedMain] com.zaxxer.hikari.HikariConfig           : metricsTrackerFactory...........none
2026-09-12 11:49:09.551 DEBUG 16796 --- [  restartedMain] com.zaxxer.hikari.HikariConfig           : minimumIdle.....................5
2026-09-12 11:49:09.551 DEBUG 16796 --- [  restartedMain] com.zaxxer.hikari.HikariConfig           : password........................<masked>
2026-09-12 11:49:09.551 DEBUG 16796 --- [  restartedMain] com.zaxxer.hikari.HikariConfig           : poolName........................"BusinessAppHikariPool"
2026-09-12 11:49:09.551 DEBUG 16796 --- [  restartedMain] com.zaxxer.hikari.HikariConfig           : readOnly........................false
2026-09-12 11:49:09.552 DEBUG 16796 --- [  restartedMain] com.zaxxer.hikari.HikariConfig           : registerMbeans..................false
2026-09-12 11:49:09.552 DEBUG 16796 --- [  restartedMain] com.zaxxer.hikari.HikariConfig           : scheduledExecutor...............none
2026-09-12 11:49:09.552 DEBUG 16796 --- [  restartedMain] com.zaxxer.hikari.HikariConfig           : schema..........................none
2026-09-12 11:49:09.552 DEBUG 16796 --- [  restartedMain] com.zaxxer.hikari.HikariConfig           : threadFactory...................internal
2026-09-12 11:49:09.552 DEBUG 16796 --- [  restartedMain] com.zaxxer.hikari.HikariConfig           : transactionIsolation............default
2026-09-12 11:49:09.552 DEBUG 16796 --- [  restartedMain] com.zaxxer.hikari.HikariConfig           : username........................"root"
2026-09-12 11:49:09.552 DEBUG 16796 --- [  restartedMain] com.zaxxer.hikari.HikariConfig           : validationTimeout...............5000
2026-09-12 11:49:09.552  INFO 16796 --- [  restartedMain] com.zaxxer.hikari.HikariDataSource       : BusinessAppHikariPool - Starting...
2026-09-12 11:49:09.597  INFO 16796 --- [  restartedMain] com.zaxxer.hikari.pool.HikariPool        : BusinessAppHikariPool - Added connection com.mysql.cj.jdbc.ConnectionImpl@6e51e0dc
2026-09-12 11:49:09.597  INFO 16796 --- [  restartedMain] com.zaxxer.hikari.HikariDataSource       : BusinessAppHikariPool - Start completed.
2026-09-12 11:49:09.725  INFO 16796 --- [  restartedMain] o.h.e.t.j.p.i.JtaPlatformInitiator       : HHH000489: No JTA platform available (set 'hibernate.transaction.jta.platform' to enable JTA platform integration)
2026-09-12 11:49:09.762 DEBUG 16796 --- [  restartedMain] org.hibernate.SQL                        : 
    alter table businesses 
       modify column description TEXT
2026-09-12 11:49:09.810 DEBUG 16796 --- [  restartedMain] org.hibernate.SQL                        : 
    alter table member_educations 
       modify column description TEXT
2026-09-12 11:49:09.819 DEBUG 16796 --- [  restartedMain] org.hibernate.SQL                        : 
    alter table member_experiences 
       modify column description TEXT
2026-09-12 11:49:09.831 DEBUG 16796 --- [  restartedMain] org.hibernate.SQL                        : 
    alter table members 
       modify column bio TEXT
2026-09-12 11:49:09.862 DEBUG 16796 --- [  restartedMain] org.hibernate.SQL                        : 
    alter table members 
       modify column profile_visibility enum ('CONNECTIONS_ONLY','PRIVATE','PUBLIC') not null
2026-09-12 11:49:09.882 DEBUG 16796 --- [  restartedMain] org.hibernate.SQL                        : 
    alter table members 
       modify column specialization enum ('ACCOUNTING_AUDIT','ASSET_WEALTH_MANAGEMENT','CORPORATE_FINANCE','FINTECH','INSURANCE','INVESTMENT_BANKING','OTHER','PRIVATE_EQUITY_VC','RISK_COMPLIANCE')
2026-09-12 11:49:09.906 DEBUG 16796 --- [  restartedMain] org.hibernate.SQL                        : 
    alter table opportunities 
       modify column description TEXT not null
2026-09-12 11:49:09.928 DEBUG 16796 --- [  restartedMain] org.hibernate.SQL                        : 
    alter table opportunities 
       modify column experience_level enum ('EXECUTIVE','GRADUATE','JUNIOR','MID','SENIOR') not null
2026-09-12 11:49:09.949 DEBUG 16796 --- [  restartedMain] org.hibernate.SQL                        : 
    alter table opportunities 
       modify column specialization enum ('ACCOUNTING_AUDIT','ASSET_WEALTH_MANAGEMENT','CORPORATE_FINANCE','FINTECH','INSURANCE','INVESTMENT_BANKING','OTHER','PRIVATE_EQUITY_VC','RISK_COMPLIANCE') not null
2026-09-12 11:49:09.968 DEBUG 16796 --- [  restartedMain] org.hibernate.SQL                        : 
    alter table opportunities 
       modify column status enum ('CLOSED','DRAFT','PUBLISHED') not null
2026-09-12 11:49:09.983 DEBUG 16796 --- [  restartedMain] org.hibernate.SQL                        : 
    alter table opportunities 
       modify column type enum ('CONTRACT','FULL_TIME','GIG','INTERNSHIP','PART_TIME') not null
2026-09-12 11:49:10.000 DEBUG 16796 --- [  restartedMain] org.hibernate.SQL                        : 
    alter table opportunities 
       modify column work_mode enum ('HYBRID','ONSITE','REMOTE') not null
2026-09-12 11:49:10.018 DEBUG 16796 --- [  restartedMain] org.hibernate.SQL                        : 
    alter table opportunity_qualifications 
       modify column qualification TEXT not null
2026-09-12 11:49:10.027 DEBUG 16796 --- [  restartedMain] org.hibernate.SQL                        : 
    alter table opportunity_responsibilities 
       modify column responsibility TEXT not null
2026-09-12 11:49:10.034 DEBUG 16796 --- [  restartedMain] org.hibernate.SQL                        : 
    alter table users 
       modify column role enum ('ROLE_ADMIN','ROLE_ADVISORY','ROLE_BUSINESS','ROLE_CUSTOMER','ROLE_MEMBERS') not null
2026-09-12 11:49:10.148  INFO 16796 --- [  restartedMain] j.LocalContainerEntityManagerFactoryBean : Initialized JPA EntityManagerFactory for persistence unit 'default'
2026-09-12 11:49:10.226  INFO 16796 --- [  restartedMain] o.s.b.web.servlet.RegistrationBean       : Filter disableJwtAuthFilterRegistration was not registered (disabled)
2026-09-12 11:49:10.260  INFO 16796 --- [  restartedMain] eAuthenticationProviderManagerConfigurer : Global AuthenticationManager configured with AuthenticationProvider bean with name authenticationProvider
2026-09-12 11:49:10.261  WARN 16796 --- [  restartedMain] r$InitializeUserDetailsManagerConfigurer : Global AuthenticationManager configured with an AuthenticationProvider bean. UserDetailsService beans will not be used for username/password login. Consider removing the AuthenticationProvider bean. Alternatively, consider using the UserDetailsService in a manually instantiated DaoAuthenticationProvider.
2026-09-12 11:49:10.389  INFO 16796 --- [  restartedMain] c.e.firstapp.config.AsyncConfig          : Email thread pool initialized: core=2 max=5 queue=50
2026-09-12 11:49:10.451 DEBUG 16796 --- [  restartedMain] o.s.s.web.DefaultSecurityFilterChain     : Will secure any request with filters: DisableEncodeUrlFilter, WebAsyncManagerIntegrationFilter, SecurityContextHolderFilter, HeaderWriterFilter, LogoutFilter, JwtAuthFilter, RequestCacheAwareFilter, SecurityContextHolderAwareRequestFilter, AnonymousAuthenticationFilter, SessionManagementFilter, ExceptionTranslationFilter, AuthorizationFilter
2026-09-12 11:49:10.508  INFO 16796 --- [  restartedMain] o.s.b.d.a.OptionalLiveReloadServer       : LiveReload server is running on port 35729
2026-09-12 11:49:10.520  INFO 16796 --- [  restartedMain] o.s.b.w.e.tomcat.TomcatWebServer         : Tomcat started on port 8080 (http) with context path '/'
2026-09-12 11:49:10.524  INFO 16796 --- [  restartedMain] c.e.firstapp.FirstappApplication         : Started FirstappApplication in 1.616 seconds (process running for 3032.087)
2026-09-12 11:49:10.525  INFO 16796 --- [  restartedMain] .ConditionEvaluationDeltaLoggingListener : Condition evaluation unchanged
2026-09-12 11:49:11.929  INFO 16796 --- [   File Watcher] rtingClassPathChangeChangedEventListener : Restarting due to 1 class path change (0 additions, 0 deletions, 1 modification)
2026-09-12 11:49:11.946  INFO 16796 --- [      Thread-47] j.LocalContainerEntityManagerFactoryBean : Closing JPA EntityManagerFactory for persistence unit 'default'
2026-09-12 11:49:11.950  INFO 16796 --- [      Thread-47] com.zaxxer.hikari.HikariDataSource       : BusinessAppHikariPool - Shutdown initiated...
2026-09-12 11:49:11.951  INFO 16796 --- [      Thread-47] com.zaxxer.hikari.HikariDataSource       : BusinessAppHikariPool - Shutdown completed.
2026-09-12 11:49:12.027  INFO 16796 --- [  restartedMain] c.e.firstapp.FirstappApplication         : Starting FirstappApplication using Java 25.0.3 with PID 16796 (E:\firstapp\firstapp\target\classes started by Dell in E:\firstapp\firstapp)
2026-09-12 11:49:12.027  INFO 16796 --- [  restartedMain] c.e.firstapp.FirstappApplication         : No active profile set, falling back to 1 default profile: "default"
2026-09-12 11:49:12.125  INFO 16796 --- [  restartedMain] .s.d.r.c.RepositoryConfigurationDelegate : Bootstrapping Spring Data JPA repositories in DEFAULT mode.
2026-09-12 11:49:12.144  INFO 16796 --- [  restartedMain] .s.d.r.c.RepositoryConfigurationDelegate : Finished Spring Data repository scanning in 18 ms. Found 8 JPA repository interfaces.
2026-09-12 11:49:12.203  INFO 16796 --- [  restartedMain] o.s.b.w.e.tomcat.TomcatWebServer         : Tomcat initialized with port 8080 (http)
2026-09-12 11:49:12.204  INFO 16796 --- [  restartedMain] o.a.catalina.core.StandardService        : Starting service [Tomcat]
2026-09-12 11:49:12.204  INFO 16796 --- [  restartedMain] o.a.catalina.core.StandardEngine         : Starting Servlet engine: [Apache Tomcat/10.1.42]
2026-09-12 11:49:12.230  INFO 16796 --- [  restartedMain] o.a.c.c.C.[Tomcat].[localhost].[/]       : Initializing Spring embedded WebApplicationContext
2026-09-12 11:49:12.230  INFO 16796 --- [  restartedMain] w.s.c.ServletWebServerApplicationContext : Root WebApplicationContext: initialization completed in 202 ms
2026-09-12 11:49:12.237 DEBUG 16796 --- [  restartedMain] com.zaxxer.hikari.HikariConfig           : Driver class com.mysql.cj.jdbc.Driver found in Thread context class loader TomcatEmbeddedWebappClassLoader
  context: ROOT
  delegate: true
----------> Parent Classloader:
org.springframework.boot.devtools.restart.classloader.RestartClassLoader@491f9af8

2026-09-12 11:49:12.260  INFO 16796 --- [  restartedMain] o.h.jpa.internal.util.LogHelper          : HHH000204: Processing PersistenceUnitInfo [name: default]
2026-09-12 11:49:12.261  INFO 16796 --- [  restartedMain] o.h.c.i.RegionFactoryInitiator           : HHH000026: Second-level cache disabled
2026-09-12 11:49:12.267  INFO 16796 --- [  restartedMain] o.s.o.j.p.SpringPersistenceUnitInfo      : No LoadTimeWeaver setup: ignoring JPA class transformer
2026-09-12 11:49:12.268 DEBUG 16796 --- [  restartedMain] com.zaxxer.hikari.HikariConfig           : BusinessAppHikariPool - configuration:
2026-09-12 11:49:12.269 DEBUG 16796 --- [  restartedMain] com.zaxxer.hikari.HikariConfig           : allowPoolSuspension.............false
2026-09-12 11:49:12.269 DEBUG 16796 --- [  restartedMain] com.zaxxer.hikari.HikariConfig           : autoCommit......................true
2026-09-12 11:49:12.269 DEBUG 16796 --- [  restartedMain] com.zaxxer.hikari.HikariConfig           : catalog.........................none
2026-09-12 11:49:12.269 DEBUG 16796 --- [  restartedMain] com.zaxxer.hikari.HikariConfig           : connectionInitSql...............none
2026-09-12 11:49:12.269 DEBUG 16796 --- [  restartedMain] com.zaxxer.hikari.HikariConfig           : connectionTestQuery............."SELECT 1"
2026-09-12 11:49:12.269 DEBUG 16796 --- [  restartedMain] com.zaxxer.hikari.HikariConfig           : connectionTimeout...............20000
2026-09-12 11:49:12.269 DEBUG 16796 --- [  restartedMain] com.zaxxer.hikari.HikariConfig           : dataSource......................none
2026-09-12 11:49:12.269 DEBUG 16796 --- [  restartedMain] com.zaxxer.hikari.HikariConfig           : dataSourceClassName.............none
2026-09-12 11:49:12.269 DEBUG 16796 --- [  restartedMain] com.zaxxer.hikari.HikariConfig           : dataSourceJNDI..................none
2026-09-12 11:49:12.269 DEBUG 16796 --- [  restartedMain] com.zaxxer.hikari.HikariConfig           : dataSourceProperties............{password=<masked>}
2026-09-12 11:49:12.269 DEBUG 16796 --- [  restartedMain] com.zaxxer.hikari.HikariConfig           : driverClassName................."com.mysql.cj.jdbc.Driver"
2026-09-12 11:49:12.269 DEBUG 16796 --- [  restartedMain] com.zaxxer.hikari.HikariConfig           : exceptionOverrideClassName......none
2026-09-12 11:49:12.270 DEBUG 16796 --- [  restartedMain] com.zaxxer.hikari.HikariConfig           : healthCheckProperties...........{}
2026-09-12 11:49:12.270 DEBUG 16796 --- [  restartedMain] com.zaxxer.hikari.HikariConfig           : healthCheckRegistry.............none
2026-09-12 11:49:12.270 DEBUG 16796 --- [  restartedMain] com.zaxxer.hikari.HikariConfig           : idleTimeout.....................600000
2026-09-12 11:49:12.270 DEBUG 16796 --- [  restartedMain] com.zaxxer.hikari.HikariConfig           : initializationFailTimeout.......1
2026-09-12 11:49:12.270 DEBUG 16796 --- [  restartedMain] com.zaxxer.hikari.HikariConfig           : isolateInternalQueries..........false
2026-09-12 11:49:12.270 DEBUG 16796 --- [  restartedMain] com.zaxxer.hikari.HikariConfig           : jdbcUrl.........................jdbc:mysql://localhost:3306/businessapp?createDatabaseIfNotExist=true&useSSL=false&serverTimezone=UTC&allowPublicKeyRetrieval=true
2026-09-12 11:49:12.270 DEBUG 16796 --- [  restartedMain] com.zaxxer.hikari.HikariConfig           : keepaliveTime...................0
2026-09-12 11:49:12.270 DEBUG 16796 --- [  restartedMain] com.zaxxer.hikari.HikariConfig           : leakDetectionThreshold..........0
2026-09-12 11:49:12.270 DEBUG 16796 --- [  restartedMain] com.zaxxer.hikari.HikariConfig           : maxLifetime.....................1800000
2026-09-12 11:49:12.270 DEBUG 16796 --- [  restartedMain] com.zaxxer.hikari.HikariConfig           : maximumPoolSize.................10
2026-09-12 11:49:12.270 DEBUG 16796 --- [  restartedMain] com.zaxxer.hikari.HikariConfig           : metricRegistry..................none
2026-09-12 11:49:12.271 DEBUG 16796 --- [  restartedMain] com.zaxxer.hikari.HikariConfig           : metricsTrackerFactory...........none
2026-09-12 11:49:12.271 DEBUG 16796 --- [  restartedMain] com.zaxxer.hikari.HikariConfig           : minimumIdle.....................5
2026-09-12 11:49:12.271 DEBUG 16796 --- [  restartedMain] com.zaxxer.hikari.HikariConfig           : password........................<masked>
2026-09-12 11:49:12.271 DEBUG 16796 --- [  restartedMain] com.zaxxer.hikari.HikariConfig           : poolName........................"BusinessAppHikariPool"
2026-09-12 11:49:12.271 DEBUG 16796 --- [  restartedMain] com.zaxxer.hikari.HikariConfig           : readOnly........................false
2026-09-12 11:49:12.271 DEBUG 16796 --- [  restartedMain] com.zaxxer.hikari.HikariConfig           : registerMbeans..................false
2026-09-12 11:49:12.271 DEBUG 16796 --- [  restartedMain] com.zaxxer.hikari.HikariConfig           : scheduledExecutor...............none
2026-09-12 11:49:12.271 DEBUG 16796 --- [  restartedMain] com.zaxxer.hikari.HikariConfig           : schema..........................none
2026-09-12 11:49:12.271 DEBUG 16796 --- [  restartedMain] com.zaxxer.hikari.HikariConfig           : threadFactory...................internal
2026-09-12 11:49:12.271 DEBUG 16796 --- [  restartedMain] com.zaxxer.hikari.HikariConfig           : transactionIsolation............default
2026-09-12 11:49:12.271 DEBUG 16796 --- [  restartedMain] com.zaxxer.hikari.HikariConfig           : username........................"root"
2026-09-12 11:49:12.271 DEBUG 16796 --- [  restartedMain] com.zaxxer.hikari.HikariConfig           : validationTimeout...............5000
2026-09-12 11:49:12.271  INFO 16796 --- [  restartedMain] com.zaxxer.hikari.HikariDataSource       : BusinessAppHikariPool - Starting...
2026-09-12 11:49:12.300  INFO 16796 --- [  restartedMain] com.zaxxer.hikari.pool.HikariPool        : BusinessAppHikariPool - Added connection com.mysql.cj.jdbc.ConnectionImpl@392664b3
2026-09-12 11:49:12.330  INFO 16796 --- [  restartedMain] com.zaxxer.hikari.HikariDataSource       : BusinessAppHikariPool - Start completed.
2026-09-12 11:49:12.448  INFO 16796 --- [  restartedMain] o.h.e.t.j.p.i.JtaPlatformInitiator       : HHH000489: No JTA platform available (set 'hibernate.transaction.jta.platform' to enable JTA platform integration)
2026-09-12 11:49:12.488 DEBUG 16796 --- [  restartedMain] org.hibernate.SQL                        : 
    alter table businesses 
       modify column description TEXT
2026-09-12 11:49:12.508 DEBUG 16796 --- [  restartedMain] org.hibernate.SQL                        : 
    alter table member_educations 
       modify column description TEXT
2026-09-12 11:49:12.518 DEBUG 16796 --- [  restartedMain] org.hibernate.SQL                        : 
    alter table member_experiences 
       modify column description TEXT
2026-09-12 11:49:12.527 DEBUG 16796 --- [  restartedMain] org.hibernate.SQL                        : 
    alter table members 
       modify column bio TEXT
2026-09-12 11:49:12.543 DEBUG 16796 --- [  restartedMain] org.hibernate.SQL                        : 
    alter table members 
       modify column profile_visibility enum ('CONNECTIONS_ONLY','PRIVATE','PUBLIC') not null
2026-09-12 11:49:12.564 DEBUG 16796 --- [  restartedMain] org.hibernate.SQL                        : 
    alter table members 
       modify column specialization enum ('ACCOUNTING_AUDIT','ASSET_WEALTH_MANAGEMENT','CORPORATE_FINANCE','FINTECH','INSURANCE','INVESTMENT_BANKING','OTHER','PRIVATE_EQUITY_VC','RISK_COMPLIANCE')
2026-09-12 11:49:12.584 DEBUG 16796 --- [  restartedMain] org.hibernate.SQL                        : 
    alter table opportunities 
       modify column description TEXT not null
2026-09-12 11:49:12.606 DEBUG 16796 --- [  restartedMain] org.hibernate.SQL                        : 
    alter table opportunities 
       modify column experience_level enum ('EXECUTIVE','GRADUATE','JUNIOR','MID','SENIOR') not null
2026-09-12 11:49:12.621 DEBUG 16796 --- [  restartedMain] org.hibernate.SQL                        : 
    alter table opportunities 
       modify column specialization enum ('ACCOUNTING_AUDIT','ASSET_WEALTH_MANAGEMENT','CORPORATE_FINANCE','FINTECH','INSURANCE','INVESTMENT_BANKING','OTHER','PRIVATE_EQUITY_VC','RISK_COMPLIANCE') not null
2026-09-12 11:49:12.638 DEBUG 16796 --- [  restartedMain] org.hibernate.SQL                        : 
    alter table opportunities 
       modify column status enum ('CLOSED','DRAFT','PUBLISHED') not null
2026-09-12 11:49:12.656 DEBUG 16796 --- [  restartedMain] org.hibernate.SQL                        : 
    alter table opportunities 
       modify column type enum ('CONTRACT','FULL_TIME','GIG','INTERNSHIP','PART_TIME') not null
2026-09-12 11:49:12.669 DEBUG 16796 --- [  restartedMain] org.hibernate.SQL                        : 
    alter table opportunities 
       modify column work_mode enum ('HYBRID','ONSITE','REMOTE') not null
2026-09-12 11:49:12.684 DEBUG 16796 --- [  restartedMain] org.hibernate.SQL                        : 
    alter table opportunity_qualifications 
       modify column qualification TEXT not null
2026-09-12 11:49:12.693 DEBUG 16796 --- [  restartedMain] org.hibernate.SQL                        : 
    alter table opportunity_responsibilities 
       modify column responsibility TEXT not null
2026-09-12 11:49:12.702 DEBUG 16796 --- [  restartedMain] org.hibernate.SQL                        : 
    alter table users 
       modify column role enum ('ROLE_ADMIN','ROLE_ADVISORY','ROLE_BUSINESS','ROLE_CUSTOMER','ROLE_MEMBERS') not null
2026-09-12 11:49:12.772  INFO 16796 --- [  restartedMain] j.LocalContainerEntityManagerFactoryBean : Initialized JPA EntityManagerFactory for persistence unit 'default'
2026-09-12 11:49:12.826  INFO 16796 --- [  restartedMain] o.s.b.web.servlet.RegistrationBean       : Filter disableJwtAuthFilterRegistration was not registered (disabled)
2026-09-12 11:49:12.859  INFO 16796 --- [  restartedMain] eAuthenticationProviderManagerConfigurer : Global AuthenticationManager configured with AuthenticationProvider bean with name authenticationProvider
2026-09-12 11:49:12.860  WARN 16796 --- [  restartedMain] r$InitializeUserDetailsManagerConfigurer : Global AuthenticationManager configured with an AuthenticationProvider bean. UserDetailsService beans will not be used for username/password login. Consider removing the AuthenticationProvider bean. Alternatively, consider using the UserDetailsService in a manually instantiated DaoAuthenticationProvider.
2026-09-12 11:49:12.976  INFO 16796 --- [  restartedMain] c.e.firstapp.config.AsyncConfig          : Email thread pool initialized: core=2 max=5 queue=50
2026-09-12 11:49:13.044 DEBUG 16796 --- [  restartedMain] o.s.s.web.DefaultSecurityFilterChain     : Will secure any request with filters: DisableEncodeUrlFilter, WebAsyncManagerIntegrationFilter, SecurityContextHolderFilter, HeaderWriterFilter, LogoutFilter, JwtAuthFilter, RequestCacheAwareFilter, SecurityContextHolderAwareRequestFilter, AnonymousAuthenticationFilter, SessionManagementFilter, ExceptionTranslationFilter, AuthorizationFilter
2026-09-12 11:49:13.139  INFO 16796 --- [  restartedMain] o.s.b.d.a.OptionalLiveReloadServer       : LiveReload server is running on port 35729
2026-09-12 11:49:13.153  INFO 16796 --- [  restartedMain] o.s.b.w.e.tomcat.TomcatWebServer         : Tomcat started on port 8080 (http) with context path '/'
2026-09-12 11:49:13.156  INFO 16796 --- [  restartedMain] c.e.firstapp.FirstappApplication         : Started FirstappApplication in 1.145 seconds (process running for 3034.72)
2026-09-12 11:49:13.158  INFO 16796 --- [  restartedMain] .ConditionEvaluationDeltaLoggingListener : Condition evaluation unchanged
2026-09-12 11:53:44.882  INFO 16796 --- [   File Watcher] rtingClassPathChangeChangedEventListener : Restarting due to 1 class path change (0 additions, 0 deletions, 1 modification)
2026-09-12 11:53:44.952  INFO 16796 --- [      Thread-51] j.LocalContainerEntityManagerFactoryBean : Closing JPA EntityManagerFactory for persistence unit 'default'
2026-09-12 11:53:44.953  INFO 16796 --- [      Thread-51] com.zaxxer.hikari.HikariDataSource       : BusinessAppHikariPool - Shutdown initiated...
2026-09-12 11:53:44.954  INFO 16796 --- [      Thread-51] com.zaxxer.hikari.HikariDataSource       : BusinessAppHikariPool - Shutdown completed.
2026-09-12 11:53:45.364  INFO 16796 --- [  restartedMain] c.e.firstapp.FirstappApplication         : Starting FirstappApplication using Java 25.0.3 with PID 16796 (E:\firstapp\firstapp\target\classes started by Dell in E:\firstapp\firstapp)
2026-09-12 11:53:45.364  INFO 16796 --- [  restartedMain] c.e.firstapp.FirstappApplication         : No active profile set, falling back to 1 default profile: "default"
2026-09-12 11:53:45.604  INFO 16796 --- [  restartedMain] .s.d.r.c.RepositoryConfigurationDelegate : Bootstrapping Spring Data JPA repositories in DEFAULT mode.
2026-09-12 11:53:45.630  INFO 16796 --- [  restartedMain] .s.d.r.c.RepositoryConfigurationDelegate : Finished Spring Data repository scanning in 25 ms. Found 8 JPA repository interfaces.
2026-09-12 11:53:45.704  INFO 16796 --- [  restartedMain] o.s.b.w.e.tomcat.TomcatWebServer         : Tomcat initialized with port 8080 (http)
2026-09-12 11:53:45.705  INFO 16796 --- [  restartedMain] o.a.catalina.core.StandardService        : Starting service [Tomcat]
2026-09-12 11:53:45.705  INFO 16796 --- [  restartedMain] o.a.catalina.core.StandardEngine         : Starting Servlet engine: [Apache Tomcat/10.1.42]
2026-09-12 11:53:45.742  INFO 16796 --- [  restartedMain] o.a.c.c.C.[Tomcat].[localhost].[/]       : Initializing Spring embedded WebApplicationContext
2026-09-12 11:53:45.742  INFO 16796 --- [  restartedMain] w.s.c.ServletWebServerApplicationContext : Root WebApplicationContext: initialization completed in 377 ms
2026-09-12 11:53:45.752 DEBUG 16796 --- [  restartedMain] com.zaxxer.hikari.HikariConfig           : Driver class com.mysql.cj.jdbc.Driver found in Thread context class loader TomcatEmbeddedWebappClassLoader
  context: ROOT
  delegate: true
----------> Parent Classloader:
org.springframework.boot.devtools.restart.classloader.RestartClassLoader@18d61d1d

2026-09-12 11:53:45.768  INFO 16796 --- [  restartedMain] o.h.jpa.internal.util.LogHelper          : HHH000204: Processing PersistenceUnitInfo [name: default]
2026-09-12 11:53:45.771  INFO 16796 --- [  restartedMain] o.h.c.i.RegionFactoryInitiator           : HHH000026: Second-level cache disabled
2026-09-12 11:53:45.776  INFO 16796 --- [  restartedMain] o.s.o.j.p.SpringPersistenceUnitInfo      : No LoadTimeWeaver setup: ignoring JPA class transformer
2026-09-12 11:53:45.776 DEBUG 16796 --- [  restartedMain] com.zaxxer.hikari.HikariConfig           : BusinessAppHikariPool - configuration:
2026-09-12 11:53:45.777 DEBUG 16796 --- [  restartedMain] com.zaxxer.hikari.HikariConfig           : allowPoolSuspension.............false
2026-09-12 11:53:45.778 DEBUG 16796 --- [  restartedMain] com.zaxxer.hikari.HikariConfig           : autoCommit......................true
2026-09-12 11:53:45.778 DEBUG 16796 --- [  restartedMain] com.zaxxer.hikari.HikariConfig           : catalog.........................none
2026-09-12 11:53:45.778 DEBUG 16796 --- [  restartedMain] com.zaxxer.hikari.HikariConfig           : connectionInitSql...............none
2026-09-12 11:53:45.778 DEBUG 16796 --- [  restartedMain] com.zaxxer.hikari.HikariConfig           : connectionTestQuery............."SELECT 1"
2026-09-12 11:53:45.778 DEBUG 16796 --- [  restartedMain] com.zaxxer.hikari.HikariConfig           : connectionTimeout...............20000
2026-09-12 11:53:45.778 DEBUG 16796 --- [  restartedMain] com.zaxxer.hikari.HikariConfig           : dataSource......................none
2026-09-12 11:53:45.778 DEBUG 16796 --- [  restartedMain] com.zaxxer.hikari.HikariConfig           : dataSourceClassName.............none
2026-09-12 11:53:45.778 DEBUG 16796 --- [  restartedMain] com.zaxxer.hikari.HikariConfig           : dataSourceJNDI..................none
2026-09-12 11:53:45.779 DEBUG 16796 --- [  restartedMain] com.zaxxer.hikari.HikariConfig           : dataSourceProperties............{password=<masked>}
2026-09-12 11:53:45.779 DEBUG 16796 --- [  restartedMain] com.zaxxer.hikari.HikariConfig           : driverClassName................."com.mysql.cj.jdbc.Driver"
2026-09-12 11:53:45.779 DEBUG 16796 --- [  restartedMain] com.zaxxer.hikari.HikariConfig           : exceptionOverrideClassName......none
2026-09-12 11:53:45.779 DEBUG 16796 --- [  restartedMain] com.zaxxer.hikari.HikariConfig           : healthCheckProperties...........{}
2026-09-12 11:53:45.779 DEBUG 16796 --- [  restartedMain] com.zaxxer.hikari.HikariConfig           : healthCheckRegistry.............none
2026-09-12 11:53:45.779 DEBUG 16796 --- [  restartedMain] com.zaxxer.hikari.HikariConfig           : idleTimeout.....................600000
2026-09-12 11:53:45.779 DEBUG 16796 --- [  restartedMain] com.zaxxer.hikari.HikariConfig           : initializationFailTimeout.......1
2026-09-12 11:53:45.780 DEBUG 16796 --- [  restartedMain] com.zaxxer.hikari.HikariConfig           : isolateInternalQueries..........false
2026-09-12 11:53:45.780 DEBUG 16796 --- [  restartedMain] com.zaxxer.hikari.HikariConfig           : jdbcUrl.........................jdbc:mysql://localhost:3306/businessapp?createDatabaseIfNotExist=true&useSSL=false&serverTimezone=UTC&allowPublicKeyRetrieval=true
2026-09-12 11:53:45.781 DEBUG 16796 --- [  restartedMain] com.zaxxer.hikari.HikariConfig           : keepaliveTime...................0
2026-09-12 11:53:45.781 DEBUG 16796 --- [  restartedMain] com.zaxxer.hikari.HikariConfig           : leakDetectionThreshold..........0
2026-09-12 11:53:45.781 DEBUG 16796 --- [  restartedMain] com.zaxxer.hikari.HikariConfig           : maxLifetime.....................1800000
2026-09-12 11:53:45.781 DEBUG 16796 --- [  restartedMain] com.zaxxer.hikari.HikariConfig           : maximumPoolSize.................10
2026-09-12 11:53:45.781 DEBUG 16796 --- [  restartedMain] com.zaxxer.hikari.HikariConfig           : metricRegistry..................none
2026-09-12 11:53:45.781 DEBUG 16796 --- [  restartedMain] com.zaxxer.hikari.HikariConfig           : metricsTrackerFactory...........none
2026-09-12 11:53:45.781 DEBUG 16796 --- [  restartedMain] com.zaxxer.hikari.HikariConfig           : minimumIdle.....................5
2026-09-12 11:53:45.781 DEBUG 16796 --- [  restartedMain] com.zaxxer.hikari.HikariConfig           : password........................<masked>
2026-09-12 11:53:45.781 DEBUG 16796 --- [  restartedMain] com.zaxxer.hikari.HikariConfig           : poolName........................"BusinessAppHikariPool"
2026-09-12 11:53:45.781 DEBUG 16796 --- [  restartedMain] com.zaxxer.hikari.HikariConfig           : readOnly........................false
2026-09-12 11:53:45.783 DEBUG 16796 --- [  restartedMain] com.zaxxer.hikari.HikariConfig           : registerMbeans..................false
2026-09-12 11:53:45.783 DEBUG 16796 --- [  restartedMain] com.zaxxer.hikari.HikariConfig           : scheduledExecutor...............none
2026-09-12 11:53:45.783 DEBUG 16796 --- [  restartedMain] com.zaxxer.hikari.HikariConfig           : schema..........................none
2026-09-12 11:53:45.783 DEBUG 16796 --- [  restartedMain] com.zaxxer.hikari.HikariConfig           : threadFactory...................internal
2026-09-12 11:53:45.784 DEBUG 16796 --- [  restartedMain] com.zaxxer.hikari.HikariConfig           : transactionIsolation............default
2026-09-12 11:53:45.784 DEBUG 16796 --- [  restartedMain] com.zaxxer.hikari.HikariConfig           : username........................"root"
2026-09-12 11:53:45.784 DEBUG 16796 --- [  restartedMain] com.zaxxer.hikari.HikariConfig           : validationTimeout...............5000
2026-09-12 11:53:45.784  INFO 16796 --- [  restartedMain] com.zaxxer.hikari.HikariDataSource       : BusinessAppHikariPool - Starting...
2026-09-12 11:53:45.823  INFO 16796 --- [  restartedMain] com.zaxxer.hikari.pool.HikariPool        : BusinessAppHikariPool - Added connection com.mysql.cj.jdbc.ConnectionImpl@10ef73b1
2026-09-12 11:53:45.823  INFO 16796 --- [  restartedMain] com.zaxxer.hikari.HikariDataSource       : BusinessAppHikariPool - Start completed.
2026-09-12 11:53:46.005  INFO 16796 --- [  restartedMain] o.h.e.t.j.p.i.JtaPlatformInitiator       : HHH000489: No JTA platform available (set 'hibernate.transaction.jta.platform' to enable JTA platform integration)
2026-09-12 11:53:46.042 DEBUG 16796 --- [  restartedMain] org.hibernate.SQL                        : 
    alter table businesses 
       modify column description TEXT
2026-09-12 11:53:46.074 DEBUG 16796 --- [  restartedMain] org.hibernate.SQL                        : 
    alter table member_educations 
       modify column description TEXT
2026-09-12 11:53:46.081 DEBUG 16796 --- [  restartedMain] org.hibernate.SQL                        : 
    alter table member_experiences 
       modify column description TEXT
2026-09-12 11:53:46.090 DEBUG 16796 --- [  restartedMain] org.hibernate.SQL                        : 
    alter table members 
       modify column bio TEXT
2026-09-12 11:53:46.107 DEBUG 16796 --- [  restartedMain] org.hibernate.SQL                        : 
    alter table members 
       modify column profile_visibility enum ('CONNECTIONS_ONLY','PRIVATE','PUBLIC') not null
2026-09-12 11:53:46.130 DEBUG 16796 --- [  restartedMain] org.hibernate.SQL                        : 
    alter table members 
       modify column specialization enum ('ACCOUNTING_AUDIT','ASSET_WEALTH_MANAGEMENT','CORPORATE_FINANCE','FINTECH','INSURANCE','INVESTMENT_BANKING','OTHER','PRIVATE_EQUITY_VC','RISK_COMPLIANCE')
2026-09-12 11:53:46.148 DEBUG 16796 --- [  restartedMain] org.hibernate.SQL                        : 
    alter table opportunities 
       modify column description TEXT not null
2026-09-12 11:53:46.203 DEBUG 16796 --- [  restartedMain] org.hibernate.SQL                        : 
    alter table opportunities 
       modify column experience_level enum ('EXECUTIVE','GRADUATE','JUNIOR','MID','SENIOR') not null
2026-09-12 11:53:46.216 DEBUG 16796 --- [  restartedMain] org.hibernate.SQL                        : 
    alter table opportunities 
       modify column specialization enum ('ACCOUNTING_AUDIT','ASSET_WEALTH_MANAGEMENT','CORPORATE_FINANCE','FINTECH','INSURANCE','INVESTMENT_BANKING','OTHER','PRIVATE_EQUITY_VC','RISK_COMPLIANCE') not null
2026-09-12 11:53:46.232 DEBUG 16796 --- [  restartedMain] org.hibernate.SQL                        : 
    alter table opportunities 
       modify column status enum ('CLOSED','DRAFT','PUBLISHED') not null
2026-09-12 11:53:46.247 DEBUG 16796 --- [  restartedMain] org.hibernate.SQL                        : 
    alter table opportunities 
       modify column type enum ('CONTRACT','FULL_TIME','GIG','INTERNSHIP','PART_TIME') not null
2026-09-12 11:53:46.262 DEBUG 16796 --- [  restartedMain] org.hibernate.SQL                        : 
    alter table opportunities 
       modify column work_mode enum ('HYBRID','ONSITE','REMOTE') not null
2026-09-12 11:53:46.277 DEBUG 16796 --- [  restartedMain] org.hibernate.SQL                        : 
    alter table opportunity_qualifications 
       modify column qualification TEXT not null
2026-09-12 11:53:46.286 DEBUG 16796 --- [  restartedMain] org.hibernate.SQL                        : 
    alter table opportunity_responsibilities 
       modify column responsibility TEXT not null
2026-09-12 11:53:46.292 DEBUG 16796 --- [  restartedMain] org.hibernate.SQL                        : 
    alter table users 
       modify column role enum ('ROLE_ADMIN','ROLE_ADVISORY','ROLE_BUSINESS','ROLE_CUSTOMER','ROLE_MEMBERS') not null
2026-09-12 11:53:46.377  INFO 16796 --- [  restartedMain] j.LocalContainerEntityManagerFactoryBean : Initialized JPA EntityManagerFactory for persistence unit 'default'
2026-09-12 11:53:46.434  INFO 16796 --- [  restartedMain] o.s.b.web.servlet.RegistrationBean       : Filter disableJwtAuthFilterRegistration was not registered (disabled)
2026-09-12 11:53:46.483  INFO 16796 --- [  restartedMain] eAuthenticationProviderManagerConfigurer : Global AuthenticationManager configured with AuthenticationProvider bean with name authenticationProvider
2026-09-12 11:53:46.489  WARN 16796 --- [  restartedMain] r$InitializeUserDetailsManagerConfigurer : Global AuthenticationManager configured with an AuthenticationProvider bean. UserDetailsService beans will not be used for username/password login. Consider removing the AuthenticationProvider bean. Alternatively, consider using the UserDetailsService in a manually instantiated DaoAuthenticationProvider.
2026-09-12 11:53:46.635  INFO 16796 --- [  restartedMain] c.e.firstapp.config.AsyncConfig          : Email thread pool initialized: core=2 max=5 queue=50
2026-09-12 11:53:46.683 DEBUG 16796 --- [  restartedMain] o.s.s.web.DefaultSecurityFilterChain     : Will secure any request with filters: DisableEncodeUrlFilter, WebAsyncManagerIntegrationFilter, SecurityContextHolderFilter, HeaderWriterFilter, LogoutFilter, JwtAuthFilter, RequestCacheAwareFilter, SecurityContextHolderAwareRequestFilter, AnonymousAuthenticationFilter, SessionManagementFilter, ExceptionTranslationFilter, AuthorizationFilter
2026-09-12 11:53:46.718  INFO 16796 --- [  restartedMain] o.s.b.d.a.OptionalLiveReloadServer       : LiveReload server is running on port 35729
2026-09-12 11:53:46.727  INFO 16796 --- [  restartedMain] o.s.b.w.e.tomcat.TomcatWebServer         : Tomcat started on port 8080 (http) with context path '/'
2026-09-12 11:53:46.729  INFO 16796 --- [  restartedMain] c.e.firstapp.FirstappApplication         : Started FirstappApplication in 1.41 seconds (process running for 3308.292)
2026-09-12 11:53:46.730  INFO 16796 --- [  restartedMain] .ConditionEvaluationDeltaLoggingListener : Condition evaluation unchanged
2026-09-12 11:53:48.144  INFO 16796 --- [   File Watcher] rtingClassPathChangeChangedEventListener : Restarting due to 1 class path change (0 additions, 0 deletions, 1 modification)
2026-09-12 11:53:48.161  INFO 16796 --- [      Thread-55] j.LocalContainerEntityManagerFactoryBean : Closing JPA EntityManagerFactory for persistence unit 'default'
2026-09-12 11:53:48.162  INFO 16796 --- [      Thread-55] com.zaxxer.hikari.HikariDataSource       : BusinessAppHikariPool - Shutdown initiated...
2026-09-12 11:53:48.163  INFO 16796 --- [      Thread-55] com.zaxxer.hikari.HikariDataSource       : BusinessAppHikariPool - Shutdown completed.
2026-09-12 11:53:48.239  INFO 16796 --- [  restartedMain] c.e.firstapp.FirstappApplication         : Starting FirstappApplication using Java 25.0.3 with PID 16796 (E:\firstapp\firstapp\target\classes started by Dell in E:\firstapp\firstapp)
2026-09-12 11:53:48.240  INFO 16796 --- [  restartedMain] c.e.firstapp.FirstappApplication         : No active profile set, falling back to 1 default profile: "default"
2026-09-12 11:53:48.332  INFO 16796 --- [  restartedMain] .s.d.r.c.RepositoryConfigurationDelegate : Bootstrapping Spring Data JPA repositories in DEFAULT mode.
2026-09-12 11:53:48.350  INFO 16796 --- [  restartedMain] .s.d.r.c.RepositoryConfigurationDelegate : Finished Spring Data repository scanning in 18 ms. Found 8 JPA repository interfaces.
2026-09-12 11:53:48.404  INFO 16796 --- [  restartedMain] o.s.b.w.e.tomcat.TomcatWebServer         : Tomcat initialized with port 8080 (http)
2026-09-12 11:53:48.405  INFO 16796 --- [  restartedMain] o.a.catalina.core.StandardService        : Starting service [Tomcat]
2026-09-12 11:53:48.405  INFO 16796 --- [  restartedMain] o.a.catalina.core.StandardEngine         : Starting Servlet engine: [Apache Tomcat/10.1.42]
2026-09-12 11:53:48.436  INFO 16796 --- [  restartedMain] o.a.c.c.C.[Tomcat].[localhost].[/]       : Initializing Spring embedded WebApplicationContext
2026-09-12 11:53:48.436  INFO 16796 --- [  restartedMain] w.s.c.ServletWebServerApplicationContext : Root WebApplicationContext: initialization completed in 195 ms
2026-09-12 11:53:48.444 DEBUG 16796 --- [  restartedMain] com.zaxxer.hikari.HikariConfig           : Driver class com.mysql.cj.jdbc.Driver found in Thread context class loader TomcatEmbeddedWebappClassLoader
  context: ROOT
  delegate: true
----------> Parent Classloader:
org.springframework.boot.devtools.restart.classloader.RestartClassLoader@2e55dc16

2026-09-12 11:53:48.463  INFO 16796 --- [  restartedMain] o.h.jpa.internal.util.LogHelper          : HHH000204: Processing PersistenceUnitInfo [name: default]
2026-09-12 11:53:48.466  INFO 16796 --- [  restartedMain] o.h.c.i.RegionFactoryInitiator           : HHH000026: Second-level cache disabled
2026-09-12 11:53:48.473  INFO 16796 --- [  restartedMain] o.s.o.j.p.SpringPersistenceUnitInfo      : No LoadTimeWeaver setup: ignoring JPA class transformer
2026-09-12 11:53:48.474 DEBUG 16796 --- [  restartedMain] com.zaxxer.hikari.HikariConfig           : BusinessAppHikariPool - configuration:
2026-09-12 11:53:48.478 DEBUG 16796 --- [  restartedMain] com.zaxxer.hikari.HikariConfig           : allowPoolSuspension.............false
2026-09-12 11:53:48.479 DEBUG 16796 --- [  restartedMain] com.zaxxer.hikari.HikariConfig           : autoCommit......................true
2026-09-12 11:53:48.479 DEBUG 16796 --- [  restartedMain] com.zaxxer.hikari.HikariConfig           : catalog.........................none
2026-09-12 11:53:48.480 DEBUG 16796 --- [  restartedMain] com.zaxxer.hikari.HikariConfig           : connectionInitSql...............none
2026-09-12 11:53:48.480 DEBUG 16796 --- [  restartedMain] com.zaxxer.hikari.HikariConfig           : connectionTestQuery............."SELECT 1"
2026-09-12 11:53:48.481 DEBUG 16796 --- [  restartedMain] com.zaxxer.hikari.HikariConfig           : connectionTimeout...............20000
2026-09-12 11:53:48.481 DEBUG 16796 --- [  restartedMain] com.zaxxer.hikari.HikariConfig           : dataSource......................none
2026-09-12 11:53:48.481 DEBUG 16796 --- [  restartedMain] com.zaxxer.hikari.HikariConfig           : dataSourceClassName.............none
2026-09-12 11:53:48.481 DEBUG 16796 --- [  restartedMain] com.zaxxer.hikari.HikariConfig           : dataSourceJNDI..................none
2026-09-12 11:53:48.482 DEBUG 16796 --- [  restartedMain] com.zaxxer.hikari.HikariConfig           : dataSourceProperties............{password=<masked>}
2026-09-12 11:53:48.482 DEBUG 16796 --- [  restartedMain] com.zaxxer.hikari.HikariConfig           : driverClassName................."com.mysql.cj.jdbc.Driver"
2026-09-12 11:53:48.483 DEBUG 16796 --- [  restartedMain] com.zaxxer.hikari.HikariConfig           : exceptionOverrideClassName......none
2026-09-12 11:53:48.483 DEBUG 16796 --- [  restartedMain] com.zaxxer.hikari.HikariConfig           : healthCheckProperties...........{}
2026-09-12 11:53:48.483 DEBUG 16796 --- [  restartedMain] com.zaxxer.hikari.HikariConfig           : healthCheckRegistry.............none
2026-09-12 11:53:48.483 DEBUG 16796 --- [  restartedMain] com.zaxxer.hikari.HikariConfig           : idleTimeout.....................600000
2026-09-12 11:53:48.483 DEBUG 16796 --- [  restartedMain] com.zaxxer.hikari.HikariConfig           : initializationFailTimeout.......1
2026-09-12 11:53:48.484 DEBUG 16796 --- [  restartedMain] com.zaxxer.hikari.HikariConfig           : isolateInternalQueries..........false
2026-09-12 11:53:48.484 DEBUG 16796 --- [  restartedMain] com.zaxxer.hikari.HikariConfig           : jdbcUrl.........................jdbc:mysql://localhost:3306/businessapp?createDatabaseIfNotExist=true&useSSL=false&serverTimezone=UTC&allowPublicKeyRetrieval=true
2026-09-12 11:53:48.484 DEBUG 16796 --- [  restartedMain] com.zaxxer.hikari.HikariConfig           : keepaliveTime...................0
2026-09-12 11:53:48.484 DEBUG 16796 --- [  restartedMain] com.zaxxer.hikari.HikariConfig           : leakDetectionThreshold..........0
2026-09-12 11:53:48.484 DEBUG 16796 --- [  restartedMain] com.zaxxer.hikari.HikariConfig           : maxLifetime.....................1800000
2026-09-12 11:53:48.484 DEBUG 16796 --- [  restartedMain] com.zaxxer.hikari.HikariConfig           : maximumPoolSize.................10
2026-09-12 11:53:48.484 DEBUG 16796 --- [  restartedMain] com.zaxxer.hikari.HikariConfig           : metricRegistry..................none
2026-09-12 11:53:48.484 DEBUG 16796 --- [  restartedMain] com.zaxxer.hikari.HikariConfig           : metricsTrackerFactory...........none
2026-09-12 11:53:48.485 DEBUG 16796 --- [  restartedMain] com.zaxxer.hikari.HikariConfig           : minimumIdle.....................5
2026-09-12 11:53:48.485 DEBUG 16796 --- [  restartedMain] com.zaxxer.hikari.HikariConfig           : password........................<masked>
2026-09-12 11:53:48.485 DEBUG 16796 --- [  restartedMain] com.zaxxer.hikari.HikariConfig           : poolName........................"BusinessAppHikariPool"
2026-09-12 11:53:48.485 DEBUG 16796 --- [  restartedMain] com.zaxxer.hikari.HikariConfig           : readOnly........................false
2026-09-12 11:53:48.486 DEBUG 16796 --- [  restartedMain] com.zaxxer.hikari.HikariConfig           : registerMbeans..................false
2026-09-12 11:53:48.486 DEBUG 16796 --- [  restartedMain] com.zaxxer.hikari.HikariConfig           : scheduledExecutor...............none
2026-09-12 11:53:48.487 DEBUG 16796 --- [  restartedMain] com.zaxxer.hikari.HikariConfig           : schema..........................none
2026-09-12 11:53:48.487 DEBUG 16796 --- [  restartedMain] com.zaxxer.hikari.HikariConfig           : threadFactory...................internal
2026-09-12 11:53:48.487 DEBUG 16796 --- [  restartedMain] com.zaxxer.hikari.HikariConfig           : transactionIsolation............default
2026-09-12 11:53:48.487 DEBUG 16796 --- [  restartedMain] com.zaxxer.hikari.HikariConfig           : username........................"root"
2026-09-12 11:53:48.487 DEBUG 16796 --- [  restartedMain] com.zaxxer.hikari.HikariConfig           : validationTimeout...............5000
2026-09-12 11:53:48.487  INFO 16796 --- [  restartedMain] com.zaxxer.hikari.HikariDataSource       : BusinessAppHikariPool - Starting...
2026-09-12 11:53:48.493  INFO 16796 --- [  restartedMain] com.zaxxer.hikari.pool.HikariPool        : BusinessAppHikariPool - Added connection com.mysql.cj.jdbc.ConnectionImpl@56dd6b2b
2026-09-12 11:53:48.494  INFO 16796 --- [  restartedMain] com.zaxxer.hikari.HikariDataSource       : BusinessAppHikariPool - Start completed.
2026-09-12 11:53:48.685  INFO 16796 --- [  restartedMain] o.h.e.t.j.p.i.JtaPlatformInitiator       : HHH000489: No JTA platform available (set 'hibernate.transaction.jta.platform' to enable JTA platform integration)
2026-09-12 11:53:48.702 DEBUG 16796 --- [  restartedMain] org.hibernate.SQL                        : 
    alter table businesses 
       modify column description TEXT
2026-09-12 11:53:48.721 DEBUG 16796 --- [  restartedMain] org.hibernate.SQL                        : 
    alter table member_educations 
       modify column description TEXT
2026-09-12 11:53:48.737 DEBUG 16796 --- [  restartedMain] org.hibernate.SQL                        : 
    alter table member_experiences 
       modify column description TEXT
2026-09-12 11:53:48.749 DEBUG 16796 --- [  restartedMain] org.hibernate.SQL                        : 
    alter table members 
       modify column bio TEXT
2026-09-12 11:53:48.765 DEBUG 16796 --- [  restartedMain] org.hibernate.SQL                        : 
    alter table members 
       modify column profile_visibility enum ('CONNECTIONS_ONLY','PRIVATE','PUBLIC') not null
2026-09-12 11:53:48.785 DEBUG 16796 --- [  restartedMain] org.hibernate.SQL                        : 
    alter table members 
       modify column specialization enum ('ACCOUNTING_AUDIT','ASSET_WEALTH_MANAGEMENT','CORPORATE_FINANCE','FINTECH','INSURANCE','INVESTMENT_BANKING','OTHER','PRIVATE_EQUITY_VC','RISK_COMPLIANCE')
2026-09-12 11:53:48.801 DEBUG 16796 --- [  restartedMain] org.hibernate.SQL                        : 
    alter table opportunities 
       modify column description TEXT not null
2026-09-12 11:53:48.817 DEBUG 16796 --- [  restartedMain] org.hibernate.SQL                        : 
    alter table opportunities 
       modify column experience_level enum ('EXECUTIVE','GRADUATE','JUNIOR','MID','SENIOR') not null
2026-09-12 11:53:48.833 DEBUG 16796 --- [  restartedMain] org.hibernate.SQL                        : 
    alter table opportunities 
       modify column specialization enum ('ACCOUNTING_AUDIT','ASSET_WEALTH_MANAGEMENT','CORPORATE_FINANCE','FINTECH','INSURANCE','INVESTMENT_BANKING','OTHER','PRIVATE_EQUITY_VC','RISK_COMPLIANCE') not null
2026-09-12 11:53:48.846 DEBUG 16796 --- [  restartedMain] org.hibernate.SQL                        : 
    alter table opportunities 
       modify column status enum ('CLOSED','DRAFT','PUBLISHED') not null
2026-09-12 11:53:48.858 DEBUG 16796 --- [  restartedMain] org.hibernate.SQL                        : 
    alter table opportunities 
       modify column type enum ('CONTRACT','FULL_TIME','GIG','INTERNSHIP','PART_TIME') not null
2026-09-12 11:53:48.872 DEBUG 16796 --- [  restartedMain] org.hibernate.SQL                        : 
    alter table opportunities 
       modify column work_mode enum ('HYBRID','ONSITE','REMOTE') not null
2026-09-12 11:53:48.887 DEBUG 16796 --- [  restartedMain] org.hibernate.SQL                        : 
    alter table opportunity_qualifications 
       modify column qualification TEXT not null
2026-09-12 11:53:48.896 DEBUG 16796 --- [  restartedMain] org.hibernate.SQL                        : 
    alter table opportunity_responsibilities 
       modify column responsibility TEXT not null
2026-09-12 11:53:48.902 DEBUG 16796 --- [  restartedMain] org.hibernate.SQL                        : 
    alter table users 
       modify column role enum ('ROLE_ADMIN','ROLE_ADVISORY','ROLE_BUSINESS','ROLE_CUSTOMER','ROLE_MEMBERS') not null
2026-09-12 11:53:48.967  INFO 16796 --- [  restartedMain] j.LocalContainerEntityManagerFactoryBean : Initialized JPA EntityManagerFactory for persistence unit 'default'
2026-09-12 11:53:49.027  INFO 16796 --- [  restartedMain] o.s.b.web.servlet.RegistrationBean       : Filter disableJwtAuthFilterRegistration was not registered (disabled)
2026-09-12 11:53:49.057  INFO 16796 --- [  restartedMain] eAuthenticationProviderManagerConfigurer : Global AuthenticationManager configured with AuthenticationProvider bean with name authenticationProvider
2026-09-12 11:53:49.059  WARN 16796 --- [  restartedMain] r$InitializeUserDetailsManagerConfigurer : Global AuthenticationManager configured with an AuthenticationProvider bean. UserDetailsService beans will not be used for username/password login. Consider removing the AuthenticationProvider bean. Alternatively, consider using the UserDetailsService in a manually instantiated DaoAuthenticationProvider.
2026-09-12 11:53:49.167  INFO 16796 --- [  restartedMain] c.e.firstapp.config.AsyncConfig          : Email thread pool initialized: core=2 max=5 queue=50
2026-09-12 11:53:49.206 DEBUG 16796 --- [  restartedMain] o.s.s.web.DefaultSecurityFilterChain     : Will secure any request with filters: DisableEncodeUrlFilter, WebAsyncManagerIntegrationFilter, SecurityContextHolderFilter, HeaderWriterFilter, LogoutFilter, JwtAuthFilter, RequestCacheAwareFilter, SecurityContextHolderAwareRequestFilter, AnonymousAuthenticationFilter, SessionManagementFilter, ExceptionTranslationFilter, AuthorizationFilter
2026-09-12 11:53:49.246  INFO 16796 --- [  restartedMain] o.s.b.d.a.OptionalLiveReloadServer       : LiveReload server is running on port 35729
2026-09-12 11:53:49.260  INFO 16796 --- [  restartedMain] o.s.b.w.e.tomcat.TomcatWebServer         : Tomcat started on port 8080 (http) with context path '/'
2026-09-12 11:53:49.262  INFO 16796 --- [  restartedMain] c.e.firstapp.FirstappApplication         : Started FirstappApplication in 1.041 seconds (process running for 3310.826)
2026-09-12 11:53:49.263  INFO 16796 --- [  restartedMain] .ConditionEvaluationDeltaLoggingListener : Condition evaluation unchanged
2026-09-12 11:55:19.762  INFO 16796 --- [   File Watcher] rtingClassPathChangeChangedEventListener : Restarting due to 1 class path change (0 additions, 0 deletions, 1 modification)
2026-09-12 11:55:19.778  INFO 16796 --- [      Thread-59] j.LocalContainerEntityManagerFactoryBean : Closing JPA EntityManagerFactory for persistence unit 'default'
2026-09-12 11:55:19.778  INFO 16796 --- [      Thread-59] com.zaxxer.hikari.HikariDataSource       : BusinessAppHikariPool - Shutdown initiated...
2026-09-12 11:55:19.780  INFO 16796 --- [      Thread-59] com.zaxxer.hikari.HikariDataSource       : BusinessAppHikariPool - Shutdown completed.
2026-09-12 11:55:19.858  INFO 16796 --- [  restartedMain] c.e.firstapp.FirstappApplication         : Starting FirstappApplication using Java 25.0.3 with PID 16796 (E:\firstapp\firstapp\target\classes started by Dell in E:\firstapp\firstapp)
2026-09-12 11:55:19.860  INFO 16796 --- [  restartedMain] c.e.firstapp.FirstappApplication         : No active profile set, falling back to 1 default profile: "default"
2026-09-12 11:55:20.003  INFO 16796 --- [  restartedMain] .s.d.r.c.RepositoryConfigurationDelegate : Bootstrapping Spring Data JPA repositories in DEFAULT mode.
2026-09-12 11:55:20.031  INFO 16796 --- [  restartedMain] .s.d.r.c.RepositoryConfigurationDelegate : Finished Spring Data repository scanning in 27 ms. Found 8 JPA repository interfaces.
2026-09-12 11:55:20.089  INFO 16796 --- [  restartedMain] o.s.b.w.e.tomcat.TomcatWebServer         : Tomcat initialized with port 8080 (http)
2026-09-12 11:55:20.089  INFO 16796 --- [  restartedMain] o.a.catalina.core.StandardService        : Starting service [Tomcat]
2026-09-12 11:55:20.090  INFO 16796 --- [  restartedMain] o.a.catalina.core.StandardEngine         : Starting Servlet engine: [Apache Tomcat/10.1.42]
2026-09-12 11:55:20.117  INFO 16796 --- [  restartedMain] o.a.c.c.C.[Tomcat].[localhost].[/]       : Initializing Spring embedded WebApplicationContext
2026-09-12 11:55:20.117  INFO 16796 --- [  restartedMain] w.s.c.ServletWebServerApplicationContext : Root WebApplicationContext: initialization completed in 256 ms
2026-09-12 11:55:20.124 DEBUG 16796 --- [  restartedMain] com.zaxxer.hikari.HikariConfig           : Driver class com.mysql.cj.jdbc.Driver found in Thread context class loader TomcatEmbeddedWebappClassLoader
  context: ROOT
  delegate: true
----------> Parent Classloader:
org.springframework.boot.devtools.restart.classloader.RestartClassLoader@3b02038d

2026-09-12 11:55:20.138  INFO 16796 --- [  restartedMain] o.h.jpa.internal.util.LogHelper          : HHH000204: Processing PersistenceUnitInfo [name: default]
2026-09-12 11:55:20.139  INFO 16796 --- [  restartedMain] o.h.c.i.RegionFactoryInitiator           : HHH000026: Second-level cache disabled
2026-09-12 11:55:20.144  INFO 16796 --- [  restartedMain] o.s.o.j.p.SpringPersistenceUnitInfo      : No LoadTimeWeaver setup: ignoring JPA class transformer
2026-09-12 11:55:20.145 DEBUG 16796 --- [  restartedMain] com.zaxxer.hikari.HikariConfig           : BusinessAppHikariPool - configuration:
2026-09-12 11:55:20.145 DEBUG 16796 --- [  restartedMain] com.zaxxer.hikari.HikariConfig           : allowPoolSuspension.............false
2026-09-12 11:55:20.145 DEBUG 16796 --- [  restartedMain] com.zaxxer.hikari.HikariConfig           : autoCommit......................true
2026-09-12 11:55:20.146 DEBUG 16796 --- [  restartedMain] com.zaxxer.hikari.HikariConfig           : catalog.........................none
2026-09-12 11:55:20.146 DEBUG 16796 --- [  restartedMain] com.zaxxer.hikari.HikariConfig           : connectionInitSql...............none
2026-09-12 11:55:20.146 DEBUG 16796 --- [  restartedMain] com.zaxxer.hikari.HikariConfig           : connectionTestQuery............."SELECT 1"
2026-09-12 11:55:20.146 DEBUG 16796 --- [  restartedMain] com.zaxxer.hikari.HikariConfig           : connectionTimeout...............20000
2026-09-12 11:55:20.146 DEBUG 16796 --- [  restartedMain] com.zaxxer.hikari.HikariConfig           : dataSource......................none
2026-09-12 11:55:20.146 DEBUG 16796 --- [  restartedMain] com.zaxxer.hikari.HikariConfig           : dataSourceClassName.............none
2026-09-12 11:55:20.146 DEBUG 16796 --- [  restartedMain] com.zaxxer.hikari.HikariConfig           : dataSourceJNDI..................none
2026-09-12 11:55:20.146 DEBUG 16796 --- [  restartedMain] com.zaxxer.hikari.HikariConfig           : dataSourceProperties............{password=<masked>}
2026-09-12 11:55:20.146 DEBUG 16796 --- [  restartedMain] com.zaxxer.hikari.HikariConfig           : driverClassName................."com.mysql.cj.jdbc.Driver"
2026-09-12 11:55:20.146 DEBUG 16796 --- [  restartedMain] com.zaxxer.hikari.HikariConfig           : exceptionOverrideClassName......none
2026-09-12 11:55:20.146 DEBUG 16796 --- [  restartedMain] com.zaxxer.hikari.HikariConfig           : healthCheckProperties...........{}
2026-09-12 11:55:20.147 DEBUG 16796 --- [  restartedMain] com.zaxxer.hikari.HikariConfig           : healthCheckRegistry.............none
2026-09-12 11:55:20.147 DEBUG 16796 --- [  restartedMain] com.zaxxer.hikari.HikariConfig           : idleTimeout.....................600000
2026-09-12 11:55:20.147 DEBUG 16796 --- [  restartedMain] com.zaxxer.hikari.HikariConfig           : initializationFailTimeout.......1
2026-09-12 11:55:20.147 DEBUG 16796 --- [  restartedMain] com.zaxxer.hikari.HikariConfig           : isolateInternalQueries..........false
2026-09-12 11:55:20.147 DEBUG 16796 --- [  restartedMain] com.zaxxer.hikari.HikariConfig           : jdbcUrl.........................jdbc:mysql://localhost:3306/businessapp?createDatabaseIfNotExist=true&useSSL=false&serverTimezone=UTC&allowPublicKeyRetrieval=true
2026-09-12 11:55:20.147 DEBUG 16796 --- [  restartedMain] com.zaxxer.hikari.HikariConfig           : keepaliveTime...................0
2026-09-12 11:55:20.147 DEBUG 16796 --- [  restartedMain] com.zaxxer.hikari.HikariConfig           : leakDetectionThreshold..........0
2026-09-12 11:55:20.147 DEBUG 16796 --- [  restartedMain] com.zaxxer.hikari.HikariConfig           : maxLifetime.....................1800000
2026-09-12 11:55:20.147 DEBUG 16796 --- [  restartedMain] com.zaxxer.hikari.HikariConfig           : maximumPoolSize.................10
2026-09-12 11:55:20.147 DEBUG 16796 --- [  restartedMain] com.zaxxer.hikari.HikariConfig           : metricRegistry..................none
2026-09-12 11:55:20.147 DEBUG 16796 --- [  restartedMain] com.zaxxer.hikari.HikariConfig           : metricsTrackerFactory...........none
2026-09-12 11:55:20.147 DEBUG 16796 --- [  restartedMain] com.zaxxer.hikari.HikariConfig           : minimumIdle.....................5
2026-09-12 11:55:20.147 DEBUG 16796 --- [  restartedMain] com.zaxxer.hikari.HikariConfig           : password........................<masked>
2026-09-12 11:55:20.147 DEBUG 16796 --- [  restartedMain] com.zaxxer.hikari.HikariConfig           : poolName........................"BusinessAppHikariPool"
2026-09-12 11:55:20.148 DEBUG 16796 --- [  restartedMain] com.zaxxer.hikari.HikariConfig           : readOnly........................false
2026-09-12 11:55:20.148 DEBUG 16796 --- [  restartedMain] com.zaxxer.hikari.HikariConfig           : registerMbeans..................false
2026-09-12 11:55:20.148 DEBUG 16796 --- [  restartedMain] com.zaxxer.hikari.HikariConfig           : scheduledExecutor...............none
2026-09-12 11:55:20.148 DEBUG 16796 --- [  restartedMain] com.zaxxer.hikari.HikariConfig           : schema..........................none
2026-09-12 11:55:20.148 DEBUG 16796 --- [  restartedMain] com.zaxxer.hikari.HikariConfig           : threadFactory...................internal
2026-09-12 11:55:20.148 DEBUG 16796 --- [  restartedMain] com.zaxxer.hikari.HikariConfig           : transactionIsolation............default
2026-09-12 11:55:20.148 DEBUG 16796 --- [  restartedMain] com.zaxxer.hikari.HikariConfig           : username........................"root"
2026-09-12 11:55:20.148 DEBUG 16796 --- [  restartedMain] com.zaxxer.hikari.HikariConfig           : validationTimeout...............5000
2026-09-12 11:55:20.148  INFO 16796 --- [  restartedMain] com.zaxxer.hikari.HikariDataSource       : BusinessAppHikariPool - Starting...
2026-09-12 11:55:20.156  INFO 16796 --- [  restartedMain] com.zaxxer.hikari.pool.HikariPool        : BusinessAppHikariPool - Added connection com.mysql.cj.jdbc.ConnectionImpl@1bc1b76d
2026-09-12 11:55:20.157  INFO 16796 --- [  restartedMain] com.zaxxer.hikari.HikariDataSource       : BusinessAppHikariPool - Start completed.
2026-09-12 11:55:20.327  INFO 16796 --- [  restartedMain] o.h.e.t.j.p.i.JtaPlatformInitiator       : HHH000489: No JTA platform available (set 'hibernate.transaction.jta.platform' to enable JTA platform integration)
2026-09-12 11:55:20.351 DEBUG 16796 --- [  restartedMain] org.hibernate.SQL                        : 
    alter table businesses 
       modify column description TEXT
2026-09-12 11:55:20.385 DEBUG 16796 --- [  restartedMain] org.hibernate.SQL                        : 
    alter table member_educations 
       modify column description TEXT
2026-09-12 11:55:20.401 DEBUG 16796 --- [  restartedMain] org.hibernate.SQL                        : 
    alter table member_experiences 
       modify column description TEXT
2026-09-12 11:55:20.414 DEBUG 16796 --- [  restartedMain] org.hibernate.SQL                        : 
    alter table members 
       modify column bio TEXT
2026-09-12 11:55:20.436 DEBUG 16796 --- [  restartedMain] org.hibernate.SQL                        : 
    alter table members 
       modify column profile_visibility enum ('CONNECTIONS_ONLY','PRIVATE','PUBLIC') not null
2026-09-12 11:55:20.455 DEBUG 16796 --- [  restartedMain] org.hibernate.SQL                        : 
    alter table members 
       modify column specialization enum ('ACCOUNTING_AUDIT','ASSET_WEALTH_MANAGEMENT','CORPORATE_FINANCE','FINTECH','INSURANCE','INVESTMENT_BANKING','OTHER','PRIVATE_EQUITY_VC','RISK_COMPLIANCE')
2026-09-12 11:55:20.477 DEBUG 16796 --- [  restartedMain] org.hibernate.SQL                        : 
    alter table opportunities 
       modify column description TEXT not null
2026-09-12 11:55:20.500 DEBUG 16796 --- [  restartedMain] org.hibernate.SQL                        : 
    alter table opportunities 
       modify column experience_level enum ('EXECUTIVE','GRADUATE','JUNIOR','MID','SENIOR') not null
2026-09-12 11:55:20.516 DEBUG 16796 --- [  restartedMain] org.hibernate.SQL                        : 
    alter table opportunities 
       modify column specialization enum ('ACCOUNTING_AUDIT','ASSET_WEALTH_MANAGEMENT','CORPORATE_FINANCE','FINTECH','INSURANCE','INVESTMENT_BANKING','OTHER','PRIVATE_EQUITY_VC','RISK_COMPLIANCE') not null
2026-09-12 11:55:20.532 DEBUG 16796 --- [  restartedMain] org.hibernate.SQL                        : 
    alter table opportunities 
       modify column status enum ('CLOSED','DRAFT','PUBLISHED') not null
2026-09-12 11:55:20.546 DEBUG 16796 --- [  restartedMain] org.hibernate.SQL                        : 
    alter table opportunities 
       modify column type enum ('CONTRACT','FULL_TIME','GIG','INTERNSHIP','PART_TIME') not null
2026-09-12 11:55:20.562 DEBUG 16796 --- [  restartedMain] org.hibernate.SQL                        : 
    alter table opportunities 
       modify column work_mode enum ('HYBRID','ONSITE','REMOTE') not null
2026-09-12 11:55:20.583 DEBUG 16796 --- [  restartedMain] org.hibernate.SQL                        : 
    alter table opportunity_qualifications 
       modify column qualification TEXT not null
2026-09-12 11:55:20.590 DEBUG 16796 --- [  restartedMain] org.hibernate.SQL                        : 
    alter table opportunity_responsibilities 
       modify column responsibility TEXT not null
2026-09-12 11:55:20.598 DEBUG 16796 --- [  restartedMain] org.hibernate.SQL                        : 
    alter table users 
       modify column role enum ('ROLE_ADMIN','ROLE_ADVISORY','ROLE_BUSINESS','ROLE_CUSTOMER','ROLE_MEMBERS') not null
2026-09-12 11:55:20.686  INFO 16796 --- [  restartedMain] j.LocalContainerEntityManagerFactoryBean : Initialized JPA EntityManagerFactory for persistence unit 'default'
2026-09-12 11:55:20.753  INFO 16796 --- [  restartedMain] o.s.b.web.servlet.RegistrationBean       : Filter disableJwtAuthFilterRegistration was not registered (disabled)
2026-09-12 11:55:20.797  INFO 16796 --- [  restartedMain] eAuthenticationProviderManagerConfigurer : Global AuthenticationManager configured with AuthenticationProvider bean with name authenticationProvider
2026-09-12 11:55:20.798  WARN 16796 --- [  restartedMain] r$InitializeUserDetailsManagerConfigurer : Global AuthenticationManager configured with an AuthenticationProvider bean. UserDetailsService beans will not be used for username/password login. Consider removing the AuthenticationProvider bean. Alternatively, consider using the UserDetailsService in a manually instantiated DaoAuthenticationProvider.
2026-09-12 11:55:20.971  INFO 16796 --- [  restartedMain] c.e.firstapp.config.AsyncConfig          : Email thread pool initialized: core=2 max=5 queue=50
2026-09-12 11:55:21.016 DEBUG 16796 --- [  restartedMain] o.s.s.web.DefaultSecurityFilterChain     : Will secure any request with filters: DisableEncodeUrlFilter, WebAsyncManagerIntegrationFilter, SecurityContextHolderFilter, HeaderWriterFilter, LogoutFilter, JwtAuthFilter, RequestCacheAwareFilter, SecurityContextHolderAwareRequestFilter, AnonymousAuthenticationFilter, SessionManagementFilter, ExceptionTranslationFilter, AuthorizationFilter
2026-09-12 11:55:21.057  INFO 16796 --- [  restartedMain] o.s.b.d.a.OptionalLiveReloadServer       : LiveReload server is running on port 35729
2026-09-12 11:55:21.066  INFO 16796 --- [  restartedMain] o.s.b.w.e.tomcat.TomcatWebServer         : Tomcat started on port 8080 (http) with context path '/'
2026-09-12 11:55:21.068  INFO 16796 --- [  restartedMain] c.e.firstapp.FirstappApplication         : Started FirstappApplication in 1.224 seconds (process running for 3402.632)
2026-09-12 11:55:21.069  INFO 16796 --- [  restartedMain] .ConditionEvaluationDeltaLoggingListener : Condition evaluation unchanged
2026-09-12 11:55:22.480  INFO 16796 --- [   File Watcher] rtingClassPathChangeChangedEventListener : Restarting due to 1 class path change (0 additions, 0 deletions, 1 modification)
2026-09-12 11:55:22.494  INFO 16796 --- [      Thread-63] j.LocalContainerEntityManagerFactoryBean : Closing JPA EntityManagerFactory for persistence unit 'default'
2026-09-12 11:55:22.495  INFO 16796 --- [      Thread-63] com.zaxxer.hikari.HikariDataSource       : BusinessAppHikariPool - Shutdown initiated...
2026-09-12 11:55:22.496  INFO 16796 --- [      Thread-63] com.zaxxer.hikari.HikariDataSource       : BusinessAppHikariPool - Shutdown completed.
2026-09-12 11:55:22.567  INFO 16796 --- [  restartedMain] c.e.firstapp.FirstappApplication         : Starting FirstappApplication using Java 25.0.3 with PID 16796 (E:\firstapp\firstapp\target\classes started by Dell in E:\firstapp\firstapp)
2026-09-12 11:55:22.569  INFO 16796 --- [  restartedMain] c.e.firstapp.FirstappApplication         : No active profile set, falling back to 1 default profile: "default"
2026-09-12 11:55:22.697  INFO 16796 --- [  restartedMain] .s.d.r.c.RepositoryConfigurationDelegate : Bootstrapping Spring Data JPA repositories in DEFAULT mode.
2026-09-12 11:55:22.724  INFO 16796 --- [  restartedMain] .s.d.r.c.RepositoryConfigurationDelegate : Finished Spring Data repository scanning in 25 ms. Found 8 JPA repository interfaces.
2026-09-12 11:55:22.783  INFO 16796 --- [  restartedMain] o.s.b.w.e.tomcat.TomcatWebServer         : Tomcat initialized with port 8080 (http)
2026-09-12 11:55:22.784  INFO 16796 --- [  restartedMain] o.a.catalina.core.StandardService        : Starting service [Tomcat]
2026-09-12 11:55:22.784  INFO 16796 --- [  restartedMain] o.a.catalina.core.StandardEngine         : Starting Servlet engine: [Apache Tomcat/10.1.42]
2026-09-12 11:55:22.815  INFO 16796 --- [  restartedMain] o.a.c.c.C.[Tomcat].[localhost].[/]       : Initializing Spring embedded WebApplicationContext
2026-09-12 11:55:22.815  INFO 16796 --- [  restartedMain] w.s.c.ServletWebServerApplicationContext : Root WebApplicationContext: initialization completed in 246 ms
2026-09-12 11:55:22.822 DEBUG 16796 --- [  restartedMain] com.zaxxer.hikari.HikariConfig           : Driver class com.mysql.cj.jdbc.Driver found in Thread context class loader TomcatEmbeddedWebappClassLoader
  context: ROOT
  delegate: true
----------> Parent Classloader:
org.springframework.boot.devtools.restart.classloader.RestartClassLoader@13054417

2026-09-12 11:55:22.837  INFO 16796 --- [  restartedMain] o.h.jpa.internal.util.LogHelper          : HHH000204: Processing PersistenceUnitInfo [name: default]
2026-09-12 11:55:22.838  INFO 16796 --- [  restartedMain] o.h.c.i.RegionFactoryInitiator           : HHH000026: Second-level cache disabled
2026-09-12 11:55:22.843  INFO 16796 --- [  restartedMain] o.s.o.j.p.SpringPersistenceUnitInfo      : No LoadTimeWeaver setup: ignoring JPA class transformer
2026-09-12 11:55:22.845 DEBUG 16796 --- [  restartedMain] com.zaxxer.hikari.HikariConfig           : BusinessAppHikariPool - configuration:
2026-09-12 11:55:22.845 DEBUG 16796 --- [  restartedMain] com.zaxxer.hikari.HikariConfig           : allowPoolSuspension.............false
2026-09-12 11:55:22.845 DEBUG 16796 --- [  restartedMain] com.zaxxer.hikari.HikariConfig           : autoCommit......................true
2026-09-12 11:55:22.845 DEBUG 16796 --- [  restartedMain] com.zaxxer.hikari.HikariConfig           : catalog.........................none
2026-09-12 11:55:22.845 DEBUG 16796 --- [  restartedMain] com.zaxxer.hikari.HikariConfig           : connectionInitSql...............none
2026-09-12 11:55:22.845 DEBUG 16796 --- [  restartedMain] com.zaxxer.hikari.HikariConfig           : connectionTestQuery............."SELECT 1"
2026-09-12 11:55:22.845 DEBUG 16796 --- [  restartedMain] com.zaxxer.hikari.HikariConfig           : connectionTimeout...............20000
2026-09-12 11:55:22.845 DEBUG 16796 --- [  restartedMain] com.zaxxer.hikari.HikariConfig           : dataSource......................none
2026-09-12 11:55:22.846 DEBUG 16796 --- [  restartedMain] com.zaxxer.hikari.HikariConfig           : dataSourceClassName.............none
2026-09-12 11:55:22.846 DEBUG 16796 --- [  restartedMain] com.zaxxer.hikari.HikariConfig           : dataSourceJNDI..................none
2026-09-12 11:55:22.846 DEBUG 16796 --- [  restartedMain] com.zaxxer.hikari.HikariConfig           : dataSourceProperties............{password=<masked>}
2026-09-12 11:55:22.846 DEBUG 16796 --- [  restartedMain] com.zaxxer.hikari.HikariConfig           : driverClassName................."com.mysql.cj.jdbc.Driver"
2026-09-12 11:55:22.846 DEBUG 16796 --- [  restartedMain] com.zaxxer.hikari.HikariConfig           : exceptionOverrideClassName......none
2026-09-12 11:55:22.846 DEBUG 16796 --- [  restartedMain] com.zaxxer.hikari.HikariConfig           : healthCheckProperties...........{}
2026-09-12 11:55:22.846 DEBUG 16796 --- [  restartedMain] com.zaxxer.hikari.HikariConfig           : healthCheckRegistry.............none
2026-09-12 11:55:22.846 DEBUG 16796 --- [  restartedMain] com.zaxxer.hikari.HikariConfig           : idleTimeout.....................600000
2026-09-12 11:55:22.846 DEBUG 16796 --- [  restartedMain] com.zaxxer.hikari.HikariConfig           : initializationFailTimeout.......1
2026-09-12 11:55:22.846 DEBUG 16796 --- [  restartedMain] com.zaxxer.hikari.HikariConfig           : isolateInternalQueries..........false
2026-09-12 11:55:22.846 DEBUG 16796 --- [  restartedMain] com.zaxxer.hikari.HikariConfig           : jdbcUrl.........................jdbc:mysql://localhost:3306/businessapp?createDatabaseIfNotExist=true&useSSL=false&serverTimezone=UTC&allowPublicKeyRetrieval=true
2026-09-12 11:55:22.846 DEBUG 16796 --- [  restartedMain] com.zaxxer.hikari.HikariConfig           : keepaliveTime...................0
2026-09-12 11:55:22.847 DEBUG 16796 --- [  restartedMain] com.zaxxer.hikari.HikariConfig           : leakDetectionThreshold..........0
2026-09-12 11:55:22.847 DEBUG 16796 --- [  restartedMain] com.zaxxer.hikari.HikariConfig           : maxLifetime.....................1800000
2026-09-12 11:55:22.847 DEBUG 16796 --- [  restartedMain] com.zaxxer.hikari.HikariConfig           : maximumPoolSize.................10
2026-09-12 11:55:22.847 DEBUG 16796 --- [  restartedMain] com.zaxxer.hikari.HikariConfig           : metricRegistry..................none
2026-09-12 11:55:22.847 DEBUG 16796 --- [  restartedMain] com.zaxxer.hikari.HikariConfig           : metricsTrackerFactory...........none
2026-09-12 11:55:22.847 DEBUG 16796 --- [  restartedMain] com.zaxxer.hikari.HikariConfig           : minimumIdle.....................5
2026-09-12 11:55:22.847 DEBUG 16796 --- [  restartedMain] com.zaxxer.hikari.HikariConfig           : password........................<masked>
2026-09-12 11:55:22.847 DEBUG 16796 --- [  restartedMain] com.zaxxer.hikari.HikariConfig           : poolName........................"BusinessAppHikariPool"
2026-09-12 11:55:22.847 DEBUG 16796 --- [  restartedMain] com.zaxxer.hikari.HikariConfig           : readOnly........................false
2026-09-12 11:55:22.848 DEBUG 16796 --- [  restartedMain] com.zaxxer.hikari.HikariConfig           : registerMbeans..................false
2026-09-12 11:55:22.848 DEBUG 16796 --- [  restartedMain] com.zaxxer.hikari.HikariConfig           : scheduledExecutor...............none
2026-09-12 11:55:22.848 DEBUG 16796 --- [  restartedMain] com.zaxxer.hikari.HikariConfig           : schema..........................none
2026-09-12 11:55:22.848 DEBUG 16796 --- [  restartedMain] com.zaxxer.hikari.HikariConfig           : threadFactory...................internal
2026-09-12 11:55:22.848 DEBUG 16796 --- [  restartedMain] com.zaxxer.hikari.HikariConfig           : transactionIsolation............default
2026-09-12 11:55:22.848 DEBUG 16796 --- [  restartedMain] com.zaxxer.hikari.HikariConfig           : username........................"root"
2026-09-12 11:55:22.848 DEBUG 16796 --- [  restartedMain] com.zaxxer.hikari.HikariConfig           : validationTimeout...............5000
2026-09-12 11:55:22.848  INFO 16796 --- [  restartedMain] com.zaxxer.hikari.HikariDataSource       : BusinessAppHikariPool - Starting...
2026-09-12 11:55:22.852  INFO 16796 --- [  restartedMain] com.zaxxer.hikari.pool.HikariPool        : BusinessAppHikariPool - Added connection com.mysql.cj.jdbc.ConnectionImpl@6c23c5b7
2026-09-12 11:55:22.852  INFO 16796 --- [  restartedMain] com.zaxxer.hikari.HikariDataSource       : BusinessAppHikariPool - Start completed.
2026-09-12 11:55:22.997  INFO 16796 --- [  restartedMain] o.h.e.t.j.p.i.JtaPlatformInitiator       : HHH000489: No JTA platform available (set 'hibernate.transaction.jta.platform' to enable JTA platform integration)
2026-09-12 11:55:23.017 DEBUG 16796 --- [  restartedMain] org.hibernate.SQL                        : 
    alter table businesses 
       modify column description TEXT
2026-09-12 11:55:23.043 DEBUG 16796 --- [  restartedMain] org.hibernate.SQL                        : 
    alter table member_educations 
       modify column description TEXT
2026-09-12 11:55:23.052 DEBUG 16796 --- [  restartedMain] org.hibernate.SQL                        : 
    alter table member_experiences 
       modify column description TEXT
2026-09-12 11:55:23.062 DEBUG 16796 --- [  restartedMain] org.hibernate.SQL                        : 
    alter table members 
       modify column bio TEXT
2026-09-12 11:55:23.082 DEBUG 16796 --- [  restartedMain] org.hibernate.SQL                        : 
    alter table members 
       modify column profile_visibility enum ('CONNECTIONS_ONLY','PRIVATE','PUBLIC') not null
2026-09-12 11:55:23.140 DEBUG 16796 --- [  restartedMain] org.hibernate.SQL                        : 
    alter table members 
       modify column specialization enum ('ACCOUNTING_AUDIT','ASSET_WEALTH_MANAGEMENT','CORPORATE_FINANCE','FINTECH','INSURANCE','INVESTMENT_BANKING','OTHER','PRIVATE_EQUITY_VC','RISK_COMPLIANCE')
2026-09-12 11:55:23.169 DEBUG 16796 --- [  restartedMain] org.hibernate.SQL                        : 
    alter table opportunities 
       modify column description TEXT not null
2026-09-12 11:55:23.187 DEBUG 16796 --- [  restartedMain] org.hibernate.SQL                        : 
    alter table opportunities 
       modify column experience_level enum ('EXECUTIVE','GRADUATE','JUNIOR','MID','SENIOR') not null
2026-09-12 11:55:23.204 DEBUG 16796 --- [  restartedMain] org.hibernate.SQL                        : 
    alter table opportunities 
       modify column specialization enum ('ACCOUNTING_AUDIT','ASSET_WEALTH_MANAGEMENT','CORPORATE_FINANCE','FINTECH','INSURANCE','INVESTMENT_BANKING','OTHER','PRIVATE_EQUITY_VC','RISK_COMPLIANCE') not null
2026-09-12 11:55:23.222 DEBUG 16796 --- [  restartedMain] org.hibernate.SQL                        : 
    alter table opportunities 
       modify column status enum ('CLOSED','DRAFT','PUBLISHED') not null
2026-09-12 11:55:23.238 DEBUG 16796 --- [  restartedMain] org.hibernate.SQL                        : 
    alter table opportunities 
       modify column type enum ('CONTRACT','FULL_TIME','GIG','INTERNSHIP','PART_TIME') not null
2026-09-12 11:55:23.254 DEBUG 16796 --- [  restartedMain] org.hibernate.SQL                        : 
    alter table opportunities 
       modify column work_mode enum ('HYBRID','ONSITE','REMOTE') not null
2026-09-12 11:55:23.269 DEBUG 16796 --- [  restartedMain] org.hibernate.SQL                        : 
    alter table opportunity_qualifications 
       modify column qualification TEXT not null
2026-09-12 11:55:23.275 DEBUG 16796 --- [  restartedMain] org.hibernate.SQL                        : 
    alter table opportunity_responsibilities 
       modify column responsibility TEXT not null
2026-09-12 11:55:23.284 DEBUG 16796 --- [  restartedMain] org.hibernate.SQL                        : 
    alter table users 
       modify column role enum ('ROLE_ADMIN','ROLE_ADVISORY','ROLE_BUSINESS','ROLE_CUSTOMER','ROLE_MEMBERS') not null
2026-09-12 11:55:23.362  INFO 16796 --- [  restartedMain] j.LocalContainerEntityManagerFactoryBean : Initialized JPA EntityManagerFactory for persistence unit 'default'
2026-09-12 11:55:23.419  INFO 16796 --- [  restartedMain] o.s.b.web.servlet.RegistrationBean       : Filter disableJwtAuthFilterRegistration was not registered (disabled)
2026-09-12 11:55:23.453  INFO 16796 --- [  restartedMain] eAuthenticationProviderManagerConfigurer : Global AuthenticationManager configured with AuthenticationProvider bean with name authenticationProvider
2026-09-12 11:55:23.454  WARN 16796 --- [  restartedMain] r$InitializeUserDetailsManagerConfigurer : Global AuthenticationManager configured with an AuthenticationProvider bean. UserDetailsService beans will not be used for username/password login. Consider removing the AuthenticationProvider bean. Alternatively, consider using the UserDetailsService in a manually instantiated DaoAuthenticationProvider.
2026-09-12 11:55:23.617  INFO 16796 --- [  restartedMain] c.e.firstapp.config.AsyncConfig          : Email thread pool initialized: core=2 max=5 queue=50
2026-09-12 11:55:23.713 DEBUG 16796 --- [  restartedMain] o.s.s.web.DefaultSecurityFilterChain     : Will secure any request with filters: DisableEncodeUrlFilter, WebAsyncManagerIntegrationFilter, SecurityContextHolderFilter, HeaderWriterFilter, LogoutFilter, JwtAuthFilter, RequestCacheAwareFilter, SecurityContextHolderAwareRequestFilter, AnonymousAuthenticationFilter, SessionManagementFilter, ExceptionTranslationFilter, AuthorizationFilter
2026-09-12 11:55:23.782  INFO 16796 --- [  restartedMain] o.s.b.d.a.OptionalLiveReloadServer       : LiveReload server is running on port 35729
2026-09-12 11:55:23.793  INFO 16796 --- [  restartedMain] o.s.b.w.e.tomcat.TomcatWebServer         : Tomcat started on port 8080 (http) with context path '/'
2026-09-12 11:55:23.796  INFO 16796 --- [  restartedMain] c.e.firstapp.FirstappApplication         : Started FirstappApplication in 1.241 seconds (process running for 3405.359)
2026-09-12 11:55:23.798  INFO 16796 --- [  restartedMain] .ConditionEvaluationDeltaLoggingListener : Condition evaluation unchanged
2026-09-12 11:56:29.007  INFO 16796 --- [   File Watcher] rtingClassPathChangeChangedEventListener : Restarting due to 1 class path change (0 additions, 0 deletions, 1 modification)
2026-09-12 11:56:29.022  INFO 16796 --- [      Thread-67] j.LocalContainerEntityManagerFactoryBean : Closing JPA EntityManagerFactory for persistence unit 'default'
2026-09-12 11:56:29.023  INFO 16796 --- [      Thread-67] com.zaxxer.hikari.HikariDataSource       : BusinessAppHikariPool - Shutdown initiated...
2026-09-12 11:56:29.024  INFO 16796 --- [      Thread-67] com.zaxxer.hikari.HikariDataSource       : BusinessAppHikariPool - Shutdown completed.
2026-09-12 11:56:29.104  INFO 16796 --- [  restartedMain] c.e.firstapp.FirstappApplication         : Starting FirstappApplication using Java 25.0.3 with PID 16796 (E:\firstapp\firstapp\target\classes started by Dell in E:\firstapp\firstapp)
2026-09-12 11:56:29.105  INFO 16796 --- [  restartedMain] c.e.firstapp.FirstappApplication         : No active profile set, falling back to 1 default profile: "default"
2026-09-12 11:56:29.231  INFO 16796 --- [  restartedMain] .s.d.r.c.RepositoryConfigurationDelegate : Bootstrapping Spring Data JPA repositories in DEFAULT mode.
2026-09-12 11:56:29.251  INFO 16796 --- [  restartedMain] .s.d.r.c.RepositoryConfigurationDelegate : Finished Spring Data repository scanning in 19 ms. Found 8 JPA repository interfaces.
2026-09-12 11:56:29.305  INFO 16796 --- [  restartedMain] o.s.b.w.e.tomcat.TomcatWebServer         : Tomcat initialized with port 8080 (http)
2026-09-12 11:56:29.307  INFO 16796 --- [  restartedMain] o.a.catalina.core.StandardService        : Starting service [Tomcat]
2026-09-12 11:56:29.307  INFO 16796 --- [  restartedMain] o.a.catalina.core.StandardEngine         : Starting Servlet engine: [Apache Tomcat/10.1.42]
2026-09-12 11:56:29.334  INFO 16796 --- [  restartedMain] o.a.c.c.C.[Tomcat].[localhost].[/]       : Initializing Spring embedded WebApplicationContext
2026-09-12 11:56:29.335  INFO 16796 --- [  restartedMain] w.s.c.ServletWebServerApplicationContext : Root WebApplicationContext: initialization completed in 228 ms
2026-09-12 11:56:29.342 DEBUG 16796 --- [  restartedMain] com.zaxxer.hikari.HikariConfig           : Driver class com.mysql.cj.jdbc.Driver found in Thread context class loader TomcatEmbeddedWebappClassLoader
  context: ROOT
  delegate: true
----------> Parent Classloader:
org.springframework.boot.devtools.restart.classloader.RestartClassLoader@278ff7e8

2026-09-12 11:56:29.358  INFO 16796 --- [  restartedMain] o.h.jpa.internal.util.LogHelper          : HHH000204: Processing PersistenceUnitInfo [name: default]
2026-09-12 11:56:29.360  INFO 16796 --- [  restartedMain] o.h.c.i.RegionFactoryInitiator           : HHH000026: Second-level cache disabled
2026-09-12 11:56:29.363  INFO 16796 --- [  restartedMain] o.s.o.j.p.SpringPersistenceUnitInfo      : No LoadTimeWeaver setup: ignoring JPA class transformer
2026-09-12 11:56:29.364 DEBUG 16796 --- [  restartedMain] com.zaxxer.hikari.HikariConfig           : BusinessAppHikariPool - configuration:
2026-09-12 11:56:29.364 DEBUG 16796 --- [  restartedMain] com.zaxxer.hikari.HikariConfig           : allowPoolSuspension.............false
2026-09-12 11:56:29.364 DEBUG 16796 --- [  restartedMain] com.zaxxer.hikari.HikariConfig           : autoCommit......................true
2026-09-12 11:56:29.364 DEBUG 16796 --- [  restartedMain] com.zaxxer.hikari.HikariConfig           : catalog.........................none
2026-09-12 11:56:29.364 DEBUG 16796 --- [  restartedMain] com.zaxxer.hikari.HikariConfig           : connectionInitSql...............none
2026-09-12 11:56:29.364 DEBUG 16796 --- [  restartedMain] com.zaxxer.hikari.HikariConfig           : connectionTestQuery............."SELECT 1"
2026-09-12 11:56:29.365 DEBUG 16796 --- [  restartedMain] com.zaxxer.hikari.HikariConfig           : connectionTimeout...............20000
2026-09-12 11:56:29.365 DEBUG 16796 --- [  restartedMain] com.zaxxer.hikari.HikariConfig           : dataSource......................none
2026-09-12 11:56:29.365 DEBUG 16796 --- [  restartedMain] com.zaxxer.hikari.HikariConfig           : dataSourceClassName.............none
2026-09-12 11:56:29.365 DEBUG 16796 --- [  restartedMain] com.zaxxer.hikari.HikariConfig           : dataSourceJNDI..................none
2026-09-12 11:56:29.365 DEBUG 16796 --- [  restartedMain] com.zaxxer.hikari.HikariConfig           : dataSourceProperties............{password=<masked>}
2026-09-12 11:56:29.365 DEBUG 16796 --- [  restartedMain] com.zaxxer.hikari.HikariConfig           : driverClassName................."com.mysql.cj.jdbc.Driver"
2026-09-12 11:56:29.365 DEBUG 16796 --- [  restartedMain] com.zaxxer.hikari.HikariConfig           : exceptionOverrideClassName......none
2026-09-12 11:56:29.365 DEBUG 16796 --- [  restartedMain] com.zaxxer.hikari.HikariConfig           : healthCheckProperties...........{}
2026-09-12 11:56:29.365 DEBUG 16796 --- [  restartedMain] com.zaxxer.hikari.HikariConfig           : healthCheckRegistry.............none
2026-09-12 11:56:29.365 DEBUG 16796 --- [  restartedMain] com.zaxxer.hikari.HikariConfig           : idleTimeout.....................600000
2026-09-12 11:56:29.365 DEBUG 16796 --- [  restartedMain] com.zaxxer.hikari.HikariConfig           : initializationFailTimeout.......1
2026-09-12 11:56:29.365 DEBUG 16796 --- [  restartedMain] com.zaxxer.hikari.HikariConfig           : isolateInternalQueries..........false
2026-09-12 11:56:29.365 DEBUG 16796 --- [  restartedMain] com.zaxxer.hikari.HikariConfig           : jdbcUrl.........................jdbc:mysql://localhost:3306/businessapp?createDatabaseIfNotExist=true&useSSL=false&serverTimezone=UTC&allowPublicKeyRetrieval=true
2026-09-12 11:56:29.365 DEBUG 16796 --- [  restartedMain] com.zaxxer.hikari.HikariConfig           : keepaliveTime...................0
2026-09-12 11:56:29.365 DEBUG 16796 --- [  restartedMain] com.zaxxer.hikari.HikariConfig           : leakDetectionThreshold..........0
2026-09-12 11:56:29.366 DEBUG 16796 --- [  restartedMain] com.zaxxer.hikari.HikariConfig           : maxLifetime.....................1800000
2026-09-12 11:56:29.366 DEBUG 16796 --- [  restartedMain] com.zaxxer.hikari.HikariConfig           : maximumPoolSize.................10
2026-09-12 11:56:29.366 DEBUG 16796 --- [  restartedMain] com.zaxxer.hikari.HikariConfig           : metricRegistry..................none
2026-09-12 11:56:29.366 DEBUG 16796 --- [  restartedMain] com.zaxxer.hikari.HikariConfig           : metricsTrackerFactory...........none
2026-09-12 11:56:29.366 DEBUG 16796 --- [  restartedMain] com.zaxxer.hikari.HikariConfig           : minimumIdle.....................5
2026-09-12 11:56:29.366 DEBUG 16796 --- [  restartedMain] com.zaxxer.hikari.HikariConfig           : password........................<masked>
2026-09-12 11:56:29.366 DEBUG 16796 --- [  restartedMain] com.zaxxer.hikari.HikariConfig           : poolName........................"BusinessAppHikariPool"
2026-09-12 11:56:29.366 DEBUG 16796 --- [  restartedMain] com.zaxxer.hikari.HikariConfig           : readOnly........................false
2026-09-12 11:56:29.366 DEBUG 16796 --- [  restartedMain] com.zaxxer.hikari.HikariConfig           : registerMbeans..................false
2026-09-12 11:56:29.366 DEBUG 16796 --- [  restartedMain] com.zaxxer.hikari.HikariConfig           : scheduledExecutor...............none
2026-09-12 11:56:29.366 DEBUG 16796 --- [  restartedMain] com.zaxxer.hikari.HikariConfig           : schema..........................none
2026-09-12 11:56:29.366 DEBUG 16796 --- [  restartedMain] com.zaxxer.hikari.HikariConfig           : threadFactory...................internal
2026-09-12 11:56:29.366 DEBUG 16796 --- [  restartedMain] com.zaxxer.hikari.HikariConfig           : transactionIsolation............default
2026-09-12 11:56:29.366 DEBUG 16796 --- [  restartedMain] com.zaxxer.hikari.HikariConfig           : username........................"root"
2026-09-12 11:56:29.367 DEBUG 16796 --- [  restartedMain] com.zaxxer.hikari.HikariConfig           : validationTimeout...............5000
2026-09-12 11:56:29.367  INFO 16796 --- [  restartedMain] com.zaxxer.hikari.HikariDataSource       : BusinessAppHikariPool - Starting...
2026-09-12 11:56:29.373  INFO 16796 --- [  restartedMain] com.zaxxer.hikari.pool.HikariPool        : BusinessAppHikariPool - Added connection com.mysql.cj.jdbc.ConnectionImpl@23f45edc
2026-09-12 11:56:29.373  INFO 16796 --- [  restartedMain] com.zaxxer.hikari.HikariDataSource       : BusinessAppHikariPool - Start completed.
2026-09-12 11:56:29.501  INFO 16796 --- [  restartedMain] o.h.e.t.j.p.i.JtaPlatformInitiator       : HHH000489: No JTA platform available (set 'hibernate.transaction.jta.platform' to enable JTA platform integration)
2026-09-12 11:56:29.528 DEBUG 16796 --- [  restartedMain] org.hibernate.SQL                        : 
    alter table businesses 
       modify column description TEXT
2026-09-12 11:56:29.556 DEBUG 16796 --- [  restartedMain] org.hibernate.SQL                        : 
    alter table member_educations 
       modify column description TEXT
2026-09-12 11:56:29.568 DEBUG 16796 --- [  restartedMain] org.hibernate.SQL                        : 
    alter table member_experiences 
       modify column description TEXT
2026-09-12 11:56:29.578 DEBUG 16796 --- [  restartedMain] org.hibernate.SQL                        : 
    alter table members 
       modify column bio TEXT
2026-09-12 11:56:29.598 DEBUG 16796 --- [  restartedMain] org.hibernate.SQL                        : 
    alter table members 
       modify column profile_visibility enum ('CONNECTIONS_ONLY','PRIVATE','PUBLIC') not null
2026-09-12 11:56:29.617 DEBUG 16796 --- [  restartedMain] org.hibernate.SQL                        : 
    alter table members 
       modify column specialization enum ('ACCOUNTING_AUDIT','ASSET_WEALTH_MANAGEMENT','CORPORATE_FINANCE','FINTECH','INSURANCE','INVESTMENT_BANKING','OTHER','PRIVATE_EQUITY_VC','RISK_COMPLIANCE')
2026-09-12 11:56:29.640 DEBUG 16796 --- [  restartedMain] org.hibernate.SQL                        : 
    alter table opportunities 
       modify column description TEXT not null
2026-09-12 11:56:29.655 DEBUG 16796 --- [  restartedMain] org.hibernate.SQL                        : 
    alter table opportunities 
       modify column experience_level enum ('EXECUTIVE','GRADUATE','JUNIOR','MID','SENIOR') not null
2026-09-12 11:56:29.672 DEBUG 16796 --- [  restartedMain] org.hibernate.SQL                        : 
    alter table opportunities 
       modify column specialization enum ('ACCOUNTING_AUDIT','ASSET_WEALTH_MANAGEMENT','CORPORATE_FINANCE','FINTECH','INSURANCE','INVESTMENT_BANKING','OTHER','PRIVATE_EQUITY_VC','RISK_COMPLIANCE') not null
2026-09-12 11:56:29.722 DEBUG 16796 --- [  restartedMain] org.hibernate.SQL                        : 
    alter table opportunities 
       modify column status enum ('CLOSED','DRAFT','PUBLISHED') not null
2026-09-12 11:56:29.735 DEBUG 16796 --- [  restartedMain] org.hibernate.SQL                        : 
    alter table opportunities 
       modify column type enum ('CONTRACT','FULL_TIME','GIG','INTERNSHIP','PART_TIME') not null
2026-09-12 11:56:29.749 DEBUG 16796 --- [  restartedMain] org.hibernate.SQL                        : 
    alter table opportunities 
       modify column work_mode enum ('HYBRID','ONSITE','REMOTE') not null
2026-09-12 11:56:29.762 DEBUG 16796 --- [  restartedMain] org.hibernate.SQL                        : 
    alter table opportunity_qualifications 
       modify column qualification TEXT not null
2026-09-12 11:56:29.771 DEBUG 16796 --- [  restartedMain] org.hibernate.SQL                        : 
    alter table opportunity_responsibilities 
       modify column responsibility TEXT not null
2026-09-12 11:56:29.777 DEBUG 16796 --- [  restartedMain] org.hibernate.SQL                        : 
    alter table users 
       modify column role enum ('ROLE_ADMIN','ROLE_ADVISORY','ROLE_BUSINESS','ROLE_CUSTOMER','ROLE_MEMBERS') not null
2026-09-12 11:56:29.844  INFO 16796 --- [  restartedMain] j.LocalContainerEntityManagerFactoryBean : Initialized JPA EntityManagerFactory for persistence unit 'default'
2026-09-12 11:56:29.897  INFO 16796 --- [  restartedMain] o.s.b.web.servlet.RegistrationBean       : Filter disableJwtAuthFilterRegistration was not registered (disabled)
2026-09-12 11:56:29.931  INFO 16796 --- [  restartedMain] eAuthenticationProviderManagerConfigurer : Global AuthenticationManager configured with AuthenticationProvider bean with name authenticationProvider
2026-09-12 11:56:29.931  WARN 16796 --- [  restartedMain] r$InitializeUserDetailsManagerConfigurer : Global AuthenticationManager configured with an AuthenticationProvider bean. UserDetailsService beans will not be used for username/password login. Consider removing the AuthenticationProvider bean. Alternatively, consider using the UserDetailsService in a manually instantiated DaoAuthenticationProvider.
2026-09-12 11:56:30.053  INFO 16796 --- [  restartedMain] c.e.firstapp.config.AsyncConfig          : Email thread pool initialized: core=2 max=5 queue=50
2026-09-12 11:56:30.091 DEBUG 16796 --- [  restartedMain] o.s.s.web.DefaultSecurityFilterChain     : Will secure any request with filters: DisableEncodeUrlFilter, WebAsyncManagerIntegrationFilter, SecurityContextHolderFilter, HeaderWriterFilter, LogoutFilter, JwtAuthFilter, RequestCacheAwareFilter, SecurityContextHolderAwareRequestFilter, AnonymousAuthenticationFilter, SessionManagementFilter, ExceptionTranslationFilter, AuthorizationFilter
2026-09-12 11:56:30.127  INFO 16796 --- [  restartedMain] o.s.b.d.a.OptionalLiveReloadServer       : LiveReload server is running on port 35729
2026-09-12 11:56:30.135  INFO 16796 --- [  restartedMain] o.s.b.w.e.tomcat.TomcatWebServer         : Tomcat started on port 8080 (http) with context path '/'
2026-09-12 11:56:30.137  INFO 16796 --- [  restartedMain] c.e.firstapp.FirstappApplication         : Started FirstappApplication in 1.046 seconds (process running for 3471.7)
2026-09-12 11:56:30.138  INFO 16796 --- [  restartedMain] .ConditionEvaluationDeltaLoggingListener : Condition evaluation unchanged
2026-09-12 12:01:00.304  INFO 16796 --- [   File Watcher] rtingClassPathChangeChangedEventListener : Restarting due to 1 class path change (0 additions, 0 deletions, 1 modification)
2026-09-12 12:01:00.743  INFO 16796 --- [      Thread-71] j.LocalContainerEntityManagerFactoryBean : Closing JPA EntityManagerFactory for persistence unit 'default'
2026-09-12 12:01:00.792  INFO 16796 --- [      Thread-71] com.zaxxer.hikari.HikariDataSource       : BusinessAppHikariPool - Shutdown initiated...
2026-09-12 12:01:00.831  INFO 16796 --- [      Thread-71] com.zaxxer.hikari.HikariDataSource       : BusinessAppHikariPool - Shutdown completed.
2026-09-12 12:01:02.080  INFO 16796 --- [  restartedMain] c.e.firstapp.FirstappApplication         : Starting FirstappApplication using Java 25.0.3 with PID 16796 (E:\firstapp\firstapp\target\classes started by Dell in E:\firstapp\firstapp)
2026-09-12 12:01:02.081  INFO 16796 --- [  restartedMain] c.e.firstapp.FirstappApplication         : No active profile set, falling back to 1 default profile: "default"
2026-09-12 12:01:02.264  INFO 16796 --- [  restartedMain] .s.d.r.c.RepositoryConfigurationDelegate : Bootstrapping Spring Data JPA repositories in DEFAULT mode.
2026-09-12 12:01:02.309  INFO 16796 --- [  restartedMain] .s.d.r.c.RepositoryConfigurationDelegate : Finished Spring Data repository scanning in 45 ms. Found 8 JPA repository interfaces.
2026-09-12 12:01:02.526  INFO 16796 --- [  restartedMain] o.s.b.w.e.tomcat.TomcatWebServer         : Tomcat initialized with port 8080 (http)
2026-09-12 12:01:02.527  INFO 16796 --- [  restartedMain] o.a.catalina.core.StandardService        : Starting service [Tomcat]
2026-09-12 12:01:02.527  INFO 16796 --- [  restartedMain] o.a.catalina.core.StandardEngine         : Starting Servlet engine: [Apache Tomcat/10.1.42]
2026-09-12 12:01:02.574  INFO 16796 --- [  restartedMain] o.a.c.c.C.[Tomcat].[localhost].[/]       : Initializing Spring embedded WebApplicationContext
2026-09-12 12:01:02.575  INFO 16796 --- [  restartedMain] w.s.c.ServletWebServerApplicationContext : Root WebApplicationContext: initialization completed in 491 ms
2026-09-12 12:01:02.592 DEBUG 16796 --- [  restartedMain] com.zaxxer.hikari.HikariConfig           : Driver class com.mysql.cj.jdbc.Driver found in Thread context class loader TomcatEmbeddedWebappClassLoader
  context: ROOT
  delegate: true
----------> Parent Classloader:
org.springframework.boot.devtools.restart.classloader.RestartClassLoader@71a6ee1b

2026-09-12 12:01:02.617  INFO 16796 --- [  restartedMain] o.h.jpa.internal.util.LogHelper          : HHH000204: Processing PersistenceUnitInfo [name: default]
2026-09-12 12:01:02.618  INFO 16796 --- [  restartedMain] o.h.c.i.RegionFactoryInitiator           : HHH000026: Second-level cache disabled
2026-09-12 12:01:02.625  INFO 16796 --- [  restartedMain] o.s.o.j.p.SpringPersistenceUnitInfo      : No LoadTimeWeaver setup: ignoring JPA class transformer
2026-09-12 12:01:02.626 DEBUG 16796 --- [  restartedMain] com.zaxxer.hikari.HikariConfig           : BusinessAppHikariPool - configuration:
2026-09-12 12:01:02.627 DEBUG 16796 --- [  restartedMain] com.zaxxer.hikari.HikariConfig           : allowPoolSuspension.............false
2026-09-12 12:01:02.627 DEBUG 16796 --- [  restartedMain] com.zaxxer.hikari.HikariConfig           : autoCommit......................true
2026-09-12 12:01:02.627 DEBUG 16796 --- [  restartedMain] com.zaxxer.hikari.HikariConfig           : catalog.........................none
2026-09-12 12:01:02.627 DEBUG 16796 --- [  restartedMain] com.zaxxer.hikari.HikariConfig           : connectionInitSql...............none
2026-09-12 12:01:02.627 DEBUG 16796 --- [  restartedMain] com.zaxxer.hikari.HikariConfig           : connectionTestQuery............."SELECT 1"
2026-09-12 12:01:02.627 DEBUG 16796 --- [  restartedMain] com.zaxxer.hikari.HikariConfig           : connectionTimeout...............20000
2026-09-12 12:01:02.627 DEBUG 16796 --- [  restartedMain] com.zaxxer.hikari.HikariConfig           : dataSource......................none
2026-09-12 12:01:02.627 DEBUG 16796 --- [  restartedMain] com.zaxxer.hikari.HikariConfig           : dataSourceClassName.............none
2026-09-12 12:01:02.627 DEBUG 16796 --- [  restartedMain] com.zaxxer.hikari.HikariConfig           : dataSourceJNDI..................none
2026-09-12 12:01:02.629 DEBUG 16796 --- [  restartedMain] com.zaxxer.hikari.HikariConfig           : dataSourceProperties............{password=<masked>}
2026-09-12 12:01:02.629 DEBUG 16796 --- [  restartedMain] com.zaxxer.hikari.HikariConfig           : driverClassName................."com.mysql.cj.jdbc.Driver"
2026-09-12 12:01:02.629 DEBUG 16796 --- [  restartedMain] com.zaxxer.hikari.HikariConfig           : exceptionOverrideClassName......none
2026-09-12 12:01:02.629 DEBUG 16796 --- [  restartedMain] com.zaxxer.hikari.HikariConfig           : healthCheckProperties...........{}
2026-09-12 12:01:02.629 DEBUG 16796 --- [  restartedMain] com.zaxxer.hikari.HikariConfig           : healthCheckRegistry.............none
2026-09-12 12:01:02.629 DEBUG 16796 --- [  restartedMain] com.zaxxer.hikari.HikariConfig           : idleTimeout.....................600000
2026-09-12 12:01:02.629 DEBUG 16796 --- [  restartedMain] com.zaxxer.hikari.HikariConfig           : initializationFailTimeout.......1
2026-09-12 12:01:02.629 DEBUG 16796 --- [  restartedMain] com.zaxxer.hikari.HikariConfig           : isolateInternalQueries..........false
2026-09-12 12:01:02.629 DEBUG 16796 --- [  restartedMain] com.zaxxer.hikari.HikariConfig           : jdbcUrl.........................jdbc:mysql://localhost:3306/businessapp?createDatabaseIfNotExist=true&useSSL=false&serverTimezone=UTC&allowPublicKeyRetrieval=true
2026-09-12 12:01:02.629 DEBUG 16796 --- [  restartedMain] com.zaxxer.hikari.HikariConfig           : keepaliveTime...................0
2026-09-12 12:01:02.630 DEBUG 16796 --- [  restartedMain] com.zaxxer.hikari.HikariConfig           : leakDetectionThreshold..........0
2026-09-12 12:01:02.630 DEBUG 16796 --- [  restartedMain] com.zaxxer.hikari.HikariConfig           : maxLifetime.....................1800000
2026-09-12 12:01:02.630 DEBUG 16796 --- [  restartedMain] com.zaxxer.hikari.HikariConfig           : maximumPoolSize.................10
2026-09-12 12:01:02.630 DEBUG 16796 --- [  restartedMain] com.zaxxer.hikari.HikariConfig           : metricRegistry..................none
2026-09-12 12:01:02.630 DEBUG 16796 --- [  restartedMain] com.zaxxer.hikari.HikariConfig           : metricsTrackerFactory...........none
2026-09-12 12:01:02.630 DEBUG 16796 --- [  restartedMain] com.zaxxer.hikari.HikariConfig           : minimumIdle.....................5
2026-09-12 12:01:02.630 DEBUG 16796 --- [  restartedMain] com.zaxxer.hikari.HikariConfig           : password........................<masked>
2026-09-12 12:01:02.630 DEBUG 16796 --- [  restartedMain] com.zaxxer.hikari.HikariConfig           : poolName........................"BusinessAppHikariPool"
2026-09-12 12:01:02.630 DEBUG 16796 --- [  restartedMain] com.zaxxer.hikari.HikariConfig           : readOnly........................false
2026-09-12 12:01:02.630 DEBUG 16796 --- [  restartedMain] com.zaxxer.hikari.HikariConfig           : registerMbeans..................false
2026-09-12 12:01:02.630 DEBUG 16796 --- [  restartedMain] com.zaxxer.hikari.HikariConfig           : scheduledExecutor...............none
2026-09-12 12:01:02.630 DEBUG 16796 --- [  restartedMain] com.zaxxer.hikari.HikariConfig           : schema..........................none
2026-09-12 12:01:02.630 DEBUG 16796 --- [  restartedMain] com.zaxxer.hikari.HikariConfig           : threadFactory...................internal
2026-09-12 12:01:02.631 DEBUG 16796 --- [  restartedMain] com.zaxxer.hikari.HikariConfig           : transactionIsolation............default
2026-09-12 12:01:02.631 DEBUG 16796 --- [  restartedMain] com.zaxxer.hikari.HikariConfig           : username........................"root"
2026-09-12 12:01:02.631 DEBUG 16796 --- [  restartedMain] com.zaxxer.hikari.HikariConfig           : validationTimeout...............5000
2026-09-12 12:01:02.631  INFO 16796 --- [  restartedMain] com.zaxxer.hikari.HikariDataSource       : BusinessAppHikariPool - Starting...
2026-09-12 12:01:02.646  INFO 16796 --- [  restartedMain] com.zaxxer.hikari.pool.HikariPool        : BusinessAppHikariPool - Added connection com.mysql.cj.jdbc.ConnectionImpl@59e352de
2026-09-12 12:01:02.647  INFO 16796 --- [  restartedMain] com.zaxxer.hikari.HikariDataSource       : BusinessAppHikariPool - Start completed.
2026-09-12 12:01:02.852  INFO 16796 --- [  restartedMain] o.h.e.t.j.p.i.JtaPlatformInitiator       : HHH000489: No JTA platform available (set 'hibernate.transaction.jta.platform' to enable JTA platform integration)
2026-09-12 12:01:02.885 DEBUG 16796 --- [  restartedMain] org.hibernate.SQL                        : 
    alter table businesses 
       modify column description TEXT
2026-09-12 12:01:02.946 DEBUG 16796 --- [  restartedMain] org.hibernate.SQL                        : 
    alter table member_educations 
       modify column description TEXT
2026-09-12 12:01:02.960 DEBUG 16796 --- [  restartedMain] org.hibernate.SQL                        : 
    alter table member_experiences 
       modify column description TEXT
2026-09-12 12:01:02.973 DEBUG 16796 --- [  restartedMain] org.hibernate.SQL                        : 
    alter table members 
       modify column bio TEXT
2026-09-12 12:01:02.998 DEBUG 16796 --- [  restartedMain] org.hibernate.SQL                        : 
    alter table members 
       modify column profile_visibility enum ('CONNECTIONS_ONLY','PRIVATE','PUBLIC') not null
2026-09-12 12:01:03.020 DEBUG 16796 --- [  restartedMain] org.hibernate.SQL                        : 
    alter table members 
       modify column specialization enum ('ACCOUNTING_AUDIT','ASSET_WEALTH_MANAGEMENT','CORPORATE_FINANCE','FINTECH','INSURANCE','INVESTMENT_BANKING','OTHER','PRIVATE_EQUITY_VC','RISK_COMPLIANCE')
2026-09-12 12:01:03.039 DEBUG 16796 --- [  restartedMain] org.hibernate.SQL                        : 
    alter table opportunities 
       modify column description TEXT not null
2026-09-12 12:01:03.066 DEBUG 16796 --- [  restartedMain] org.hibernate.SQL                        : 
    alter table opportunities 
       modify column experience_level enum ('EXECUTIVE','GRADUATE','JUNIOR','MID','SENIOR') not null
2026-09-12 12:01:03.232 DEBUG 16796 --- [  restartedMain] org.hibernate.SQL                        : 
    alter table opportunities 
       modify column specialization enum ('ACCOUNTING_AUDIT','ASSET_WEALTH_MANAGEMENT','CORPORATE_FINANCE','FINTECH','INSURANCE','INVESTMENT_BANKING','OTHER','PRIVATE_EQUITY_VC','RISK_COMPLIANCE') not null
2026-09-12 12:01:03.252 DEBUG 16796 --- [  restartedMain] org.hibernate.SQL                        : 
    alter table opportunities 
       modify column status enum ('CLOSED','DRAFT','PUBLISHED') not null
2026-09-12 12:01:03.270 DEBUG 16796 --- [  restartedMain] org.hibernate.SQL                        : 
    alter table opportunities 
       modify column type enum ('CONTRACT','FULL_TIME','GIG','INTERNSHIP','PART_TIME') not null
2026-09-12 12:01:03.290 DEBUG 16796 --- [  restartedMain] org.hibernate.SQL                        : 
    alter table opportunities 
       modify column work_mode enum ('HYBRID','ONSITE','REMOTE') not null
2026-09-12 12:01:03.309 DEBUG 16796 --- [  restartedMain] org.hibernate.SQL                        : 
    alter table opportunity_qualifications 
       modify column qualification TEXT not null
2026-09-12 12:01:03.317 DEBUG 16796 --- [  restartedMain] org.hibernate.SQL                        : 
    alter table opportunity_responsibilities 
       modify column responsibility TEXT not null
2026-09-12 12:01:03.332 DEBUG 16796 --- [  restartedMain] org.hibernate.SQL                        : 
    alter table users 
       modify column role enum ('ROLE_ADMIN','ROLE_ADVISORY','ROLE_BUSINESS','ROLE_CUSTOMER','ROLE_MEMBERS') not null
2026-09-12 12:01:03.441  INFO 16796 --- [  restartedMain] j.LocalContainerEntityManagerFactoryBean : Initialized JPA EntityManagerFactory for persistence unit 'default'
2026-09-12 12:01:03.508  INFO 16796 --- [  restartedMain] o.s.b.web.servlet.RegistrationBean       : Filter disableJwtAuthFilterRegistration was not registered (disabled)
2026-09-12 12:01:03.544  INFO 16796 --- [  restartedMain] eAuthenticationProviderManagerConfigurer : Global AuthenticationManager configured with AuthenticationProvider bean with name authenticationProvider
2026-09-12 12:01:03.545  WARN 16796 --- [  restartedMain] r$InitializeUserDetailsManagerConfigurer : Global AuthenticationManager configured with an AuthenticationProvider bean. UserDetailsService beans will not be used for username/password login. Consider removing the AuthenticationProvider bean. Alternatively, consider using the UserDetailsService in a manually instantiated DaoAuthenticationProvider.
2026-09-12 12:01:03.669  INFO 16796 --- [  restartedMain] c.e.firstapp.config.AsyncConfig          : Email thread pool initialized: core=2 max=5 queue=50
2026-09-12 12:01:03.723 DEBUG 16796 --- [  restartedMain] o.s.s.web.DefaultSecurityFilterChain     : Will secure any request with filters: DisableEncodeUrlFilter, WebAsyncManagerIntegrationFilter, SecurityContextHolderFilter, HeaderWriterFilter, LogoutFilter, JwtAuthFilter, RequestCacheAwareFilter, SecurityContextHolderAwareRequestFilter, AnonymousAuthenticationFilter, SessionManagementFilter, ExceptionTranslationFilter, AuthorizationFilter
2026-09-12 12:01:03.779  INFO 16796 --- [  restartedMain] o.s.b.d.a.OptionalLiveReloadServer       : LiveReload server is running on port 35729
2026-09-12 12:01:03.808  INFO 16796 --- [  restartedMain] o.s.b.w.e.tomcat.TomcatWebServer         : Tomcat started on port 8080 (http) with context path '/'
2026-09-12 12:01:03.821  INFO 16796 --- [  restartedMain] c.e.firstapp.FirstappApplication         : Started FirstappApplication in 1.778 seconds (process running for 3745.384)
2026-09-12 12:01:03.823  INFO 16796 --- [  restartedMain] .ConditionEvaluationDeltaLoggingListener : Condition evaluation unchanged
2026-09-12 12:01:05.202  INFO 16796 --- [   File Watcher] rtingClassPathChangeChangedEventListener : Restarting due to 1 class path change (0 additions, 0 deletions, 1 modification)
2026-09-12 12:01:05.218  INFO 16796 --- [      Thread-75] j.LocalContainerEntityManagerFactoryBean : Closing JPA EntityManagerFactory for persistence unit 'default'
2026-09-12 12:01:05.219  INFO 16796 --- [      Thread-75] com.zaxxer.hikari.HikariDataSource       : BusinessAppHikariPool - Shutdown initiated...
2026-09-12 12:01:05.220  INFO 16796 --- [      Thread-75] com.zaxxer.hikari.HikariDataSource       : BusinessAppHikariPool - Shutdown completed.
2026-09-12 12:01:05.307  INFO 16796 --- [  restartedMain] c.e.firstapp.FirstappApplication         : Starting FirstappApplication using Java 25.0.3 with PID 16796 (E:\firstapp\firstapp\target\classes started by Dell in E:\firstapp\firstapp)
2026-09-12 12:01:05.309  INFO 16796 --- [  restartedMain] c.e.firstapp.FirstappApplication         : No active profile set, falling back to 1 default profile: "default"
2026-09-12 12:01:05.575  INFO 16796 --- [  restartedMain] .s.d.r.c.RepositoryConfigurationDelegate : Bootstrapping Spring Data JPA repositories in DEFAULT mode.
2026-09-12 12:01:05.605  INFO 16796 --- [  restartedMain] .s.d.r.c.RepositoryConfigurationDelegate : Finished Spring Data repository scanning in 29 ms. Found 8 JPA repository interfaces.
2026-09-12 12:01:05.662  INFO 16796 --- [  restartedMain] o.s.b.w.e.tomcat.TomcatWebServer         : Tomcat initialized with port 8080 (http)
2026-09-12 12:01:05.662  INFO 16796 --- [  restartedMain] o.a.catalina.core.StandardService        : Starting service [Tomcat]
2026-09-12 12:01:05.662  INFO 16796 --- [  restartedMain] o.a.catalina.core.StandardEngine         : Starting Servlet engine: [Apache Tomcat/10.1.42]
2026-09-12 12:01:05.691  INFO 16796 --- [  restartedMain] o.a.c.c.C.[Tomcat].[localhost].[/]       : Initializing Spring embedded WebApplicationContext
2026-09-12 12:01:05.691  INFO 16796 --- [  restartedMain] w.s.c.ServletWebServerApplicationContext : Root WebApplicationContext: initialization completed in 380 ms
2026-09-12 12:01:05.699 DEBUG 16796 --- [  restartedMain] com.zaxxer.hikari.HikariConfig           : Driver class com.mysql.cj.jdbc.Driver found in Thread context class loader TomcatEmbeddedWebappClassLoader
  context: ROOT
  delegate: true
----------> Parent Classloader:
org.springframework.boot.devtools.restart.classloader.RestartClassLoader@6b36e43d

2026-09-12 12:01:05.715  INFO 16796 --- [  restartedMain] o.h.jpa.internal.util.LogHelper          : HHH000204: Processing PersistenceUnitInfo [name: default]
2026-09-12 12:01:05.716  INFO 16796 --- [  restartedMain] o.h.c.i.RegionFactoryInitiator           : HHH000026: Second-level cache disabled
2026-09-12 12:01:05.719  INFO 16796 --- [  restartedMain] o.s.o.j.p.SpringPersistenceUnitInfo      : No LoadTimeWeaver setup: ignoring JPA class transformer
2026-09-12 12:01:05.720 DEBUG 16796 --- [  restartedMain] com.zaxxer.hikari.HikariConfig           : BusinessAppHikariPool - configuration:
2026-09-12 12:01:05.720 DEBUG 16796 --- [  restartedMain] com.zaxxer.hikari.HikariConfig           : allowPoolSuspension.............false
2026-09-12 12:01:05.721 DEBUG 16796 --- [  restartedMain] com.zaxxer.hikari.HikariConfig           : autoCommit......................true
2026-09-12 12:01:05.721 DEBUG 16796 --- [  restartedMain] com.zaxxer.hikari.HikariConfig           : catalog.........................none
2026-09-12 12:01:05.721 DEBUG 16796 --- [  restartedMain] com.zaxxer.hikari.HikariConfig           : connectionInitSql...............none
2026-09-12 12:01:05.721 DEBUG 16796 --- [  restartedMain] com.zaxxer.hikari.HikariConfig           : connectionTestQuery............."SELECT 1"
2026-09-12 12:01:05.721 DEBUG 16796 --- [  restartedMain] com.zaxxer.hikari.HikariConfig           : connectionTimeout...............20000
2026-09-12 12:01:05.721 DEBUG 16796 --- [  restartedMain] com.zaxxer.hikari.HikariConfig           : dataSource......................none
2026-09-12 12:01:05.721 DEBUG 16796 --- [  restartedMain] com.zaxxer.hikari.HikariConfig           : dataSourceClassName.............none
2026-09-12 12:01:05.721 DEBUG 16796 --- [  restartedMain] com.zaxxer.hikari.HikariConfig           : dataSourceJNDI..................none
2026-09-12 12:01:05.721 DEBUG 16796 --- [  restartedMain] com.zaxxer.hikari.HikariConfig           : dataSourceProperties............{password=<masked>}
2026-09-12 12:01:05.721 DEBUG 16796 --- [  restartedMain] com.zaxxer.hikari.HikariConfig           : driverClassName................."com.mysql.cj.jdbc.Driver"
2026-09-12 12:01:05.721 DEBUG 16796 --- [  restartedMain] com.zaxxer.hikari.HikariConfig           : exceptionOverrideClassName......none
2026-09-12 12:01:05.721 DEBUG 16796 --- [  restartedMain] com.zaxxer.hikari.HikariConfig           : healthCheckProperties...........{}
2026-09-12 12:01:05.721 DEBUG 16796 --- [  restartedMain] com.zaxxer.hikari.HikariConfig           : healthCheckRegistry.............none
2026-09-12 12:01:05.721 DEBUG 16796 --- [  restartedMain] com.zaxxer.hikari.HikariConfig           : idleTimeout.....................600000
2026-09-12 12:01:05.721 DEBUG 16796 --- [  restartedMain] com.zaxxer.hikari.HikariConfig           : initializationFailTimeout.......1
2026-09-12 12:01:05.722 DEBUG 16796 --- [  restartedMain] com.zaxxer.hikari.HikariConfig           : isolateInternalQueries..........false
2026-09-12 12:01:05.722 DEBUG 16796 --- [  restartedMain] com.zaxxer.hikari.HikariConfig           : jdbcUrl.........................jdbc:mysql://localhost:3306/businessapp?createDatabaseIfNotExist=true&useSSL=false&serverTimezone=UTC&allowPublicKeyRetrieval=true
2026-09-12 12:01:05.722 DEBUG 16796 --- [  restartedMain] com.zaxxer.hikari.HikariConfig           : keepaliveTime...................0
2026-09-12 12:01:05.722 DEBUG 16796 --- [  restartedMain] com.zaxxer.hikari.HikariConfig           : leakDetectionThreshold..........0
2026-09-12 12:01:05.722 DEBUG 16796 --- [  restartedMain] com.zaxxer.hikari.HikariConfig           : maxLifetime.....................1800000
2026-09-12 12:01:05.722 DEBUG 16796 --- [  restartedMain] com.zaxxer.hikari.HikariConfig           : maximumPoolSize.................10
2026-09-12 12:01:05.722 DEBUG 16796 --- [  restartedMain] com.zaxxer.hikari.HikariConfig           : metricRegistry..................none
2026-09-12 12:01:05.722 DEBUG 16796 --- [  restartedMain] com.zaxxer.hikari.HikariConfig           : metricsTrackerFactory...........none
2026-09-12 12:01:05.722 DEBUG 16796 --- [  restartedMain] com.zaxxer.hikari.HikariConfig           : minimumIdle.....................5
2026-09-12 12:01:05.722 DEBUG 16796 --- [  restartedMain] com.zaxxer.hikari.HikariConfig           : password........................<masked>
2026-09-12 12:01:05.722 DEBUG 16796 --- [  restartedMain] com.zaxxer.hikari.HikariConfig           : poolName........................"BusinessAppHikariPool"
2026-09-12 12:01:05.722 DEBUG 16796 --- [  restartedMain] com.zaxxer.hikari.HikariConfig           : readOnly........................false
2026-09-12 12:01:05.722 DEBUG 16796 --- [  restartedMain] com.zaxxer.hikari.HikariConfig           : registerMbeans..................false
2026-09-12 12:01:05.723 DEBUG 16796 --- [  restartedMain] com.zaxxer.hikari.HikariConfig           : scheduledExecutor...............none
2026-09-12 12:01:05.723 DEBUG 16796 --- [  restartedMain] com.zaxxer.hikari.HikariConfig           : schema..........................none
2026-09-12 12:01:05.723 DEBUG 16796 --- [  restartedMain] com.zaxxer.hikari.HikariConfig           : threadFactory...................internal
2026-09-12 12:01:05.723 DEBUG 16796 --- [  restartedMain] com.zaxxer.hikari.HikariConfig           : transactionIsolation............default
2026-09-12 12:01:05.723 DEBUG 16796 --- [  restartedMain] com.zaxxer.hikari.HikariConfig           : username........................"root"
2026-09-12 12:01:05.723 DEBUG 16796 --- [  restartedMain] com.zaxxer.hikari.HikariConfig           : validationTimeout...............5000
2026-09-12 12:01:05.723  INFO 16796 --- [  restartedMain] com.zaxxer.hikari.HikariDataSource       : BusinessAppHikariPool - Starting...
2026-09-12 12:01:05.731  INFO 16796 --- [  restartedMain] com.zaxxer.hikari.pool.HikariPool        : BusinessAppHikariPool - Added connection com.mysql.cj.jdbc.ConnectionImpl@29bb7544
2026-09-12 12:01:05.731  INFO 16796 --- [  restartedMain] com.zaxxer.hikari.HikariDataSource       : BusinessAppHikariPool - Start completed.
2026-09-12 12:01:05.924  INFO 16796 --- [  restartedMain] o.h.e.t.j.p.i.JtaPlatformInitiator       : HHH000489: No JTA platform available (set 'hibernate.transaction.jta.platform' to enable JTA platform integration)
2026-09-12 12:01:05.954 DEBUG 16796 --- [  restartedMain] org.hibernate.SQL                        : 
    alter table businesses 
       modify column description TEXT
2026-09-12 12:01:05.996 DEBUG 16796 --- [  restartedMain] org.hibernate.SQL                        : 
    alter table member_educations 
       modify column description TEXT
2026-09-12 12:01:06.007 DEBUG 16796 --- [  restartedMain] org.hibernate.SQL                        : 
    alter table member_experiences 
       modify column description TEXT
2026-09-12 12:01:06.021 DEBUG 16796 --- [  restartedMain] org.hibernate.SQL                        : 
    alter table members 
       modify column bio TEXT
2026-09-12 12:01:06.043 DEBUG 16796 --- [  restartedMain] org.hibernate.SQL                        : 
    alter table members 
       modify column profile_visibility enum ('CONNECTIONS_ONLY','PRIVATE','PUBLIC') not null
2026-09-12 12:01:06.064 DEBUG 16796 --- [  restartedMain] org.hibernate.SQL                        : 
    alter table members 
       modify column specialization enum ('ACCOUNTING_AUDIT','ASSET_WEALTH_MANAGEMENT','CORPORATE_FINANCE','FINTECH','INSURANCE','INVESTMENT_BANKING','OTHER','PRIVATE_EQUITY_VC','RISK_COMPLIANCE')
2026-09-12 12:01:06.087 DEBUG 16796 --- [  restartedMain] org.hibernate.SQL                        : 
    alter table opportunities 
       modify column description TEXT not null
2026-09-12 12:01:06.130 DEBUG 16796 --- [  restartedMain] org.hibernate.SQL                        : 
    alter table opportunities 
       modify column experience_level enum ('EXECUTIVE','GRADUATE','JUNIOR','MID','SENIOR') not null
2026-09-12 12:01:06.149 DEBUG 16796 --- [  restartedMain] org.hibernate.SQL                        : 
    alter table opportunities 
       modify column specialization enum ('ACCOUNTING_AUDIT','ASSET_WEALTH_MANAGEMENT','CORPORATE_FINANCE','FINTECH','INSURANCE','INVESTMENT_BANKING','OTHER','PRIVATE_EQUITY_VC','RISK_COMPLIANCE') not null
2026-09-12 12:01:06.168 DEBUG 16796 --- [  restartedMain] org.hibernate.SQL                        : 
    alter table opportunities 
       modify column status enum ('CLOSED','DRAFT','PUBLISHED') not null
2026-09-12 12:01:06.188 DEBUG 16796 --- [  restartedMain] org.hibernate.SQL                        : 
    alter table opportunities 
       modify column type enum ('CONTRACT','FULL_TIME','GIG','INTERNSHIP','PART_TIME') not null
2026-09-12 12:01:06.208 DEBUG 16796 --- [  restartedMain] org.hibernate.SQL                        : 
    alter table opportunities 
       modify column work_mode enum ('HYBRID','ONSITE','REMOTE') not null
2026-09-12 12:01:06.231 DEBUG 16796 --- [  restartedMain] org.hibernate.SQL                        : 
    alter table opportunity_qualifications 
       modify column qualification TEXT not null
2026-09-12 12:01:06.238 DEBUG 16796 --- [  restartedMain] org.hibernate.SQL                        : 
    alter table opportunity_responsibilities 
       modify column responsibility TEXT not null
2026-09-12 12:01:06.248 DEBUG 16796 --- [  restartedMain] org.hibernate.SQL                        : 
    alter table users 
       modify column role enum ('ROLE_ADMIN','ROLE_ADVISORY','ROLE_BUSINESS','ROLE_CUSTOMER','ROLE_MEMBERS') not null
2026-09-12 12:01:06.334  INFO 16796 --- [  restartedMain] j.LocalContainerEntityManagerFactoryBean : Initialized JPA EntityManagerFactory for persistence unit 'default'
2026-09-12 12:01:06.425  INFO 16796 --- [  restartedMain] o.s.b.web.servlet.RegistrationBean       : Filter disableJwtAuthFilterRegistration was not registered (disabled)
2026-09-12 12:01:06.525  INFO 16796 --- [  restartedMain] eAuthenticationProviderManagerConfigurer : Global AuthenticationManager configured with AuthenticationProvider bean with name authenticationProvider
2026-09-12 12:01:06.525  WARN 16796 --- [  restartedMain] r$InitializeUserDetailsManagerConfigurer : Global AuthenticationManager configured with an AuthenticationProvider bean. UserDetailsService beans will not be used for username/password login. Consider removing the AuthenticationProvider bean. Alternatively, consider using the UserDetailsService in a manually instantiated DaoAuthenticationProvider.
2026-09-12 12:01:06.782  INFO 16796 --- [  restartedMain] c.e.firstapp.config.AsyncConfig          : Email thread pool initialized: core=2 max=5 queue=50
2026-09-12 12:01:06.830 DEBUG 16796 --- [  restartedMain] o.s.s.web.DefaultSecurityFilterChain     : Will secure any request with filters: DisableEncodeUrlFilter, WebAsyncManagerIntegrationFilter, SecurityContextHolderFilter, HeaderWriterFilter, LogoutFilter, JwtAuthFilter, RequestCacheAwareFilter, SecurityContextHolderAwareRequestFilter, AnonymousAuthenticationFilter, SessionManagementFilter, ExceptionTranslationFilter, AuthorizationFilter
2026-09-12 12:01:06.878  INFO 16796 --- [  restartedMain] o.s.b.d.a.OptionalLiveReloadServer       : LiveReload server is running on port 35729
2026-09-12 12:01:06.889  INFO 16796 --- [  restartedMain] o.s.b.w.e.tomcat.TomcatWebServer         : Tomcat started on port 8080 (http) with context path '/'
2026-09-12 12:01:06.891  INFO 16796 --- [  restartedMain] c.e.firstapp.FirstappApplication         : Started FirstappApplication in 1.598 seconds (process running for 3748.454)
2026-09-12 12:01:06.891  INFO 16796 --- [  restartedMain] .ConditionEvaluationDeltaLoggingListener : Condition evaluation unchanged
2026-09-12 12:11:40.918  WARN 16796 --- [ool housekeeper] com.zaxxer.hikari.pool.HikariPool        : BusinessAppHikariPool - Thread starvation or clock leap detected (housekeeper delta=2m5s76ms18µs200ns).
2026-09-12 12:21:53.413  INFO 16796 --- [   File Watcher] rtingClassPathChangeChangedEventListener : Restarting due to 1 class path change (0 additions, 0 deletions, 1 modification)
2026-09-12 12:21:53.442  INFO 16796 --- [      Thread-79] j.LocalContainerEntityManagerFactoryBean : Closing JPA EntityManagerFactory for persistence unit 'default'
2026-09-12 12:21:53.443  INFO 16796 --- [      Thread-79] com.zaxxer.hikari.HikariDataSource       : BusinessAppHikariPool - Shutdown initiated...
2026-09-12 12:21:53.447  INFO 16796 --- [      Thread-79] com.zaxxer.hikari.HikariDataSource       : BusinessAppHikariPool - Shutdown completed.
2026-09-12 12:21:53.577  INFO 16796 --- [  restartedMain] c.e.firstapp.FirstappApplication         : Starting FirstappApplication using Java 25.0.3 with PID 16796 (E:\firstapp\firstapp\target\classes started by Dell in E:\firstapp\firstapp)
2026-09-12 12:21:53.577  INFO 16796 --- [  restartedMain] c.e.firstapp.FirstappApplication         : No active profile set, falling back to 1 default profile: "default"
2026-09-12 12:21:53.825  INFO 16796 --- [  restartedMain] .s.d.r.c.RepositoryConfigurationDelegate : Bootstrapping Spring Data JPA repositories in DEFAULT mode.
2026-09-12 12:21:53.851  INFO 16796 --- [  restartedMain] .s.d.r.c.RepositoryConfigurationDelegate : Finished Spring Data repository scanning in 25 ms. Found 8 JPA repository interfaces.
2026-09-12 12:21:53.932  INFO 16796 --- [  restartedMain] o.s.b.w.e.tomcat.TomcatWebServer         : Tomcat initialized with port 8080 (http)
2026-09-12 12:21:53.933  INFO 16796 --- [  restartedMain] o.a.catalina.core.StandardService        : Starting service [Tomcat]
2026-09-12 12:21:53.933  INFO 16796 --- [  restartedMain] o.a.catalina.core.StandardEngine         : Starting Servlet engine: [Apache Tomcat/10.1.42]
2026-09-12 12:21:53.971  INFO 16796 --- [  restartedMain] o.a.c.c.C.[Tomcat].[localhost].[/]       : Initializing Spring embedded WebApplicationContext
2026-09-12 12:21:53.972  INFO 16796 --- [  restartedMain] w.s.c.ServletWebServerApplicationContext : Root WebApplicationContext: initialization completed in 394 ms
2026-09-12 12:21:53.980 DEBUG 16796 --- [  restartedMain] com.zaxxer.hikari.HikariConfig           : Driver class com.mysql.cj.jdbc.Driver found in Thread context class loader TomcatEmbeddedWebappClassLoader
  context: ROOT
  delegate: true
----------> Parent Classloader:
org.springframework.boot.devtools.restart.classloader.RestartClassLoader@15a5c299

2026-09-12 12:21:54.000  INFO 16796 --- [  restartedMain] o.h.jpa.internal.util.LogHelper          : HHH000204: Processing PersistenceUnitInfo [name: default]
2026-09-12 12:21:54.001  INFO 16796 --- [  restartedMain] o.h.c.i.RegionFactoryInitiator           : HHH000026: Second-level cache disabled
2026-09-12 12:21:54.008  INFO 16796 --- [  restartedMain] o.s.o.j.p.SpringPersistenceUnitInfo      : No LoadTimeWeaver setup: ignoring JPA class transformer
2026-09-12 12:21:54.009 DEBUG 16796 --- [  restartedMain] com.zaxxer.hikari.HikariConfig           : BusinessAppHikariPool - configuration:
2026-09-12 12:21:54.009 DEBUG 16796 --- [  restartedMain] com.zaxxer.hikari.HikariConfig           : allowPoolSuspension.............false
2026-09-12 12:21:54.010 DEBUG 16796 --- [  restartedMain] com.zaxxer.hikari.HikariConfig           : autoCommit......................true
2026-09-12 12:21:54.010 DEBUG 16796 --- [  restartedMain] com.zaxxer.hikari.HikariConfig           : catalog.........................none
2026-09-12 12:21:54.010 DEBUG 16796 --- [  restartedMain] com.zaxxer.hikari.HikariConfig           : connectionInitSql...............none
2026-09-12 12:21:54.010 DEBUG 16796 --- [  restartedMain] com.zaxxer.hikari.HikariConfig           : connectionTestQuery............."SELECT 1"
2026-09-12 12:21:54.010 DEBUG 16796 --- [  restartedMain] com.zaxxer.hikari.HikariConfig           : connectionTimeout...............20000
2026-09-12 12:21:54.010 DEBUG 16796 --- [  restartedMain] com.zaxxer.hikari.HikariConfig           : dataSource......................none
2026-09-12 12:21:54.010 DEBUG 16796 --- [  restartedMain] com.zaxxer.hikari.HikariConfig           : dataSourceClassName.............none
2026-09-12 12:21:54.010 DEBUG 16796 --- [  restartedMain] com.zaxxer.hikari.HikariConfig           : dataSourceJNDI..................none
2026-09-12 12:21:54.010 DEBUG 16796 --- [  restartedMain] com.zaxxer.hikari.HikariConfig           : dataSourceProperties............{password=<masked>}
2026-09-12 12:21:54.010 DEBUG 16796 --- [  restartedMain] com.zaxxer.hikari.HikariConfig           : driverClassName................."com.mysql.cj.jdbc.Driver"
2026-09-12 12:21:54.010 DEBUG 16796 --- [  restartedMain] com.zaxxer.hikari.HikariConfig           : exceptionOverrideClassName......none
2026-09-12 12:21:54.010 DEBUG 16796 --- [  restartedMain] com.zaxxer.hikari.HikariConfig           : healthCheckProperties...........{}
2026-09-12 12:21:54.010 DEBUG 16796 --- [  restartedMain] com.zaxxer.hikari.HikariConfig           : healthCheckRegistry.............none
2026-09-12 12:21:54.011 DEBUG 16796 --- [  restartedMain] com.zaxxer.hikari.HikariConfig           : idleTimeout.....................600000
2026-09-12 12:21:54.011 DEBUG 16796 --- [  restartedMain] com.zaxxer.hikari.HikariConfig           : initializationFailTimeout.......1
2026-09-12 12:21:54.011 DEBUG 16796 --- [  restartedMain] com.zaxxer.hikari.HikariConfig           : isolateInternalQueries..........false
2026-09-12 12:21:54.011 DEBUG 16796 --- [  restartedMain] com.zaxxer.hikari.HikariConfig           : jdbcUrl.........................jdbc:mysql://localhost:3306/businessapp?createDatabaseIfNotExist=true&useSSL=false&serverTimezone=UTC&allowPublicKeyRetrieval=true
2026-09-12 12:21:54.011 DEBUG 16796 --- [  restartedMain] com.zaxxer.hikari.HikariConfig           : keepaliveTime...................0
2026-09-12 12:21:54.011 DEBUG 16796 --- [  restartedMain] com.zaxxer.hikari.HikariConfig           : leakDetectionThreshold..........0
2026-09-12 12:21:54.011 DEBUG 16796 --- [  restartedMain] com.zaxxer.hikari.HikariConfig           : maxLifetime.....................1800000
2026-09-12 12:21:54.011 DEBUG 16796 --- [  restartedMain] com.zaxxer.hikari.HikariConfig           : maximumPoolSize.................10
2026-09-12 12:21:54.011 DEBUG 16796 --- [  restartedMain] com.zaxxer.hikari.HikariConfig           : metricRegistry..................none
2026-09-12 12:21:54.011 DEBUG 16796 --- [  restartedMain] com.zaxxer.hikari.HikariConfig           : metricsTrackerFactory...........none
2026-09-12 12:21:54.011 DEBUG 16796 --- [  restartedMain] com.zaxxer.hikari.HikariConfig           : minimumIdle.....................5
2026-09-12 12:21:54.012 DEBUG 16796 --- [  restartedMain] com.zaxxer.hikari.HikariConfig           : password........................<masked>
2026-09-12 12:21:54.012 DEBUG 16796 --- [  restartedMain] com.zaxxer.hikari.HikariConfig           : poolName........................"BusinessAppHikariPool"
2026-09-12 12:21:54.012 DEBUG 16796 --- [  restartedMain] com.zaxxer.hikari.HikariConfig           : readOnly........................false
2026-09-12 12:21:54.012 DEBUG 16796 --- [  restartedMain] com.zaxxer.hikari.HikariConfig           : registerMbeans..................false
2026-09-12 12:21:54.012 DEBUG 16796 --- [  restartedMain] com.zaxxer.hikari.HikariConfig           : scheduledExecutor...............none
2026-09-12 12:21:54.012 DEBUG 16796 --- [  restartedMain] com.zaxxer.hikari.HikariConfig           : schema..........................none
2026-09-12 12:21:54.012 DEBUG 16796 --- [  restartedMain] com.zaxxer.hikari.HikariConfig           : threadFactory...................internal
2026-09-12 12:21:54.012 DEBUG 16796 --- [  restartedMain] com.zaxxer.hikari.HikariConfig           : transactionIsolation............default
2026-09-12 12:21:54.012 DEBUG 16796 --- [  restartedMain] com.zaxxer.hikari.HikariConfig           : username........................"root"
2026-09-12 12:21:54.012 DEBUG 16796 --- [  restartedMain] com.zaxxer.hikari.HikariConfig           : validationTimeout...............5000
2026-09-12 12:21:54.012  INFO 16796 --- [  restartedMain] com.zaxxer.hikari.HikariDataSource       : BusinessAppHikariPool - Starting...
2026-09-12 12:21:54.024  INFO 16796 --- [  restartedMain] com.zaxxer.hikari.pool.HikariPool        : BusinessAppHikariPool - Added connection com.mysql.cj.jdbc.ConnectionImpl@792df4db
2026-09-12 12:21:54.024  INFO 16796 --- [  restartedMain] com.zaxxer.hikari.HikariDataSource       : BusinessAppHikariPool - Start completed.
2026-09-12 12:21:54.193  INFO 16796 --- [  restartedMain] o.h.e.t.j.p.i.JtaPlatformInitiator       : HHH000489: No JTA platform available (set 'hibernate.transaction.jta.platform' to enable JTA platform integration)
2026-09-12 12:21:54.232 DEBUG 16796 --- [  restartedMain] org.hibernate.SQL                        : 
    alter table businesses 
       modify column description TEXT
2026-09-12 12:21:54.288 DEBUG 16796 --- [  restartedMain] org.hibernate.SQL                        : 
    alter table member_educations 
       modify column description TEXT
2026-09-12 12:21:54.304 DEBUG 16796 --- [  restartedMain] org.hibernate.SQL                        : 
    alter table member_experiences 
       modify column description TEXT
2026-09-12 12:21:54.319 DEBUG 16796 --- [  restartedMain] org.hibernate.SQL                        : 
    alter table members 
       modify column bio TEXT
2026-09-12 12:21:54.359 DEBUG 16796 --- [  restartedMain] org.hibernate.SQL                        : 
    alter table members 
       modify column profile_visibility enum ('CONNECTIONS_ONLY','PRIVATE','PUBLIC') not null
2026-09-12 12:21:54.408 DEBUG 16796 --- [  restartedMain] org.hibernate.SQL                        : 
    alter table members 
       modify column specialization enum ('ACCOUNTING_AUDIT','ASSET_WEALTH_MANAGEMENT','CORPORATE_FINANCE','FINTECH','INSURANCE','INVESTMENT_BANKING','OTHER','PRIVATE_EQUITY_VC','RISK_COMPLIANCE')
2026-09-12 12:21:54.442 DEBUG 16796 --- [  restartedMain] org.hibernate.SQL                        : 
    alter table opportunities 
       modify column description TEXT not null
2026-09-12 12:21:54.464 DEBUG 16796 --- [  restartedMain] org.hibernate.SQL                        : 
    alter table opportunities 
       modify column experience_level enum ('EXECUTIVE','GRADUATE','JUNIOR','MID','SENIOR') not null
2026-09-12 12:21:54.480 DEBUG 16796 --- [  restartedMain] org.hibernate.SQL                        : 
    alter table opportunities 
       modify column specialization enum ('ACCOUNTING_AUDIT','ASSET_WEALTH_MANAGEMENT','CORPORATE_FINANCE','FINTECH','INSURANCE','INVESTMENT_BANKING','OTHER','PRIVATE_EQUITY_VC','RISK_COMPLIANCE') not null
2026-09-12 12:21:54.498 DEBUG 16796 --- [  restartedMain] org.hibernate.SQL                        : 
    alter table opportunities 
       modify column status enum ('CLOSED','DRAFT','PUBLISHED') not null
2026-09-12 12:21:54.516 DEBUG 16796 --- [  restartedMain] org.hibernate.SQL                        : 
    alter table opportunities 
       modify column type enum ('CONTRACT','FULL_TIME','GIG','INTERNSHIP','PART_TIME') not null
2026-09-12 12:21:54.533 DEBUG 16796 --- [  restartedMain] org.hibernate.SQL                        : 
    alter table opportunities 
       modify column work_mode enum ('HYBRID','ONSITE','REMOTE') not null
2026-09-12 12:21:54.551 DEBUG 16796 --- [  restartedMain] org.hibernate.SQL                        : 
    alter table opportunity_qualifications 
       modify column qualification TEXT not null
2026-09-12 12:21:54.564 DEBUG 16796 --- [  restartedMain] org.hibernate.SQL                        : 
    alter table opportunity_responsibilities 
       modify column responsibility TEXT not null
2026-09-12 12:21:54.580 DEBUG 16796 --- [  restartedMain] org.hibernate.SQL                        : 
    alter table users 
       modify column role enum ('ROLE_ADMIN','ROLE_ADVISORY','ROLE_BUSINESS','ROLE_CUSTOMER','ROLE_MEMBERS') not null
2026-09-12 12:21:54.663  INFO 16796 --- [  restartedMain] j.LocalContainerEntityManagerFactoryBean : Initialized JPA EntityManagerFactory for persistence unit 'default'
2026-09-12 12:21:54.730  INFO 16796 --- [  restartedMain] o.s.b.web.servlet.RegistrationBean       : Filter disableJwtAuthFilterRegistration was not registered (disabled)
2026-09-12 12:21:54.775  INFO 16796 --- [  restartedMain] eAuthenticationProviderManagerConfigurer : Global AuthenticationManager configured with AuthenticationProvider bean with name authenticationProvider
2026-09-12 12:21:54.775  WARN 16796 --- [  restartedMain] r$InitializeUserDetailsManagerConfigurer : Global AuthenticationManager configured with an AuthenticationProvider bean. UserDetailsService beans will not be used for username/password login. Consider removing the AuthenticationProvider bean. Alternatively, consider using the UserDetailsService in a manually instantiated DaoAuthenticationProvider.
2026-09-12 12:21:54.914  INFO 16796 --- [  restartedMain] c.e.firstapp.config.AsyncConfig          : Email thread pool initialized: core=2 max=5 queue=50
2026-09-12 12:21:54.979 DEBUG 16796 --- [  restartedMain] o.s.s.web.DefaultSecurityFilterChain     : Will secure any request with filters: DisableEncodeUrlFilter, WebAsyncManagerIntegrationFilter, SecurityContextHolderFilter, HeaderWriterFilter, LogoutFilter, JwtAuthFilter, RequestCacheAwareFilter, SecurityContextHolderAwareRequestFilter, AnonymousAuthenticationFilter, SessionManagementFilter, ExceptionTranslationFilter, AuthorizationFilter
2026-09-12 12:21:55.036  INFO 16796 --- [  restartedMain] o.s.b.d.a.OptionalLiveReloadServer       : LiveReload server is running on port 35729
2026-09-12 12:21:55.048  INFO 16796 --- [  restartedMain] o.s.b.w.e.tomcat.TomcatWebServer         : Tomcat started on port 8080 (http) with context path '/'
2026-09-12 12:21:55.051  INFO 16796 --- [  restartedMain] c.e.firstapp.FirstappApplication         : Started FirstappApplication in 1.495 seconds (process running for 4996.615)
2026-09-12 12:21:55.053  INFO 16796 --- [  restartedMain] .ConditionEvaluationDeltaLoggingListener : Condition evaluation unchanged
2026-09-12 12:21:57.472  INFO 16796 --- [   File Watcher] rtingClassPathChangeChangedEventListener : Restarting due to 1 class path change (0 additions, 0 deletions, 1 modification)
2026-09-12 12:21:57.489  INFO 16796 --- [      Thread-83] j.LocalContainerEntityManagerFactoryBean : Closing JPA EntityManagerFactory for persistence unit 'default'
2026-09-12 12:21:57.490  INFO 16796 --- [      Thread-83] com.zaxxer.hikari.HikariDataSource       : BusinessAppHikariPool - Shutdown initiated...
2026-09-12 12:21:57.491  INFO 16796 --- [      Thread-83] com.zaxxer.hikari.HikariDataSource       : BusinessAppHikariPool - Shutdown completed.
2026-09-12 12:21:57.581  INFO 16796 --- [  restartedMain] c.e.firstapp.FirstappApplication         : Starting FirstappApplication using Java 25.0.3 with PID 16796 (E:\firstapp\firstapp\target\classes started by Dell in E:\firstapp\firstapp)
2026-09-12 12:21:57.581  INFO 16796 --- [  restartedMain] c.e.firstapp.FirstappApplication         : No active profile set, falling back to 1 default profile: "default"
2026-09-12 12:21:57.684  INFO 16796 --- [  restartedMain] .s.d.r.c.RepositoryConfigurationDelegate : Bootstrapping Spring Data JPA repositories in DEFAULT mode.
2026-09-12 12:21:57.705  INFO 16796 --- [  restartedMain] .s.d.r.c.RepositoryConfigurationDelegate : Finished Spring Data repository scanning in 20 ms. Found 8 JPA repository interfaces.
2026-09-12 12:21:57.764  INFO 16796 --- [  restartedMain] o.s.b.w.e.tomcat.TomcatWebServer         : Tomcat initialized with port 8080 (http)
2026-09-12 12:21:57.764  INFO 16796 --- [  restartedMain] o.a.catalina.core.StandardService        : Starting service [Tomcat]
2026-09-12 12:21:57.766  INFO 16796 --- [  restartedMain] o.a.catalina.core.StandardEngine         : Starting Servlet engine: [Apache Tomcat/10.1.42]
2026-09-12 12:21:57.796  INFO 16796 --- [  restartedMain] o.a.c.c.C.[Tomcat].[localhost].[/]       : Initializing Spring embedded WebApplicationContext
2026-09-12 12:21:57.796  INFO 16796 --- [  restartedMain] w.s.c.ServletWebServerApplicationContext : Root WebApplicationContext: initialization completed in 214 ms
2026-09-12 12:21:57.806 DEBUG 16796 --- [  restartedMain] com.zaxxer.hikari.HikariConfig           : Driver class com.mysql.cj.jdbc.Driver found in Thread context class loader TomcatEmbeddedWebappClassLoader
  context: ROOT
  delegate: true
----------> Parent Classloader:
org.springframework.boot.devtools.restart.classloader.RestartClassLoader@6c8819fb

2026-09-12 12:21:57.824  INFO 16796 --- [  restartedMain] o.h.jpa.internal.util.LogHelper          : HHH000204: Processing PersistenceUnitInfo [name: default]
2026-09-12 12:21:57.825  INFO 16796 --- [  restartedMain] o.h.c.i.RegionFactoryInitiator           : HHH000026: Second-level cache disabled
2026-09-12 12:21:57.832  INFO 16796 --- [  restartedMain] o.s.o.j.p.SpringPersistenceUnitInfo      : No LoadTimeWeaver setup: ignoring JPA class transformer
2026-09-12 12:21:57.833 DEBUG 16796 --- [  restartedMain] com.zaxxer.hikari.HikariConfig           : BusinessAppHikariPool - configuration:
2026-09-12 12:21:57.834 DEBUG 16796 --- [  restartedMain] com.zaxxer.hikari.HikariConfig           : allowPoolSuspension.............false
2026-09-12 12:21:57.834 DEBUG 16796 --- [  restartedMain] com.zaxxer.hikari.HikariConfig           : autoCommit......................true
2026-09-12 12:21:57.834 DEBUG 16796 --- [  restartedMain] com.zaxxer.hikari.HikariConfig           : catalog.........................none
2026-09-12 12:21:57.834 DEBUG 16796 --- [  restartedMain] com.zaxxer.hikari.HikariConfig           : connectionInitSql...............none
2026-09-12 12:21:57.834 DEBUG 16796 --- [  restartedMain] com.zaxxer.hikari.HikariConfig           : connectionTestQuery............."SELECT 1"
2026-09-12 12:21:57.835 DEBUG 16796 --- [  restartedMain] com.zaxxer.hikari.HikariConfig           : connectionTimeout...............20000
2026-09-12 12:21:57.835 DEBUG 16796 --- [  restartedMain] com.zaxxer.hikari.HikariConfig           : dataSource......................none
2026-09-12 12:21:57.835 DEBUG 16796 --- [  restartedMain] com.zaxxer.hikari.HikariConfig           : dataSourceClassName.............none
2026-09-12 12:21:57.835 DEBUG 16796 --- [  restartedMain] com.zaxxer.hikari.HikariConfig           : dataSourceJNDI..................none
2026-09-12 12:21:57.835 DEBUG 16796 --- [  restartedMain] com.zaxxer.hikari.HikariConfig           : dataSourceProperties............{password=<masked>}
2026-09-12 12:21:57.835 DEBUG 16796 --- [  restartedMain] com.zaxxer.hikari.HikariConfig           : driverClassName................."com.mysql.cj.jdbc.Driver"
2026-09-12 12:21:57.835 DEBUG 16796 --- [  restartedMain] com.zaxxer.hikari.HikariConfig           : exceptionOverrideClassName......none
2026-09-12 12:21:57.835 DEBUG 16796 --- [  restartedMain] com.zaxxer.hikari.HikariConfig           : healthCheckProperties...........{}
2026-09-12 12:21:57.835 DEBUG 16796 --- [  restartedMain] com.zaxxer.hikari.HikariConfig           : healthCheckRegistry.............none
2026-09-12 12:21:57.835 DEBUG 16796 --- [  restartedMain] com.zaxxer.hikari.HikariConfig           : idleTimeout.....................600000
2026-09-12 12:21:57.835 DEBUG 16796 --- [  restartedMain] com.zaxxer.hikari.HikariConfig           : initializationFailTimeout.......1
2026-09-12 12:21:57.835 DEBUG 16796 --- [  restartedMain] com.zaxxer.hikari.HikariConfig           : isolateInternalQueries..........false
2026-09-12 12:21:57.835 DEBUG 16796 --- [  restartedMain] com.zaxxer.hikari.HikariConfig           : jdbcUrl.........................jdbc:mysql://localhost:3306/businessapp?createDatabaseIfNotExist=true&useSSL=false&serverTimezone=UTC&allowPublicKeyRetrieval=true
2026-09-12 12:21:57.835 DEBUG 16796 --- [  restartedMain] com.zaxxer.hikari.HikariConfig           : keepaliveTime...................0
2026-09-12 12:21:57.837 DEBUG 16796 --- [  restartedMain] com.zaxxer.hikari.HikariConfig           : leakDetectionThreshold..........0
2026-09-12 12:21:57.837 DEBUG 16796 --- [  restartedMain] com.zaxxer.hikari.HikariConfig           : maxLifetime.....................1800000
2026-09-12 12:21:57.837 DEBUG 16796 --- [  restartedMain] com.zaxxer.hikari.HikariConfig           : maximumPoolSize.................10
2026-09-12 12:21:57.837 DEBUG 16796 --- [  restartedMain] com.zaxxer.hikari.HikariConfig           : metricRegistry..................none
2026-09-12 12:21:57.837 DEBUG 16796 --- [  restartedMain] com.zaxxer.hikari.HikariConfig           : metricsTrackerFactory...........none
2026-09-12 12:21:57.837 DEBUG 16796 --- [  restartedMain] com.zaxxer.hikari.HikariConfig           : minimumIdle.....................5
2026-09-12 12:21:57.837 DEBUG 16796 --- [  restartedMain] com.zaxxer.hikari.HikariConfig           : password........................<masked>
2026-09-12 12:21:57.837 DEBUG 16796 --- [  restartedMain] com.zaxxer.hikari.HikariConfig           : poolName........................"BusinessAppHikariPool"
2026-09-12 12:21:57.837 DEBUG 16796 --- [  restartedMain] com.zaxxer.hikari.HikariConfig           : readOnly........................false
2026-09-12 12:21:57.837 DEBUG 16796 --- [  restartedMain] com.zaxxer.hikari.HikariConfig           : registerMbeans..................false
2026-09-12 12:21:57.837 DEBUG 16796 --- [  restartedMain] com.zaxxer.hikari.HikariConfig           : scheduledExecutor...............none
2026-09-12 12:21:57.837 DEBUG 16796 --- [  restartedMain] com.zaxxer.hikari.HikariConfig           : schema..........................none
2026-09-12 12:21:57.837 DEBUG 16796 --- [  restartedMain] com.zaxxer.hikari.HikariConfig           : threadFactory...................internal
2026-09-12 12:21:57.837 DEBUG 16796 --- [  restartedMain] com.zaxxer.hikari.HikariConfig           : transactionIsolation............default
2026-09-12 12:21:57.838 DEBUG 16796 --- [  restartedMain] com.zaxxer.hikari.HikariConfig           : username........................"root"
2026-09-12 12:21:57.838 DEBUG 16796 --- [  restartedMain] com.zaxxer.hikari.HikariConfig           : validationTimeout...............5000
2026-09-12 12:21:57.838  INFO 16796 --- [  restartedMain] com.zaxxer.hikari.HikariDataSource       : BusinessAppHikariPool - Starting...
2026-09-12 12:21:57.841  INFO 16796 --- [  restartedMain] com.zaxxer.hikari.pool.HikariPool        : BusinessAppHikariPool - Added connection com.mysql.cj.jdbc.ConnectionImpl@74ef65f9
2026-09-12 12:21:57.842  INFO 16796 --- [  restartedMain] com.zaxxer.hikari.HikariDataSource       : BusinessAppHikariPool - Start completed.
2026-09-12 12:21:57.996  INFO 16796 --- [  restartedMain] o.h.e.t.j.p.i.JtaPlatformInitiator       : HHH000489: No JTA platform available (set 'hibernate.transaction.jta.platform' to enable JTA platform integration)
2026-09-12 12:21:58.021 DEBUG 16796 --- [  restartedMain] org.hibernate.SQL                        : 
    alter table businesses 
       modify column description TEXT
2026-09-12 12:21:58.054 DEBUG 16796 --- [  restartedMain] org.hibernate.SQL                        : 
    alter table member_educations 
       modify column description TEXT
2026-09-12 12:21:58.062 DEBUG 16796 --- [  restartedMain] org.hibernate.SQL                        : 
    alter table member_experiences 
       modify column description TEXT
2026-09-12 12:21:58.074 DEBUG 16796 --- [  restartedMain] org.hibernate.SQL                        : 
    alter table members 
       modify column bio TEXT
2026-09-12 12:21:58.096 DEBUG 16796 --- [  restartedMain] org.hibernate.SQL                        : 
    alter table members 
       modify column profile_visibility enum ('CONNECTIONS_ONLY','PRIVATE','PUBLIC') not null
2026-09-12 12:21:58.114 DEBUG 16796 --- [  restartedMain] org.hibernate.SQL                        : 
    alter table members 
       modify column specialization enum ('ACCOUNTING_AUDIT','ASSET_WEALTH_MANAGEMENT','CORPORATE_FINANCE','FINTECH','INSURANCE','INVESTMENT_BANKING','OTHER','PRIVATE_EQUITY_VC','RISK_COMPLIANCE')
2026-09-12 12:21:58.131 DEBUG 16796 --- [  restartedMain] org.hibernate.SQL                        : 
    alter table opportunities 
       modify column description TEXT not null
2026-09-12 12:21:58.150 DEBUG 16796 --- [  restartedMain] org.hibernate.SQL                        : 
    alter table opportunities 
       modify column experience_level enum ('EXECUTIVE','GRADUATE','JUNIOR','MID','SENIOR') not null
2026-09-12 12:21:58.167 DEBUG 16796 --- [  restartedMain] org.hibernate.SQL                        : 
    alter table opportunities 
       modify column specialization enum ('ACCOUNTING_AUDIT','ASSET_WEALTH_MANAGEMENT','CORPORATE_FINANCE','FINTECH','INSURANCE','INVESTMENT_BANKING','OTHER','PRIVATE_EQUITY_VC','RISK_COMPLIANCE') not null
2026-09-12 12:21:58.184 DEBUG 16796 --- [  restartedMain] org.hibernate.SQL                        : 
    alter table opportunities 
       modify column status enum ('CLOSED','DRAFT','PUBLISHED') not null
2026-09-12 12:21:58.208 DEBUG 16796 --- [  restartedMain] org.hibernate.SQL                        : 
    alter table opportunities 
       modify column type enum ('CONTRACT','FULL_TIME','GIG','INTERNSHIP','PART_TIME') not null
2026-09-12 12:21:58.247 DEBUG 16796 --- [  restartedMain] org.hibernate.SQL                        : 
    alter table opportunities 
       modify column work_mode enum ('HYBRID','ONSITE','REMOTE') not null
2026-09-12 12:21:58.302 DEBUG 16796 --- [  restartedMain] org.hibernate.SQL                        : 
    alter table opportunity_qualifications 
       modify column qualification TEXT not null
2026-09-12 12:21:58.309 DEBUG 16796 --- [  restartedMain] org.hibernate.SQL                        : 
    alter table opportunity_responsibilities 
       modify column responsibility TEXT not null
2026-09-12 12:21:58.320 DEBUG 16796 --- [  restartedMain] org.hibernate.SQL                        : 
    alter table users 
       modify column role enum ('ROLE_ADMIN','ROLE_ADVISORY','ROLE_BUSINESS','ROLE_CUSTOMER','ROLE_MEMBERS') not null
2026-09-12 12:21:58.392  INFO 16796 --- [  restartedMain] j.LocalContainerEntityManagerFactoryBean : Initialized JPA EntityManagerFactory for persistence unit 'default'
2026-09-12 12:21:58.452  INFO 16796 --- [  restartedMain] o.s.b.web.servlet.RegistrationBean       : Filter disableJwtAuthFilterRegistration was not registered (disabled)
2026-09-12 12:21:58.484  INFO 16796 --- [  restartedMain] eAuthenticationProviderManagerConfigurer : Global AuthenticationManager configured with AuthenticationProvider bean with name authenticationProvider
2026-09-12 12:21:58.485  WARN 16796 --- [  restartedMain] r$InitializeUserDetailsManagerConfigurer : Global AuthenticationManager configured with an AuthenticationProvider bean. UserDetailsService beans will not be used for username/password login. Consider removing the AuthenticationProvider bean. Alternatively, consider using the UserDetailsService in a manually instantiated DaoAuthenticationProvider.
2026-09-12 12:21:58.595  INFO 16796 --- [  restartedMain] c.e.firstapp.config.AsyncConfig          : Email thread pool initialized: core=2 max=5 queue=50
2026-09-12 12:21:58.645 DEBUG 16796 --- [  restartedMain] o.s.s.web.DefaultSecurityFilterChain     : Will secure any request with filters: DisableEncodeUrlFilter, WebAsyncManagerIntegrationFilter, SecurityContextHolderFilter, HeaderWriterFilter, LogoutFilter, JwtAuthFilter, RequestCacheAwareFilter, SecurityContextHolderAwareRequestFilter, AnonymousAuthenticationFilter, SessionManagementFilter, ExceptionTranslationFilter, AuthorizationFilter
2026-09-12 12:21:58.686  INFO 16796 --- [  restartedMain] o.s.b.d.a.OptionalLiveReloadServer       : LiveReload server is running on port 35729
2026-09-12 12:21:58.694  INFO 16796 --- [  restartedMain] o.s.b.w.e.tomcat.TomcatWebServer         : Tomcat started on port 8080 (http) with context path '/'
2026-09-12 12:21:58.697  INFO 16796 --- [  restartedMain] c.e.firstapp.FirstappApplication         : Started FirstappApplication in 1.131 seconds (process running for 5000.26)
2026-09-12 12:21:58.698  INFO 16796 --- [  restartedMain] .ConditionEvaluationDeltaLoggingListener : Condition evaluation unchanged
2026-09-12 12:31:28.038  INFO 16796 --- [   File Watcher] rtingClassPathChangeChangedEventListener : Restarting due to 1 class path change (0 additions, 0 deletions, 1 modification)
2026-09-12 12:31:28.133  INFO 16796 --- [      Thread-87] j.LocalContainerEntityManagerFactoryBean : Closing JPA EntityManagerFactory for persistence unit 'default'
2026-09-12 12:31:28.134  INFO 16796 --- [      Thread-87] com.zaxxer.hikari.HikariDataSource       : BusinessAppHikariPool - Shutdown initiated...
2026-09-12 12:31:28.135  INFO 16796 --- [      Thread-87] com.zaxxer.hikari.HikariDataSource       : BusinessAppHikariPool - Shutdown completed.
2026-09-12 12:31:28.342  INFO 16796 --- [  restartedMain] c.e.firstapp.FirstappApplication         : Starting FirstappApplication using Java 25.0.3 with PID 16796 (E:\firstapp\firstapp\target\classes started by Dell in E:\firstapp\firstapp)
2026-09-12 12:31:28.342  INFO 16796 --- [  restartedMain] c.e.firstapp.FirstappApplication         : No active profile set, falling back to 1 default profile: "default"
2026-09-12 12:31:28.491  INFO 16796 --- [  restartedMain] .s.d.r.c.RepositoryConfigurationDelegate : Bootstrapping Spring Data JPA repositories in DEFAULT mode.
2026-09-12 12:31:28.515  INFO 16796 --- [  restartedMain] .s.d.r.c.RepositoryConfigurationDelegate : Finished Spring Data repository scanning in 24 ms. Found 8 JPA repository interfaces.
2026-09-12 12:31:28.586  INFO 16796 --- [  restartedMain] o.s.b.w.e.tomcat.TomcatWebServer         : Tomcat initialized with port 8080 (http)
2026-09-12 12:31:28.586  INFO 16796 --- [  restartedMain] o.a.catalina.core.StandardService        : Starting service [Tomcat]
2026-09-12 12:31:28.586  INFO 16796 --- [  restartedMain] o.a.catalina.core.StandardEngine         : Starting Servlet engine: [Apache Tomcat/10.1.42]
2026-09-12 12:31:28.618  INFO 16796 --- [  restartedMain] o.a.c.c.C.[Tomcat].[localhost].[/]       : Initializing Spring embedded WebApplicationContext
2026-09-12 12:31:28.618  INFO 16796 --- [  restartedMain] w.s.c.ServletWebServerApplicationContext : Root WebApplicationContext: initialization completed in 275 ms
2026-09-12 12:31:28.626 DEBUG 16796 --- [  restartedMain] com.zaxxer.hikari.HikariConfig           : Driver class com.mysql.cj.jdbc.Driver found in Thread context class loader TomcatEmbeddedWebappClassLoader
  context: ROOT
  delegate: true
----------> Parent Classloader:
org.springframework.boot.devtools.restart.classloader.RestartClassLoader@56165028

2026-09-12 12:31:28.648  INFO 16796 --- [  restartedMain] o.h.jpa.internal.util.LogHelper          : HHH000204: Processing PersistenceUnitInfo [name: default]
2026-09-12 12:31:28.650  INFO 16796 --- [  restartedMain] o.h.c.i.RegionFactoryInitiator           : HHH000026: Second-level cache disabled
2026-09-12 12:31:28.657  INFO 16796 --- [  restartedMain] o.s.o.j.p.SpringPersistenceUnitInfo      : No LoadTimeWeaver setup: ignoring JPA class transformer
2026-09-12 12:31:28.658 DEBUG 16796 --- [  restartedMain] com.zaxxer.hikari.HikariConfig           : BusinessAppHikariPool - configuration:
2026-09-12 12:31:28.659 DEBUG 16796 --- [  restartedMain] com.zaxxer.hikari.HikariConfig           : allowPoolSuspension.............false
2026-09-12 12:31:28.659 DEBUG 16796 --- [  restartedMain] com.zaxxer.hikari.HikariConfig           : autoCommit......................true
2026-09-12 12:31:28.659 DEBUG 16796 --- [  restartedMain] com.zaxxer.hikari.HikariConfig           : catalog.........................none
2026-09-12 12:31:28.659 DEBUG 16796 --- [  restartedMain] com.zaxxer.hikari.HikariConfig           : connectionInitSql...............none
2026-09-12 12:31:28.659 DEBUG 16796 --- [  restartedMain] com.zaxxer.hikari.HikariConfig           : connectionTestQuery............."SELECT 1"
2026-09-12 12:31:28.659 DEBUG 16796 --- [  restartedMain] com.zaxxer.hikari.HikariConfig           : connectionTimeout...............20000
2026-09-12 12:31:28.659 DEBUG 16796 --- [  restartedMain] com.zaxxer.hikari.HikariConfig           : dataSource......................none
2026-09-12 12:31:28.659 DEBUG 16796 --- [  restartedMain] com.zaxxer.hikari.HikariConfig           : dataSourceClassName.............none
2026-09-12 12:31:28.659 DEBUG 16796 --- [  restartedMain] com.zaxxer.hikari.HikariConfig           : dataSourceJNDI..................none
2026-09-12 12:31:28.659 DEBUG 16796 --- [  restartedMain] com.zaxxer.hikari.HikariConfig           : dataSourceProperties............{password=<masked>}
2026-09-12 12:31:28.660 DEBUG 16796 --- [  restartedMain] com.zaxxer.hikari.HikariConfig           : driverClassName................."com.mysql.cj.jdbc.Driver"
2026-09-12 12:31:28.660 DEBUG 16796 --- [  restartedMain] com.zaxxer.hikari.HikariConfig           : exceptionOverrideClassName......none
2026-09-12 12:31:28.660 DEBUG 16796 --- [  restartedMain] com.zaxxer.hikari.HikariConfig           : healthCheckProperties...........{}
2026-09-12 12:31:28.660 DEBUG 16796 --- [  restartedMain] com.zaxxer.hikari.HikariConfig           : healthCheckRegistry.............none
2026-09-12 12:31:28.660 DEBUG 16796 --- [  restartedMain] com.zaxxer.hikari.HikariConfig           : idleTimeout.....................600000
2026-09-12 12:31:28.660 DEBUG 16796 --- [  restartedMain] com.zaxxer.hikari.HikariConfig           : initializationFailTimeout.......1
2026-09-12 12:31:28.660 DEBUG 16796 --- [  restartedMain] com.zaxxer.hikari.HikariConfig           : isolateInternalQueries..........false
2026-09-12 12:31:28.660 DEBUG 16796 --- [  restartedMain] com.zaxxer.hikari.HikariConfig           : jdbcUrl.........................jdbc:mysql://localhost:3306/businessapp?createDatabaseIfNotExist=true&useSSL=false&serverTimezone=UTC&allowPublicKeyRetrieval=true
2026-09-12 12:31:28.660 DEBUG 16796 --- [  restartedMain] com.zaxxer.hikari.HikariConfig           : keepaliveTime...................0
2026-09-12 12:31:28.660 DEBUG 16796 --- [  restartedMain] com.zaxxer.hikari.HikariConfig           : leakDetectionThreshold..........0
2026-09-12 12:31:28.660 DEBUG 16796 --- [  restartedMain] com.zaxxer.hikari.HikariConfig           : maxLifetime.....................1800000
2026-09-12 12:31:28.660 DEBUG 16796 --- [  restartedMain] com.zaxxer.hikari.HikariConfig           : maximumPoolSize.................10
2026-09-12 12:31:28.660 DEBUG 16796 --- [  restartedMain] com.zaxxer.hikari.HikariConfig           : metricRegistry..................none
2026-09-12 12:31:28.660 DEBUG 16796 --- [  restartedMain] com.zaxxer.hikari.HikariConfig           : metricsTrackerFactory...........none
2026-09-12 12:31:28.661 DEBUG 16796 --- [  restartedMain] com.zaxxer.hikari.HikariConfig           : minimumIdle.....................5
2026-09-12 12:31:28.661 DEBUG 16796 --- [  restartedMain] com.zaxxer.hikari.HikariConfig           : password........................<masked>
2026-09-12 12:31:28.661 DEBUG 16796 --- [  restartedMain] com.zaxxer.hikari.HikariConfig           : poolName........................"BusinessAppHikariPool"
2026-09-12 12:31:28.661 DEBUG 16796 --- [  restartedMain] com.zaxxer.hikari.HikariConfig           : readOnly........................false
2026-09-12 12:31:28.661 DEBUG 16796 --- [  restartedMain] com.zaxxer.hikari.HikariConfig           : registerMbeans..................false
2026-09-12 12:31:28.661 DEBUG 16796 --- [  restartedMain] com.zaxxer.hikari.HikariConfig           : scheduledExecutor...............none
2026-09-12 12:31:28.661 DEBUG 16796 --- [  restartedMain] com.zaxxer.hikari.HikariConfig           : schema..........................none
2026-09-12 12:31:28.661 DEBUG 16796 --- [  restartedMain] com.zaxxer.hikari.HikariConfig           : threadFactory...................internal
2026-09-12 12:31:28.661 DEBUG 16796 --- [  restartedMain] com.zaxxer.hikari.HikariConfig           : transactionIsolation............default
2026-09-12 12:31:28.661 DEBUG 16796 --- [  restartedMain] com.zaxxer.hikari.HikariConfig           : username........................"root"
2026-09-12 12:31:28.661 DEBUG 16796 --- [  restartedMain] com.zaxxer.hikari.HikariConfig           : validationTimeout...............5000
2026-09-12 12:31:28.661  INFO 16796 --- [  restartedMain] com.zaxxer.hikari.HikariDataSource       : BusinessAppHikariPool - Starting...
2026-09-12 12:31:28.668  INFO 16796 --- [  restartedMain] com.zaxxer.hikari.pool.HikariPool        : BusinessAppHikariPool - Added connection com.mysql.cj.jdbc.ConnectionImpl@1cb28d68
2026-09-12 12:31:28.668  INFO 16796 --- [  restartedMain] com.zaxxer.hikari.HikariDataSource       : BusinessAppHikariPool - Start completed.
2026-09-12 12:31:28.822  INFO 16796 --- [  restartedMain] o.h.e.t.j.p.i.JtaPlatformInitiator       : HHH000489: No JTA platform available (set 'hibernate.transaction.jta.platform' to enable JTA platform integration)
2026-09-12 12:31:28.841 DEBUG 16796 --- [  restartedMain] org.hibernate.SQL                        : 
    alter table businesses 
       modify column description TEXT
2026-09-12 12:31:28.873 DEBUG 16796 --- [  restartedMain] org.hibernate.SQL                        : 
    alter table member_educations 
       modify column description TEXT
2026-09-12 12:31:28.881 DEBUG 16796 --- [  restartedMain] org.hibernate.SQL                        : 
    alter table member_experiences 
       modify column description TEXT
2026-09-12 12:31:28.891 DEBUG 16796 --- [  restartedMain] org.hibernate.SQL                        : 
    alter table members 
       modify column bio TEXT
2026-09-12 12:31:28.918 DEBUG 16796 --- [  restartedMain] org.hibernate.SQL                        : 
    alter table members 
       modify column profile_visibility enum ('CONNECTIONS_ONLY','PRIVATE','PUBLIC') not null
2026-09-12 12:31:28.939 DEBUG 16796 --- [  restartedMain] org.hibernate.SQL                        : 
    alter table members 
       modify column specialization enum ('ACCOUNTING_AUDIT','ASSET_WEALTH_MANAGEMENT','CORPORATE_FINANCE','FINTECH','INSURANCE','INVESTMENT_BANKING','OTHER','PRIVATE_EQUITY_VC','RISK_COMPLIANCE')
2026-09-12 12:31:28.956 DEBUG 16796 --- [  restartedMain] org.hibernate.SQL                        : 
    alter table opportunities 
       modify column description TEXT not null
2026-09-12 12:31:28.972 DEBUG 16796 --- [  restartedMain] org.hibernate.SQL                        : 
    alter table opportunities 
       modify column experience_level enum ('EXECUTIVE','GRADUATE','JUNIOR','MID','SENIOR') not null
2026-09-12 12:31:28.988 DEBUG 16796 --- [  restartedMain] org.hibernate.SQL                        : 
    alter table opportunities 
       modify column specialization enum ('ACCOUNTING_AUDIT','ASSET_WEALTH_MANAGEMENT','CORPORATE_FINANCE','FINTECH','INSURANCE','INVESTMENT_BANKING','OTHER','PRIVATE_EQUITY_VC','RISK_COMPLIANCE') not null
2026-09-12 12:31:29.005 DEBUG 16796 --- [  restartedMain] org.hibernate.SQL                        : 
    alter table opportunities 
       modify column status enum ('CLOSED','DRAFT','PUBLISHED') not null
2026-09-12 12:31:29.025 DEBUG 16796 --- [  restartedMain] org.hibernate.SQL                        : 
    alter table opportunities 
       modify column type enum ('CONTRACT','FULL_TIME','GIG','INTERNSHIP','PART_TIME') not null
2026-09-12 12:31:29.039 DEBUG 16796 --- [  restartedMain] org.hibernate.SQL                        : 
    alter table opportunities 
       modify column work_mode enum ('HYBRID','ONSITE','REMOTE') not null
2026-09-12 12:31:29.060 DEBUG 16796 --- [  restartedMain] org.hibernate.SQL                        : 
    alter table opportunity_qualifications 
       modify column qualification TEXT not null
2026-09-12 12:31:29.069 DEBUG 16796 --- [  restartedMain] org.hibernate.SQL                        : 
    alter table opportunity_responsibilities 
       modify column responsibility TEXT not null
2026-09-12 12:31:29.078 DEBUG 16796 --- [  restartedMain] org.hibernate.SQL                        : 
    alter table users 
       modify column role enum ('ROLE_ADMIN','ROLE_ADVISORY','ROLE_BUSINESS','ROLE_CUSTOMER','ROLE_MEMBERS') not null
2026-09-12 12:31:29.183  INFO 16796 --- [  restartedMain] j.LocalContainerEntityManagerFactoryBean : Initialized JPA EntityManagerFactory for persistence unit 'default'
2026-09-12 12:31:29.248  INFO 16796 --- [  restartedMain] o.s.b.web.servlet.RegistrationBean       : Filter disableJwtAuthFilterRegistration was not registered (disabled)
2026-09-12 12:31:29.286  INFO 16796 --- [  restartedMain] eAuthenticationProviderManagerConfigurer : Global AuthenticationManager configured with AuthenticationProvider bean with name authenticationProvider
2026-09-12 12:31:29.287  WARN 16796 --- [  restartedMain] r$InitializeUserDetailsManagerConfigurer : Global AuthenticationManager configured with an AuthenticationProvider bean. UserDetailsService beans will not be used for username/password login. Consider removing the AuthenticationProvider bean. Alternatively, consider using the UserDetailsService in a manually instantiated DaoAuthenticationProvider.
2026-09-12 12:31:29.438  INFO 16796 --- [  restartedMain] c.e.firstapp.config.AsyncConfig          : Email thread pool initialized: core=2 max=5 queue=50
2026-09-12 12:31:29.483 DEBUG 16796 --- [  restartedMain] o.s.s.web.DefaultSecurityFilterChain     : Will secure any request with filters: DisableEncodeUrlFilter, WebAsyncManagerIntegrationFilter, SecurityContextHolderFilter, HeaderWriterFilter, LogoutFilter, JwtAuthFilter, RequestCacheAwareFilter, SecurityContextHolderAwareRequestFilter, AnonymousAuthenticationFilter, SessionManagementFilter, ExceptionTranslationFilter, AuthorizationFilter
2026-09-12 12:31:29.530  INFO 16796 --- [  restartedMain] o.s.b.d.a.OptionalLiveReloadServer       : LiveReload server is running on port 35729
2026-09-12 12:31:29.537  INFO 16796 --- [  restartedMain] o.s.b.w.e.tomcat.TomcatWebServer         : Tomcat started on port 8080 (http) with context path '/'
2026-09-12 12:31:29.539  INFO 16796 --- [  restartedMain] c.e.firstapp.FirstappApplication         : Started FirstappApplication in 1.216 seconds (process running for 5571.102)
2026-09-12 12:31:29.540  INFO 16796 --- [  restartedMain] .ConditionEvaluationDeltaLoggingListener : Condition evaluation unchanged
2026-09-12 12:31:51.593  INFO 16796 --- [   File Watcher] rtingClassPathChangeChangedEventListener : Restarting due to 1 class path change (0 additions, 0 deletions, 1 modification)
2026-09-12 12:31:51.608  INFO 16796 --- [      Thread-91] j.LocalContainerEntityManagerFactoryBean : Closing JPA EntityManagerFactory for persistence unit 'default'
2026-09-12 12:31:51.609  INFO 16796 --- [      Thread-91] com.zaxxer.hikari.HikariDataSource       : BusinessAppHikariPool - Shutdown initiated...
2026-09-12 12:31:51.611  INFO 16796 --- [      Thread-91] com.zaxxer.hikari.HikariDataSource       : BusinessAppHikariPool - Shutdown completed.
2026-09-12 12:31:51.704  INFO 16796 --- [  restartedMain] c.e.firstapp.FirstappApplication         : Starting FirstappApplication using Java 25.0.3 with PID 16796 (E:\firstapp\firstapp\target\classes started by Dell in E:\firstapp\firstapp)
2026-09-12 12:31:51.705  INFO 16796 --- [  restartedMain] c.e.firstapp.FirstappApplication         : No active profile set, falling back to 1 default profile: "default"
2026-09-12 12:31:51.819  INFO 16796 --- [  restartedMain] .s.d.r.c.RepositoryConfigurationDelegate : Bootstrapping Spring Data JPA repositories in DEFAULT mode.
2026-09-12 12:31:51.851  INFO 16796 --- [  restartedMain] .s.d.r.c.RepositoryConfigurationDelegate : Finished Spring Data repository scanning in 31 ms. Found 8 JPA repository interfaces.
2026-09-12 12:31:51.917  INFO 16796 --- [  restartedMain] o.s.b.w.e.tomcat.TomcatWebServer         : Tomcat initialized with port 8080 (http)
2026-09-12 12:31:51.917  INFO 16796 --- [  restartedMain] o.a.catalina.core.StandardService        : Starting service [Tomcat]
2026-09-12 12:31:51.918  INFO 16796 --- [  restartedMain] o.a.catalina.core.StandardEngine         : Starting Servlet engine: [Apache Tomcat/10.1.42]
2026-09-12 12:31:51.953  INFO 16796 --- [  restartedMain] o.a.c.c.C.[Tomcat].[localhost].[/]       : Initializing Spring embedded WebApplicationContext
2026-09-12 12:31:51.953  INFO 16796 --- [  restartedMain] w.s.c.ServletWebServerApplicationContext : Root WebApplicationContext: initialization completed in 248 ms
2026-09-12 12:31:51.963 DEBUG 16796 --- [  restartedMain] com.zaxxer.hikari.HikariConfig           : Driver class com.mysql.cj.jdbc.Driver found in Thread context class loader TomcatEmbeddedWebappClassLoader
  context: ROOT
  delegate: true
----------> Parent Classloader:
org.springframework.boot.devtools.restart.classloader.RestartClassLoader@613f1589

2026-09-12 12:31:51.980  INFO 16796 --- [  restartedMain] o.h.jpa.internal.util.LogHelper          : HHH000204: Processing PersistenceUnitInfo [name: default]
2026-09-12 12:31:51.982  INFO 16796 --- [  restartedMain] o.h.c.i.RegionFactoryInitiator           : HHH000026: Second-level cache disabled
2026-09-12 12:31:51.989  INFO 16796 --- [  restartedMain] o.s.o.j.p.SpringPersistenceUnitInfo      : No LoadTimeWeaver setup: ignoring JPA class transformer
2026-09-12 12:31:51.990 DEBUG 16796 --- [  restartedMain] com.zaxxer.hikari.HikariConfig           : BusinessAppHikariPool - configuration:
2026-09-12 12:31:51.991 DEBUG 16796 --- [  restartedMain] com.zaxxer.hikari.HikariConfig           : allowPoolSuspension.............false
2026-09-12 12:31:51.991 DEBUG 16796 --- [  restartedMain] com.zaxxer.hikari.HikariConfig           : autoCommit......................true
2026-09-12 12:31:51.991 DEBUG 16796 --- [  restartedMain] com.zaxxer.hikari.HikariConfig           : catalog.........................none
2026-09-12 12:31:51.991 DEBUG 16796 --- [  restartedMain] com.zaxxer.hikari.HikariConfig           : connectionInitSql...............none
2026-09-12 12:31:51.991 DEBUG 16796 --- [  restartedMain] com.zaxxer.hikari.HikariConfig           : connectionTestQuery............."SELECT 1"
2026-09-12 12:31:51.991 DEBUG 16796 --- [  restartedMain] com.zaxxer.hikari.HikariConfig           : connectionTimeout...............20000
2026-09-12 12:31:51.991 DEBUG 16796 --- [  restartedMain] com.zaxxer.hikari.HikariConfig           : dataSource......................none
2026-09-12 12:31:51.991 DEBUG 16796 --- [  restartedMain] com.zaxxer.hikari.HikariConfig           : dataSourceClassName.............none
2026-09-12 12:31:51.991 DEBUG 16796 --- [  restartedMain] com.zaxxer.hikari.HikariConfig           : dataSourceJNDI..................none
2026-09-12 12:31:51.991 DEBUG 16796 --- [  restartedMain] com.zaxxer.hikari.HikariConfig           : dataSourceProperties............{password=<masked>}
2026-09-12 12:31:51.991 DEBUG 16796 --- [  restartedMain] com.zaxxer.hikari.HikariConfig           : driverClassName................."com.mysql.cj.jdbc.Driver"
2026-09-12 12:31:51.991 DEBUG 16796 --- [  restartedMain] com.zaxxer.hikari.HikariConfig           : exceptionOverrideClassName......none
2026-09-12 12:31:51.992 DEBUG 16796 --- [  restartedMain] com.zaxxer.hikari.HikariConfig           : healthCheckProperties...........{}
2026-09-12 12:31:51.992 DEBUG 16796 --- [  restartedMain] com.zaxxer.hikari.HikariConfig           : healthCheckRegistry.............none
2026-09-12 12:31:51.992 DEBUG 16796 --- [  restartedMain] com.zaxxer.hikari.HikariConfig           : idleTimeout.....................600000
2026-09-12 12:31:51.992 DEBUG 16796 --- [  restartedMain] com.zaxxer.hikari.HikariConfig           : initializationFailTimeout.......1
2026-09-12 12:31:51.992 DEBUG 16796 --- [  restartedMain] com.zaxxer.hikari.HikariConfig           : isolateInternalQueries..........false
2026-09-12 12:31:51.992 DEBUG 16796 --- [  restartedMain] com.zaxxer.hikari.HikariConfig           : jdbcUrl.........................jdbc:mysql://localhost:3306/businessapp?createDatabaseIfNotExist=true&useSSL=false&serverTimezone=UTC&allowPublicKeyRetrieval=true
2026-09-12 12:31:51.992 DEBUG 16796 --- [  restartedMain] com.zaxxer.hikari.HikariConfig           : keepaliveTime...................0
2026-09-12 12:31:51.992 DEBUG 16796 --- [  restartedMain] com.zaxxer.hikari.HikariConfig           : leakDetectionThreshold..........0
2026-09-12 12:31:51.992 DEBUG 16796 --- [  restartedMain] com.zaxxer.hikari.HikariConfig           : maxLifetime.....................1800000
2026-09-12 12:31:51.992 DEBUG 16796 --- [  restartedMain] com.zaxxer.hikari.HikariConfig           : maximumPoolSize.................10
2026-09-12 12:31:51.992 DEBUG 16796 --- [  restartedMain] com.zaxxer.hikari.HikariConfig           : metricRegistry..................none
2026-09-12 12:31:51.992 DEBUG 16796 --- [  restartedMain] com.zaxxer.hikari.HikariConfig           : metricsTrackerFactory...........none
2026-09-12 12:31:51.993 DEBUG 16796 --- [  restartedMain] com.zaxxer.hikari.HikariConfig           : minimumIdle.....................5
2026-09-12 12:31:51.993 DEBUG 16796 --- [  restartedMain] com.zaxxer.hikari.HikariConfig           : password........................<masked>
2026-09-12 12:31:51.993 DEBUG 16796 --- [  restartedMain] com.zaxxer.hikari.HikariConfig           : poolName........................"BusinessAppHikariPool"
2026-09-12 12:31:51.993 DEBUG 16796 --- [  restartedMain] com.zaxxer.hikari.HikariConfig           : readOnly........................false
2026-09-12 12:31:51.993 DEBUG 16796 --- [  restartedMain] com.zaxxer.hikari.HikariConfig           : registerMbeans..................false
2026-09-12 12:31:51.993 DEBUG 16796 --- [  restartedMain] com.zaxxer.hikari.HikariConfig           : scheduledExecutor...............none
2026-09-12 12:31:51.993 DEBUG 16796 --- [  restartedMain] com.zaxxer.hikari.HikariConfig           : schema..........................none
2026-09-12 12:31:51.993 DEBUG 16796 --- [  restartedMain] com.zaxxer.hikari.HikariConfig           : threadFactory...................internal
2026-09-12 12:31:51.993 DEBUG 16796 --- [  restartedMain] com.zaxxer.hikari.HikariConfig           : transactionIsolation............default
2026-09-12 12:31:51.993 DEBUG 16796 --- [  restartedMain] com.zaxxer.hikari.HikariConfig           : username........................"root"
2026-09-12 12:31:51.993 DEBUG 16796 --- [  restartedMain] com.zaxxer.hikari.HikariConfig           : validationTimeout...............5000
2026-09-12 12:31:51.993  INFO 16796 --- [  restartedMain] com.zaxxer.hikari.HikariDataSource       : BusinessAppHikariPool - Starting...
2026-09-12 12:31:52.000  INFO 16796 --- [  restartedMain] com.zaxxer.hikari.pool.HikariPool        : BusinessAppHikariPool - Added connection com.mysql.cj.jdbc.ConnectionImpl@432bc1ea
2026-09-12 12:31:52.002  INFO 16796 --- [  restartedMain] com.zaxxer.hikari.HikariDataSource       : BusinessAppHikariPool - Start completed.
2026-09-12 12:31:52.169  INFO 16796 --- [  restartedMain] o.h.e.t.j.p.i.JtaPlatformInitiator       : HHH000489: No JTA platform available (set 'hibernate.transaction.jta.platform' to enable JTA platform integration)
2026-09-12 12:31:52.200 DEBUG 16796 --- [  restartedMain] org.hibernate.SQL                        : 
    alter table businesses 
       modify column description TEXT
2026-09-12 12:31:52.235 DEBUG 16796 --- [  restartedMain] org.hibernate.SQL                        : 
    alter table member_educations 
       modify column description TEXT
2026-09-12 12:31:52.242 DEBUG 16796 --- [  restartedMain] org.hibernate.SQL                        : 
    alter table member_experiences 
       modify column description TEXT
2026-09-12 12:31:52.251 DEBUG 16796 --- [  restartedMain] org.hibernate.SQL                        : 
    alter table members 
       modify column bio TEXT
2026-09-12 12:31:52.273 DEBUG 16796 --- [  restartedMain] org.hibernate.SQL                        : 
    alter table members 
       modify column profile_visibility enum ('CONNECTIONS_ONLY','PRIVATE','PUBLIC') not null
2026-09-12 12:31:52.300 DEBUG 16796 --- [  restartedMain] org.hibernate.SQL                        : 
    alter table members 
       modify column specialization enum ('ACCOUNTING_AUDIT','ASSET_WEALTH_MANAGEMENT','CORPORATE_FINANCE','FINTECH','INSURANCE','INVESTMENT_BANKING','OTHER','PRIVATE_EQUITY_VC','RISK_COMPLIANCE')
2026-09-12 12:31:52.320 DEBUG 16796 --- [  restartedMain] org.hibernate.SQL                        : 
    alter table opportunities 
       modify column description TEXT not null
2026-09-12 12:31:52.355 DEBUG 16796 --- [  restartedMain] org.hibernate.SQL                        : 
    alter table opportunities 
       modify column experience_level enum ('EXECUTIVE','GRADUATE','JUNIOR','MID','SENIOR') not null
2026-09-12 12:31:52.375 DEBUG 16796 --- [  restartedMain] org.hibernate.SQL                        : 
    alter table opportunities 
       modify column specialization enum ('ACCOUNTING_AUDIT','ASSET_WEALTH_MANAGEMENT','CORPORATE_FINANCE','FINTECH','INSURANCE','INVESTMENT_BANKING','OTHER','PRIVATE_EQUITY_VC','RISK_COMPLIANCE') not null
2026-09-12 12:31:52.398 DEBUG 16796 --- [  restartedMain] org.hibernate.SQL                        : 
    alter table opportunities 
       modify column status enum ('CLOSED','DRAFT','PUBLISHED') not null
2026-09-12 12:31:52.419 DEBUG 16796 --- [  restartedMain] org.hibernate.SQL                        : 
    alter table opportunities 
       modify column type enum ('CONTRACT','FULL_TIME','GIG','INTERNSHIP','PART_TIME') not null
2026-09-12 12:31:52.442 DEBUG 16796 --- [  restartedMain] org.hibernate.SQL                        : 
    alter table opportunities 
       modify column work_mode enum ('HYBRID','ONSITE','REMOTE') not null
2026-09-12 12:31:52.460 DEBUG 16796 --- [  restartedMain] org.hibernate.SQL                        : 
    alter table opportunity_qualifications 
       modify column qualification TEXT not null
2026-09-12 12:31:52.469 DEBUG 16796 --- [  restartedMain] org.hibernate.SQL                        : 
    alter table opportunity_responsibilities 
       modify column responsibility TEXT not null
2026-09-12 12:31:52.476 DEBUG 16796 --- [  restartedMain] org.hibernate.SQL                        : 
    alter table users 
       modify column role enum ('ROLE_ADMIN','ROLE_ADVISORY','ROLE_BUSINESS','ROLE_CUSTOMER','ROLE_MEMBERS') not null
2026-09-12 12:31:52.554  INFO 16796 --- [  restartedMain] j.LocalContainerEntityManagerFactoryBean : Initialized JPA EntityManagerFactory for persistence unit 'default'
2026-09-12 12:31:52.606  INFO 16796 --- [  restartedMain] o.s.b.web.servlet.RegistrationBean       : Filter disableJwtAuthFilterRegistration was not registered (disabled)
2026-09-12 12:31:52.635  INFO 16796 --- [  restartedMain] eAuthenticationProviderManagerConfigurer : Global AuthenticationManager configured with AuthenticationProvider bean with name authenticationProvider
2026-09-12 12:31:52.636  WARN 16796 --- [  restartedMain] r$InitializeUserDetailsManagerConfigurer : Global AuthenticationManager configured with an AuthenticationProvider bean. UserDetailsService beans will not be used for username/password login. Consider removing the AuthenticationProvider bean. Alternatively, consider using the UserDetailsService in a manually instantiated DaoAuthenticationProvider.
2026-09-12 12:31:52.737  INFO 16796 --- [  restartedMain] c.e.firstapp.config.AsyncConfig          : Email thread pool initialized: core=2 max=5 queue=50
2026-09-12 12:31:52.782 DEBUG 16796 --- [  restartedMain] o.s.s.web.DefaultSecurityFilterChain     : Will secure any request with filters: DisableEncodeUrlFilter, WebAsyncManagerIntegrationFilter, SecurityContextHolderFilter, HeaderWriterFilter, LogoutFilter, JwtAuthFilter, RequestCacheAwareFilter, SecurityContextHolderAwareRequestFilter, AnonymousAuthenticationFilter, SessionManagementFilter, ExceptionTranslationFilter, AuthorizationFilter
2026-09-12 12:31:52.821  INFO 16796 --- [  restartedMain] o.s.b.d.a.OptionalLiveReloadServer       : LiveReload server is running on port 35729
2026-09-12 12:31:52.829  INFO 16796 --- [  restartedMain] o.s.b.w.e.tomcat.TomcatWebServer         : Tomcat started on port 8080 (http) with context path '/'
2026-09-12 12:31:52.832  INFO 16796 --- [  restartedMain] c.e.firstapp.FirstappApplication         : Started FirstappApplication in 1.142 seconds (process running for 5594.395)
2026-09-12 12:31:52.833  INFO 16796 --- [  restartedMain] .ConditionEvaluationDeltaLoggingListener : Condition evaluation unchanged
2026-09-12 12:36:45.107  INFO 16796 --- [   File Watcher] rtingClassPathChangeChangedEventListener : Restarting due to 1 class path change (0 additions, 0 deletions, 1 modification)
2026-09-12 12:36:45.126  INFO 16796 --- [      Thread-95] j.LocalContainerEntityManagerFactoryBean : Closing JPA EntityManagerFactory for persistence unit 'default'
2026-09-12 12:36:45.127  INFO 16796 --- [      Thread-95] com.zaxxer.hikari.HikariDataSource       : BusinessAppHikariPool - Shutdown initiated...
2026-09-12 12:36:45.130  INFO 16796 --- [      Thread-95] com.zaxxer.hikari.HikariDataSource       : BusinessAppHikariPool - Shutdown completed.
2026-09-12 12:36:45.242  INFO 16796 --- [  restartedMain] c.e.firstapp.FirstappApplication         : Starting FirstappApplication using Java 25.0.3 with PID 16796 (E:\firstapp\firstapp\target\classes started by Dell in E:\firstapp\firstapp)
2026-09-12 12:36:45.243  INFO 16796 --- [  restartedMain] c.e.firstapp.FirstappApplication         : No active profile set, falling back to 1 default profile: "default"
2026-09-12 12:36:45.433  INFO 16796 --- [  restartedMain] .s.d.r.c.RepositoryConfigurationDelegate : Bootstrapping Spring Data JPA repositories in DEFAULT mode.
2026-09-12 12:36:45.471  INFO 16796 --- [  restartedMain] .s.d.r.c.RepositoryConfigurationDelegate : Finished Spring Data repository scanning in 37 ms. Found 8 JPA repository interfaces.
2026-09-12 12:36:45.568  INFO 16796 --- [  restartedMain] o.s.b.w.e.tomcat.TomcatWebServer         : Tomcat initialized with port 8080 (http)
2026-09-12 12:36:45.569  INFO 16796 --- [  restartedMain] o.a.catalina.core.StandardService        : Starting service [Tomcat]
2026-09-12 12:36:45.569  INFO 16796 --- [  restartedMain] o.a.catalina.core.StandardEngine         : Starting Servlet engine: [Apache Tomcat/10.1.42]
2026-09-12 12:36:45.610  INFO 16796 --- [  restartedMain] o.a.c.c.C.[Tomcat].[localhost].[/]       : Initializing Spring embedded WebApplicationContext
2026-09-12 12:36:45.611  INFO 16796 --- [  restartedMain] w.s.c.ServletWebServerApplicationContext : Root WebApplicationContext: initialization completed in 365 ms
2026-09-12 12:36:45.623 DEBUG 16796 --- [  restartedMain] com.zaxxer.hikari.HikariConfig           : Driver class com.mysql.cj.jdbc.Driver found in Thread context class loader TomcatEmbeddedWebappClassLoader
  context: ROOT
  delegate: true
----------> Parent Classloader:
org.springframework.boot.devtools.restart.classloader.RestartClassLoader@792ae835

2026-09-12 12:36:45.649  INFO 16796 --- [  restartedMain] o.h.jpa.internal.util.LogHelper          : HHH000204: Processing PersistenceUnitInfo [name: default]
2026-09-12 12:36:45.650  INFO 16796 --- [  restartedMain] o.h.c.i.RegionFactoryInitiator           : HHH000026: Second-level cache disabled
2026-09-12 12:36:45.656  INFO 16796 --- [  restartedMain] o.s.o.j.p.SpringPersistenceUnitInfo      : No LoadTimeWeaver setup: ignoring JPA class transformer
2026-09-12 12:36:45.657 DEBUG 16796 --- [  restartedMain] com.zaxxer.hikari.HikariConfig           : BusinessAppHikariPool - configuration:
2026-09-12 12:36:45.657 DEBUG 16796 --- [  restartedMain] com.zaxxer.hikari.HikariConfig           : allowPoolSuspension.............false
2026-09-12 12:36:45.657 DEBUG 16796 --- [  restartedMain] com.zaxxer.hikari.HikariConfig           : autoCommit......................true
2026-09-12 12:36:45.657 DEBUG 16796 --- [  restartedMain] com.zaxxer.hikari.HikariConfig           : catalog.........................none
2026-09-12 12:36:45.658 DEBUG 16796 --- [  restartedMain] com.zaxxer.hikari.HikariConfig           : connectionInitSql...............none
2026-09-12 12:36:45.658 DEBUG 16796 --- [  restartedMain] com.zaxxer.hikari.HikariConfig           : connectionTestQuery............."SELECT 1"
2026-09-12 12:36:45.658 DEBUG 16796 --- [  restartedMain] com.zaxxer.hikari.HikariConfig           : connectionTimeout...............20000
2026-09-12 12:36:45.658 DEBUG 16796 --- [  restartedMain] com.zaxxer.hikari.HikariConfig           : dataSource......................none
2026-09-12 12:36:45.658 DEBUG 16796 --- [  restartedMain] com.zaxxer.hikari.HikariConfig           : dataSourceClassName.............none
2026-09-12 12:36:45.658 DEBUG 16796 --- [  restartedMain] com.zaxxer.hikari.HikariConfig           : dataSourceJNDI..................none
2026-09-12 12:36:45.658 DEBUG 16796 --- [  restartedMain] com.zaxxer.hikari.HikariConfig           : dataSourceProperties............{password=<masked>}
2026-09-12 12:36:45.658 DEBUG 16796 --- [  restartedMain] com.zaxxer.hikari.HikariConfig           : driverClassName................."com.mysql.cj.jdbc.Driver"
2026-09-12 12:36:45.658 DEBUG 16796 --- [  restartedMain] com.zaxxer.hikari.HikariConfig           : exceptionOverrideClassName......none
2026-09-12 12:36:45.658 DEBUG 16796 --- [  restartedMain] com.zaxxer.hikari.HikariConfig           : healthCheckProperties...........{}
2026-09-12 12:36:45.658 DEBUG 16796 --- [  restartedMain] com.zaxxer.hikari.HikariConfig           : healthCheckRegistry.............none
2026-09-12 12:36:45.658 DEBUG 16796 --- [  restartedMain] com.zaxxer.hikari.HikariConfig           : idleTimeout.....................600000
2026-09-12 12:36:45.658 DEBUG 16796 --- [  restartedMain] com.zaxxer.hikari.HikariConfig           : initializationFailTimeout.......1
2026-09-12 12:36:45.658 DEBUG 16796 --- [  restartedMain] com.zaxxer.hikari.HikariConfig           : isolateInternalQueries..........false
2026-09-12 12:36:45.659 DEBUG 16796 --- [  restartedMain] com.zaxxer.hikari.HikariConfig           : jdbcUrl.........................jdbc:mysql://localhost:3306/businessapp?createDatabaseIfNotExist=true&useSSL=false&serverTimezone=UTC&allowPublicKeyRetrieval=true
2026-09-12 12:36:45.659 DEBUG 16796 --- [  restartedMain] com.zaxxer.hikari.HikariConfig           : keepaliveTime...................0
2026-09-12 12:36:45.659 DEBUG 16796 --- [  restartedMain] com.zaxxer.hikari.HikariConfig           : leakDetectionThreshold..........0
2026-09-12 12:36:45.659 DEBUG 16796 --- [  restartedMain] com.zaxxer.hikari.HikariConfig           : maxLifetime.....................1800000
2026-09-12 12:36:45.659 DEBUG 16796 --- [  restartedMain] com.zaxxer.hikari.HikariConfig           : maximumPoolSize.................10
2026-09-12 12:36:45.659 DEBUG 16796 --- [  restartedMain] com.zaxxer.hikari.HikariConfig           : metricRegistry..................none
2026-09-12 12:36:45.659 DEBUG 16796 --- [  restartedMain] com.zaxxer.hikari.HikariConfig           : metricsTrackerFactory...........none
2026-09-12 12:36:45.659 DEBUG 16796 --- [  restartedMain] com.zaxxer.hikari.HikariConfig           : minimumIdle.....................5
2026-09-12 12:36:45.659 DEBUG 16796 --- [  restartedMain] com.zaxxer.hikari.HikariConfig           : password........................<masked>
2026-09-12 12:36:45.659 DEBUG 16796 --- [  restartedMain] com.zaxxer.hikari.HikariConfig           : poolName........................"BusinessAppHikariPool"
2026-09-12 12:36:45.659 DEBUG 16796 --- [  restartedMain] com.zaxxer.hikari.HikariConfig           : readOnly........................false
2026-09-12 12:36:45.659 DEBUG 16796 --- [  restartedMain] com.zaxxer.hikari.HikariConfig           : registerMbeans..................false
2026-09-12 12:36:45.659 DEBUG 16796 --- [  restartedMain] com.zaxxer.hikari.HikariConfig           : scheduledExecutor...............none
2026-09-12 12:36:45.659 DEBUG 16796 --- [  restartedMain] com.zaxxer.hikari.HikariConfig           : schema..........................none
2026-09-12 12:36:45.660 DEBUG 16796 --- [  restartedMain] com.zaxxer.hikari.HikariConfig           : threadFactory...................internal
2026-09-12 12:36:45.660 DEBUG 16796 --- [  restartedMain] com.zaxxer.hikari.HikariConfig           : transactionIsolation............default
2026-09-12 12:36:45.660 DEBUG 16796 --- [  restartedMain] com.zaxxer.hikari.HikariConfig           : username........................"root"
2026-09-12 12:36:45.660 DEBUG 16796 --- [  restartedMain] com.zaxxer.hikari.HikariConfig           : validationTimeout...............5000
2026-09-12 12:36:45.660  INFO 16796 --- [  restartedMain] com.zaxxer.hikari.HikariDataSource       : BusinessAppHikariPool - Starting...
2026-09-12 12:36:45.668  INFO 16796 --- [  restartedMain] com.zaxxer.hikari.pool.HikariPool        : BusinessAppHikariPool - Added connection com.mysql.cj.jdbc.ConnectionImpl@4d31615
2026-09-12 12:36:45.668  INFO 16796 --- [  restartedMain] com.zaxxer.hikari.HikariDataSource       : BusinessAppHikariPool - Start completed.
2026-09-12 12:36:45.856  INFO 16796 --- [  restartedMain] o.h.e.t.j.p.i.JtaPlatformInitiator       : HHH000489: No JTA platform available (set 'hibernate.transaction.jta.platform' to enable JTA platform integration)
2026-09-12 12:36:45.882 DEBUG 16796 --- [  restartedMain] org.hibernate.SQL                        : 
    alter table businesses 
       modify column description TEXT
2026-09-12 12:36:45.908 DEBUG 16796 --- [  restartedMain] org.hibernate.SQL                        : 
    alter table member_educations 
       modify column description TEXT
2026-09-12 12:36:45.953 DEBUG 16796 --- [  restartedMain] org.hibernate.SQL                        : 
    alter table member_experiences 
       modify column description TEXT
2026-09-12 12:36:45.987 DEBUG 16796 --- [  restartedMain] org.hibernate.SQL                        : 
    alter table members 
       modify column bio TEXT
2026-09-12 12:36:46.009 DEBUG 16796 --- [  restartedMain] org.hibernate.SQL                        : 
    alter table members 
       modify column profile_visibility enum ('CONNECTIONS_ONLY','PRIVATE','PUBLIC') not null
2026-09-12 12:36:46.029 DEBUG 16796 --- [  restartedMain] org.hibernate.SQL                        : 
    alter table members 
       modify column specialization enum ('ACCOUNTING_AUDIT','ASSET_WEALTH_MANAGEMENT','CORPORATE_FINANCE','FINTECH','INSURANCE','INVESTMENT_BANKING','OTHER','PRIVATE_EQUITY_VC','RISK_COMPLIANCE')
2026-09-12 12:36:46.047 DEBUG 16796 --- [  restartedMain] org.hibernate.SQL                        : 
    alter table opportunities 
       modify column description TEXT not null
2026-09-12 12:36:46.071 DEBUG 16796 --- [  restartedMain] org.hibernate.SQL                        : 
    alter table opportunities 
       modify column experience_level enum ('EXECUTIVE','GRADUATE','JUNIOR','MID','SENIOR') not null
2026-09-12 12:36:46.090 DEBUG 16796 --- [  restartedMain] org.hibernate.SQL                        : 
    alter table opportunities 
       modify column specialization enum ('ACCOUNTING_AUDIT','ASSET_WEALTH_MANAGEMENT','CORPORATE_FINANCE','FINTECH','INSURANCE','INVESTMENT_BANKING','OTHER','PRIVATE_EQUITY_VC','RISK_COMPLIANCE') not null
2026-09-12 12:36:46.103 DEBUG 16796 --- [  restartedMain] org.hibernate.SQL                        : 
    alter table opportunities 
       modify column status enum ('CLOSED','DRAFT','PUBLISHED') not null
2026-09-12 12:36:46.129 DEBUG 16796 --- [  restartedMain] org.hibernate.SQL                        : 
    alter table opportunities 
       modify column type enum ('CONTRACT','FULL_TIME','GIG','INTERNSHIP','PART_TIME') not null
2026-09-12 12:36:46.154 DEBUG 16796 --- [  restartedMain] org.hibernate.SQL                        : 
    alter table opportunities 
       modify column work_mode enum ('HYBRID','ONSITE','REMOTE') not null
2026-09-12 12:36:46.189 DEBUG 16796 --- [  restartedMain] org.hibernate.SQL                        : 
    alter table opportunity_qualifications 
       modify column qualification TEXT not null
2026-09-12 12:36:46.197 DEBUG 16796 --- [  restartedMain] org.hibernate.SQL                        : 
    alter table opportunity_responsibilities 
       modify column responsibility TEXT not null
2026-09-12 12:36:46.205 DEBUG 16796 --- [  restartedMain] org.hibernate.SQL                        : 
    alter table users 
       modify column role enum ('ROLE_ADMIN','ROLE_ADVISORY','ROLE_BUSINESS','ROLE_CUSTOMER','ROLE_MEMBERS') not null
2026-09-12 12:36:46.272  INFO 16796 --- [  restartedMain] j.LocalContainerEntityManagerFactoryBean : Initialized JPA EntityManagerFactory for persistence unit 'default'
2026-09-12 12:36:46.327  INFO 16796 --- [  restartedMain] o.s.b.web.servlet.RegistrationBean       : Filter disableJwtAuthFilterRegistration was not registered (disabled)
2026-09-12 12:36:46.355  INFO 16796 --- [  restartedMain] eAuthenticationProviderManagerConfigurer : Global AuthenticationManager configured with AuthenticationProvider bean with name authenticationProvider
2026-09-12 12:36:46.355  WARN 16796 --- [  restartedMain] r$InitializeUserDetailsManagerConfigurer : Global AuthenticationManager configured with an AuthenticationProvider bean. UserDetailsService beans will not be used for username/password login. Consider removing the AuthenticationProvider bean. Alternatively, consider using the UserDetailsService in a manually instantiated DaoAuthenticationProvider.
2026-09-12 12:36:46.487  INFO 16796 --- [  restartedMain] c.e.firstapp.config.AsyncConfig          : Email thread pool initialized: core=2 max=5 queue=50
2026-09-12 12:36:46.578 DEBUG 16796 --- [  restartedMain] o.s.s.web.DefaultSecurityFilterChain     : Will secure any request with filters: DisableEncodeUrlFilter, WebAsyncManagerIntegrationFilter, SecurityContextHolderFilter, HeaderWriterFilter, LogoutFilter, JwtAuthFilter, RequestCacheAwareFilter, SecurityContextHolderAwareRequestFilter, AnonymousAuthenticationFilter, SessionManagementFilter, ExceptionTranslationFilter, AuthorizationFilter
2026-09-12 12:36:46.621  INFO 16796 --- [  restartedMain] o.s.b.d.a.OptionalLiveReloadServer       : LiveReload server is running on port 35729
2026-09-12 12:36:46.630  INFO 16796 --- [  restartedMain] o.s.b.w.e.tomcat.TomcatWebServer         : Tomcat started on port 8080 (http) with context path '/'
2026-09-12 12:36:46.632  INFO 16796 --- [  restartedMain] c.e.firstapp.FirstappApplication         : Started FirstappApplication in 1.408 seconds (process running for 5888.195)
2026-09-12 12:36:46.633  INFO 16796 --- [  restartedMain] .ConditionEvaluationDeltaLoggingListener : Condition evaluation unchanged
2026-09-12 12:44:10.633  INFO 16796 --- [   File Watcher] rtingClassPathChangeChangedEventListener : Restarting due to 1 class path change (0 additions, 0 deletions, 1 modification)
2026-09-12 12:44:10.684  INFO 16796 --- [      Thread-99] j.LocalContainerEntityManagerFactoryBean : Closing JPA EntityManagerFactory for persistence unit 'default'
2026-09-12 12:44:10.690  INFO 16796 --- [      Thread-99] com.zaxxer.hikari.HikariDataSource       : BusinessAppHikariPool - Shutdown initiated...
2026-09-12 12:44:10.692  INFO 16796 --- [      Thread-99] com.zaxxer.hikari.HikariDataSource       : BusinessAppHikariPool - Shutdown completed.
2026-09-12 12:44:10.792  INFO 16796 --- [  restartedMain] c.e.firstapp.FirstappApplication         : Starting FirstappApplication using Java 25.0.3 with PID 16796 (E:\firstapp\firstapp\target\classes started by Dell in E:\firstapp\firstapp)
2026-09-12 12:44:10.793  INFO 16796 --- [  restartedMain] c.e.firstapp.FirstappApplication         : No active profile set, falling back to 1 default profile: "default"
2026-09-12 12:44:10.908  INFO 16796 --- [  restartedMain] .s.d.r.c.RepositoryConfigurationDelegate : Bootstrapping Spring Data JPA repositories in DEFAULT mode.
2026-09-12 12:44:10.932  INFO 16796 --- [  restartedMain] .s.d.r.c.RepositoryConfigurationDelegate : Finished Spring Data repository scanning in 22 ms. Found 8 JPA repository interfaces.
2026-09-12 12:44:10.984  INFO 16796 --- [  restartedMain] o.s.b.w.e.tomcat.TomcatWebServer         : Tomcat initialized with port 8080 (http)
2026-09-12 12:44:10.985  INFO 16796 --- [  restartedMain] o.a.catalina.core.StandardService        : Starting service [Tomcat]
2026-09-12 12:44:10.985  INFO 16796 --- [  restartedMain] o.a.catalina.core.StandardEngine         : Starting Servlet engine: [Apache Tomcat/10.1.42]
2026-09-12 12:44:11.013  INFO 16796 --- [  restartedMain] o.a.c.c.C.[Tomcat].[localhost].[/]       : Initializing Spring embedded WebApplicationContext
2026-09-12 12:44:11.014  INFO 16796 --- [  restartedMain] w.s.c.ServletWebServerApplicationContext : Root WebApplicationContext: initialization completed in 220 ms
2026-09-12 12:44:11.021 DEBUG 16796 --- [  restartedMain] com.zaxxer.hikari.HikariConfig           : Driver class com.mysql.cj.jdbc.Driver found in Thread context class loader TomcatEmbeddedWebappClassLoader
  context: ROOT
  delegate: true
----------> Parent Classloader:
org.springframework.boot.devtools.restart.classloader.RestartClassLoader@dc56116

2026-09-12 12:44:11.037  INFO 16796 --- [  restartedMain] o.h.jpa.internal.util.LogHelper          : HHH000204: Processing PersistenceUnitInfo [name: default]
2026-09-12 12:44:11.037  INFO 16796 --- [  restartedMain] o.h.c.i.RegionFactoryInitiator           : HHH000026: Second-level cache disabled
2026-09-12 12:44:11.041  INFO 16796 --- [  restartedMain] o.s.o.j.p.SpringPersistenceUnitInfo      : No LoadTimeWeaver setup: ignoring JPA class transformer
2026-09-12 12:44:11.043 DEBUG 16796 --- [  restartedMain] com.zaxxer.hikari.HikariConfig           : BusinessAppHikariPool - configuration:
2026-09-12 12:44:11.044 DEBUG 16796 --- [  restartedMain] com.zaxxer.hikari.HikariConfig           : allowPoolSuspension.............false
2026-09-12 12:44:11.044 DEBUG 16796 --- [  restartedMain] com.zaxxer.hikari.HikariConfig           : autoCommit......................true
2026-09-12 12:44:11.044 DEBUG 16796 --- [  restartedMain] com.zaxxer.hikari.HikariConfig           : catalog.........................none
2026-09-12 12:44:11.044 DEBUG 16796 --- [  restartedMain] com.zaxxer.hikari.HikariConfig           : connectionInitSql...............none
2026-09-12 12:44:11.044 DEBUG 16796 --- [  restartedMain] com.zaxxer.hikari.HikariConfig           : connectionTestQuery............."SELECT 1"
2026-09-12 12:44:11.044 DEBUG 16796 --- [  restartedMain] com.zaxxer.hikari.HikariConfig           : connectionTimeout...............20000
2026-09-12 12:44:11.044 DEBUG 16796 --- [  restartedMain] com.zaxxer.hikari.HikariConfig           : dataSource......................none
2026-09-12 12:44:11.044 DEBUG 16796 --- [  restartedMain] com.zaxxer.hikari.HikariConfig           : dataSourceClassName.............none
2026-09-12 12:44:11.044 DEBUG 16796 --- [  restartedMain] com.zaxxer.hikari.HikariConfig           : dataSourceJNDI..................none
2026-09-12 12:44:11.044 DEBUG 16796 --- [  restartedMain] com.zaxxer.hikari.HikariConfig           : dataSourceProperties............{password=<masked>}
2026-09-12 12:44:11.044 DEBUG 16796 --- [  restartedMain] com.zaxxer.hikari.HikariConfig           : driverClassName................."com.mysql.cj.jdbc.Driver"
2026-09-12 12:44:11.045 DEBUG 16796 --- [  restartedMain] com.zaxxer.hikari.HikariConfig           : exceptionOverrideClassName......none
2026-09-12 12:44:11.045 DEBUG 16796 --- [  restartedMain] com.zaxxer.hikari.HikariConfig           : healthCheckProperties...........{}
2026-09-12 12:44:11.045 DEBUG 16796 --- [  restartedMain] com.zaxxer.hikari.HikariConfig           : healthCheckRegistry.............none
2026-09-12 12:44:11.045 DEBUG 16796 --- [  restartedMain] com.zaxxer.hikari.HikariConfig           : idleTimeout.....................600000
2026-09-12 12:44:11.045 DEBUG 16796 --- [  restartedMain] com.zaxxer.hikari.HikariConfig           : initializationFailTimeout.......1
2026-09-12 12:44:11.045 DEBUG 16796 --- [  restartedMain] com.zaxxer.hikari.HikariConfig           : isolateInternalQueries..........false
2026-09-12 12:44:11.045 DEBUG 16796 --- [  restartedMain] com.zaxxer.hikari.HikariConfig           : jdbcUrl.........................jdbc:mysql://localhost:3306/businessapp?createDatabaseIfNotExist=true&useSSL=false&serverTimezone=UTC&allowPublicKeyRetrieval=true
2026-09-12 12:44:11.045 DEBUG 16796 --- [  restartedMain] com.zaxxer.hikari.HikariConfig           : keepaliveTime...................0
2026-09-12 12:44:11.045 DEBUG 16796 --- [  restartedMain] com.zaxxer.hikari.HikariConfig           : leakDetectionThreshold..........0
2026-09-12 12:44:11.045 DEBUG 16796 --- [  restartedMain] com.zaxxer.hikari.HikariConfig           : maxLifetime.....................1800000
2026-09-12 12:44:11.045 DEBUG 16796 --- [  restartedMain] com.zaxxer.hikari.HikariConfig           : maximumPoolSize.................10
2026-09-12 12:44:11.045 DEBUG 16796 --- [  restartedMain] com.zaxxer.hikari.HikariConfig           : metricRegistry..................none
2026-09-12 12:44:11.045 DEBUG 16796 --- [  restartedMain] com.zaxxer.hikari.HikariConfig           : metricsTrackerFactory...........none
2026-09-12 12:44:11.045 DEBUG 16796 --- [  restartedMain] com.zaxxer.hikari.HikariConfig           : minimumIdle.....................5
2026-09-12 12:44:11.045 DEBUG 16796 --- [  restartedMain] com.zaxxer.hikari.HikariConfig           : password........................<masked>
2026-09-12 12:44:11.046 DEBUG 16796 --- [  restartedMain] com.zaxxer.hikari.HikariConfig           : poolName........................"BusinessAppHikariPool"
2026-09-12 12:44:11.046 DEBUG 16796 --- [  restartedMain] com.zaxxer.hikari.HikariConfig           : readOnly........................false
2026-09-12 12:44:11.046 DEBUG 16796 --- [  restartedMain] com.zaxxer.hikari.HikariConfig           : registerMbeans..................false
2026-09-12 12:44:11.046 DEBUG 16796 --- [  restartedMain] com.zaxxer.hikari.HikariConfig           : scheduledExecutor...............none
2026-09-12 12:44:11.046 DEBUG 16796 --- [  restartedMain] com.zaxxer.hikari.HikariConfig           : schema..........................none
2026-09-12 12:44:11.046 DEBUG 16796 --- [  restartedMain] com.zaxxer.hikari.HikariConfig           : threadFactory...................internal
2026-09-12 12:44:11.046 DEBUG 16796 --- [  restartedMain] com.zaxxer.hikari.HikariConfig           : transactionIsolation............default
2026-09-12 12:44:11.046 DEBUG 16796 --- [  restartedMain] com.zaxxer.hikari.HikariConfig           : username........................"root"
2026-09-12 12:44:11.046 DEBUG 16796 --- [  restartedMain] com.zaxxer.hikari.HikariConfig           : validationTimeout...............5000
2026-09-12 12:44:11.046  INFO 16796 --- [  restartedMain] com.zaxxer.hikari.HikariDataSource       : BusinessAppHikariPool - Starting...
2026-09-12 12:44:11.054  INFO 16796 --- [  restartedMain] com.zaxxer.hikari.pool.HikariPool        : BusinessAppHikariPool - Added connection com.mysql.cj.jdbc.ConnectionImpl@23704a34
2026-09-12 12:44:11.054  INFO 16796 --- [  restartedMain] com.zaxxer.hikari.HikariDataSource       : BusinessAppHikariPool - Start completed.
2026-09-12 12:44:11.171  INFO 16796 --- [  restartedMain] o.h.e.t.j.p.i.JtaPlatformInitiator       : HHH000489: No JTA platform available (set 'hibernate.transaction.jta.platform' to enable JTA platform integration)
2026-09-12 12:44:11.204 DEBUG 16796 --- [  restartedMain] org.hibernate.SQL                        : 
    alter table businesses 
       modify column description TEXT
2026-09-12 12:44:11.241 DEBUG 16796 --- [  restartedMain] org.hibernate.SQL                        : 
    alter table member_educations 
       modify column description TEXT
2026-09-12 12:44:11.253 DEBUG 16796 --- [  restartedMain] org.hibernate.SQL                        : 
    alter table member_experiences 
       modify column description TEXT
2026-09-12 12:44:11.265 DEBUG 16796 --- [  restartedMain] org.hibernate.SQL                        : 
    alter table members 
       modify column bio TEXT
2026-09-12 12:44:11.292 DEBUG 16796 --- [  restartedMain] org.hibernate.SQL                        : 
    alter table members 
       modify column profile_visibility enum ('CONNECTIONS_ONLY','PRIVATE','PUBLIC') not null
2026-09-12 12:44:11.316 DEBUG 16796 --- [  restartedMain] org.hibernate.SQL                        : 
    alter table members 
       modify column specialization enum ('ACCOUNTING_AUDIT','ASSET_WEALTH_MANAGEMENT','CORPORATE_FINANCE','FINTECH','INSURANCE','INVESTMENT_BANKING','OTHER','PRIVATE_EQUITY_VC','RISK_COMPLIANCE')
2026-09-12 12:44:11.335 DEBUG 16796 --- [  restartedMain] org.hibernate.SQL                        : 
    alter table opportunities 
       modify column description TEXT not null
2026-09-12 12:44:11.354 DEBUG 16796 --- [  restartedMain] org.hibernate.SQL                        : 
    alter table opportunities 
       modify column experience_level enum ('EXECUTIVE','GRADUATE','JUNIOR','MID','SENIOR') not null
2026-09-12 12:44:11.370 DEBUG 16796 --- [  restartedMain] org.hibernate.SQL                        : 
    alter table opportunities 
       modify column specialization enum ('ACCOUNTING_AUDIT','ASSET_WEALTH_MANAGEMENT','CORPORATE_FINANCE','FINTECH','INSURANCE','INVESTMENT_BANKING','OTHER','PRIVATE_EQUITY_VC','RISK_COMPLIANCE') not null
2026-09-12 12:44:11.394 DEBUG 16796 --- [  restartedMain] org.hibernate.SQL                        : 
    alter table opportunities 
       modify column status enum ('CLOSED','DRAFT','PUBLISHED') not null
2026-09-12 12:44:11.410 DEBUG 16796 --- [  restartedMain] org.hibernate.SQL                        : 
    alter table opportunities 
       modify column type enum ('CONTRACT','FULL_TIME','GIG','INTERNSHIP','PART_TIME') not null
2026-09-12 12:44:11.427 DEBUG 16796 --- [  restartedMain] org.hibernate.SQL                        : 
    alter table opportunities 
       modify column work_mode enum ('HYBRID','ONSITE','REMOTE') not null
2026-09-12 12:44:11.441 DEBUG 16796 --- [  restartedMain] org.hibernate.SQL                        : 
    alter table opportunity_qualifications 
       modify column qualification TEXT not null
2026-09-12 12:44:11.453 DEBUG 16796 --- [  restartedMain] org.hibernate.SQL                        : 
    alter table opportunity_responsibilities 
       modify column responsibility TEXT not null
2026-09-12 12:44:11.461 DEBUG 16796 --- [  restartedMain] org.hibernate.SQL                        : 
    alter table users 
       modify column role enum ('ROLE_ADMIN','ROLE_ADVISORY','ROLE_BUSINESS','ROLE_CUSTOMER','ROLE_MEMBERS') not null
2026-09-12 12:44:11.536  INFO 16796 --- [  restartedMain] j.LocalContainerEntityManagerFactoryBean : Initialized JPA EntityManagerFactory for persistence unit 'default'
2026-09-12 12:44:11.588  INFO 16796 --- [  restartedMain] o.s.b.web.servlet.RegistrationBean       : Filter disableJwtAuthFilterRegistration was not registered (disabled)
2026-09-12 12:44:11.622  INFO 16796 --- [  restartedMain] eAuthenticationProviderManagerConfigurer : Global AuthenticationManager configured with AuthenticationProvider bean with name authenticationProvider
2026-09-12 12:44:11.622  WARN 16796 --- [  restartedMain] r$InitializeUserDetailsManagerConfigurer : Global AuthenticationManager configured with an AuthenticationProvider bean. UserDetailsService beans will not be used for username/password login. Consider removing the AuthenticationProvider bean. Alternatively, consider using the UserDetailsService in a manually instantiated DaoAuthenticationProvider.
2026-09-12 12:44:11.738  INFO 16796 --- [  restartedMain] c.e.firstapp.config.AsyncConfig          : Email thread pool initialized: core=2 max=5 queue=50
2026-09-12 12:44:11.789 DEBUG 16796 --- [  restartedMain] o.s.s.web.DefaultSecurityFilterChain     : Will secure any request with filters: DisableEncodeUrlFilter, WebAsyncManagerIntegrationFilter, SecurityContextHolderFilter, HeaderWriterFilter, LogoutFilter, JwtAuthFilter, RequestCacheAwareFilter, SecurityContextHolderAwareRequestFilter, AnonymousAuthenticationFilter, SessionManagementFilter, ExceptionTranslationFilter, AuthorizationFilter
2026-09-12 12:44:11.828  INFO 16796 --- [  restartedMain] o.s.b.d.a.OptionalLiveReloadServer       : LiveReload server is running on port 35729
2026-09-12 12:44:11.836  INFO 16796 --- [  restartedMain] o.s.b.w.e.tomcat.TomcatWebServer         : Tomcat started on port 8080 (http) with context path '/'
2026-09-12 12:44:11.838  INFO 16796 --- [  restartedMain] c.e.firstapp.FirstappApplication         : Started FirstappApplication in 1.061 seconds (process running for 6333.402)
2026-09-12 12:44:11.840  INFO 16796 --- [  restartedMain] .ConditionEvaluationDeltaLoggingListener : Condition evaluation unchanged
2026-09-12 12:44:52.128  INFO 16796 --- [   File Watcher] rtingClassPathChangeChangedEventListener : Restarting due to 1 class path change (0 additions, 0 deletions, 1 modification)
2026-09-12 12:44:52.146  INFO 16796 --- [     Thread-103] j.LocalContainerEntityManagerFactoryBean : Closing JPA EntityManagerFactory for persistence unit 'default'
2026-09-12 12:44:52.147  INFO 16796 --- [     Thread-103] com.zaxxer.hikari.HikariDataSource       : BusinessAppHikariPool - Shutdown initiated...
2026-09-12 12:44:52.148  INFO 16796 --- [     Thread-103] com.zaxxer.hikari.HikariDataSource       : BusinessAppHikariPool - Shutdown completed.
2026-09-12 12:44:52.246  INFO 16796 --- [  restartedMain] c.e.firstapp.FirstappApplication         : Starting FirstappApplication using Java 25.0.3 with PID 16796 (E:\firstapp\firstapp\target\classes started by Dell in E:\firstapp\firstapp)
2026-09-12 12:44:52.246  INFO 16796 --- [  restartedMain] c.e.firstapp.FirstappApplication         : No active profile set, falling back to 1 default profile: "default"
2026-09-12 12:44:52.387  INFO 16796 --- [  restartedMain] .s.d.r.c.RepositoryConfigurationDelegate : Bootstrapping Spring Data JPA repositories in DEFAULT mode.
2026-09-12 12:44:52.415  INFO 16796 --- [  restartedMain] .s.d.r.c.RepositoryConfigurationDelegate : Finished Spring Data repository scanning in 27 ms. Found 8 JPA repository interfaces.
2026-09-12 12:44:52.477  INFO 16796 --- [  restartedMain] o.s.b.w.e.tomcat.TomcatWebServer         : Tomcat initialized with port 8080 (http)
2026-09-12 12:44:52.478  INFO 16796 --- [  restartedMain] o.a.catalina.core.StandardService        : Starting service [Tomcat]
2026-09-12 12:44:52.478  INFO 16796 --- [  restartedMain] o.a.catalina.core.StandardEngine         : Starting Servlet engine: [Apache Tomcat/10.1.42]
2026-09-12 12:44:52.513  INFO 16796 --- [  restartedMain] o.a.c.c.C.[Tomcat].[localhost].[/]       : Initializing Spring embedded WebApplicationContext
2026-09-12 12:44:52.513  INFO 16796 --- [  restartedMain] w.s.c.ServletWebServerApplicationContext : Root WebApplicationContext: initialization completed in 266 ms
2026-09-12 12:44:52.525 DEBUG 16796 --- [  restartedMain] com.zaxxer.hikari.HikariConfig           : Driver class com.mysql.cj.jdbc.Driver found in Thread context class loader TomcatEmbeddedWebappClassLoader
  context: ROOT
  delegate: true
----------> Parent Classloader:
org.springframework.boot.devtools.restart.classloader.RestartClassLoader@2960d2a4

2026-09-12 12:44:52.543  INFO 16796 --- [  restartedMain] o.h.jpa.internal.util.LogHelper          : HHH000204: Processing PersistenceUnitInfo [name: default]
2026-09-12 12:44:52.545  INFO 16796 --- [  restartedMain] o.h.c.i.RegionFactoryInitiator           : HHH000026: Second-level cache disabled
2026-09-12 12:44:52.548  INFO 16796 --- [  restartedMain] o.s.o.j.p.SpringPersistenceUnitInfo      : No LoadTimeWeaver setup: ignoring JPA class transformer
2026-09-12 12:44:52.551 DEBUG 16796 --- [  restartedMain] com.zaxxer.hikari.HikariConfig           : BusinessAppHikariPool - configuration:
2026-09-12 12:44:52.551 DEBUG 16796 --- [  restartedMain] com.zaxxer.hikari.HikariConfig           : allowPoolSuspension.............false
2026-09-12 12:44:52.551 DEBUG 16796 --- [  restartedMain] com.zaxxer.hikari.HikariConfig           : autoCommit......................true
2026-09-12 12:44:52.551 DEBUG 16796 --- [  restartedMain] com.zaxxer.hikari.HikariConfig           : catalog.........................none
2026-09-12 12:44:52.551 DEBUG 16796 --- [  restartedMain] com.zaxxer.hikari.HikariConfig           : connectionInitSql...............none
2026-09-12 12:44:52.552 DEBUG 16796 --- [  restartedMain] com.zaxxer.hikari.HikariConfig           : connectionTestQuery............."SELECT 1"
2026-09-12 12:44:52.552 DEBUG 16796 --- [  restartedMain] com.zaxxer.hikari.HikariConfig           : connectionTimeout...............20000
2026-09-12 12:44:52.552 DEBUG 16796 --- [  restartedMain] com.zaxxer.hikari.HikariConfig           : dataSource......................none
2026-09-12 12:44:52.552 DEBUG 16796 --- [  restartedMain] com.zaxxer.hikari.HikariConfig           : dataSourceClassName.............none
2026-09-12 12:44:52.552 DEBUG 16796 --- [  restartedMain] com.zaxxer.hikari.HikariConfig           : dataSourceJNDI..................none
2026-09-12 12:44:52.552 DEBUG 16796 --- [  restartedMain] com.zaxxer.hikari.HikariConfig           : dataSourceProperties............{password=<masked>}
2026-09-12 12:44:52.552 DEBUG 16796 --- [  restartedMain] com.zaxxer.hikari.HikariConfig           : driverClassName................."com.mysql.cj.jdbc.Driver"
2026-09-12 12:44:52.552 DEBUG 16796 --- [  restartedMain] com.zaxxer.hikari.HikariConfig           : exceptionOverrideClassName......none
2026-09-12 12:44:52.552 DEBUG 16796 --- [  restartedMain] com.zaxxer.hikari.HikariConfig           : healthCheckProperties...........{}
2026-09-12 12:44:52.552 DEBUG 16796 --- [  restartedMain] com.zaxxer.hikari.HikariConfig           : healthCheckRegistry.............none
2026-09-12 12:44:52.552 DEBUG 16796 --- [  restartedMain] com.zaxxer.hikari.HikariConfig           : idleTimeout.....................600000
2026-09-12 12:44:52.552 DEBUG 16796 --- [  restartedMain] com.zaxxer.hikari.HikariConfig           : initializationFailTimeout.......1
2026-09-12 12:44:52.552 DEBUG 16796 --- [  restartedMain] com.zaxxer.hikari.HikariConfig           : isolateInternalQueries..........false
2026-09-12 12:44:52.552 DEBUG 16796 --- [  restartedMain] com.zaxxer.hikari.HikariConfig           : jdbcUrl.........................jdbc:mysql://localhost:3306/businessapp?createDatabaseIfNotExist=true&useSSL=false&serverTimezone=UTC&allowPublicKeyRetrieval=true
2026-09-12 12:44:52.553 DEBUG 16796 --- [  restartedMain] com.zaxxer.hikari.HikariConfig           : keepaliveTime...................0
2026-09-12 12:44:52.553 DEBUG 16796 --- [  restartedMain] com.zaxxer.hikari.HikariConfig           : leakDetectionThreshold..........0
2026-09-12 12:44:52.553 DEBUG 16796 --- [  restartedMain] com.zaxxer.hikari.HikariConfig           : maxLifetime.....................1800000
2026-09-12 12:44:52.553 DEBUG 16796 --- [  restartedMain] com.zaxxer.hikari.HikariConfig           : maximumPoolSize.................10
2026-09-12 12:44:52.553 DEBUG 16796 --- [  restartedMain] com.zaxxer.hikari.HikariConfig           : metricRegistry..................none
2026-09-12 12:44:52.553 DEBUG 16796 --- [  restartedMain] com.zaxxer.hikari.HikariConfig           : metricsTrackerFactory...........none
2026-09-12 12:44:52.553 DEBUG 16796 --- [  restartedMain] com.zaxxer.hikari.HikariConfig           : minimumIdle.....................5
2026-09-12 12:44:52.553 DEBUG 16796 --- [  restartedMain] com.zaxxer.hikari.HikariConfig           : password........................<masked>
2026-09-12 12:44:52.553 DEBUG 16796 --- [  restartedMain] com.zaxxer.hikari.HikariConfig           : poolName........................"BusinessAppHikariPool"
2026-09-12 12:44:52.553 DEBUG 16796 --- [  restartedMain] com.zaxxer.hikari.HikariConfig           : readOnly........................false
2026-09-12 12:44:52.553 DEBUG 16796 --- [  restartedMain] com.zaxxer.hikari.HikariConfig           : registerMbeans..................false
2026-09-12 12:44:52.553 DEBUG 16796 --- [  restartedMain] com.zaxxer.hikari.HikariConfig           : scheduledExecutor...............none
2026-09-12 12:44:52.553 DEBUG 16796 --- [  restartedMain] com.zaxxer.hikari.HikariConfig           : schema..........................none
2026-09-12 12:44:52.553 DEBUG 16796 --- [  restartedMain] com.zaxxer.hikari.HikariConfig           : threadFactory...................internal
2026-09-12 12:44:52.553 DEBUG 16796 --- [  restartedMain] com.zaxxer.hikari.HikariConfig           : transactionIsolation............default
2026-09-12 12:44:52.553 DEBUG 16796 --- [  restartedMain] com.zaxxer.hikari.HikariConfig           : username........................"root"
2026-09-12 12:44:52.553 DEBUG 16796 --- [  restartedMain] com.zaxxer.hikari.HikariConfig           : validationTimeout...............5000
2026-09-12 12:44:52.553  INFO 16796 --- [  restartedMain] com.zaxxer.hikari.HikariDataSource       : BusinessAppHikariPool - Starting...
2026-09-12 12:44:52.561  INFO 16796 --- [  restartedMain] com.zaxxer.hikari.pool.HikariPool        : BusinessAppHikariPool - Added connection com.mysql.cj.jdbc.ConnectionImpl@33f60657
2026-09-12 12:44:52.561  INFO 16796 --- [  restartedMain] com.zaxxer.hikari.HikariDataSource       : BusinessAppHikariPool - Start completed.
2026-09-12 12:44:52.719  INFO 16796 --- [  restartedMain] o.h.e.t.j.p.i.JtaPlatformInitiator       : HHH000489: No JTA platform available (set 'hibernate.transaction.jta.platform' to enable JTA platform integration)
2026-09-12 12:44:52.746 DEBUG 16796 --- [  restartedMain] org.hibernate.SQL                        : 
    alter table businesses 
       modify column description TEXT
2026-09-12 12:44:52.815 DEBUG 16796 --- [  restartedMain] org.hibernate.SQL                        : 
    alter table member_educations 
       modify column description TEXT
2026-09-12 12:44:52.826 DEBUG 16796 --- [  restartedMain] org.hibernate.SQL                        : 
    alter table member_experiences 
       modify column description TEXT
2026-09-12 12:44:52.833 DEBUG 16796 --- [  restartedMain] org.hibernate.SQL                        : 
    alter table members 
       modify column bio TEXT
2026-09-12 12:44:52.857 DEBUG 16796 --- [  restartedMain] org.hibernate.SQL                        : 
    alter table members 
       modify column profile_visibility enum ('CONNECTIONS_ONLY','PRIVATE','PUBLIC') not null
2026-09-12 12:44:52.879 DEBUG 16796 --- [  restartedMain] org.hibernate.SQL                        : 
    alter table members 
       modify column specialization enum ('ACCOUNTING_AUDIT','ASSET_WEALTH_MANAGEMENT','CORPORATE_FINANCE','FINTECH','INSURANCE','INVESTMENT_BANKING','OTHER','PRIVATE_EQUITY_VC','RISK_COMPLIANCE')
2026-09-12 12:44:52.898 DEBUG 16796 --- [  restartedMain] org.hibernate.SQL                        : 
    alter table opportunities 
       modify column description TEXT not null
2026-09-12 12:44:52.916 DEBUG 16796 --- [  restartedMain] org.hibernate.SQL                        : 
    alter table opportunities 
       modify column experience_level enum ('EXECUTIVE','GRADUATE','JUNIOR','MID','SENIOR') not null
2026-09-12 12:44:52.931 DEBUG 16796 --- [  restartedMain] org.hibernate.SQL                        : 
    alter table opportunities 
       modify column specialization enum ('ACCOUNTING_AUDIT','ASSET_WEALTH_MANAGEMENT','CORPORATE_FINANCE','FINTECH','INSURANCE','INVESTMENT_BANKING','OTHER','PRIVATE_EQUITY_VC','RISK_COMPLIANCE') not null
2026-09-12 12:44:52.948 DEBUG 16796 --- [  restartedMain] org.hibernate.SQL                        : 
    alter table opportunities 
       modify column status enum ('CLOSED','DRAFT','PUBLISHED') not null
2026-09-12 12:44:52.964 DEBUG 16796 --- [  restartedMain] org.hibernate.SQL                        : 
    alter table opportunities 
       modify column type enum ('CONTRACT','FULL_TIME','GIG','INTERNSHIP','PART_TIME') not null
2026-09-12 12:44:52.982 DEBUG 16796 --- [  restartedMain] org.hibernate.SQL                        : 
    alter table opportunities 
       modify column work_mode enum ('HYBRID','ONSITE','REMOTE') not null
2026-09-12 12:44:52.998 DEBUG 16796 --- [  restartedMain] org.hibernate.SQL                        : 
    alter table opportunity_qualifications 
       modify column qualification TEXT not null
2026-09-12 12:44:53.007 DEBUG 16796 --- [  restartedMain] org.hibernate.SQL                        : 
    alter table opportunity_responsibilities 
       modify column responsibility TEXT not null
2026-09-12 12:44:53.016 DEBUG 16796 --- [  restartedMain] org.hibernate.SQL                        : 
    alter table users 
       modify column role enum ('ROLE_ADMIN','ROLE_ADVISORY','ROLE_BUSINESS','ROLE_CUSTOMER','ROLE_MEMBERS') not null
2026-09-12 12:44:53.094  INFO 16796 --- [  restartedMain] j.LocalContainerEntityManagerFactoryBean : Initialized JPA EntityManagerFactory for persistence unit 'default'
2026-09-12 12:44:53.144  INFO 16796 --- [  restartedMain] o.s.b.web.servlet.RegistrationBean       : Filter disableJwtAuthFilterRegistration was not registered (disabled)
2026-09-12 12:44:53.182  INFO 16796 --- [  restartedMain] eAuthenticationProviderManagerConfigurer : Global AuthenticationManager configured with AuthenticationProvider bean with name authenticationProvider
2026-09-12 12:44:53.183  WARN 16796 --- [  restartedMain] r$InitializeUserDetailsManagerConfigurer : Global AuthenticationManager configured with an AuthenticationProvider bean. UserDetailsService beans will not be used for username/password login. Consider removing the AuthenticationProvider bean. Alternatively, consider using the UserDetailsService in a manually instantiated DaoAuthenticationProvider.
2026-09-12 12:44:53.311  INFO 16796 --- [  restartedMain] c.e.firstapp.config.AsyncConfig          : Email thread pool initialized: core=2 max=5 queue=50
2026-09-12 12:44:53.385 DEBUG 16796 --- [  restartedMain] o.s.s.web.DefaultSecurityFilterChain     : Will secure any request with filters: DisableEncodeUrlFilter, WebAsyncManagerIntegrationFilter, SecurityContextHolderFilter, HeaderWriterFilter, LogoutFilter, JwtAuthFilter, RequestCacheAwareFilter, SecurityContextHolderAwareRequestFilter, AnonymousAuthenticationFilter, SessionManagementFilter, ExceptionTranslationFilter, AuthorizationFilter
2026-09-12 12:44:53.452  INFO 16796 --- [  restartedMain] o.s.b.d.a.OptionalLiveReloadServer       : LiveReload server is running on port 35729
2026-09-12 12:44:53.459  INFO 16796 --- [  restartedMain] o.s.b.w.e.tomcat.TomcatWebServer         : Tomcat started on port 8080 (http) with context path '/'
2026-09-12 12:44:53.460  INFO 16796 --- [  restartedMain] c.e.firstapp.FirstappApplication         : Started FirstappApplication in 1.23 seconds (process running for 6375.024)
2026-09-12 12:44:53.461  INFO 16796 --- [  restartedMain] .ConditionEvaluationDeltaLoggingListener : Condition evaluation unchanged
2026-09-12 12:45:13.869  INFO 16796 --- [nio-8080-exec-1] o.a.c.c.C.[Tomcat].[localhost].[/]       : Initializing Spring DispatcherServlet 'dispatcherServlet'
2026-09-12 12:45:13.869  INFO 16796 --- [nio-8080-exec-1] o.s.web.servlet.DispatcherServlet        : Initializing Servlet 'dispatcherServlet'
2026-09-12 12:45:13.870  INFO 16796 --- [nio-8080-exec-1] o.s.web.servlet.DispatcherServlet        : Completed initialization in 1 ms
2026-09-12 12:45:13.892 DEBUG 16796 --- [nio-8080-exec-1] o.s.security.web.FilterChainProxy        : Securing POST /api/v1/me/educations
2026-09-12 12:45:13.933 DEBUG 16796 --- [nio-8080-exec-1] org.hibernate.SQL                        : 
    select
        u1_0.id,
        u1_0.is_active,
        u1_0.created_at,
        u1_0.email,
        u1_0.failed_attempts,
        u1_0.last_login_at,
        u1_0.lock_time,
        u1_0.is_locked,
        u1_0.password,
        u1_0.role,
        u1_0.updated_at,
        u1_0.username 
    from
        users u1_0 
    where
        u1_0.email=?
2026-09-12 12:45:13.947 DEBUG 16796 --- [nio-8080-exec-1] o.s.security.web.FilterChainProxy        : Secured POST /api/v1/me/educations
2026-09-12 12:45:13.967 ERROR 16796 --- [nio-8080-exec-1] c.e.f.handler.GlobalExceptionHandler     : Unexpected error at /api/v1/me/educations: No static resource api/v1/me/educations.
org.springframework.web.servlet.resource.NoResourceFoundException: No static resource api/v1/me/educations.
	at org.springframework.web.servlet.resource.ResourceHttpRequestHandler.handleRequest(ResourceHttpRequestHandler.java:586) ~[spring-webmvc-6.1.21.jar:6.1.21]
	at org.springframework.web.servlet.mvc.HttpRequestHandlerAdapter.handle(HttpRequestHandlerAdapter.java:52) ~[spring-webmvc-6.1.21.jar:6.1.21]
	at org.springframework.web.servlet.DispatcherServlet.doDispatch(DispatcherServlet.java:1089) ~[spring-webmvc-6.1.21.jar:6.1.21]
	at org.springframework.web.servlet.DispatcherServlet.doService(DispatcherServlet.java:979) ~[spring-webmvc-6.1.21.jar:6.1.21]
	at org.springframework.web.servlet.FrameworkServlet.processRequest(FrameworkServlet.java:1014) ~[spring-webmvc-6.1.21.jar:6.1.21]
	at org.springframework.web.servlet.FrameworkServlet.doPost(FrameworkServlet.java:914) ~[spring-webmvc-6.1.21.jar:6.1.21]
	at jakarta.servlet.http.HttpServlet.service(HttpServlet.java:590) ~[tomcat-embed-core-10.1.42.jar:6.0]
	at org.springframework.web.servlet.FrameworkServlet.service(FrameworkServlet.java:885) ~[spring-webmvc-6.1.21.jar:6.1.21]
	at jakarta.servlet.http.HttpServlet.service(HttpServlet.java:658) ~[tomcat-embed-core-10.1.42.jar:6.0]
	at org.apache.catalina.core.ApplicationFilterChain.internalDoFilter(ApplicationFilterChain.java:195) ~[tomcat-embed-core-10.1.42.jar:10.1.42]
	at org.apache.catalina.core.ApplicationFilterChain.doFilter(ApplicationFilterChain.java:140) ~[tomcat-embed-core-10.1.42.jar:10.1.42]
	at org.apache.tomcat.websocket.server.WsFilter.doFilter(WsFilter.java:51) ~[tomcat-embed-websocket-10.1.42.jar:10.1.42]
	at org.apache.catalina.core.ApplicationFilterChain.internalDoFilter(ApplicationFilterChain.java:164) ~[tomcat-embed-core-10.1.42.jar:10.1.42]
	at org.apache.catalina.core.ApplicationFilterChain.doFilter(ApplicationFilterChain.java:140) ~[tomcat-embed-core-10.1.42.jar:10.1.42]
	at org.springframework.web.filter.CompositeFilter$VirtualFilterChain.doFilter(CompositeFilter.java:108) ~[spring-web-6.1.21.jar:6.1.21]
	at org.springframework.security.web.FilterChainProxy.lambda$doFilterInternal$3(FilterChainProxy.java:231) ~[spring-security-web-6.3.10.jar:6.3.10]
	at org.springframework.security.web.FilterChainProxy$VirtualFilterChain.doFilter(FilterChainProxy.java:365) ~[spring-security-web-6.3.10.jar:6.3.10]
	at org.springframework.security.web.access.intercept.AuthorizationFilter.doFilter(AuthorizationFilter.java:100) ~[spring-security-web-6.3.10.jar:6.3.10]
	at org.springframework.security.web.FilterChainProxy$VirtualFilterChain.doFilter(FilterChainProxy.java:374) ~[spring-security-web-6.3.10.jar:6.3.10]
	at org.springframework.security.web.access.ExceptionTranslationFilter.doFilter(ExceptionTranslationFilter.java:126) ~[spring-security-web-6.3.10.jar:6.3.10]
	at org.springframework.security.web.access.ExceptionTranslationFilter.doFilter(ExceptionTranslationFilter.java:120) ~[spring-security-web-6.3.10.jar:6.3.10]
	at org.springframework.security.web.FilterChainProxy$VirtualFilterChain.doFilter(FilterChainProxy.java:374) ~[spring-security-web-6.3.10.jar:6.3.10]
	at org.springframework.security.web.session.SessionManagementFilter.doFilter(SessionManagementFilter.java:131) ~[spring-security-web-6.3.10.jar:6.3.10]
	at org.springframework.security.web.session.SessionManagementFilter.doFilter(SessionManagementFilter.java:85) ~[spring-security-web-6.3.10.jar:6.3.10]
	at org.springframework.security.web.FilterChainProxy$VirtualFilterChain.doFilter(FilterChainProxy.java:374) ~[spring-security-web-6.3.10.jar:6.3.10]
	at org.springframework.security.web.authentication.AnonymousAuthenticationFilter.doFilter(AnonymousAuthenticationFilter.java:100) ~[spring-security-web-6.3.10.jar:6.3.10]
	at org.springframework.security.web.FilterChainProxy$VirtualFilterChain.doFilter(FilterChainProxy.java:374) ~[spring-security-web-6.3.10.jar:6.3.10]
	at org.springframework.security.web.servletapi.SecurityContextHolderAwareRequestFilter.doFilter(SecurityContextHolderAwareRequestFilter.java:179) ~[spring-security-web-6.3.10.jar:6.3.10]
	at org.springframework.security.web.FilterChainProxy$VirtualFilterChain.doFilter(FilterChainProxy.java:374) ~[spring-security-web-6.3.10.jar:6.3.10]
	at org.springframework.security.web.savedrequest.RequestCacheAwareFilter.doFilter(RequestCacheAwareFilter.java:63) ~[spring-security-web-6.3.10.jar:6.3.10]
	at org.springframework.security.web.FilterChainProxy$VirtualFilterChain.doFilter(FilterChainProxy.java:374) ~[spring-security-web-6.3.10.jar:6.3.10]
	at com.example.firstapp.filter.JwtAuthFilter.doFilterInternal(JwtAuthFilter.java:205) ~[classes/:na]
	at org.springframework.web.filter.OncePerRequestFilter.doFilter(OncePerRequestFilter.java:116) ~[spring-web-6.1.21.jar:6.1.21]
	at org.springframework.security.web.FilterChainProxy$VirtualFilterChain.doFilter(FilterChainProxy.java:374) ~[spring-security-web-6.3.10.jar:6.3.10]
	at org.springframework.security.web.authentication.logout.LogoutFilter.doFilter(LogoutFilter.java:107) ~[spring-security-web-6.3.10.jar:6.3.10]
	at org.springframework.security.web.authentication.logout.LogoutFilter.doFilter(LogoutFilter.java:93) ~[spring-security-web-6.3.10.jar:6.3.10]
	at org.springframework.security.web.FilterChainProxy$VirtualFilterChain.doFilter(FilterChainProxy.java:374) ~[spring-security-web-6.3.10.jar:6.3.10]
	at org.springframework.security.web.header.HeaderWriterFilter.doHeadersAfter(HeaderWriterFilter.java:90) ~[spring-security-web-6.3.10.jar:6.3.10]
	at org.springframework.security.web.header.HeaderWriterFilter.doFilterInternal(HeaderWriterFilter.java:75) ~[spring-security-web-6.3.10.jar:6.3.10]
	at org.springframework.web.filter.OncePerRequestFilter.doFilter(OncePerRequestFilter.java:116) ~[spring-web-6.1.21.jar:6.1.21]
	at org.springframework.security.web.FilterChainProxy$VirtualFilterChain.doFilter(FilterChainProxy.java:374) ~[spring-security-web-6.3.10.jar:6.3.10]
	at org.springframework.security.web.context.SecurityContextHolderFilter.doFilter(SecurityContextHolderFilter.java:82) ~[spring-security-web-6.3.10.jar:6.3.10]
	at org.springframework.security.web.context.SecurityContextHolderFilter.doFilter(SecurityContextHolderFilter.java:69) ~[spring-security-web-6.3.10.jar:6.3.10]
	at org.springframework.security.web.FilterChainProxy$VirtualFilterChain.doFilter(FilterChainProxy.java:374) ~[spring-security-web-6.3.10.jar:6.3.10]
	at org.springframework.security.web.context.request.async.WebAsyncManagerIntegrationFilter.doFilterInternal(WebAsyncManagerIntegrationFilter.java:62) ~[spring-security-web-6.3.10.jar:6.3.10]
	at org.springframework.web.filter.OncePerRequestFilter.doFilter(OncePerRequestFilter.java:116) ~[spring-web-6.1.21.jar:6.1.21]
	at org.springframework.security.web.FilterChainProxy$VirtualFilterChain.doFilter(FilterChainProxy.java:374) ~[spring-security-web-6.3.10.jar:6.3.10]
	at org.springframework.security.web.session.DisableEncodeUrlFilter.doFilterInternal(DisableEncodeUrlFilter.java:42) ~[spring-security-web-6.3.10.jar:6.3.10]
	at org.springframework.web.filter.OncePerRequestFilter.doFilter(OncePerRequestFilter.java:116) ~[spring-web-6.1.21.jar:6.1.21]
	at org.springframework.security.web.FilterChainProxy$VirtualFilterChain.doFilter(FilterChainProxy.java:374) ~[spring-security-web-6.3.10.jar:6.3.10]
	at org.springframework.security.web.FilterChainProxy.doFilterInternal(FilterChainProxy.java:233) ~[spring-security-web-6.3.10.jar:6.3.10]
	at org.springframework.security.web.FilterChainProxy.doFilter(FilterChainProxy.java:191) ~[spring-security-web-6.3.10.jar:6.3.10]
	at org.springframework.web.filter.CompositeFilter$VirtualFilterChain.doFilter(CompositeFilter.java:113) ~[spring-web-6.1.21.jar:6.1.21]
	at org.springframework.web.servlet.handler.HandlerMappingIntrospector.lambda$createCacheFilter$3(HandlerMappingIntrospector.java:195) ~[spring-webmvc-6.1.21.jar:6.1.21]
	at org.springframework.web.filter.CompositeFilter$VirtualFilterChain.doFilter(CompositeFilter.java:113) ~[spring-web-6.1.21.jar:6.1.21]
	at org.springframework.web.filter.CompositeFilter.doFilter(CompositeFilter.java:74) ~[spring-web-6.1.21.jar:6.1.21]
	at org.springframework.security.config.annotation.web.configuration.WebMvcSecurityConfiguration$CompositeFilterChainProxy.doFilter(WebMvcSecurityConfiguration.java:230) ~[spring-security-config-6.3.10.jar:6.3.10]
	at org.springframework.web.filter.DelegatingFilterProxy.invokeDelegate(DelegatingFilterProxy.java:362) ~[spring-web-6.1.21.jar:6.1.21]
	at org.springframework.web.filter.DelegatingFilterProxy.doFilter(DelegatingFilterProxy.java:278) ~[spring-web-6.1.21.jar:6.1.21]
	at org.apache.catalina.core.ApplicationFilterChain.internalDoFilter(ApplicationFilterChain.java:164) ~[tomcat-embed-core-10.1.42.jar:10.1.42]
	at org.apache.catalina.core.ApplicationFilterChain.doFilter(ApplicationFilterChain.java:140) ~[tomcat-embed-core-10.1.42.jar:10.1.42]
	at org.springframework.web.filter.RequestContextFilter.doFilterInternal(RequestContextFilter.java:100) ~[spring-web-6.1.21.jar:6.1.21]
	at org.springframework.web.filter.OncePerRequestFilter.doFilter(OncePerRequestFilter.java:116) ~[spring-web-6.1.21.jar:6.1.21]
	at org.apache.catalina.core.ApplicationFilterChain.internalDoFilter(ApplicationFilterChain.java:164) ~[tomcat-embed-core-10.1.42.jar:10.1.42]
	at org.apache.catalina.core.ApplicationFilterChain.doFilter(ApplicationFilterChain.java:140) ~[tomcat-embed-core-10.1.42.jar:10.1.42]
	at org.springframework.web.filter.FormContentFilter.doFilterInternal(FormContentFilter.java:93) ~[spring-web-6.1.21.jar:6.1.21]
	at org.springframework.web.filter.OncePerRequestFilter.doFilter(OncePerRequestFilter.java:116) ~[spring-web-6.1.21.jar:6.1.21]
	at org.apache.catalina.core.ApplicationFilterChain.internalDoFilter(ApplicationFilterChain.java:164) ~[tomcat-embed-core-10.1.42.jar:10.1.42]
	at org.apache.catalina.core.ApplicationFilterChain.doFilter(ApplicationFilterChain.java:140) ~[tomcat-embed-core-10.1.42.jar:10.1.42]
	at org.springframework.web.filter.CharacterEncodingFilter.doFilterInternal(CharacterEncodingFilter.java:201) ~[spring-web-6.1.21.jar:6.1.21]
	at org.springframework.web.filter.OncePerRequestFilter.doFilter(OncePerRequestFilter.java:116) ~[spring-web-6.1.21.jar:6.1.21]
	at org.apache.catalina.core.ApplicationFilterChain.internalDoFilter(ApplicationFilterChain.java:164) ~[tomcat-embed-core-10.1.42.jar:10.1.42]
	at org.apache.catalina.core.ApplicationFilterChain.doFilter(ApplicationFilterChain.java:140) ~[tomcat-embed-core-10.1.42.jar:10.1.42]
	at com.example.firstapp.filter.RateLimitFilter.doFilterInternal(RateLimitFilter.java:161) ~[classes/:na]
	at org.springframework.web.filter.OncePerRequestFilter.doFilter(OncePerRequestFilter.java:116) ~[spring-web-6.1.21.jar:6.1.21]
	at org.apache.catalina.core.ApplicationFilterChain.internalDoFilter(ApplicationFilterChain.java:164) ~[tomcat-embed-core-10.1.42.jar:10.1.42]
	at org.apache.catalina.core.ApplicationFilterChain.doFilter(ApplicationFilterChain.java:140) ~[tomcat-embed-core-10.1.42.jar:10.1.42]
	at org.apache.catalina.core.StandardWrapperValve.invoke(StandardWrapperValve.java:167) ~[tomcat-embed-core-10.1.42.jar:10.1.42]
	at org.apache.catalina.core.StandardContextValve.invoke(StandardContextValve.java:90) ~[tomcat-embed-core-10.1.42.jar:10.1.42]
	at org.apache.catalina.authenticator.AuthenticatorBase.invoke(AuthenticatorBase.java:483) ~[tomcat-embed-core-10.1.42.jar:10.1.42]
	at org.apache.catalina.core.StandardHostValve.invoke(StandardHostValve.java:116) ~[tomcat-embed-core-10.1.42.jar:10.1.42]
	at org.apache.catalina.valves.ErrorReportValve.invoke(ErrorReportValve.java:93) ~[tomcat-embed-core-10.1.42.jar:10.1.42]
	at org.apache.catalina.core.StandardEngineValve.invoke(StandardEngineValve.java:74) ~[tomcat-embed-core-10.1.42.jar:10.1.42]
	at org.apache.catalina.connector.CoyoteAdapter.service(CoyoteAdapter.java:344) ~[tomcat-embed-core-10.1.42.jar:10.1.42]
	at org.apache.coyote.http11.Http11Processor.service(Http11Processor.java:398) ~[tomcat-embed-core-10.1.42.jar:10.1.42]
	at org.apache.coyote.AbstractProcessorLight.process(AbstractProcessorLight.java:63) ~[tomcat-embed-core-10.1.42.jar:10.1.42]
	at org.apache.coyote.AbstractProtocol$ConnectionHandler.process(AbstractProtocol.java:903) ~[tomcat-embed-core-10.1.42.jar:10.1.42]
	at org.apache.tomcat.util.net.NioEndpoint$SocketProcessor.doRun(NioEndpoint.java:1769) ~[tomcat-embed-core-10.1.42.jar:10.1.42]
	at org.apache.tomcat.util.net.SocketProcessorBase.run(SocketProcessorBase.java:52) ~[tomcat-embed-core-10.1.42.jar:10.1.42]
	at org.apache.tomcat.util.threads.ThreadPoolExecutor.runWorker(ThreadPoolExecutor.java:1189) ~[tomcat-embed-core-10.1.42.jar:10.1.42]
	at org.apache.tomcat.util.threads.ThreadPoolExecutor$Worker.run(ThreadPoolExecutor.java:658) ~[tomcat-embed-core-10.1.42.jar:10.1.42]
	at org.apache.tomcat.util.threads.TaskThread$WrappingRunnable.run(TaskThread.java:63) ~[tomcat-embed-core-10.1.42.jar:10.1.42]
	at java.base/java.lang.Thread.run(Thread.java:1474) ~[na:na]
2026-09-12 12:45:14.000  WARN 16796 --- [nio-8080-exec-1] .m.m.a.ExceptionHandlerExceptionResolver : Resolved [org.springframework.web.servlet.resource.NoResourceFoundException: No static resource api/v1/me/educations.]
2026-09-12 12:45:38.903 DEBUG 16796 --- [nio-8080-exec-2] o.s.security.web.FilterChainProxy        : Securing GET /api/v1/members/me/educations
2026-09-12 12:45:38.909 DEBUG 16796 --- [nio-8080-exec-2] org.hibernate.SQL                        : 
    select
        u1_0.id,
        u1_0.is_active,
        u1_0.created_at,
        u1_0.email,
        u1_0.failed_attempts,
        u1_0.last_login_at,
        u1_0.lock_time,
        u1_0.is_locked,
        u1_0.password,
        u1_0.role,
        u1_0.updated_at,
        u1_0.username 
    from
        users u1_0 
    where
        u1_0.email=?
2026-09-12 12:45:38.915 DEBUG 16796 --- [nio-8080-exec-2] o.s.security.web.FilterChainProxy        : Secured GET /api/v1/members/me/educations
2026-09-12 12:45:38.952 DEBUG 16796 --- [nio-8080-exec-2] org.hibernate.SQL                        : 
    select
        m1_0.id 
    from
        members m1_0 
    where
        m1_0.user_id=?
2026-09-12 12:45:38.972 DEBUG 16796 --- [nio-8080-exec-2] org.hibernate.SQL                        : 
    select
        me1_0.id,
        me1_0.degree,
        me1_0.description,
        me1_0.end_date,
        me1_0.field_of_study,
        me1_0.institution_name,
        me1_0.member_id,
        me1_0.start_date 
    from
        member_educations me1_0 
    where
        me1_0.member_id=? 
    order by
        me1_0.start_date desc
2026-09-12 12:50:19.752 DEBUG 16796 --- [nio-8080-exec-7] o.s.security.web.FilterChainProxy        : Securing POST /api/v1/auth/login
2026-09-12 12:50:19.758 DEBUG 16796 --- [nio-8080-exec-7] org.hibernate.SQL                        : 
    select
        u1_0.id,
        u1_0.is_active,
        u1_0.created_at,
        u1_0.email,
        u1_0.failed_attempts,
        u1_0.last_login_at,
        u1_0.lock_time,
        u1_0.is_locked,
        u1_0.password,
        u1_0.role,
        u1_0.updated_at,
        u1_0.username 
    from
        users u1_0 
    where
        u1_0.email=?
2026-09-12 12:50:19.765 DEBUG 16796 --- [nio-8080-exec-7] o.s.security.web.FilterChainProxy        : Secured POST /api/v1/auth/login
2026-09-12 12:50:19.798  INFO 16796 --- [nio-8080-exec-7] c.e.f.controller.AuthController          : Login request received: rakheh@gmail.com
2026-09-12 12:50:19.799  INFO 16796 --- [nio-8080-exec-7] c.e.firstapp.service.AuthService         : Login attempt for: rakheh@gmail.com
2026-09-12 12:50:20.123 DEBUG 16796 --- [nio-8080-exec-7] org.hibernate.SQL                        : 
    select
        u1_0.id,
        u1_0.is_active,
        u1_0.created_at,
        u1_0.email,
        u1_0.failed_attempts,
        u1_0.last_login_at,
        u1_0.lock_time,
        u1_0.is_locked,
        u1_0.password,
        u1_0.role,
        u1_0.updated_at,
        u1_0.username 
    from
        users u1_0 
    where
        u1_0.email=?
2026-09-12 12:50:20.124  WARN 16796 --- [nio-8080-exec-7] c.e.f.s.UserDetailsServiceImpl           : User not found: rakheh@gmail.com
2026-09-12 12:50:20.386 DEBUG 16796 --- [nio-8080-exec-7] o.s.s.a.d.DaoAuthenticationProvider      : Failed to find user 'rakheh@gmail.com'
2026-09-12 12:50:20.388 DEBUG 16796 --- [nio-8080-exec-7] org.hibernate.SQL                        : 
    select
        u1_0.id,
        u1_0.is_active,
        u1_0.created_at,
        u1_0.email,
        u1_0.failed_attempts,
        u1_0.last_login_at,
        u1_0.lock_time,
        u1_0.is_locked,
        u1_0.password,
        u1_0.role,
        u1_0.updated_at,
        u1_0.username 
    from
        users u1_0 
    where
        u1_0.email=?
2026-09-12 12:50:20.394  WARN 16796 --- [nio-8080-exec-7] c.e.f.handler.GlobalExceptionHandler     : Bad request: Invalid email or password
2026-09-12 12:50:20.395  WARN 16796 --- [nio-8080-exec-7] .m.m.a.ExceptionHandlerExceptionResolver : Resolved [com.example.firstapp.exception.BadRequestException: Invalid email or password]
2026-09-12 12:50:35.688 DEBUG 16796 --- [nio-8080-exec-8] o.s.security.web.FilterChainProxy        : Securing POST /api/v1/auth/login
2026-09-12 12:50:35.694 DEBUG 16796 --- [nio-8080-exec-8] org.hibernate.SQL                        : 
    select
        u1_0.id,
        u1_0.is_active,
        u1_0.created_at,
        u1_0.email,
        u1_0.failed_attempts,
        u1_0.last_login_at,
        u1_0.lock_time,
        u1_0.is_locked,
        u1_0.password,
        u1_0.role,
        u1_0.updated_at,
        u1_0.username 
    from
        users u1_0 
    where
        u1_0.email=?
2026-09-12 12:50:35.699 DEBUG 16796 --- [nio-8080-exec-8] o.s.security.web.FilterChainProxy        : Secured POST /api/v1/auth/login
2026-09-12 12:50:35.700  INFO 16796 --- [nio-8080-exec-8] c.e.f.controller.AuthController          : Login request received: rakesh@gmail.com
2026-09-12 12:50:35.701  INFO 16796 --- [nio-8080-exec-8] c.e.firstapp.service.AuthService         : Login attempt for: rakesh@gmail.com
2026-09-12 12:50:35.703 DEBUG 16796 --- [nio-8080-exec-8] org.hibernate.SQL                        : 
    select
        u1_0.id,
        u1_0.is_active,
        u1_0.created_at,
        u1_0.email,
        u1_0.failed_attempts,
        u1_0.last_login_at,
        u1_0.lock_time,
        u1_0.is_locked,
        u1_0.password,
        u1_0.role,
        u1_0.updated_at,
        u1_0.username 
    from
        users u1_0 
    where
        u1_0.email=?
2026-09-12 12:50:35.981 DEBUG 16796 --- [nio-8080-exec-8] o.s.s.a.d.DaoAuthenticationProvider      : Authenticated user
2026-09-12 12:50:35.985 DEBUG 16796 --- [nio-8080-exec-8] org.hibernate.SQL                        : 
    update
        users u1_0 
    set
        failed_attempts=0,
        is_locked=0,
        lock_time=null 
    where
        u1_0.email=?
2026-09-12 12:50:35.996 DEBUG 16796 --- [nio-8080-exec-8] org.hibernate.SQL                        : 
    update
        users u1_0 
    set
        last_login_at=? 
    where
        u1_0.email=?
2026-09-12 12:50:36.006 DEBUG 16796 --- [nio-8080-exec-8] org.hibernate.SQL                        : 
    select
        u1_0.id,
        u1_0.is_active,
        u1_0.created_at,
        u1_0.email,
        u1_0.failed_attempts,
        u1_0.last_login_at,
        u1_0.lock_time,
        u1_0.is_locked,
        u1_0.password,
        u1_0.role,
        u1_0.updated_at,
        u1_0.username 
    from
        users u1_0 
    where
        u1_0.email=?
2026-09-12 12:50:36.016  INFO 16796 --- [nio-8080-exec-8] c.e.firstapp.service.AuthService         : Login successful: rakesh@gmail.com
2026-09-12 12:51:13.633 DEBUG 16796 --- [nio-8080-exec-9] o.s.security.web.FilterChainProxy        : Securing POST /api/v1/members/me/educations
2026-09-12 12:51:13.638 DEBUG 16796 --- [nio-8080-exec-9] org.hibernate.SQL                        : 
    select
        u1_0.id,
        u1_0.is_active,
        u1_0.created_at,
        u1_0.email,
        u1_0.failed_attempts,
        u1_0.last_login_at,
        u1_0.lock_time,
        u1_0.is_locked,
        u1_0.password,
        u1_0.role,
        u1_0.updated_at,
        u1_0.username 
    from
        users u1_0 
    where
        u1_0.email=?
2026-09-12 12:51:13.644 DEBUG 16796 --- [nio-8080-exec-9] o.s.security.web.FilterChainProxy        : Secured POST /api/v1/members/me/educations
2026-09-12 12:51:13.663 ERROR 16796 --- [nio-8080-exec-9] c.e.f.handler.GlobalExceptionHandler     : Unexpected error at /api/v1/members/me/educations: Method parameter 'id': Failed to convert value of type 'java.lang.String' to required type 'java.lang.Long'; For input string: "me"
org.springframework.web.method.annotation.MethodArgumentTypeMismatchException: Method parameter 'id': Failed to convert value of type 'java.lang.String' to required type 'java.lang.Long'; For input string: "me"
	at org.springframework.web.method.annotation.AbstractNamedValueMethodArgumentResolver.convertIfNecessary(AbstractNamedValueMethodArgumentResolver.java:301) ~[spring-web-6.1.21.jar:6.1.21]
	at org.springframework.web.method.annotation.AbstractNamedValueMethodArgumentResolver.resolveArgument(AbstractNamedValueMethodArgumentResolver.java:136) ~[spring-web-6.1.21.jar:6.1.21]
	at org.springframework.web.method.support.HandlerMethodArgumentResolverComposite.resolveArgument(HandlerMethodArgumentResolverComposite.java:122) ~[spring-web-6.1.21.jar:6.1.21]
	at org.springframework.web.method.support.InvocableHandlerMethod.getMethodArgumentValues(InvocableHandlerMethod.java:224) ~[spring-web-6.1.21.jar:6.1.21]
	at org.springframework.web.method.support.InvocableHandlerMethod.invokeForRequest(InvocableHandlerMethod.java:178) ~[spring-web-6.1.21.jar:6.1.21]
	at org.springframework.web.servlet.mvc.method.annotation.ServletInvocableHandlerMethod.invokeAndHandle(ServletInvocableHandlerMethod.java:118) ~[spring-webmvc-6.1.21.jar:6.1.21]
	at org.springframework.web.servlet.mvc.method.annotation.RequestMappingHandlerAdapter.invokeHandlerMethod(RequestMappingHandlerAdapter.java:926) ~[spring-webmvc-6.1.21.jar:6.1.21]
	at org.springframework.web.servlet.mvc.method.annotation.RequestMappingHandlerAdapter.handleInternal(RequestMappingHandlerAdapter.java:831) ~[spring-webmvc-6.1.21.jar:6.1.21]
	at org.springframework.web.servlet.mvc.method.AbstractHandlerMethodAdapter.handle(AbstractHandlerMethodAdapter.java:87) ~[spring-webmvc-6.1.21.jar:6.1.21]
	at org.springframework.web.servlet.DispatcherServlet.doDispatch(DispatcherServlet.java:1089) ~[spring-webmvc-6.1.21.jar:6.1.21]
	at org.springframework.web.servlet.DispatcherServlet.doService(DispatcherServlet.java:979) ~[spring-webmvc-6.1.21.jar:6.1.21]
	at org.springframework.web.servlet.FrameworkServlet.processRequest(FrameworkServlet.java:1014) ~[spring-webmvc-6.1.21.jar:6.1.21]
	at org.springframework.web.servlet.FrameworkServlet.doPost(FrameworkServlet.java:914) ~[spring-webmvc-6.1.21.jar:6.1.21]
	at jakarta.servlet.http.HttpServlet.service(HttpServlet.java:590) ~[tomcat-embed-core-10.1.42.jar:6.0]
	at org.springframework.web.servlet.FrameworkServlet.service(FrameworkServlet.java:885) ~[spring-webmvc-6.1.21.jar:6.1.21]
	at jakarta.servlet.http.HttpServlet.service(HttpServlet.java:658) ~[tomcat-embed-core-10.1.42.jar:6.0]
	at org.apache.catalina.core.ApplicationFilterChain.internalDoFilter(ApplicationFilterChain.java:195) ~[tomcat-embed-core-10.1.42.jar:10.1.42]
	at org.apache.catalina.core.ApplicationFilterChain.doFilter(ApplicationFilterChain.java:140) ~[tomcat-embed-core-10.1.42.jar:10.1.42]
	at org.apache.tomcat.websocket.server.WsFilter.doFilter(WsFilter.java:51) ~[tomcat-embed-websocket-10.1.42.jar:10.1.42]
	at org.apache.catalina.core.ApplicationFilterChain.internalDoFilter(ApplicationFilterChain.java:164) ~[tomcat-embed-core-10.1.42.jar:10.1.42]
	at org.apache.catalina.core.ApplicationFilterChain.doFilter(ApplicationFilterChain.java:140) ~[tomcat-embed-core-10.1.42.jar:10.1.42]
	at org.springframework.web.filter.CompositeFilter$VirtualFilterChain.doFilter(CompositeFilter.java:108) ~[spring-web-6.1.21.jar:6.1.21]
	at org.springframework.security.web.FilterChainProxy.lambda$doFilterInternal$3(FilterChainProxy.java:231) ~[spring-security-web-6.3.10.jar:6.3.10]
	at org.springframework.security.web.FilterChainProxy$VirtualFilterChain.doFilter(FilterChainProxy.java:365) ~[spring-security-web-6.3.10.jar:6.3.10]
	at org.springframework.security.web.access.intercept.AuthorizationFilter.doFilter(AuthorizationFilter.java:100) ~[spring-security-web-6.3.10.jar:6.3.10]
	at org.springframework.security.web.FilterChainProxy$VirtualFilterChain.doFilter(FilterChainProxy.java:374) ~[spring-security-web-6.3.10.jar:6.3.10]
	at org.springframework.security.web.access.ExceptionTranslationFilter.doFilter(ExceptionTranslationFilter.java:126) ~[spring-security-web-6.3.10.jar:6.3.10]
	at org.springframework.security.web.access.ExceptionTranslationFilter.doFilter(ExceptionTranslationFilter.java:120) ~[spring-security-web-6.3.10.jar:6.3.10]
	at org.springframework.security.web.FilterChainProxy$VirtualFilterChain.doFilter(FilterChainProxy.java:374) ~[spring-security-web-6.3.10.jar:6.3.10]
	at org.springframework.security.web.session.SessionManagementFilter.doFilter(SessionManagementFilter.java:131) ~[spring-security-web-6.3.10.jar:6.3.10]
	at org.springframework.security.web.session.SessionManagementFilter.doFilter(SessionManagementFilter.java:85) ~[spring-security-web-6.3.10.jar:6.3.10]
	at org.springframework.security.web.FilterChainProxy$VirtualFilterChain.doFilter(FilterChainProxy.java:374) ~[spring-security-web-6.3.10.jar:6.3.10]
	at org.springframework.security.web.authentication.AnonymousAuthenticationFilter.doFilter(AnonymousAuthenticationFilter.java:100) ~[spring-security-web-6.3.10.jar:6.3.10]
	at org.springframework.security.web.FilterChainProxy$VirtualFilterChain.doFilter(FilterChainProxy.java:374) ~[spring-security-web-6.3.10.jar:6.3.10]
	at org.springframework.security.web.servletapi.SecurityContextHolderAwareRequestFilter.doFilter(SecurityContextHolderAwareRequestFilter.java:179) ~[spring-security-web-6.3.10.jar:6.3.10]
	at org.springframework.security.web.FilterChainProxy$VirtualFilterChain.doFilter(FilterChainProxy.java:374) ~[spring-security-web-6.3.10.jar:6.3.10]
	at org.springframework.security.web.savedrequest.RequestCacheAwareFilter.doFilter(RequestCacheAwareFilter.java:63) ~[spring-security-web-6.3.10.jar:6.3.10]
	at org.springframework.security.web.FilterChainProxy$VirtualFilterChain.doFilter(FilterChainProxy.java:374) ~[spring-security-web-6.3.10.jar:6.3.10]
	at com.example.firstapp.filter.JwtAuthFilter.doFilterInternal(JwtAuthFilter.java:205) ~[classes/:na]
	at org.springframework.web.filter.OncePerRequestFilter.doFilter(OncePerRequestFilter.java:116) ~[spring-web-6.1.21.jar:6.1.21]
	at org.springframework.security.web.FilterChainProxy$VirtualFilterChain.doFilter(FilterChainProxy.java:374) ~[spring-security-web-6.3.10.jar:6.3.10]
	at org.springframework.security.web.authentication.logout.LogoutFilter.doFilter(LogoutFilter.java:107) ~[spring-security-web-6.3.10.jar:6.3.10]
	at org.springframework.security.web.authentication.logout.LogoutFilter.doFilter(LogoutFilter.java:93) ~[spring-security-web-6.3.10.jar:6.3.10]
	at org.springframework.security.web.FilterChainProxy$VirtualFilterChain.doFilter(FilterChainProxy.java:374) ~[spring-security-web-6.3.10.jar:6.3.10]
	at org.springframework.security.web.header.HeaderWriterFilter.doHeadersAfter(HeaderWriterFilter.java:90) ~[spring-security-web-6.3.10.jar:6.3.10]
	at org.springframework.security.web.header.HeaderWriterFilter.doFilterInternal(HeaderWriterFilter.java:75) ~[spring-security-web-6.3.10.jar:6.3.10]
	at org.springframework.web.filter.OncePerRequestFilter.doFilter(OncePerRequestFilter.java:116) ~[spring-web-6.1.21.jar:6.1.21]
	at org.springframework.security.web.FilterChainProxy$VirtualFilterChain.doFilter(FilterChainProxy.java:374) ~[spring-security-web-6.3.10.jar:6.3.10]
	at org.springframework.security.web.context.SecurityContextHolderFilter.doFilter(SecurityContextHolderFilter.java:82) ~[spring-security-web-6.3.10.jar:6.3.10]
	at org.springframework.security.web.context.SecurityContextHolderFilter.doFilter(SecurityContextHolderFilter.java:69) ~[spring-security-web-6.3.10.jar:6.3.10]
	at org.springframework.security.web.FilterChainProxy$VirtualFilterChain.doFilter(FilterChainProxy.java:374) ~[spring-security-web-6.3.10.jar:6.3.10]
	at org.springframework.security.web.context.request.async.WebAsyncManagerIntegrationFilter.doFilterInternal(WebAsyncManagerIntegrationFilter.java:62) ~[spring-security-web-6.3.10.jar:6.3.10]
	at org.springframework.web.filter.OncePerRequestFilter.doFilter(OncePerRequestFilter.java:116) ~[spring-web-6.1.21.jar:6.1.21]
	at org.springframework.security.web.FilterChainProxy$VirtualFilterChain.doFilter(FilterChainProxy.java:374) ~[spring-security-web-6.3.10.jar:6.3.10]
	at org.springframework.security.web.session.DisableEncodeUrlFilter.doFilterInternal(DisableEncodeUrlFilter.java:42) ~[spring-security-web-6.3.10.jar:6.3.10]
	at org.springframework.web.filter.OncePerRequestFilter.doFilter(OncePerRequestFilter.java:116) ~[spring-web-6.1.21.jar:6.1.21]
	at org.springframework.security.web.FilterChainProxy$VirtualFilterChain.doFilter(FilterChainProxy.java:374) ~[spring-security-web-6.3.10.jar:6.3.10]
	at org.springframework.security.web.FilterChainProxy.doFilterInternal(FilterChainProxy.java:233) ~[spring-security-web-6.3.10.jar:6.3.10]
	at org.springframework.security.web.FilterChainProxy.doFilter(FilterChainProxy.java:191) ~[spring-security-web-6.3.10.jar:6.3.10]
	at org.springframework.web.filter.CompositeFilter$VirtualFilterChain.doFilter(CompositeFilter.java:113) ~[spring-web-6.1.21.jar:6.1.21]
	at org.springframework.web.servlet.handler.HandlerMappingIntrospector.lambda$createCacheFilter$3(HandlerMappingIntrospector.java:195) ~[spring-webmvc-6.1.21.jar:6.1.21]
	at org.springframework.web.filter.CompositeFilter$VirtualFilterChain.doFilter(CompositeFilter.java:113) ~[spring-web-6.1.21.jar:6.1.21]
	at org.springframework.web.filter.CompositeFilter.doFilter(CompositeFilter.java:74) ~[spring-web-6.1.21.jar:6.1.21]
	at org.springframework.security.config.annotation.web.configuration.WebMvcSecurityConfiguration$CompositeFilterChainProxy.doFilter(WebMvcSecurityConfiguration.java:230) ~[spring-security-config-6.3.10.jar:6.3.10]
	at org.springframework.web.filter.DelegatingFilterProxy.invokeDelegate(DelegatingFilterProxy.java:362) ~[spring-web-6.1.21.jar:6.1.21]
	at org.springframework.web.filter.DelegatingFilterProxy.doFilter(DelegatingFilterProxy.java:278) ~[spring-web-6.1.21.jar:6.1.21]
	at org.apache.catalina.core.ApplicationFilterChain.internalDoFilter(ApplicationFilterChain.java:164) ~[tomcat-embed-core-10.1.42.jar:10.1.42]
	at org.apache.catalina.core.ApplicationFilterChain.doFilter(ApplicationFilterChain.java:140) ~[tomcat-embed-core-10.1.42.jar:10.1.42]
	at org.springframework.web.filter.RequestContextFilter.doFilterInternal(RequestContextFilter.java:100) ~[spring-web-6.1.21.jar:6.1.21]
	at org.springframework.web.filter.OncePerRequestFilter.doFilter(OncePerRequestFilter.java:116) ~[spring-web-6.1.21.jar:6.1.21]
	at org.apache.catalina.core.ApplicationFilterChain.internalDoFilter(ApplicationFilterChain.java:164) ~[tomcat-embed-core-10.1.42.jar:10.1.42]
	at org.apache.catalina.core.ApplicationFilterChain.doFilter(ApplicationFilterChain.java:140) ~[tomcat-embed-core-10.1.42.jar:10.1.42]
	at org.springframework.web.filter.FormContentFilter.doFilterInternal(FormContentFilter.java:93) ~[spring-web-6.1.21.jar:6.1.21]
	at org.springframework.web.filter.OncePerRequestFilter.doFilter(OncePerRequestFilter.java:116) ~[spring-web-6.1.21.jar:6.1.21]
	at org.apache.catalina.core.ApplicationFilterChain.internalDoFilter(ApplicationFilterChain.java:164) ~[tomcat-embed-core-10.1.42.jar:10.1.42]
	at org.apache.catalina.core.ApplicationFilterChain.doFilter(ApplicationFilterChain.java:140) ~[tomcat-embed-core-10.1.42.jar:10.1.42]
	at org.springframework.web.filter.CharacterEncodingFilter.doFilterInternal(CharacterEncodingFilter.java:201) ~[spring-web-6.1.21.jar:6.1.21]
	at org.springframework.web.filter.OncePerRequestFilter.doFilter(OncePerRequestFilter.java:116) ~[spring-web-6.1.21.jar:6.1.21]
	at org.apache.catalina.core.ApplicationFilterChain.internalDoFilter(ApplicationFilterChain.java:164) ~[tomcat-embed-core-10.1.42.jar:10.1.42]
	at org.apache.catalina.core.ApplicationFilterChain.doFilter(ApplicationFilterChain.java:140) ~[tomcat-embed-core-10.1.42.jar:10.1.42]
	at com.example.firstapp.filter.RateLimitFilter.doFilterInternal(RateLimitFilter.java:161) ~[classes/:na]
	at org.springframework.web.filter.OncePerRequestFilter.doFilter(OncePerRequestFilter.java:116) ~[spring-web-6.1.21.jar:6.1.21]
	at org.apache.catalina.core.ApplicationFilterChain.internalDoFilter(ApplicationFilterChain.java:164) ~[tomcat-embed-core-10.1.42.jar:10.1.42]
	at org.apache.catalina.core.ApplicationFilterChain.doFilter(ApplicationFilterChain.java:140) ~[tomcat-embed-core-10.1.42.jar:10.1.42]
	at org.apache.catalina.core.StandardWrapperValve.invoke(StandardWrapperValve.java:167) ~[tomcat-embed-core-10.1.42.jar:10.1.42]
	at org.apache.catalina.core.StandardContextValve.invoke(StandardContextValve.java:90) ~[tomcat-embed-core-10.1.42.jar:10.1.42]
	at org.apache.catalina.authenticator.AuthenticatorBase.invoke(AuthenticatorBase.java:483) ~[tomcat-embed-core-10.1.42.jar:10.1.42]
	at org.apache.catalina.core.StandardHostValve.invoke(StandardHostValve.java:116) ~[tomcat-embed-core-10.1.42.jar:10.1.42]
	at org.apache.catalina.valves.ErrorReportValve.invoke(ErrorReportValve.java:93) ~[tomcat-embed-core-10.1.42.jar:10.1.42]
	at org.apache.catalina.core.StandardEngineValve.invoke(StandardEngineValve.java:74) ~[tomcat-embed-core-10.1.42.jar:10.1.42]
	at org.apache.catalina.connector.CoyoteAdapter.service(CoyoteAdapter.java:344) ~[tomcat-embed-core-10.1.42.jar:10.1.42]
	at org.apache.coyote.http11.Http11Processor.service(Http11Processor.java:398) ~[tomcat-embed-core-10.1.42.jar:10.1.42]
	at org.apache.coyote.AbstractProcessorLight.process(AbstractProcessorLight.java:63) ~[tomcat-embed-core-10.1.42.jar:10.1.42]
	at org.apache.coyote.AbstractProtocol$ConnectionHandler.process(AbstractProtocol.java:903) ~[tomcat-embed-core-10.1.42.jar:10.1.42]
	at org.apache.tomcat.util.net.NioEndpoint$SocketProcessor.doRun(NioEndpoint.java:1769) ~[tomcat-embed-core-10.1.42.jar:10.1.42]
	at org.apache.tomcat.util.net.SocketProcessorBase.run(SocketProcessorBase.java:52) ~[tomcat-embed-core-10.1.42.jar:10.1.42]
	at org.apache.tomcat.util.threads.ThreadPoolExecutor.runWorker(ThreadPoolExecutor.java:1189) ~[tomcat-embed-core-10.1.42.jar:10.1.42]
	at org.apache.tomcat.util.threads.ThreadPoolExecutor$Worker.run(ThreadPoolExecutor.java:658) ~[tomcat-embed-core-10.1.42.jar:10.1.42]
	at org.apache.tomcat.util.threads.TaskThread$WrappingRunnable.run(TaskThread.java:63) ~[tomcat-embed-core-10.1.42.jar:10.1.42]
	at java.base/java.lang.Thread.run(Thread.java:1474) ~[na:na]
Caused by: java.lang.NumberFormatException: For input string: "me"
	at java.base/java.lang.NumberFormatException.forInputString(NumberFormatException.java:67) ~[na:na]
	at java.base/java.lang.Long.parseLong(Long.java:594) ~[na:na]
	at java.base/java.lang.Long.valueOf(Long.java:950) ~[na:na]
	at org.springframework.util.NumberUtils.parseNumber(NumberUtils.java:206) ~[spring-core-6.1.21.jar:6.1.21]
	at org.springframework.beans.propertyeditors.CustomNumberEditor.setAsText(CustomNumberEditor.java:115) ~[spring-beans-6.1.21.jar:6.1.21]
	at org.springframework.beans.TypeConverterDelegate.doConvertTextValue(TypeConverterDelegate.java:439) ~[spring-beans-6.1.21.jar:6.1.21]
	at org.springframework.beans.TypeConverterDelegate.doConvertValue(TypeConverterDelegate.java:412) ~[spring-beans-6.1.21.jar:6.1.21]
	at org.springframework.beans.TypeConverterDelegate.convertIfNecessary(TypeConverterDelegate.java:161) ~[spring-beans-6.1.21.jar:6.1.21]
	at org.springframework.beans.TypeConverterSupport.convertIfNecessary(TypeConverterSupport.java:80) ~[spring-beans-6.1.21.jar:6.1.21]
	at org.springframework.beans.TypeConverterSupport.convertIfNecessary(TypeConverterSupport.java:53) ~[spring-beans-6.1.21.jar:6.1.21]
	at org.springframework.validation.DataBinder.convertIfNecessary(DataBinder.java:858) ~[spring-context-6.1.21.jar:6.1.21]
	at org.springframework.web.method.annotation.AbstractNamedValueMethodArgumentResolver.convertIfNecessary(AbstractNamedValueMethodArgumentResolver.java:293) ~[spring-web-6.1.21.jar:6.1.21]
	... 99 common frames omitted
2026-09-12 12:51:13.672  WARN 16796 --- [nio-8080-exec-9] .m.m.a.ExceptionHandlerExceptionResolver : Resolved [org.springframework.web.method.annotation.MethodArgumentTypeMismatchException: Method parameter 'id': Failed to convert value of type 'java.lang.String' to required type 'java.lang.Long'; For input string: "me"]
2026-09-12 12:51:28.541 DEBUG 16796 --- [nio-8080-exec-4] o.s.security.web.FilterChainProxy        : Securing GET /api/v1/members/me/educations
2026-09-12 12:51:28.543 DEBUG 16796 --- [nio-8080-exec-4] org.hibernate.SQL                        : 
    select
        u1_0.id,
        u1_0.is_active,
        u1_0.created_at,
        u1_0.email,
        u1_0.failed_attempts,
        u1_0.last_login_at,
        u1_0.lock_time,
        u1_0.is_locked,
        u1_0.password,
        u1_0.role,
        u1_0.updated_at,
        u1_0.username 
    from
        users u1_0 
    where
        u1_0.email=?
2026-09-12 12:51:28.549 DEBUG 16796 --- [nio-8080-exec-4] o.s.security.web.FilterChainProxy        : Secured GET /api/v1/members/me/educations
2026-09-12 12:51:28.554 DEBUG 16796 --- [nio-8080-exec-4] org.hibernate.SQL                        : 
    select
        m1_0.id 
    from
        members m1_0 
    where
        m1_0.user_id=?
2026-09-12 12:51:28.558 DEBUG 16796 --- [nio-8080-exec-4] org.hibernate.SQL                        : 
    select
        me1_0.id,
        me1_0.degree,
        me1_0.description,
        me1_0.end_date,
        me1_0.field_of_study,
        me1_0.institution_name,
        me1_0.member_id,
        me1_0.start_date 
    from
        member_educations me1_0 
    where
        me1_0.member_id=? 
    order by
        me1_0.start_date desc
2026-09-12 12:57:42.527 DEBUG 16796 --- [nio-8080-exec-6] o.s.security.web.FilterChainProxy        : Securing POST /api/v1/members/28/educations
2026-09-12 12:57:42.532 DEBUG 16796 --- [nio-8080-exec-6] org.hibernate.SQL                        : 
    select
        u1_0.id,
        u1_0.is_active,
        u1_0.created_at,
        u1_0.email,
        u1_0.failed_attempts,
        u1_0.last_login_at,
        u1_0.lock_time,
        u1_0.is_locked,
        u1_0.password,
        u1_0.role,
        u1_0.updated_at,
        u1_0.username 
    from
        users u1_0 
    where
        u1_0.email=?
2026-09-12 12:57:42.540 DEBUG 16796 --- [nio-8080-exec-6] o.s.security.web.FilterChainProxy        : Secured POST /api/v1/members/28/educations
2026-09-12 12:57:42.652  WARN 16796 --- [nio-8080-exec-6] c.e.f.handler.GlobalExceptionHandler     : Validation failed: {institution=must not be blank}
2026-09-12 12:57:42.657  WARN 16796 --- [nio-8080-exec-6] .m.m.a.ExceptionHandlerExceptionResolver : Resolved [org.springframework.web.bind.MethodArgumentNotValidException: Validation failed for argument [1] in public org.springframework.http.ResponseEntity<com.example.firstapp.dto.Member.EducationResponse> com.example.firstapp.controller.MemberProfileController.addEducation(java.lang.Long,com.example.firstapp.dto.Member.EducationRequest): [Field error in object 'educationRequest' on field 'institution': rejected value [null]; codes [NotBlank.educationRequest.institution,NotBlank.institution,NotBlank.java.lang.String,NotBlank]; arguments [org.springframework.context.support.DefaultMessageSourceResolvable: codes [educationRequest.institution,institution]; arguments []; default message [institution]]; default message [must not be blank]] ]
2026-09-12 12:57:56.773 DEBUG 16796 --- [io-8080-exec-10] o.s.security.web.FilterChainProxy        : Securing POST /api/v1/members/28/educations
2026-09-12 12:57:56.778 DEBUG 16796 --- [io-8080-exec-10] org.hibernate.SQL                        : 
    select
        u1_0.id,
        u1_0.is_active,
        u1_0.created_at,
        u1_0.email,
        u1_0.failed_attempts,
        u1_0.last_login_at,
        u1_0.lock_time,
        u1_0.is_locked,
        u1_0.password,
        u1_0.role,
        u1_0.updated_at,
        u1_0.username 
    from
        users u1_0 
    where
        u1_0.email=?
2026-09-12 12:57:56.782 DEBUG 16796 --- [io-8080-exec-10] o.s.security.web.FilterChainProxy        : Secured POST /api/v1/members/28/educations
2026-09-12 12:57:56.814 ERROR 16796 --- [io-8080-exec-10] c.e.f.handler.GlobalExceptionHandler     : Unexpected error at /api/v1/members/28/educations: Unimplemented method 'fieldOfStudy'
java.lang.UnsupportedOperationException: Unimplemented method 'fieldOfStudy'
	at com.example.firstapp.dto.Member.EducationRequest.fieldOfStudy(EducationRequest.java:21) ~[classes/:na]
	at com.example.firstapp.service.Member.MemberEducationService.add(MemberEducationService.java:41) ~[classes/:na]
	at java.base/jdk.internal.reflect.DirectMethodHandleAccessor.invoke(DirectMethodHandleAccessor.java:104) ~[na:na]
	at java.base/java.lang.reflect.Method.invoke(Method.java:565) ~[na:na]
	at org.springframework.aop.support.AopUtils.invokeJoinpointUsingReflection(AopUtils.java:355) ~[spring-aop-6.1.21.jar:6.1.21]
	at org.springframework.aop.framework.ReflectiveMethodInvocation.invokeJoinpoint(ReflectiveMethodInvocation.java:196) ~[spring-aop-6.1.21.jar:6.1.21]
	at org.springframework.aop.framework.ReflectiveMethodInvocation.proceed(ReflectiveMethodInvocation.java:163) ~[spring-aop-6.1.21.jar:6.1.21]
	at org.springframework.aop.framework.CglibAopProxy$CglibMethodInvocation.proceed(CglibAopProxy.java:769) ~[spring-aop-6.1.21.jar:6.1.21]
	at org.springframework.transaction.interceptor.TransactionAspectSupport.invokeWithinTransaction(TransactionAspectSupport.java:379) ~[spring-tx-6.1.21.jar:6.1.21]
	at org.springframework.transaction.interceptor.TransactionInterceptor.invoke(TransactionInterceptor.java:119) ~[spring-tx-6.1.21.jar:6.1.21]
	at org.springframework.aop.framework.ReflectiveMethodInvocation.proceed(ReflectiveMethodInvocation.java:184) ~[spring-aop-6.1.21.jar:6.1.21]
	at org.springframework.aop.framework.CglibAopProxy$CglibMethodInvocation.proceed(CglibAopProxy.java:769) ~[spring-aop-6.1.21.jar:6.1.21]
	at org.springframework.aop.framework.CglibAopProxy$DynamicAdvisedInterceptor.intercept(CglibAopProxy.java:721) ~[spring-aop-6.1.21.jar:6.1.21]
	at com.example.firstapp.service.Member.MemberEducationService$$SpringCGLIB$$0.add(<generated>) ~[classes/:na]
	at com.example.firstapp.controller.MemberProfileController.addEducation(MemberProfileController.java:102) ~[classes/:na]
	at java.base/jdk.internal.reflect.DirectMethodHandleAccessor.invoke(DirectMethodHandleAccessor.java:104) ~[na:na]
	at java.base/java.lang.reflect.Method.invoke(Method.java:565) ~[na:na]
	at org.springframework.aop.support.AopUtils.invokeJoinpointUsingReflection(AopUtils.java:355) ~[spring-aop-6.1.21.jar:6.1.21]
	at org.springframework.aop.framework.ReflectiveMethodInvocation.invokeJoinpoint(ReflectiveMethodInvocation.java:196) ~[spring-aop-6.1.21.jar:6.1.21]
	at org.springframework.aop.framework.ReflectiveMethodInvocation.proceed(ReflectiveMethodInvocation.java:163) ~[spring-aop-6.1.21.jar:6.1.21]
	at org.springframework.aop.framework.CglibAopProxy$CglibMethodInvocation.proceed(CglibAopProxy.java:769) ~[spring-aop-6.1.21.jar:6.1.21]
	at org.springframework.validation.beanvalidation.MethodValidationInterceptor.invoke(MethodValidationInterceptor.java:174) ~[spring-context-6.1.21.jar:6.1.21]
	at org.springframework.aop.framework.ReflectiveMethodInvocation.proceed(ReflectiveMethodInvocation.java:184) ~[spring-aop-6.1.21.jar:6.1.21]
	at org.springframework.aop.framework.CglibAopProxy$CglibMethodInvocation.proceed(CglibAopProxy.java:769) ~[spring-aop-6.1.21.jar:6.1.21]
	at org.springframework.aop.framework.CglibAopProxy$DynamicAdvisedInterceptor.intercept(CglibAopProxy.java:721) ~[spring-aop-6.1.21.jar:6.1.21]
	at com.example.firstapp.controller.MemberProfileController$$SpringCGLIB$$0.addEducation(<generated>) ~[classes/:na]
	at java.base/jdk.internal.reflect.DirectMethodHandleAccessor.invoke(DirectMethodHandleAccessor.java:104) ~[na:na]
	at java.base/java.lang.reflect.Method.invoke(Method.java:565) ~[na:na]
	at org.springframework.web.method.support.InvocableHandlerMethod.doInvoke(InvocableHandlerMethod.java:255) ~[spring-web-6.1.21.jar:6.1.21]
	at org.springframework.web.method.support.InvocableHandlerMethod.invokeForRequest(InvocableHandlerMethod.java:188) ~[spring-web-6.1.21.jar:6.1.21]
	at org.springframework.web.servlet.mvc.method.annotation.ServletInvocableHandlerMethod.invokeAndHandle(ServletInvocableHandlerMethod.java:118) ~[spring-webmvc-6.1.21.jar:6.1.21]
	at org.springframework.web.servlet.mvc.method.annotation.RequestMappingHandlerAdapter.invokeHandlerMethod(RequestMappingHandlerAdapter.java:926) ~[spring-webmvc-6.1.21.jar:6.1.21]
	at org.springframework.web.servlet.mvc.method.annotation.RequestMappingHandlerAdapter.handleInternal(RequestMappingHandlerAdapter.java:831) ~[spring-webmvc-6.1.21.jar:6.1.21]
	at org.springframework.web.servlet.mvc.method.AbstractHandlerMethodAdapter.handle(AbstractHandlerMethodAdapter.java:87) ~[spring-webmvc-6.1.21.jar:6.1.21]
	at org.springframework.web.servlet.DispatcherServlet.doDispatch(DispatcherServlet.java:1089) ~[spring-webmvc-6.1.21.jar:6.1.21]
	at org.springframework.web.servlet.DispatcherServlet.doService(DispatcherServlet.java:979) ~[spring-webmvc-6.1.21.jar:6.1.21]
	at org.springframework.web.servlet.FrameworkServlet.processRequest(FrameworkServlet.java:1014) ~[spring-webmvc-6.1.21.jar:6.1.21]
	at org.springframework.web.servlet.FrameworkServlet.doPost(FrameworkServlet.java:914) ~[spring-webmvc-6.1.21.jar:6.1.21]
	at jakarta.servlet.http.HttpServlet.service(HttpServlet.java:590) ~[tomcat-embed-core-10.1.42.jar:6.0]
	at org.springframework.web.servlet.FrameworkServlet.service(FrameworkServlet.java:885) ~[spring-webmvc-6.1.21.jar:6.1.21]
	at jakarta.servlet.http.HttpServlet.service(HttpServlet.java:658) ~[tomcat-embed-core-10.1.42.jar:6.0]
	at org.apache.catalina.core.ApplicationFilterChain.internalDoFilter(ApplicationFilterChain.java:195) ~[tomcat-embed-core-10.1.42.jar:10.1.42]
	at org.apache.catalina.core.ApplicationFilterChain.doFilter(ApplicationFilterChain.java:140) ~[tomcat-embed-core-10.1.42.jar:10.1.42]
	at org.apache.tomcat.websocket.server.WsFilter.doFilter(WsFilter.java:51) ~[tomcat-embed-websocket-10.1.42.jar:10.1.42]
	at org.apache.catalina.core.ApplicationFilterChain.internalDoFilter(ApplicationFilterChain.java:164) ~[tomcat-embed-core-10.1.42.jar:10.1.42]
	at org.apache.catalina.core.ApplicationFilterChain.doFilter(ApplicationFilterChain.java:140) ~[tomcat-embed-core-10.1.42.jar:10.1.42]
	at org.springframework.web.filter.CompositeFilter$VirtualFilterChain.doFilter(CompositeFilter.java:108) ~[spring-web-6.1.21.jar:6.1.21]
	at org.springframework.security.web.FilterChainProxy.lambda$doFilterInternal$3(FilterChainProxy.java:231) ~[spring-security-web-6.3.10.jar:6.3.10]
	at org.springframework.security.web.FilterChainProxy$VirtualFilterChain.doFilter(FilterChainProxy.java:365) ~[spring-security-web-6.3.10.jar:6.3.10]
	at org.springframework.security.web.access.intercept.AuthorizationFilter.doFilter(AuthorizationFilter.java:100) ~[spring-security-web-6.3.10.jar:6.3.10]
	at org.springframework.security.web.FilterChainProxy$VirtualFilterChain.doFilter(FilterChainProxy.java:374) ~[spring-security-web-6.3.10.jar:6.3.10]
	at org.springframework.security.web.access.ExceptionTranslationFilter.doFilter(ExceptionTranslationFilter.java:126) ~[spring-security-web-6.3.10.jar:6.3.10]
	at org.springframework.security.web.access.ExceptionTranslationFilter.doFilter(ExceptionTranslationFilter.java:120) ~[spring-security-web-6.3.10.jar:6.3.10]
	at org.springframework.security.web.FilterChainProxy$VirtualFilterChain.doFilter(FilterChainProxy.java:374) ~[spring-security-web-6.3.10.jar:6.3.10]
	at org.springframework.security.web.session.SessionManagementFilter.doFilter(SessionManagementFilter.java:131) ~[spring-security-web-6.3.10.jar:6.3.10]
	at org.springframework.security.web.session.SessionManagementFilter.doFilter(SessionManagementFilter.java:85) ~[spring-security-web-6.3.10.jar:6.3.10]
	at org.springframework.security.web.FilterChainProxy$VirtualFilterChain.doFilter(FilterChainProxy.java:374) ~[spring-security-web-6.3.10.jar:6.3.10]
	at org.springframework.security.web.authentication.AnonymousAuthenticationFilter.doFilter(AnonymousAuthenticationFilter.java:100) ~[spring-security-web-6.3.10.jar:6.3.10]
	at org.springframework.security.web.FilterChainProxy$VirtualFilterChain.doFilter(FilterChainProxy.java:374) ~[spring-security-web-6.3.10.jar:6.3.10]
	at org.springframework.security.web.servletapi.SecurityContextHolderAwareRequestFilter.doFilter(SecurityContextHolderAwareRequestFilter.java:179) ~[spring-security-web-6.3.10.jar:6.3.10]
	at org.springframework.security.web.FilterChainProxy$VirtualFilterChain.doFilter(FilterChainProxy.java:374) ~[spring-security-web-6.3.10.jar:6.3.10]
	at org.springframework.security.web.savedrequest.RequestCacheAwareFilter.doFilter(RequestCacheAwareFilter.java:63) ~[spring-security-web-6.3.10.jar:6.3.10]
	at org.springframework.security.web.FilterChainProxy$VirtualFilterChain.doFilter(FilterChainProxy.java:374) ~[spring-security-web-6.3.10.jar:6.3.10]
	at com.example.firstapp.filter.JwtAuthFilter.doFilterInternal(JwtAuthFilter.java:205) ~[classes/:na]
	at org.springframework.web.filter.OncePerRequestFilter.doFilter(OncePerRequestFilter.java:116) ~[spring-web-6.1.21.jar:6.1.21]
	at org.springframework.security.web.FilterChainProxy$VirtualFilterChain.doFilter(FilterChainProxy.java:374) ~[spring-security-web-6.3.10.jar:6.3.10]
	at org.springframework.security.web.authentication.logout.LogoutFilter.doFilter(LogoutFilter.java:107) ~[spring-security-web-6.3.10.jar:6.3.10]
	at org.springframework.security.web.authentication.logout.LogoutFilter.doFilter(LogoutFilter.java:93) ~[spring-security-web-6.3.10.jar:6.3.10]
	at org.springframework.security.web.FilterChainProxy$VirtualFilterChain.doFilter(FilterChainProxy.java:374) ~[spring-security-web-6.3.10.jar:6.3.10]
	at org.springframework.security.web.header.HeaderWriterFilter.doHeadersAfter(HeaderWriterFilter.java:90) ~[spring-security-web-6.3.10.jar:6.3.10]
	at org.springframework.security.web.header.HeaderWriterFilter.doFilterInternal(HeaderWriterFilter.java:75) ~[spring-security-web-6.3.10.jar:6.3.10]
	at org.springframework.web.filter.OncePerRequestFilter.doFilter(OncePerRequestFilter.java:116) ~[spring-web-6.1.21.jar:6.1.21]
	at org.springframework.security.web.FilterChainProxy$VirtualFilterChain.doFilter(FilterChainProxy.java:374) ~[spring-security-web-6.3.10.jar:6.3.10]
	at org.springframework.security.web.context.SecurityContextHolderFilter.doFilter(SecurityContextHolderFilter.java:82) ~[spring-security-web-6.3.10.jar:6.3.10]
	at org.springframework.security.web.context.SecurityContextHolderFilter.doFilter(SecurityContextHolderFilter.java:69) ~[spring-security-web-6.3.10.jar:6.3.10]
	at org.springframework.security.web.FilterChainProxy$VirtualFilterChain.doFilter(FilterChainProxy.java:374) ~[spring-security-web-6.3.10.jar:6.3.10]
	at org.springframework.security.web.context.request.async.WebAsyncManagerIntegrationFilter.doFilterInternal(WebAsyncManagerIntegrationFilter.java:62) ~[spring-security-web-6.3.10.jar:6.3.10]
	at org.springframework.web.filter.OncePerRequestFilter.doFilter(OncePerRequestFilter.java:116) ~[spring-web-6.1.21.jar:6.1.21]
	at org.springframework.security.web.FilterChainProxy$VirtualFilterChain.doFilter(FilterChainProxy.java:374) ~[spring-security-web-6.3.10.jar:6.3.10]
	at org.springframework.security.web.session.DisableEncodeUrlFilter.doFilterInternal(DisableEncodeUrlFilter.java:42) ~[spring-security-web-6.3.10.jar:6.3.10]
	at org.springframework.web.filter.OncePerRequestFilter.doFilter(OncePerRequestFilter.java:116) ~[spring-web-6.1.21.jar:6.1.21]
	at org.springframework.security.web.FilterChainProxy$VirtualFilterChain.doFilter(FilterChainProxy.java:374) ~[spring-security-web-6.3.10.jar:6.3.10]
	at org.springframework.security.web.FilterChainProxy.doFilterInternal(FilterChainProxy.java:233) ~[spring-security-web-6.3.10.jar:6.3.10]
	at org.springframework.security.web.FilterChainProxy.doFilter(FilterChainProxy.java:191) ~[spring-security-web-6.3.10.jar:6.3.10]
	at org.springframework.web.filter.CompositeFilter$VirtualFilterChain.doFilter(CompositeFilter.java:113) ~[spring-web-6.1.21.jar:6.1.21]
	at org.springframework.web.servlet.handler.HandlerMappingIntrospector.lambda$createCacheFilter$3(HandlerMappingIntrospector.java:195) ~[spring-webmvc-6.1.21.jar:6.1.21]
	at org.springframework.web.filter.CompositeFilter$VirtualFilterChain.doFilter(CompositeFilter.java:113) ~[spring-web-6.1.21.jar:6.1.21]
	at org.springframework.web.filter.CompositeFilter.doFilter(CompositeFilter.java:74) ~[spring-web-6.1.21.jar:6.1.21]
	at org.springframework.security.config.annotation.web.configuration.WebMvcSecurityConfiguration$CompositeFilterChainProxy.doFilter(WebMvcSecurityConfiguration.java:230) ~[spring-security-config-6.3.10.jar:6.3.10]
	at org.springframework.web.filter.DelegatingFilterProxy.invokeDelegate(DelegatingFilterProxy.java:362) ~[spring-web-6.1.21.jar:6.1.21]
	at org.springframework.web.filter.DelegatingFilterProxy.doFilter(DelegatingFilterProxy.java:278) ~[spring-web-6.1.21.jar:6.1.21]
	at org.apache.catalina.core.ApplicationFilterChain.internalDoFilter(ApplicationFilterChain.java:164) ~[tomcat-embed-core-10.1.42.jar:10.1.42]
	at org.apache.catalina.core.ApplicationFilterChain.doFilter(ApplicationFilterChain.java:140) ~[tomcat-embed-core-10.1.42.jar:10.1.42]
	at org.springframework.web.filter.RequestContextFilter.doFilterInternal(RequestContextFilter.java:100) ~[spring-web-6.1.21.jar:6.1.21]
	at org.springframework.web.filter.OncePerRequestFilter.doFilter(OncePerRequestFilter.java:116) ~[spring-web-6.1.21.jar:6.1.21]
	at org.apache.catalina.core.ApplicationFilterChain.internalDoFilter(ApplicationFilterChain.java:164) ~[tomcat-embed-core-10.1.42.jar:10.1.42]
	at org.apache.catalina.core.ApplicationFilterChain.doFilter(ApplicationFilterChain.java:140) ~[tomcat-embed-core-10.1.42.jar:10.1.42]
	at org.springframework.web.filter.FormContentFilter.doFilterInternal(FormContentFilter.java:93) ~[spring-web-6.1.21.jar:6.1.21]
	at org.springframework.web.filter.OncePerRequestFilter.doFilter(OncePerRequestFilter.java:116) ~[spring-web-6.1.21.jar:6.1.21]
	at org.apache.catalina.core.ApplicationFilterChain.internalDoFilter(ApplicationFilterChain.java:164) ~[tomcat-embed-core-10.1.42.jar:10.1.42]
	at org.apache.catalina.core.ApplicationFilterChain.doFilter(ApplicationFilterChain.java:140) ~[tomcat-embed-core-10.1.42.jar:10.1.42]
	at org.springframework.web.filter.CharacterEncodingFilter.doFilterInternal(CharacterEncodingFilter.java:201) ~[spring-web-6.1.21.jar:6.1.21]
	at org.springframework.web.filter.OncePerRequestFilter.doFilter(OncePerRequestFilter.java:116) ~[spring-web-6.1.21.jar:6.1.21]
	at org.apache.catalina.core.ApplicationFilterChain.internalDoFilter(ApplicationFilterChain.java:164) ~[tomcat-embed-core-10.1.42.jar:10.1.42]
	at org.apache.catalina.core.ApplicationFilterChain.doFilter(ApplicationFilterChain.java:140) ~[tomcat-embed-core-10.1.42.jar:10.1.42]
	at com.example.firstapp.filter.RateLimitFilter.doFilterInternal(RateLimitFilter.java:161) ~[classes/:na]
	at org.springframework.web.filter.OncePerRequestFilter.doFilter(OncePerRequestFilter.java:116) ~[spring-web-6.1.21.jar:6.1.21]
	at org.apache.catalina.core.ApplicationFilterChain.internalDoFilter(ApplicationFilterChain.java:164) ~[tomcat-embed-core-10.1.42.jar:10.1.42]
	at org.apache.catalina.core.ApplicationFilterChain.doFilter(ApplicationFilterChain.java:140) ~[tomcat-embed-core-10.1.42.jar:10.1.42]
	at org.apache.catalina.core.StandardWrapperValve.invoke(StandardWrapperValve.java:167) ~[tomcat-embed-core-10.1.42.jar:10.1.42]
	at org.apache.catalina.core.StandardContextValve.invoke(StandardContextValve.java:90) ~[tomcat-embed-core-10.1.42.jar:10.1.42]
	at org.apache.catalina.authenticator.AuthenticatorBase.invoke(AuthenticatorBase.java:483) ~[tomcat-embed-core-10.1.42.jar:10.1.42]
	at org.apache.catalina.core.StandardHostValve.invoke(StandardHostValve.java:116) ~[tomcat-embed-core-10.1.42.jar:10.1.42]
	at org.apache.catalina.valves.ErrorReportValve.invoke(ErrorReportValve.java:93) ~[tomcat-embed-core-10.1.42.jar:10.1.42]
	at org.apache.catalina.core.StandardEngineValve.invoke(StandardEngineValve.java:74) ~[tomcat-embed-core-10.1.42.jar:10.1.42]
	at org.apache.catalina.connector.CoyoteAdapter.service(CoyoteAdapter.java:344) ~[tomcat-embed-core-10.1.42.jar:10.1.42]
	at org.apache.coyote.http11.Http11Processor.service(Http11Processor.java:398) ~[tomcat-embed-core-10.1.42.jar:10.1.42]
	at org.apache.coyote.AbstractProcessorLight.process(AbstractProcessorLight.java:63) ~[tomcat-embed-core-10.1.42.jar:10.1.42]
	at org.apache.coyote.AbstractProtocol$ConnectionHandler.process(AbstractProtocol.java:903) ~[tomcat-embed-core-10.1.42.jar:10.1.42]
	at org.apache.tomcat.util.net.NioEndpoint$SocketProcessor.doRun(NioEndpoint.java:1769) ~[tomcat-embed-core-10.1.42.jar:10.1.42]
	at org.apache.tomcat.util.net.SocketProcessorBase.run(SocketProcessorBase.java:52) ~[tomcat-embed-core-10.1.42.jar:10.1.42]
	at org.apache.tomcat.util.threads.ThreadPoolExecutor.runWorker(ThreadPoolExecutor.java:1189) ~[tomcat-embed-core-10.1.42.jar:10.1.42]
	at org.apache.tomcat.util.threads.ThreadPoolExecutor$Worker.run(ThreadPoolExecutor.java:658) ~[tomcat-embed-core-10.1.42.jar:10.1.42]
	at org.apache.tomcat.util.threads.TaskThread$WrappingRunnable.run(TaskThread.java:63) ~[tomcat-embed-core-10.1.42.jar:10.1.42]
	at java.base/java.lang.Thread.run(Thread.java:1474) ~[na:na]
2026-09-12 12:57:56.819  WARN 16796 --- [io-8080-exec-10] .m.m.a.ExceptionHandlerExceptionResolver : Resolved [java.lang.UnsupportedOperationException: Unimplemented method 'fieldOfStudy']
2026-09-12 12:58:51.255 DEBUG 16796 --- [nio-8080-exec-1] o.s.security.web.FilterChainProxy        : Securing POST /api/v1/members/28/educations
2026-09-12 12:58:51.258 DEBUG 16796 --- [nio-8080-exec-1] org.hibernate.SQL                        : 
    select
        u1_0.id,
        u1_0.is_active,
        u1_0.created_at,
        u1_0.email,
        u1_0.failed_attempts,
        u1_0.last_login_at,
        u1_0.lock_time,
        u1_0.is_locked,
        u1_0.password,
        u1_0.role,
        u1_0.updated_at,
        u1_0.username 
    from
        users u1_0 
    where
        u1_0.email=?
2026-09-12 12:58:51.263 DEBUG 16796 --- [nio-8080-exec-1] o.s.security.web.FilterChainProxy        : Secured POST /api/v1/members/28/educations
2026-09-12 12:58:51.269 ERROR 16796 --- [nio-8080-exec-1] c.e.f.handler.GlobalExceptionHandler     : Unexpected error at /api/v1/members/28/educations: Unimplemented method 'fieldOfStudy'
java.lang.UnsupportedOperationException: Unimplemented method 'fieldOfStudy'
	at com.example.firstapp.dto.Member.EducationRequest.fieldOfStudy(EducationRequest.java:21) ~[classes/:na]
	at com.example.firstapp.service.Member.MemberEducationService.add(MemberEducationService.java:41) ~[classes/:na]
	at java.base/jdk.internal.reflect.DirectMethodHandleAccessor.invoke(DirectMethodHandleAccessor.java:104) ~[na:na]
	at java.base/java.lang.reflect.Method.invoke(Method.java:565) ~[na:na]
	at org.springframework.aop.support.AopUtils.invokeJoinpointUsingReflection(AopUtils.java:355) ~[spring-aop-6.1.21.jar:6.1.21]
	at org.springframework.aop.framework.ReflectiveMethodInvocation.invokeJoinpoint(ReflectiveMethodInvocation.java:196) ~[spring-aop-6.1.21.jar:6.1.21]
	at org.springframework.aop.framework.ReflectiveMethodInvocation.proceed(ReflectiveMethodInvocation.java:163) ~[spring-aop-6.1.21.jar:6.1.21]
	at org.springframework.aop.framework.CglibAopProxy$CglibMethodInvocation.proceed(CglibAopProxy.java:769) ~[spring-aop-6.1.21.jar:6.1.21]
	at org.springframework.transaction.interceptor.TransactionAspectSupport.invokeWithinTransaction(TransactionAspectSupport.java:379) ~[spring-tx-6.1.21.jar:6.1.21]
	at org.springframework.transaction.interceptor.TransactionInterceptor.invoke(TransactionInterceptor.java:119) ~[spring-tx-6.1.21.jar:6.1.21]
	at org.springframework.aop.framework.ReflectiveMethodInvocation.proceed(ReflectiveMethodInvocation.java:184) ~[spring-aop-6.1.21.jar:6.1.21]
	at org.springframework.aop.framework.CglibAopProxy$CglibMethodInvocation.proceed(CglibAopProxy.java:769) ~[spring-aop-6.1.21.jar:6.1.21]
	at org.springframework.aop.framework.CglibAopProxy$DynamicAdvisedInterceptor.intercept(CglibAopProxy.java:721) ~[spring-aop-6.1.21.jar:6.1.21]
	at com.example.firstapp.service.Member.MemberEducationService$$SpringCGLIB$$0.add(<generated>) ~[classes/:na]
	at com.example.firstapp.controller.MemberProfileController.addEducation(MemberProfileController.java:102) ~[classes/:na]
	at java.base/jdk.internal.reflect.DirectMethodHandleAccessor.invoke(DirectMethodHandleAccessor.java:104) ~[na:na]
	at java.base/java.lang.reflect.Method.invoke(Method.java:565) ~[na:na]
	at org.springframework.aop.support.AopUtils.invokeJoinpointUsingReflection(AopUtils.java:355) ~[spring-aop-6.1.21.jar:6.1.21]
	at org.springframework.aop.framework.ReflectiveMethodInvocation.invokeJoinpoint(ReflectiveMethodInvocation.java:196) ~[spring-aop-6.1.21.jar:6.1.21]
	at org.springframework.aop.framework.ReflectiveMethodInvocation.proceed(ReflectiveMethodInvocation.java:163) ~[spring-aop-6.1.21.jar:6.1.21]
	at org.springframework.aop.framework.CglibAopProxy$CglibMethodInvocation.proceed(CglibAopProxy.java:769) ~[spring-aop-6.1.21.jar:6.1.21]
	at org.springframework.validation.beanvalidation.MethodValidationInterceptor.invoke(MethodValidationInterceptor.java:174) ~[spring-context-6.1.21.jar:6.1.21]
	at org.springframework.aop.framework.ReflectiveMethodInvocation.proceed(ReflectiveMethodInvocation.java:184) ~[spring-aop-6.1.21.jar:6.1.21]
	at org.springframework.aop.framework.CglibAopProxy$CglibMethodInvocation.proceed(CglibAopProxy.java:769) ~[spring-aop-6.1.21.jar:6.1.21]
	at org.springframework.aop.framework.CglibAopProxy$DynamicAdvisedInterceptor.intercept(CglibAopProxy.java:721) ~[spring-aop-6.1.21.jar:6.1.21]
	at com.example.firstapp.controller.MemberProfileController$$SpringCGLIB$$0.addEducation(<generated>) ~[classes/:na]
	at java.base/jdk.internal.reflect.DirectMethodHandleAccessor.invoke(DirectMethodHandleAccessor.java:104) ~[na:na]
	at java.base/java.lang.reflect.Method.invoke(Method.java:565) ~[na:na]
	at org.springframework.web.method.support.InvocableHandlerMethod.doInvoke(InvocableHandlerMethod.java:255) ~[spring-web-6.1.21.jar:6.1.21]
	at org.springframework.web.method.support.InvocableHandlerMethod.invokeForRequest(InvocableHandlerMethod.java:188) ~[spring-web-6.1.21.jar:6.1.21]
	at org.springframework.web.servlet.mvc.method.annotation.ServletInvocableHandlerMethod.invokeAndHandle(ServletInvocableHandlerMethod.java:118) ~[spring-webmvc-6.1.21.jar:6.1.21]
	at org.springframework.web.servlet.mvc.method.annotation.RequestMappingHandlerAdapter.invokeHandlerMethod(RequestMappingHandlerAdapter.java:926) ~[spring-webmvc-6.1.21.jar:6.1.21]
	at org.springframework.web.servlet.mvc.method.annotation.RequestMappingHandlerAdapter.handleInternal(RequestMappingHandlerAdapter.java:831) ~[spring-webmvc-6.1.21.jar:6.1.21]
	at org.springframework.web.servlet.mvc.method.AbstractHandlerMethodAdapter.handle(AbstractHandlerMethodAdapter.java:87) ~[spring-webmvc-6.1.21.jar:6.1.21]
	at org.springframework.web.servlet.DispatcherServlet.doDispatch(DispatcherServlet.java:1089) ~[spring-webmvc-6.1.21.jar:6.1.21]
	at org.springframework.web.servlet.DispatcherServlet.doService(DispatcherServlet.java:979) ~[spring-webmvc-6.1.21.jar:6.1.21]
	at org.springframework.web.servlet.FrameworkServlet.processRequest(FrameworkServlet.java:1014) ~[spring-webmvc-6.1.21.jar:6.1.21]
	at org.springframework.web.servlet.FrameworkServlet.doPost(FrameworkServlet.java:914) ~[spring-webmvc-6.1.21.jar:6.1.21]
	at jakarta.servlet.http.HttpServlet.service(HttpServlet.java:590) ~[tomcat-embed-core-10.1.42.jar:6.0]
	at org.springframework.web.servlet.FrameworkServlet.service(FrameworkServlet.java:885) ~[spring-webmvc-6.1.21.jar:6.1.21]
	at jakarta.servlet.http.HttpServlet.service(HttpServlet.java:658) ~[tomcat-embed-core-10.1.42.jar:6.0]
	at org.apache.catalina.core.ApplicationFilterChain.internalDoFilter(ApplicationFilterChain.java:195) ~[tomcat-embed-core-10.1.42.jar:10.1.42]
	at org.apache.catalina.core.ApplicationFilterChain.doFilter(ApplicationFilterChain.java:140) ~[tomcat-embed-core-10.1.42.jar:10.1.42]
	at org.apache.tomcat.websocket.server.WsFilter.doFilter(WsFilter.java:51) ~[tomcat-embed-websocket-10.1.42.jar:10.1.42]
	at org.apache.catalina.core.ApplicationFilterChain.internalDoFilter(ApplicationFilterChain.java:164) ~[tomcat-embed-core-10.1.42.jar:10.1.42]
	at org.apache.catalina.core.ApplicationFilterChain.doFilter(ApplicationFilterChain.java:140) ~[tomcat-embed-core-10.1.42.jar:10.1.42]
	at org.springframework.web.filter.CompositeFilter$VirtualFilterChain.doFilter(CompositeFilter.java:108) ~[spring-web-6.1.21.jar:6.1.21]
	at org.springframework.security.web.FilterChainProxy.lambda$doFilterInternal$3(FilterChainProxy.java:231) ~[spring-security-web-6.3.10.jar:6.3.10]
	at org.springframework.security.web.FilterChainProxy$VirtualFilterChain.doFilter(FilterChainProxy.java:365) ~[spring-security-web-6.3.10.jar:6.3.10]
	at org.springframework.security.web.access.intercept.AuthorizationFilter.doFilter(AuthorizationFilter.java:100) ~[spring-security-web-6.3.10.jar:6.3.10]
	at org.springframework.security.web.FilterChainProxy$VirtualFilterChain.doFilter(FilterChainProxy.java:374) ~[spring-security-web-6.3.10.jar:6.3.10]
	at org.springframework.security.web.access.ExceptionTranslationFilter.doFilter(ExceptionTranslationFilter.java:126) ~[spring-security-web-6.3.10.jar:6.3.10]
	at org.springframework.security.web.access.ExceptionTranslationFilter.doFilter(ExceptionTranslationFilter.java:120) ~[spring-security-web-6.3.10.jar:6.3.10]
	at org.springframework.security.web.FilterChainProxy$VirtualFilterChain.doFilter(FilterChainProxy.java:374) ~[spring-security-web-6.3.10.jar:6.3.10]
	at org.springframework.security.web.session.SessionManagementFilter.doFilter(SessionManagementFilter.java:131) ~[spring-security-web-6.3.10.jar:6.3.10]
	at org.springframework.security.web.session.SessionManagementFilter.doFilter(SessionManagementFilter.java:85) ~[spring-security-web-6.3.10.jar:6.3.10]
	at org.springframework.security.web.FilterChainProxy$VirtualFilterChain.doFilter(FilterChainProxy.java:374) ~[spring-security-web-6.3.10.jar:6.3.10]
	at org.springframework.security.web.authentication.AnonymousAuthenticationFilter.doFilter(AnonymousAuthenticationFilter.java:100) ~[spring-security-web-6.3.10.jar:6.3.10]
	at org.springframework.security.web.FilterChainProxy$VirtualFilterChain.doFilter(FilterChainProxy.java:374) ~[spring-security-web-6.3.10.jar:6.3.10]
	at org.springframework.security.web.servletapi.SecurityContextHolderAwareRequestFilter.doFilter(SecurityContextHolderAwareRequestFilter.java:179) ~[spring-security-web-6.3.10.jar:6.3.10]
	at org.springframework.security.web.FilterChainProxy$VirtualFilterChain.doFilter(FilterChainProxy.java:374) ~[spring-security-web-6.3.10.jar:6.3.10]
	at org.springframework.security.web.savedrequest.RequestCacheAwareFilter.doFilter(RequestCacheAwareFilter.java:63) ~[spring-security-web-6.3.10.jar:6.3.10]
	at org.springframework.security.web.FilterChainProxy$VirtualFilterChain.doFilter(FilterChainProxy.java:374) ~[spring-security-web-6.3.10.jar:6.3.10]
	at com.example.firstapp.filter.JwtAuthFilter.doFilterInternal(JwtAuthFilter.java:205) ~[classes/:na]
	at org.springframework.web.filter.OncePerRequestFilter.doFilter(OncePerRequestFilter.java:116) ~[spring-web-6.1.21.jar:6.1.21]
	at org.springframework.security.web.FilterChainProxy$VirtualFilterChain.doFilter(FilterChainProxy.java:374) ~[spring-security-web-6.3.10.jar:6.3.10]
	at org.springframework.security.web.authentication.logout.LogoutFilter.doFilter(LogoutFilter.java:107) ~[spring-security-web-6.3.10.jar:6.3.10]
	at org.springframework.security.web.authentication.logout.LogoutFilter.doFilter(LogoutFilter.java:93) ~[spring-security-web-6.3.10.jar:6.3.10]
	at org.springframework.security.web.FilterChainProxy$VirtualFilterChain.doFilter(FilterChainProxy.java:374) ~[spring-security-web-6.3.10.jar:6.3.10]
	at org.springframework.security.web.header.HeaderWriterFilter.doHeadersAfter(HeaderWriterFilter.java:90) ~[spring-security-web-6.3.10.jar:6.3.10]
	at org.springframework.security.web.header.HeaderWriterFilter.doFilterInternal(HeaderWriterFilter.java:75) ~[spring-security-web-6.3.10.jar:6.3.10]
	at org.springframework.web.filter.OncePerRequestFilter.doFilter(OncePerRequestFilter.java:116) ~[spring-web-6.1.21.jar:6.1.21]
	at org.springframework.security.web.FilterChainProxy$VirtualFilterChain.doFilter(FilterChainProxy.java:374) ~[spring-security-web-6.3.10.jar:6.3.10]
	at org.springframework.security.web.context.SecurityContextHolderFilter.doFilter(SecurityContextHolderFilter.java:82) ~[spring-security-web-6.3.10.jar:6.3.10]
	at org.springframework.security.web.context.SecurityContextHolderFilter.doFilter(SecurityContextHolderFilter.java:69) ~[spring-security-web-6.3.10.jar:6.3.10]
	at org.springframework.security.web.FilterChainProxy$VirtualFilterChain.doFilter(FilterChainProxy.java:374) ~[spring-security-web-6.3.10.jar:6.3.10]
	at org.springframework.security.web.context.request.async.WebAsyncManagerIntegrationFilter.doFilterInternal(WebAsyncManagerIntegrationFilter.java:62) ~[spring-security-web-6.3.10.jar:6.3.10]
	at org.springframework.web.filter.OncePerRequestFilter.doFilter(OncePerRequestFilter.java:116) ~[spring-web-6.1.21.jar:6.1.21]
	at org.springframework.security.web.FilterChainProxy$VirtualFilterChain.doFilter(FilterChainProxy.java:374) ~[spring-security-web-6.3.10.jar:6.3.10]
	at org.springframework.security.web.session.DisableEncodeUrlFilter.doFilterInternal(DisableEncodeUrlFilter.java:42) ~[spring-security-web-6.3.10.jar:6.3.10]
	at org.springframework.web.filter.OncePerRequestFilter.doFilter(OncePerRequestFilter.java:116) ~[spring-web-6.1.21.jar:6.1.21]
	at org.springframework.security.web.FilterChainProxy$VirtualFilterChain.doFilter(FilterChainProxy.java:374) ~[spring-security-web-6.3.10.jar:6.3.10]
	at org.springframework.security.web.FilterChainProxy.doFilterInternal(FilterChainProxy.java:233) ~[spring-security-web-6.3.10.jar:6.3.10]
	at org.springframework.security.web.FilterChainProxy.doFilter(FilterChainProxy.java:191) ~[spring-security-web-6.3.10.jar:6.3.10]
	at org.springframework.web.filter.CompositeFilter$VirtualFilterChain.doFilter(CompositeFilter.java:113) ~[spring-web-6.1.21.jar:6.1.21]
	at org.springframework.web.servlet.handler.HandlerMappingIntrospector.lambda$createCacheFilter$3(HandlerMappingIntrospector.java:195) ~[spring-webmvc-6.1.21.jar:6.1.21]
	at org.springframework.web.filter.CompositeFilter$VirtualFilterChain.doFilter(CompositeFilter.java:113) ~[spring-web-6.1.21.jar:6.1.21]
	at org.springframework.web.filter.CompositeFilter.doFilter(CompositeFilter.java:74) ~[spring-web-6.1.21.jar:6.1.21]
	at org.springframework.security.config.annotation.web.configuration.WebMvcSecurityConfiguration$CompositeFilterChainProxy.doFilter(WebMvcSecurityConfiguration.java:230) ~[spring-security-config-6.3.10.jar:6.3.10]
	at org.springframework.web.filter.DelegatingFilterProxy.invokeDelegate(DelegatingFilterProxy.java:362) ~[spring-web-6.1.21.jar:6.1.21]
	at org.springframework.web.filter.DelegatingFilterProxy.doFilter(DelegatingFilterProxy.java:278) ~[spring-web-6.1.21.jar:6.1.21]
	at org.apache.catalina.core.ApplicationFilterChain.internalDoFilter(ApplicationFilterChain.java:164) ~[tomcat-embed-core-10.1.42.jar:10.1.42]
	at org.apache.catalina.core.ApplicationFilterChain.doFilter(ApplicationFilterChain.java:140) ~[tomcat-embed-core-10.1.42.jar:10.1.42]
	at org.springframework.web.filter.RequestContextFilter.doFilterInternal(RequestContextFilter.java:100) ~[spring-web-6.1.21.jar:6.1.21]
	at org.springframework.web.filter.OncePerRequestFilter.doFilter(OncePerRequestFilter.java:116) ~[spring-web-6.1.21.jar:6.1.21]
	at org.apache.catalina.core.ApplicationFilterChain.internalDoFilter(ApplicationFilterChain.java:164) ~[tomcat-embed-core-10.1.42.jar:10.1.42]
	at org.apache.catalina.core.ApplicationFilterChain.doFilter(ApplicationFilterChain.java:140) ~[tomcat-embed-core-10.1.42.jar:10.1.42]
	at org.springframework.web.filter.FormContentFilter.doFilterInternal(FormContentFilter.java:93) ~[spring-web-6.1.21.jar:6.1.21]
	at org.springframework.web.filter.OncePerRequestFilter.doFilter(OncePerRequestFilter.java:116) ~[spring-web-6.1.21.jar:6.1.21]
	at org.apache.catalina.core.ApplicationFilterChain.internalDoFilter(ApplicationFilterChain.java:164) ~[tomcat-embed-core-10.1.42.jar:10.1.42]
	at org.apache.catalina.core.ApplicationFilterChain.doFilter(ApplicationFilterChain.java:140) ~[tomcat-embed-core-10.1.42.jar:10.1.42]
	at org.springframework.web.filter.CharacterEncodingFilter.doFilterInternal(CharacterEncodingFilter.java:201) ~[spring-web-6.1.21.jar:6.1.21]
	at org.springframework.web.filter.OncePerRequestFilter.doFilter(OncePerRequestFilter.java:116) ~[spring-web-6.1.21.jar:6.1.21]
	at org.apache.catalina.core.ApplicationFilterChain.internalDoFilter(ApplicationFilterChain.java:164) ~[tomcat-embed-core-10.1.42.jar:10.1.42]
	at org.apache.catalina.core.ApplicationFilterChain.doFilter(ApplicationFilterChain.java:140) ~[tomcat-embed-core-10.1.42.jar:10.1.42]
	at com.example.firstapp.filter.RateLimitFilter.doFilterInternal(RateLimitFilter.java:161) ~[classes/:na]
	at org.springframework.web.filter.OncePerRequestFilter.doFilter(OncePerRequestFilter.java:116) ~[spring-web-6.1.21.jar:6.1.21]
	at org.apache.catalina.core.ApplicationFilterChain.internalDoFilter(ApplicationFilterChain.java:164) ~[tomcat-embed-core-10.1.42.jar:10.1.42]
	at org.apache.catalina.core.ApplicationFilterChain.doFilter(ApplicationFilterChain.java:140) ~[tomcat-embed-core-10.1.42.jar:10.1.42]
	at org.apache.catalina.core.StandardWrapperValve.invoke(StandardWrapperValve.java:167) ~[tomcat-embed-core-10.1.42.jar:10.1.42]
	at org.apache.catalina.core.StandardContextValve.invoke(StandardContextValve.java:90) ~[tomcat-embed-core-10.1.42.jar:10.1.42]
	at org.apache.catalina.authenticator.AuthenticatorBase.invoke(AuthenticatorBase.java:483) ~[tomcat-embed-core-10.1.42.jar:10.1.42]
	at org.apache.catalina.core.StandardHostValve.invoke(StandardHostValve.java:116) ~[tomcat-embed-core-10.1.42.jar:10.1.42]
	at org.apache.catalina.valves.ErrorReportValve.invoke(ErrorReportValve.java:93) ~[tomcat-embed-core-10.1.42.jar:10.1.42]
	at org.apache.catalina.core.StandardEngineValve.invoke(StandardEngineValve.java:74) ~[tomcat-embed-core-10.1.42.jar:10.1.42]
	at org.apache.catalina.connector.CoyoteAdapter.service(CoyoteAdapter.java:344) ~[tomcat-embed-core-10.1.42.jar:10.1.42]
	at org.apache.coyote.http11.Http11Processor.service(Http11Processor.java:398) ~[tomcat-embed-core-10.1.42.jar:10.1.42]
	at org.apache.coyote.AbstractProcessorLight.process(AbstractProcessorLight.java:63) ~[tomcat-embed-core-10.1.42.jar:10.1.42]
	at org.apache.coyote.AbstractProtocol$ConnectionHandler.process(AbstractProtocol.java:903) ~[tomcat-embed-core-10.1.42.jar:10.1.42]
	at org.apache.tomcat.util.net.NioEndpoint$SocketProcessor.doRun(NioEndpoint.java:1769) ~[tomcat-embed-core-10.1.42.jar:10.1.42]
	at org.apache.tomcat.util.net.SocketProcessorBase.run(SocketProcessorBase.java:52) ~[tomcat-embed-core-10.1.42.jar:10.1.42]
	at org.apache.tomcat.util.threads.ThreadPoolExecutor.runWorker(ThreadPoolExecutor.java:1189) ~[tomcat-embed-core-10.1.42.jar:10.1.42]
	at org.apache.tomcat.util.threads.ThreadPoolExecutor$Worker.run(ThreadPoolExecutor.java:658) ~[tomcat-embed-core-10.1.42.jar:10.1.42]
	at org.apache.tomcat.util.threads.TaskThread$WrappingRunnable.run(TaskThread.java:63) ~[tomcat-embed-core-10.1.42.jar:10.1.42]
	at java.base/java.lang.Thread.run(Thread.java:1474) ~[na:na]
2026-09-12 12:58:51.271  WARN 16796 --- [nio-8080-exec-1] .m.m.a.ExceptionHandlerExceptionResolver : Resolved [java.lang.UnsupportedOperationException: Unimplemented method 'fieldOfStudy']
2026-09-12 12:59:23.873  INFO 16796 --- [   File Watcher] rtingClassPathChangeChangedEventListener : Restarting due to 2 class path changes (0 additions, 0 deletions, 2 modifications)
2026-09-12 12:59:24.059  INFO 16796 --- [     Thread-107] j.LocalContainerEntityManagerFactoryBean : Closing JPA EntityManagerFactory for persistence unit 'default'
2026-09-12 12:59:24.079  INFO 16796 --- [     Thread-107] com.zaxxer.hikari.HikariDataSource       : BusinessAppHikariPool - Shutdown initiated...
2026-09-12 12:59:24.090  INFO 16796 --- [     Thread-107] com.zaxxer.hikari.HikariDataSource       : BusinessAppHikariPool - Shutdown completed.
2026-09-12 12:59:25.443  INFO 16796 --- [  restartedMain] c.e.firstapp.FirstappApplication         : Starting FirstappApplication using Java 25.0.3 with PID 16796 (E:\firstapp\firstapp\target\classes started by Dell in E:\firstapp\firstapp)
2026-09-12 12:59:25.444  INFO 16796 --- [  restartedMain] c.e.firstapp.FirstappApplication         : No active profile set, falling back to 1 default profile: "default"
2026-09-12 12:59:25.487  WARN 16796 --- [  restartedMain] ConfigServletWebServerApplicationContext : Exception encountered during context initialization - cancelling refresh attempt: org.springframework.beans.factory.BeanDefinitionStoreException: Failed to read candidate component class: file [E:\firstapp\firstapp\target\classes\com\example\firstapp\dto\Member\EducationRequest.class]
2026-09-12 12:59:25.979 ERROR 16796 --- [  restartedMain] o.s.boot.SpringApplication               : Application run failed
org.springframework.beans.factory.BeanDefinitionStoreException: Failed to read candidate component class: file [E:\firstapp\firstapp\target\classes\com\example\firstapp\dto\Member\EducationRequest.class]
	at org.springframework.context.annotation.ClassPathScanningCandidateComponentProvider.scanCandidateComponents(ClassPathScanningCandidateComponentProvider.java:510) ~[spring-context-6.1.21.jar:6.1.21]
	at org.springframework.context.annotation.ClassPathScanningCandidateComponentProvider.findCandidateComponents(ClassPathScanningCandidateComponentProvider.java:351) ~[spring-context-6.1.21.jar:6.1.21]
	at org.springframework.context.annotation.ClassPathBeanDefinitionScanner.doScan(ClassPathBeanDefinitionScanner.java:277) ~[spring-context-6.1.21.jar:6.1.21]
	at org.springframework.context.annotation.ComponentScanAnnotationParser.parse(ComponentScanAnnotationParser.java:128) ~[spring-context-6.1.21.jar:6.1.21]
	at org.springframework.context.annotation.ConfigurationClassParser.doProcessConfigurationClass(ConfigurationClassParser.java:320) ~[spring-context-6.1.21.jar:6.1.21]
	at org.springframework.context.annotation.ConfigurationClassParser.processConfigurationClass(ConfigurationClassParser.java:260) ~[spring-context-6.1.21.jar:6.1.21]
	at org.springframework.context.annotation.ConfigurationClassParser.parse(ConfigurationClassParser.java:196) ~[spring-context-6.1.21.jar:6.1.21]
	at org.springframework.context.annotation.ConfigurationClassParser.parse(ConfigurationClassParser.java:165) ~[spring-context-6.1.21.jar:6.1.21]
	at org.springframework.context.annotation.ConfigurationClassPostProcessor.processConfigBeanDefinitions(ConfigurationClassPostProcessor.java:417) ~[spring-context-6.1.21.jar:6.1.21]
	at org.springframework.context.annotation.ConfigurationClassPostProcessor.postProcessBeanDefinitionRegistry(ConfigurationClassPostProcessor.java:290) ~[spring-context-6.1.21.jar:6.1.21]
	at org.springframework.context.support.PostProcessorRegistrationDelegate.invokeBeanDefinitionRegistryPostProcessors(PostProcessorRegistrationDelegate.java:349) ~[spring-context-6.1.21.jar:6.1.21]
	at org.springframework.context.support.PostProcessorRegistrationDelegate.invokeBeanFactoryPostProcessors(PostProcessorRegistrationDelegate.java:118) ~[spring-context-6.1.21.jar:6.1.21]
	at org.springframework.context.support.AbstractApplicationContext.invokeBeanFactoryPostProcessors(AbstractApplicationContext.java:789) ~[spring-context-6.1.21.jar:6.1.21]
	at org.springframework.context.support.AbstractApplicationContext.refresh(AbstractApplicationContext.java:607) ~[spring-context-6.1.21.jar:6.1.21]
	at org.springframework.boot.web.servlet.context.ServletWebServerApplicationContext.refresh(ServletWebServerApplicationContext.java:146) ~[spring-boot-3.3.13.jar:3.3.13]
	at org.springframework.boot.SpringApplication.refresh(SpringApplication.java:754) ~[spring-boot-3.3.13.jar:3.3.13]
	at org.springframework.boot.SpringApplication.refreshContext(SpringApplication.java:456) ~[spring-boot-3.3.13.jar:3.3.13]
	at org.springframework.boot.SpringApplication.run(SpringApplication.java:335) ~[spring-boot-3.3.13.jar:3.3.13]
	at org.springframework.boot.SpringApplication.run(SpringApplication.java:1363) ~[spring-boot-3.3.13.jar:3.3.13]
	at org.springframework.boot.SpringApplication.run(SpringApplication.java:1352) ~[spring-boot-3.3.13.jar:3.3.13]
	at com.example.firstapp.FirstappApplication.main(FirstappApplication.java:10) ~[classes/:na]
	at java.base/jdk.internal.reflect.DirectMethodHandleAccessor.invoke(DirectMethodHandleAccessor.java:104) ~[na:na]
	at java.base/java.lang.reflect.Method.invoke(Method.java:565) ~[na:na]
	at org.springframework.boot.devtools.restart.RestartLauncher.run(RestartLauncher.java:50) ~[spring-boot-devtools-3.3.13.jar:3.3.13]
Caused by: java.lang.ArrayIndexOutOfBoundsException: Index 6 out of bounds for length 0
	at org.springframework.asm.ClassReader.readShort(ClassReader.java:3627) ~[spring-core-6.1.21.jar:6.1.21]
	at org.springframework.asm.ClassReader.<init>(ClassReader.java:197) ~[spring-core-6.1.21.jar:6.1.21]
	at org.springframework.asm.ClassReader.<init>(ClassReader.java:180) ~[spring-core-6.1.21.jar:6.1.21]
	at org.springframework.asm.ClassReader.<init>(ClassReader.java:166) ~[spring-core-6.1.21.jar:6.1.21]
	at org.springframework.asm.ClassReader.<init>(ClassReader.java:287) ~[spring-core-6.1.21.jar:6.1.21]
	at org.springframework.core.type.classreading.SimpleMetadataReader.getClassReader(SimpleMetadataReader.java:56) ~[spring-core-6.1.21.jar:6.1.21]
	at org.springframework.core.type.classreading.SimpleMetadataReader.<init>(SimpleMetadataReader.java:48) ~[spring-core-6.1.21.jar:6.1.21]
	at org.springframework.core.type.classreading.SimpleMetadataReaderFactory.getMetadataReader(SimpleMetadataReaderFactory.java:103) ~[spring-core-6.1.21.jar:6.1.21]
	at org.springframework.core.type.classreading.CachingMetadataReaderFactory.getMetadataReader(CachingMetadataReaderFactory.java:122) ~[spring-core-6.1.21.jar:6.1.21]
	at org.springframework.context.annotation.ClassPathScanningCandidateComponentProvider.scanCandidateComponents(ClassPathScanningCandidateComponentProvider.java:470) ~[spring-context-6.1.21.jar:6.1.21]
	... 23 common frames omitted
2026-09-12 12:59:27.425  INFO 16796 --- [  restartedMain] c.e.firstapp.FirstappApplication         : Starting FirstappApplication using Java 25.0.3 with PID 16796 (E:\firstapp\firstapp\target\classes started by Dell in E:\firstapp\firstapp)
2026-09-12 12:59:27.425  INFO 16796 --- [  restartedMain] c.e.firstapp.FirstappApplication         : No active profile set, falling back to 1 default profile: "default"
2026-09-12 12:59:27.653  INFO 16796 --- [  restartedMain] .s.d.r.c.RepositoryConfigurationDelegate : Bootstrapping Spring Data JPA repositories in DEFAULT mode.
2026-09-12 12:59:27.686  INFO 16796 --- [  restartedMain] .s.d.r.c.RepositoryConfigurationDelegate : Finished Spring Data repository scanning in 31 ms. Found 8 JPA repository interfaces.
2026-09-12 12:59:27.773  INFO 16796 --- [  restartedMain] o.s.b.w.e.tomcat.TomcatWebServer         : Tomcat initialized with port 8080 (http)
2026-09-12 12:59:27.775  INFO 16796 --- [  restartedMain] o.a.catalina.core.StandardService        : Starting service [Tomcat]
2026-09-12 12:59:27.775  INFO 16796 --- [  restartedMain] o.a.catalina.core.StandardEngine         : Starting Servlet engine: [Apache Tomcat/10.1.42]
2026-09-12 12:59:27.812  INFO 16796 --- [  restartedMain] o.a.c.c.C.[Tomcat].[localhost].[/]       : Initializing Spring embedded WebApplicationContext
2026-09-12 12:59:27.813  INFO 16796 --- [  restartedMain] w.s.c.ServletWebServerApplicationContext : Root WebApplicationContext: initialization completed in 387 ms
2026-09-12 12:59:27.825 DEBUG 16796 --- [  restartedMain] com.zaxxer.hikari.HikariConfig           : Driver class com.mysql.cj.jdbc.Driver found in Thread context class loader TomcatEmbeddedWebappClassLoader
  context: ROOT
  delegate: true
----------> Parent Classloader:
org.springframework.boot.devtools.restart.classloader.RestartClassLoader@2b1c508a

2026-09-12 12:59:27.846  INFO 16796 --- [  restartedMain] o.h.jpa.internal.util.LogHelper          : HHH000204: Processing PersistenceUnitInfo [name: default]
2026-09-12 12:59:27.851  INFO 16796 --- [  restartedMain] o.h.c.i.RegionFactoryInitiator           : HHH000026: Second-level cache disabled
2026-09-12 12:59:27.864  INFO 16796 --- [  restartedMain] o.s.o.j.p.SpringPersistenceUnitInfo      : No LoadTimeWeaver setup: ignoring JPA class transformer
2026-09-12 12:59:27.865 DEBUG 16796 --- [  restartedMain] com.zaxxer.hikari.HikariConfig           : BusinessAppHikariPool - configuration:
2026-09-12 12:59:27.867 DEBUG 16796 --- [  restartedMain] com.zaxxer.hikari.HikariConfig           : allowPoolSuspension.............false
2026-09-12 12:59:27.869 DEBUG 16796 --- [  restartedMain] com.zaxxer.hikari.HikariConfig           : autoCommit......................true
2026-09-12 12:59:27.869 DEBUG 16796 --- [  restartedMain] com.zaxxer.hikari.HikariConfig           : catalog.........................none
2026-09-12 12:59:27.869 DEBUG 16796 --- [  restartedMain] com.zaxxer.hikari.HikariConfig           : connectionInitSql...............none
2026-09-12 12:59:27.869 DEBUG 16796 --- [  restartedMain] com.zaxxer.hikari.HikariConfig           : connectionTestQuery............."SELECT 1"
2026-09-12 12:59:27.869 DEBUG 16796 --- [  restartedMain] com.zaxxer.hikari.HikariConfig           : connectionTimeout...............20000
2026-09-12 12:59:27.869 DEBUG 16796 --- [  restartedMain] com.zaxxer.hikari.HikariConfig           : dataSource......................none
2026-09-12 12:59:27.870 DEBUG 16796 --- [  restartedMain] com.zaxxer.hikari.HikariConfig           : dataSourceClassName.............none
2026-09-12 12:59:27.870 DEBUG 16796 --- [  restartedMain] com.zaxxer.hikari.HikariConfig           : dataSourceJNDI..................none
2026-09-12 12:59:27.870 DEBUG 16796 --- [  restartedMain] com.zaxxer.hikari.HikariConfig           : dataSourceProperties............{password=<masked>}
2026-09-12 12:59:27.870 DEBUG 16796 --- [  restartedMain] com.zaxxer.hikari.HikariConfig           : driverClassName................."com.mysql.cj.jdbc.Driver"
2026-09-12 12:59:27.870 DEBUG 16796 --- [  restartedMain] com.zaxxer.hikari.HikariConfig           : exceptionOverrideClassName......none
2026-09-12 12:59:27.870 DEBUG 16796 --- [  restartedMain] com.zaxxer.hikari.HikariConfig           : healthCheckProperties...........{}
2026-09-12 12:59:27.870 DEBUG 16796 --- [  restartedMain] com.zaxxer.hikari.HikariConfig           : healthCheckRegistry.............none
2026-09-12 12:59:27.870 DEBUG 16796 --- [  restartedMain] com.zaxxer.hikari.HikariConfig           : idleTimeout.....................600000
2026-09-12 12:59:27.870 DEBUG 16796 --- [  restartedMain] com.zaxxer.hikari.HikariConfig           : initializationFailTimeout.......1
2026-09-12 12:59:27.870 DEBUG 16796 --- [  restartedMain] com.zaxxer.hikari.HikariConfig           : isolateInternalQueries..........false
2026-09-12 12:59:27.871 DEBUG 16796 --- [  restartedMain] com.zaxxer.hikari.HikariConfig           : jdbcUrl.........................jdbc:mysql://localhost:3306/businessapp?createDatabaseIfNotExist=true&useSSL=false&serverTimezone=UTC&allowPublicKeyRetrieval=true
2026-09-12 12:59:27.871 DEBUG 16796 --- [  restartedMain] com.zaxxer.hikari.HikariConfig           : keepaliveTime...................0
2026-09-12 12:59:27.871 DEBUG 16796 --- [  restartedMain] com.zaxxer.hikari.HikariConfig           : leakDetectionThreshold..........0
2026-09-12 12:59:27.871 DEBUG 16796 --- [  restartedMain] com.zaxxer.hikari.HikariConfig           : maxLifetime.....................1800000
2026-09-12 12:59:27.871 DEBUG 16796 --- [  restartedMain] com.zaxxer.hikari.HikariConfig           : maximumPoolSize.................10
2026-09-12 12:59:27.872 DEBUG 16796 --- [  restartedMain] com.zaxxer.hikari.HikariConfig           : metricRegistry..................none
2026-09-12 12:59:27.872 DEBUG 16796 --- [  restartedMain] com.zaxxer.hikari.HikariConfig           : metricsTrackerFactory...........none
2026-09-12 12:59:27.872 DEBUG 16796 --- [  restartedMain] com.zaxxer.hikari.HikariConfig           : minimumIdle.....................5
2026-09-12 12:59:27.872 DEBUG 16796 --- [  restartedMain] com.zaxxer.hikari.HikariConfig           : password........................<masked>
2026-09-12 12:59:27.873 DEBUG 16796 --- [  restartedMain] com.zaxxer.hikari.HikariConfig           : poolName........................"BusinessAppHikariPool"
2026-09-12 12:59:27.874 DEBUG 16796 --- [  restartedMain] com.zaxxer.hikari.HikariConfig           : readOnly........................false
2026-09-12 12:59:27.874 DEBUG 16796 --- [  restartedMain] com.zaxxer.hikari.HikariConfig           : registerMbeans..................false
2026-09-12 12:59:27.874 DEBUG 16796 --- [  restartedMain] com.zaxxer.hikari.HikariConfig           : scheduledExecutor...............none
2026-09-12 12:59:27.874 DEBUG 16796 --- [  restartedMain] com.zaxxer.hikari.HikariConfig           : schema..........................none
2026-09-12 12:59:27.874 DEBUG 16796 --- [  restartedMain] com.zaxxer.hikari.HikariConfig           : threadFactory...................internal
2026-09-12 12:59:27.874 DEBUG 16796 --- [  restartedMain] com.zaxxer.hikari.HikariConfig           : transactionIsolation............default
2026-09-12 12:59:27.874 DEBUG 16796 --- [  restartedMain] com.zaxxer.hikari.HikariConfig           : username........................"root"
2026-09-12 12:59:27.874 DEBUG 16796 --- [  restartedMain] com.zaxxer.hikari.HikariConfig           : validationTimeout...............5000
2026-09-12 12:59:27.874  INFO 16796 --- [  restartedMain] com.zaxxer.hikari.HikariDataSource       : BusinessAppHikariPool - Starting...
2026-09-12 12:59:27.934  INFO 16796 --- [  restartedMain] com.zaxxer.hikari.pool.HikariPool        : BusinessAppHikariPool - Added connection com.mysql.cj.jdbc.ConnectionImpl@613666c9
2026-09-12 12:59:27.934  INFO 16796 --- [  restartedMain] com.zaxxer.hikari.HikariDataSource       : BusinessAppHikariPool - Start completed.
2026-09-12 12:59:28.242  INFO 16796 --- [  restartedMain] o.h.e.t.j.p.i.JtaPlatformInitiator       : HHH000489: No JTA platform available (set 'hibernate.transaction.jta.platform' to enable JTA platform integration)
2026-09-12 12:59:28.305 DEBUG 16796 --- [  restartedMain] org.hibernate.SQL                        : 
    alter table businesses 
       modify column description TEXT
2026-09-12 12:59:28.552 DEBUG 16796 --- [  restartedMain] org.hibernate.SQL                        : 
    alter table member_educations 
       modify column description TEXT
2026-09-12 12:59:28.590 DEBUG 16796 --- [  restartedMain] org.hibernate.SQL                        : 
    alter table member_experiences 
       modify column description TEXT
2026-09-12 12:59:28.610 DEBUG 16796 --- [  restartedMain] org.hibernate.SQL                        : 
    alter table members 
       modify column bio TEXT
2026-09-12 12:59:28.650 DEBUG 16796 --- [  restartedMain] org.hibernate.SQL                        : 
    alter table members 
       modify column profile_visibility enum ('CONNECTIONS_ONLY','PRIVATE','PUBLIC') not null
2026-09-12 12:59:28.671 DEBUG 16796 --- [  restartedMain] org.hibernate.SQL                        : 
    alter table members 
       modify column specialization enum ('ACCOUNTING_AUDIT','ASSET_WEALTH_MANAGEMENT','CORPORATE_FINANCE','FINTECH','INSURANCE','INVESTMENT_BANKING','OTHER','PRIVATE_EQUITY_VC','RISK_COMPLIANCE')
2026-09-12 12:59:28.693 DEBUG 16796 --- [  restartedMain] org.hibernate.SQL                        : 
    alter table opportunities 
       modify column description TEXT not null
2026-09-12 12:59:28.717 DEBUG 16796 --- [  restartedMain] org.hibernate.SQL                        : 
    alter table opportunities 
       modify column experience_level enum ('EXECUTIVE','GRADUATE','JUNIOR','MID','SENIOR') not null
2026-09-12 12:59:28.733 DEBUG 16796 --- [  restartedMain] org.hibernate.SQL                        : 
    alter table opportunities 
       modify column specialization enum ('ACCOUNTING_AUDIT','ASSET_WEALTH_MANAGEMENT','CORPORATE_FINANCE','FINTECH','INSURANCE','INVESTMENT_BANKING','OTHER','PRIVATE_EQUITY_VC','RISK_COMPLIANCE') not null
2026-09-12 12:59:28.749 DEBUG 16796 --- [  restartedMain] org.hibernate.SQL                        : 
    alter table opportunities 
       modify column status enum ('CLOSED','DRAFT','PUBLISHED') not null
2026-09-12 12:59:28.769 DEBUG 16796 --- [  restartedMain] org.hibernate.SQL                        : 
    alter table opportunities 
       modify column type enum ('CONTRACT','FULL_TIME','GIG','INTERNSHIP','PART_TIME') not null
2026-09-12 12:59:28.797 DEBUG 16796 --- [  restartedMain] org.hibernate.SQL                        : 
    alter table opportunities 
       modify column work_mode enum ('HYBRID','ONSITE','REMOTE') not null
2026-09-12 12:59:28.826 DEBUG 16796 --- [  restartedMain] org.hibernate.SQL                        : 
    alter table opportunity_qualifications 
       modify column qualification TEXT not null
2026-09-12 12:59:28.850 DEBUG 16796 --- [  restartedMain] org.hibernate.SQL                        : 
    alter table opportunity_responsibilities 
       modify column responsibility TEXT not null
2026-09-12 12:59:28.869 DEBUG 16796 --- [  restartedMain] org.hibernate.SQL                        : 
    alter table users 
       modify column role enum ('ROLE_ADMIN','ROLE_ADVISORY','ROLE_BUSINESS','ROLE_CUSTOMER','ROLE_MEMBERS') not null
2026-09-12 12:59:29.009  INFO 16796 --- [  restartedMain] j.LocalContainerEntityManagerFactoryBean : Initialized JPA EntityManagerFactory for persistence unit 'default'
2026-09-12 12:59:29.150  INFO 16796 --- [  restartedMain] o.s.b.web.servlet.RegistrationBean       : Filter disableJwtAuthFilterRegistration was not registered (disabled)
2026-09-12 12:59:29.206  INFO 16796 --- [  restartedMain] eAuthenticationProviderManagerConfigurer : Global AuthenticationManager configured with AuthenticationProvider bean with name authenticationProvider
2026-09-12 12:59:29.206  WARN 16796 --- [  restartedMain] r$InitializeUserDetailsManagerConfigurer : Global AuthenticationManager configured with an AuthenticationProvider bean. UserDetailsService beans will not be used for username/password login. Consider removing the AuthenticationProvider bean. Alternatively, consider using the UserDetailsService in a manually instantiated DaoAuthenticationProvider.
2026-09-12 12:59:29.404  INFO 16796 --- [  restartedMain] c.e.firstapp.config.AsyncConfig          : Email thread pool initialized: core=2 max=5 queue=50
2026-09-12 12:59:29.459 DEBUG 16796 --- [  restartedMain] o.s.s.web.DefaultSecurityFilterChain     : Will secure any request with filters: DisableEncodeUrlFilter, WebAsyncManagerIntegrationFilter, SecurityContextHolderFilter, HeaderWriterFilter, LogoutFilter, JwtAuthFilter, RequestCacheAwareFilter, SecurityContextHolderAwareRequestFilter, AnonymousAuthenticationFilter, SessionManagementFilter, ExceptionTranslationFilter, AuthorizationFilter
2026-09-12 12:59:29.501  INFO 16796 --- [  restartedMain] o.s.b.d.a.OptionalLiveReloadServer       : LiveReload server is running on port 35729
2026-09-12 12:59:29.513  INFO 16796 --- [  restartedMain] o.s.b.w.e.tomcat.TomcatWebServer         : Tomcat started on port 8080 (http) with context path '/'
2026-09-12 12:59:29.518  INFO 16796 --- [  restartedMain] c.e.firstapp.FirstappApplication         : Started FirstappApplication in 2.104 seconds (process running for 7251.082)
2026-09-12 12:59:29.519  INFO 16796 --- [  restartedMain] .ConditionEvaluationDeltaLoggingListener : Condition evaluation unchanged
2026-09-12 12:59:36.092  INFO 16796 --- [nio-8080-exec-1] o.a.c.c.C.[Tomcat].[localhost].[/]       : Initializing Spring DispatcherServlet 'dispatcherServlet'
2026-09-12 12:59:36.092  INFO 16796 --- [nio-8080-exec-1] o.s.web.servlet.DispatcherServlet        : Initializing Servlet 'dispatcherServlet'
2026-09-12 12:59:36.093  INFO 16796 --- [nio-8080-exec-1] o.s.web.servlet.DispatcherServlet        : Completed initialization in 1 ms
2026-09-12 12:59:36.098 DEBUG 16796 --- [nio-8080-exec-1] o.s.security.web.FilterChainProxy        : Securing POST /api/v1/members/28/educations
2026-09-12 12:59:36.121 DEBUG 16796 --- [nio-8080-exec-1] org.hibernate.SQL                        : 
    select
        u1_0.id,
        u1_0.is_active,
        u1_0.created_at,
        u1_0.email,
        u1_0.failed_attempts,
        u1_0.last_login_at,
        u1_0.lock_time,
        u1_0.is_locked,
        u1_0.password,
        u1_0.role,
        u1_0.updated_at,
        u1_0.username 
    from
        users u1_0 
    where
        u1_0.email=?
2026-09-12 12:59:36.129 DEBUG 16796 --- [nio-8080-exec-1] o.s.security.web.FilterChainProxy        : Secured POST /api/v1/members/28/educations
2026-09-12 12:59:36.157 ERROR 16796 --- [nio-8080-exec-1] c.e.f.handler.GlobalExceptionHandler     : Unexpected error at /api/v1/members/28/educations: Handler dispatch failed: java.lang.Error: Unresolved compilation problem: 
	The method fieldOfStudy() is undefined for the type EducationRequest

jakarta.servlet.ServletException: Handler dispatch failed: java.lang.Error: Unresolved compilation problem: 
	The method fieldOfStudy() is undefined for the type EducationRequest

	at org.springframework.web.servlet.DispatcherServlet.doDispatch(DispatcherServlet.java:1104) ~[spring-webmvc-6.1.21.jar:6.1.21]
	at org.springframework.web.servlet.DispatcherServlet.doService(DispatcherServlet.java:979) ~[spring-webmvc-6.1.21.jar:6.1.21]
	at org.springframework.web.servlet.FrameworkServlet.processRequest(FrameworkServlet.java:1014) ~[spring-webmvc-6.1.21.jar:6.1.21]
	at org.springframework.web.servlet.FrameworkServlet.doPost(FrameworkServlet.java:914) ~[spring-webmvc-6.1.21.jar:6.1.21]
	at jakarta.servlet.http.HttpServlet.service(HttpServlet.java:590) ~[tomcat-embed-core-10.1.42.jar:6.0]
	at org.springframework.web.servlet.FrameworkServlet.service(FrameworkServlet.java:885) ~[spring-webmvc-6.1.21.jar:6.1.21]
	at jakarta.servlet.http.HttpServlet.service(HttpServlet.java:658) ~[tomcat-embed-core-10.1.42.jar:6.0]
	at org.apache.catalina.core.ApplicationFilterChain.internalDoFilter(ApplicationFilterChain.java:195) ~[tomcat-embed-core-10.1.42.jar:10.1.42]
	at org.apache.catalina.core.ApplicationFilterChain.doFilter(ApplicationFilterChain.java:140) ~[tomcat-embed-core-10.1.42.jar:10.1.42]
	at org.apache.tomcat.websocket.server.WsFilter.doFilter(WsFilter.java:51) ~[tomcat-embed-websocket-10.1.42.jar:10.1.42]
	at org.apache.catalina.core.ApplicationFilterChain.internalDoFilter(ApplicationFilterChain.java:164) ~[tomcat-embed-core-10.1.42.jar:10.1.42]
	at org.apache.catalina.core.ApplicationFilterChain.doFilter(ApplicationFilterChain.java:140) ~[tomcat-embed-core-10.1.42.jar:10.1.42]
	at org.springframework.web.filter.CompositeFilter$VirtualFilterChain.doFilter(CompositeFilter.java:108) ~[spring-web-6.1.21.jar:6.1.21]
	at org.springframework.security.web.FilterChainProxy.lambda$doFilterInternal$3(FilterChainProxy.java:231) ~[spring-security-web-6.3.10.jar:6.3.10]
	at org.springframework.security.web.FilterChainProxy$VirtualFilterChain.doFilter(FilterChainProxy.java:365) ~[spring-security-web-6.3.10.jar:6.3.10]
	at org.springframework.security.web.access.intercept.AuthorizationFilter.doFilter(AuthorizationFilter.java:100) ~[spring-security-web-6.3.10.jar:6.3.10]
	at org.springframework.security.web.FilterChainProxy$VirtualFilterChain.doFilter(FilterChainProxy.java:374) ~[spring-security-web-6.3.10.jar:6.3.10]
	at org.springframework.security.web.access.ExceptionTranslationFilter.doFilter(ExceptionTranslationFilter.java:126) ~[spring-security-web-6.3.10.jar:6.3.10]
	at org.springframework.security.web.access.ExceptionTranslationFilter.doFilter(ExceptionTranslationFilter.java:120) ~[spring-security-web-6.3.10.jar:6.3.10]
	at org.springframework.security.web.FilterChainProxy$VirtualFilterChain.doFilter(FilterChainProxy.java:374) ~[spring-security-web-6.3.10.jar:6.3.10]
	at org.springframework.security.web.session.SessionManagementFilter.doFilter(SessionManagementFilter.java:131) ~[spring-security-web-6.3.10.jar:6.3.10]
	at org.springframework.security.web.session.SessionManagementFilter.doFilter(SessionManagementFilter.java:85) ~[spring-security-web-6.3.10.jar:6.3.10]
	at org.springframework.security.web.FilterChainProxy$VirtualFilterChain.doFilter(FilterChainProxy.java:374) ~[spring-security-web-6.3.10.jar:6.3.10]
	at org.springframework.security.web.authentication.AnonymousAuthenticationFilter.doFilter(AnonymousAuthenticationFilter.java:100) ~[spring-security-web-6.3.10.jar:6.3.10]
	at org.springframework.security.web.FilterChainProxy$VirtualFilterChain.doFilter(FilterChainProxy.java:374) ~[spring-security-web-6.3.10.jar:6.3.10]
	at org.springframework.security.web.servletapi.SecurityContextHolderAwareRequestFilter.doFilter(SecurityContextHolderAwareRequestFilter.java:179) ~[spring-security-web-6.3.10.jar:6.3.10]
	at org.springframework.security.web.FilterChainProxy$VirtualFilterChain.doFilter(FilterChainProxy.java:374) ~[spring-security-web-6.3.10.jar:6.3.10]
	at org.springframework.security.web.savedrequest.RequestCacheAwareFilter.doFilter(RequestCacheAwareFilter.java:63) ~[spring-security-web-6.3.10.jar:6.3.10]
	at org.springframework.security.web.FilterChainProxy$VirtualFilterChain.doFilter(FilterChainProxy.java:374) ~[spring-security-web-6.3.10.jar:6.3.10]
	at com.example.firstapp.filter.JwtAuthFilter.doFilterInternal(JwtAuthFilter.java:205) ~[classes/:na]
	at org.springframework.web.filter.OncePerRequestFilter.doFilter(OncePerRequestFilter.java:116) ~[spring-web-6.1.21.jar:6.1.21]
	at org.springframework.security.web.FilterChainProxy$VirtualFilterChain.doFilter(FilterChainProxy.java:374) ~[spring-security-web-6.3.10.jar:6.3.10]
	at org.springframework.security.web.authentication.logout.LogoutFilter.doFilter(LogoutFilter.java:107) ~[spring-security-web-6.3.10.jar:6.3.10]
	at org.springframework.security.web.authentication.logout.LogoutFilter.doFilter(LogoutFilter.java:93) ~[spring-security-web-6.3.10.jar:6.3.10]
	at org.springframework.security.web.FilterChainProxy$VirtualFilterChain.doFilter(FilterChainProxy.java:374) ~[spring-security-web-6.3.10.jar:6.3.10]
	at org.springframework.security.web.header.HeaderWriterFilter.doHeadersAfter(HeaderWriterFilter.java:90) ~[spring-security-web-6.3.10.jar:6.3.10]
	at org.springframework.security.web.header.HeaderWriterFilter.doFilterInternal(HeaderWriterFilter.java:75) ~[spring-security-web-6.3.10.jar:6.3.10]
	at org.springframework.web.filter.OncePerRequestFilter.doFilter(OncePerRequestFilter.java:116) ~[spring-web-6.1.21.jar:6.1.21]
	at org.springframework.security.web.FilterChainProxy$VirtualFilterChain.doFilter(FilterChainProxy.java:374) ~[spring-security-web-6.3.10.jar:6.3.10]
	at org.springframework.security.web.context.SecurityContextHolderFilter.doFilter(SecurityContextHolderFilter.java:82) ~[spring-security-web-6.3.10.jar:6.3.10]
	at org.springframework.security.web.context.SecurityContextHolderFilter.doFilter(SecurityContextHolderFilter.java:69) ~[spring-security-web-6.3.10.jar:6.3.10]
	at org.springframework.security.web.FilterChainProxy$VirtualFilterChain.doFilter(FilterChainProxy.java:374) ~[spring-security-web-6.3.10.jar:6.3.10]
	at org.springframework.security.web.context.request.async.WebAsyncManagerIntegrationFilter.doFilterInternal(WebAsyncManagerIntegrationFilter.java:62) ~[spring-security-web-6.3.10.jar:6.3.10]
	at org.springframework.web.filter.OncePerRequestFilter.doFilter(OncePerRequestFilter.java:116) ~[spring-web-6.1.21.jar:6.1.21]
	at org.springframework.security.web.FilterChainProxy$VirtualFilterChain.doFilter(FilterChainProxy.java:374) ~[spring-security-web-6.3.10.jar:6.3.10]
	at org.springframework.security.web.session.DisableEncodeUrlFilter.doFilterInternal(DisableEncodeUrlFilter.java:42) ~[spring-security-web-6.3.10.jar:6.3.10]
	at org.springframework.web.filter.OncePerRequestFilter.doFilter(OncePerRequestFilter.java:116) ~[spring-web-6.1.21.jar:6.1.21]
	at org.springframework.security.web.FilterChainProxy$VirtualFilterChain.doFilter(FilterChainProxy.java:374) ~[spring-security-web-6.3.10.jar:6.3.10]
	at org.springframework.security.web.FilterChainProxy.doFilterInternal(FilterChainProxy.java:233) ~[spring-security-web-6.3.10.jar:6.3.10]
	at org.springframework.security.web.FilterChainProxy.doFilter(FilterChainProxy.java:191) ~[spring-security-web-6.3.10.jar:6.3.10]
	at org.springframework.web.filter.CompositeFilter$VirtualFilterChain.doFilter(CompositeFilter.java:113) ~[spring-web-6.1.21.jar:6.1.21]
	at org.springframework.web.servlet.handler.HandlerMappingIntrospector.lambda$createCacheFilter$3(HandlerMappingIntrospector.java:195) ~[spring-webmvc-6.1.21.jar:6.1.21]
	at org.springframework.web.filter.CompositeFilter$VirtualFilterChain.doFilter(CompositeFilter.java:113) ~[spring-web-6.1.21.jar:6.1.21]
	at org.springframework.web.filter.CompositeFilter.doFilter(CompositeFilter.java:74) ~[spring-web-6.1.21.jar:6.1.21]
	at org.springframework.security.config.annotation.web.configuration.WebMvcSecurityConfiguration$CompositeFilterChainProxy.doFilter(WebMvcSecurityConfiguration.java:230) ~[spring-security-config-6.3.10.jar:6.3.10]
	at org.springframework.web.filter.DelegatingFilterProxy.invokeDelegate(DelegatingFilterProxy.java:362) ~[spring-web-6.1.21.jar:6.1.21]
	at org.springframework.web.filter.DelegatingFilterProxy.doFilter(DelegatingFilterProxy.java:278) ~[spring-web-6.1.21.jar:6.1.21]
	at org.apache.catalina.core.ApplicationFilterChain.internalDoFilter(ApplicationFilterChain.java:164) ~[tomcat-embed-core-10.1.42.jar:10.1.42]
	at org.apache.catalina.core.ApplicationFilterChain.doFilter(ApplicationFilterChain.java:140) ~[tomcat-embed-core-10.1.42.jar:10.1.42]
	at org.springframework.web.filter.RequestContextFilter.doFilterInternal(RequestContextFilter.java:100) ~[spring-web-6.1.21.jar:6.1.21]
	at org.springframework.web.filter.OncePerRequestFilter.doFilter(OncePerRequestFilter.java:116) ~[spring-web-6.1.21.jar:6.1.21]
	at org.apache.catalina.core.ApplicationFilterChain.internalDoFilter(ApplicationFilterChain.java:164) ~[tomcat-embed-core-10.1.42.jar:10.1.42]
	at org.apache.catalina.core.ApplicationFilterChain.doFilter(ApplicationFilterChain.java:140) ~[tomcat-embed-core-10.1.42.jar:10.1.42]
	at org.springframework.web.filter.FormContentFilter.doFilterInternal(FormContentFilter.java:93) ~[spring-web-6.1.21.jar:6.1.21]
	at org.springframework.web.filter.OncePerRequestFilter.doFilter(OncePerRequestFilter.java:116) ~[spring-web-6.1.21.jar:6.1.21]
	at org.apache.catalina.core.ApplicationFilterChain.internalDoFilter(ApplicationFilterChain.java:164) ~[tomcat-embed-core-10.1.42.jar:10.1.42]
	at org.apache.catalina.core.ApplicationFilterChain.doFilter(ApplicationFilterChain.java:140) ~[tomcat-embed-core-10.1.42.jar:10.1.42]
	at org.springframework.web.filter.CharacterEncodingFilter.doFilterInternal(CharacterEncodingFilter.java:201) ~[spring-web-6.1.21.jar:6.1.21]
	at org.springframework.web.filter.OncePerRequestFilter.doFilter(OncePerRequestFilter.java:116) ~[spring-web-6.1.21.jar:6.1.21]
	at org.apache.catalina.core.ApplicationFilterChain.internalDoFilter(ApplicationFilterChain.java:164) ~[tomcat-embed-core-10.1.42.jar:10.1.42]
	at org.apache.catalina.core.ApplicationFilterChain.doFilter(ApplicationFilterChain.java:140) ~[tomcat-embed-core-10.1.42.jar:10.1.42]
	at com.example.firstapp.filter.RateLimitFilter.doFilterInternal(RateLimitFilter.java:161) ~[classes/:na]
	at org.springframework.web.filter.OncePerRequestFilter.doFilter(OncePerRequestFilter.java:116) ~[spring-web-6.1.21.jar:6.1.21]
	at org.apache.catalina.core.ApplicationFilterChain.internalDoFilter(ApplicationFilterChain.java:164) ~[tomcat-embed-core-10.1.42.jar:10.1.42]
	at org.apache.catalina.core.ApplicationFilterChain.doFilter(ApplicationFilterChain.java:140) ~[tomcat-embed-core-10.1.42.jar:10.1.42]
	at org.apache.catalina.core.StandardWrapperValve.invoke(StandardWrapperValve.java:167) ~[tomcat-embed-core-10.1.42.jar:10.1.42]
	at org.apache.catalina.core.StandardContextValve.invoke(StandardContextValve.java:90) ~[tomcat-embed-core-10.1.42.jar:10.1.42]
	at org.apache.catalina.authenticator.AuthenticatorBase.invoke(AuthenticatorBase.java:483) ~[tomcat-embed-core-10.1.42.jar:10.1.42]
	at org.apache.catalina.core.StandardHostValve.invoke(StandardHostValve.java:116) ~[tomcat-embed-core-10.1.42.jar:10.1.42]
	at org.apache.catalina.valves.ErrorReportValve.invoke(ErrorReportValve.java:93) ~[tomcat-embed-core-10.1.42.jar:10.1.42]
	at org.apache.catalina.core.StandardEngineValve.invoke(StandardEngineValve.java:74) ~[tomcat-embed-core-10.1.42.jar:10.1.42]
	at org.apache.catalina.connector.CoyoteAdapter.service(CoyoteAdapter.java:344) ~[tomcat-embed-core-10.1.42.jar:10.1.42]
	at org.apache.coyote.http11.Http11Processor.service(Http11Processor.java:398) ~[tomcat-embed-core-10.1.42.jar:10.1.42]
	at org.apache.coyote.AbstractProcessorLight.process(AbstractProcessorLight.java:63) ~[tomcat-embed-core-10.1.42.jar:10.1.42]
	at org.apache.coyote.AbstractProtocol$ConnectionHandler.process(AbstractProtocol.java:903) ~[tomcat-embed-core-10.1.42.jar:10.1.42]
	at org.apache.tomcat.util.net.NioEndpoint$SocketProcessor.doRun(NioEndpoint.java:1769) ~[tomcat-embed-core-10.1.42.jar:10.1.42]
	at org.apache.tomcat.util.net.SocketProcessorBase.run(SocketProcessorBase.java:52) ~[tomcat-embed-core-10.1.42.jar:10.1.42]
	at org.apache.tomcat.util.threads.ThreadPoolExecutor.runWorker(ThreadPoolExecutor.java:1189) ~[tomcat-embed-core-10.1.42.jar:10.1.42]
	at org.apache.tomcat.util.threads.ThreadPoolExecutor$Worker.run(ThreadPoolExecutor.java:658) ~[tomcat-embed-core-10.1.42.jar:10.1.42]
	at org.apache.tomcat.util.threads.TaskThread$WrappingRunnable.run(TaskThread.java:63) ~[tomcat-embed-core-10.1.42.jar:10.1.42]
	at java.base/java.lang.Thread.run(Thread.java:1474) ~[na:na]
Caused by: java.lang.Error: Unresolved compilation problem: 
	The method fieldOfStudy() is undefined for the type EducationRequest

	at com.example.firstapp.service.Member.MemberEducationService.add(MemberEducationService.java:41) ~[classes/:na]
	at java.base/jdk.internal.reflect.DirectMethodHandleAccessor.invoke(DirectMethodHandleAccessor.java:104) ~[na:na]
	at java.base/java.lang.reflect.Method.invoke(Method.java:565) ~[na:na]
	at org.springframework.aop.support.AopUtils.invokeJoinpointUsingReflection(AopUtils.java:355) ~[spring-aop-6.1.21.jar:6.1.21]
	at org.springframework.aop.framework.ReflectiveMethodInvocation.invokeJoinpoint(ReflectiveMethodInvocation.java:196) ~[spring-aop-6.1.21.jar:6.1.21]
	at org.springframework.aop.framework.ReflectiveMethodInvocation.proceed(ReflectiveMethodInvocation.java:163) ~[spring-aop-6.1.21.jar:6.1.21]
	at org.springframework.aop.framework.CglibAopProxy$CglibMethodInvocation.proceed(CglibAopProxy.java:769) ~[spring-aop-6.1.21.jar:6.1.21]
	at org.springframework.transaction.interceptor.TransactionAspectSupport.invokeWithinTransaction(TransactionAspectSupport.java:379) ~[spring-tx-6.1.21.jar:6.1.21]
	at org.springframework.transaction.interceptor.TransactionInterceptor.invoke(TransactionInterceptor.java:119) ~[spring-tx-6.1.21.jar:6.1.21]
	at org.springframework.aop.framework.ReflectiveMethodInvocation.proceed(ReflectiveMethodInvocation.java:184) ~[spring-aop-6.1.21.jar:6.1.21]
	at org.springframework.aop.framework.CglibAopProxy$CglibMethodInvocation.proceed(CglibAopProxy.java:769) ~[spring-aop-6.1.21.jar:6.1.21]
	at org.springframework.aop.framework.CglibAopProxy$DynamicAdvisedInterceptor.intercept(CglibAopProxy.java:721) ~[spring-aop-6.1.21.jar:6.1.21]
	at com.example.firstapp.service.Member.MemberEducationService$$SpringCGLIB$$0.add(<generated>) ~[classes/:na]
	at com.example.firstapp.controller.MemberProfileController.addEducation(MemberProfileController.java:102) ~[classes/:na]
	at java.base/jdk.internal.reflect.DirectMethodHandleAccessor.invoke(DirectMethodHandleAccessor.java:104) ~[na:na]
	at java.base/java.lang.reflect.Method.invoke(Method.java:565) ~[na:na]
	at org.springframework.aop.support.AopUtils.invokeJoinpointUsingReflection(AopUtils.java:355) ~[spring-aop-6.1.21.jar:6.1.21]
	at org.springframework.aop.framework.ReflectiveMethodInvocation.invokeJoinpoint(ReflectiveMethodInvocation.java:196) ~[spring-aop-6.1.21.jar:6.1.21]
	at org.springframework.aop.framework.ReflectiveMethodInvocation.proceed(ReflectiveMethodInvocation.java:163) ~[spring-aop-6.1.21.jar:6.1.21]
	at org.springframework.aop.framework.CglibAopProxy$CglibMethodInvocation.proceed(CglibAopProxy.java:769) ~[spring-aop-6.1.21.jar:6.1.21]
	at org.springframework.validation.beanvalidation.MethodValidationInterceptor.invoke(MethodValidationInterceptor.java:174) ~[spring-context-6.1.21.jar:6.1.21]
	at org.springframework.aop.framework.ReflectiveMethodInvocation.proceed(ReflectiveMethodInvocation.java:184) ~[spring-aop-6.1.21.jar:6.1.21]
	at org.springframework.aop.framework.CglibAopProxy$CglibMethodInvocation.proceed(CglibAopProxy.java:769) ~[spring-aop-6.1.21.jar:6.1.21]
	at org.springframework.aop.framework.CglibAopProxy$DynamicAdvisedInterceptor.intercept(CglibAopProxy.java:721) ~[spring-aop-6.1.21.jar:6.1.21]
	at com.example.firstapp.controller.MemberProfileController$$SpringCGLIB$$0.addEducation(<generated>) ~[classes/:na]
	at java.base/jdk.internal.reflect.DirectMethodHandleAccessor.invoke(DirectMethodHandleAccessor.java:104) ~[na:na]
	at java.base/java.lang.reflect.Method.invoke(Method.java:565) ~[na:na]
	at org.springframework.web.method.support.InvocableHandlerMethod.doInvoke(InvocableHandlerMethod.java:255) ~[spring-web-6.1.21.jar:6.1.21]
	at org.springframework.web.method.support.InvocableHandlerMethod.invokeForRequest(InvocableHandlerMethod.java:188) ~[spring-web-6.1.21.jar:6.1.21]
	at org.springframework.web.servlet.mvc.method.annotation.ServletInvocableHandlerMethod.invokeAndHandle(ServletInvocableHandlerMethod.java:118) ~[spring-webmvc-6.1.21.jar:6.1.21]
	at org.springframework.web.servlet.mvc.method.annotation.RequestMappingHandlerAdapter.invokeHandlerMethod(RequestMappingHandlerAdapter.java:926) ~[spring-webmvc-6.1.21.jar:6.1.21]
	at org.springframework.web.servlet.mvc.method.annotation.RequestMappingHandlerAdapter.handleInternal(RequestMappingHandlerAdapter.java:831) ~[spring-webmvc-6.1.21.jar:6.1.21]
	at org.springframework.web.servlet.mvc.method.AbstractHandlerMethodAdapter.handle(AbstractHandlerMethodAdapter.java:87) ~[spring-webmvc-6.1.21.jar:6.1.21]
	at org.springframework.web.servlet.DispatcherServlet.doDispatch(DispatcherServlet.java:1089) ~[spring-webmvc-6.1.21.jar:6.1.21]
	... 90 common frames omitted
2026-09-12 12:59:36.166  WARN 16796 --- [nio-8080-exec-1] .m.m.a.ExceptionHandlerExceptionResolver : Resolved [jakarta.servlet.ServletException: Handler dispatch failed: java.lang.Error: Unresolved compilation problem: <EOL>?The method fieldOfStudy() is undefined for the type EducationRequest<EOL>]
2026-09-12 13:00:08.190 DEBUG 16796 --- [nio-8080-exec-2] o.s.security.web.FilterChainProxy        : Securing POST /api/v1/members/28/educations
2026-09-12 13:00:08.193 DEBUG 16796 --- [nio-8080-exec-2] org.hibernate.SQL                        : 
    select
        u1_0.id,
        u1_0.is_active,
        u1_0.created_at,
        u1_0.email,
        u1_0.failed_attempts,
        u1_0.last_login_at,
        u1_0.lock_time,
        u1_0.is_locked,
        u1_0.password,
        u1_0.role,
        u1_0.updated_at,
        u1_0.username 
    from
        users u1_0 
    where
        u1_0.email=?
2026-09-12 13:00:08.199 DEBUG 16796 --- [nio-8080-exec-2] o.s.security.web.FilterChainProxy        : Secured POST /api/v1/members/28/educations
2026-09-12 13:00:08.204 ERROR 16796 --- [nio-8080-exec-2] c.e.f.handler.GlobalExceptionHandler     : Unexpected error at /api/v1/members/28/educations: Handler dispatch failed: java.lang.Error: Unresolved compilation problem: 
	The method fieldOfStudy() is undefined for the type EducationRequest

jakarta.servlet.ServletException: Handler dispatch failed: java.lang.Error: Unresolved compilation problem: 
	The method fieldOfStudy() is undefined for the type EducationRequest

	at org.springframework.web.servlet.DispatcherServlet.doDispatch(DispatcherServlet.java:1104) ~[spring-webmvc-6.1.21.jar:6.1.21]
	at org.springframework.web.servlet.DispatcherServlet.doService(DispatcherServlet.java:979) ~[spring-webmvc-6.1.21.jar:6.1.21]
	at org.springframework.web.servlet.FrameworkServlet.processRequest(FrameworkServlet.java:1014) ~[spring-webmvc-6.1.21.jar:6.1.21]
	at org.springframework.web.servlet.FrameworkServlet.doPost(FrameworkServlet.java:914) ~[spring-webmvc-6.1.21.jar:6.1.21]
	at jakarta.servlet.http.HttpServlet.service(HttpServlet.java:590) ~[tomcat-embed-core-10.1.42.jar:6.0]
	at org.springframework.web.servlet.FrameworkServlet.service(FrameworkServlet.java:885) ~[spring-webmvc-6.1.21.jar:6.1.21]
	at jakarta.servlet.http.HttpServlet.service(HttpServlet.java:658) ~[tomcat-embed-core-10.1.42.jar:6.0]
	at org.apache.catalina.core.ApplicationFilterChain.internalDoFilter(ApplicationFilterChain.java:195) ~[tomcat-embed-core-10.1.42.jar:10.1.42]
	at org.apache.catalina.core.ApplicationFilterChain.doFilter(ApplicationFilterChain.java:140) ~[tomcat-embed-core-10.1.42.jar:10.1.42]
	at org.apache.tomcat.websocket.server.WsFilter.doFilter(WsFilter.java:51) ~[tomcat-embed-websocket-10.1.42.jar:10.1.42]
	at org.apache.catalina.core.ApplicationFilterChain.internalDoFilter(ApplicationFilterChain.java:164) ~[tomcat-embed-core-10.1.42.jar:10.1.42]
	at org.apache.catalina.core.ApplicationFilterChain.doFilter(ApplicationFilterChain.java:140) ~[tomcat-embed-core-10.1.42.jar:10.1.42]
	at org.springframework.web.filter.CompositeFilter$VirtualFilterChain.doFilter(CompositeFilter.java:108) ~[spring-web-6.1.21.jar:6.1.21]
	at org.springframework.security.web.FilterChainProxy.lambda$doFilterInternal$3(FilterChainProxy.java:231) ~[spring-security-web-6.3.10.jar:6.3.10]
	at org.springframework.security.web.FilterChainProxy$VirtualFilterChain.doFilter(FilterChainProxy.java:365) ~[spring-security-web-6.3.10.jar:6.3.10]
	at org.springframework.security.web.access.intercept.AuthorizationFilter.doFilter(AuthorizationFilter.java:100) ~[spring-security-web-6.3.10.jar:6.3.10]
	at org.springframework.security.web.FilterChainProxy$VirtualFilterChain.doFilter(FilterChainProxy.java:374) ~[spring-security-web-6.3.10.jar:6.3.10]
	at org.springframework.security.web.access.ExceptionTranslationFilter.doFilter(ExceptionTranslationFilter.java:126) ~[spring-security-web-6.3.10.jar:6.3.10]
	at org.springframework.security.web.access.ExceptionTranslationFilter.doFilter(ExceptionTranslationFilter.java:120) ~[spring-security-web-6.3.10.jar:6.3.10]
	at org.springframework.security.web.FilterChainProxy$VirtualFilterChain.doFilter(FilterChainProxy.java:374) ~[spring-security-web-6.3.10.jar:6.3.10]
	at org.springframework.security.web.session.SessionManagementFilter.doFilter(SessionManagementFilter.java:131) ~[spring-security-web-6.3.10.jar:6.3.10]
	at org.springframework.security.web.session.SessionManagementFilter.doFilter(SessionManagementFilter.java:85) ~[spring-security-web-6.3.10.jar:6.3.10]
	at org.springframework.security.web.FilterChainProxy$VirtualFilterChain.doFilter(FilterChainProxy.java:374) ~[spring-security-web-6.3.10.jar:6.3.10]
	at org.springframework.security.web.authentication.AnonymousAuthenticationFilter.doFilter(AnonymousAuthenticationFilter.java:100) ~[spring-security-web-6.3.10.jar:6.3.10]
	at org.springframework.security.web.FilterChainProxy$VirtualFilterChain.doFilter(FilterChainProxy.java:374) ~[spring-security-web-6.3.10.jar:6.3.10]
	at org.springframework.security.web.servletapi.SecurityContextHolderAwareRequestFilter.doFilter(SecurityContextHolderAwareRequestFilter.java:179) ~[spring-security-web-6.3.10.jar:6.3.10]
	at org.springframework.security.web.FilterChainProxy$VirtualFilterChain.doFilter(FilterChainProxy.java:374) ~[spring-security-web-6.3.10.jar:6.3.10]
	at org.springframework.security.web.savedrequest.RequestCacheAwareFilter.doFilter(RequestCacheAwareFilter.java:63) ~[spring-security-web-6.3.10.jar:6.3.10]
	at org.springframework.security.web.FilterChainProxy$VirtualFilterChain.doFilter(FilterChainProxy.java:374) ~[spring-security-web-6.3.10.jar:6.3.10]
	at com.example.firstapp.filter.JwtAuthFilter.doFilterInternal(JwtAuthFilter.java:205) ~[classes/:na]
	at org.springframework.web.filter.OncePerRequestFilter.doFilter(OncePerRequestFilter.java:116) ~[spring-web-6.1.21.jar:6.1.21]
	at org.springframework.security.web.FilterChainProxy$VirtualFilterChain.doFilter(FilterChainProxy.java:374) ~[spring-security-web-6.3.10.jar:6.3.10]
	at org.springframework.security.web.authentication.logout.LogoutFilter.doFilter(LogoutFilter.java:107) ~[spring-security-web-6.3.10.jar:6.3.10]
	at org.springframework.security.web.authentication.logout.LogoutFilter.doFilter(LogoutFilter.java:93) ~[spring-security-web-6.3.10.jar:6.3.10]
	at org.springframework.security.web.FilterChainProxy$VirtualFilterChain.doFilter(FilterChainProxy.java:374) ~[spring-security-web-6.3.10.jar:6.3.10]
	at org.springframework.security.web.header.HeaderWriterFilter.doHeadersAfter(HeaderWriterFilter.java:90) ~[spring-security-web-6.3.10.jar:6.3.10]
	at org.springframework.security.web.header.HeaderWriterFilter.doFilterInternal(HeaderWriterFilter.java:75) ~[spring-security-web-6.3.10.jar:6.3.10]
	at org.springframework.web.filter.OncePerRequestFilter.doFilter(OncePerRequestFilter.java:116) ~[spring-web-6.1.21.jar:6.1.21]
	at org.springframework.security.web.FilterChainProxy$VirtualFilterChain.doFilter(FilterChainProxy.java:374) ~[spring-security-web-6.3.10.jar:6.3.10]
	at org.springframework.security.web.context.SecurityContextHolderFilter.doFilter(SecurityContextHolderFilter.java:82) ~[spring-security-web-6.3.10.jar:6.3.10]
	at org.springframework.security.web.context.SecurityContextHolderFilter.doFilter(SecurityContextHolderFilter.java:69) ~[spring-security-web-6.3.10.jar:6.3.10]
	at org.springframework.security.web.FilterChainProxy$VirtualFilterChain.doFilter(FilterChainProxy.java:374) ~[spring-security-web-6.3.10.jar:6.3.10]
	at org.springframework.security.web.context.request.async.WebAsyncManagerIntegrationFilter.doFilterInternal(WebAsyncManagerIntegrationFilter.java:62) ~[spring-security-web-6.3.10.jar:6.3.10]
	at org.springframework.web.filter.OncePerRequestFilter.doFilter(OncePerRequestFilter.java:116) ~[spring-web-6.1.21.jar:6.1.21]
	at org.springframework.security.web.FilterChainProxy$VirtualFilterChain.doFilter(FilterChainProxy.java:374) ~[spring-security-web-6.3.10.jar:6.3.10]
	at org.springframework.security.web.session.DisableEncodeUrlFilter.doFilterInternal(DisableEncodeUrlFilter.java:42) ~[spring-security-web-6.3.10.jar:6.3.10]
	at org.springframework.web.filter.OncePerRequestFilter.doFilter(OncePerRequestFilter.java:116) ~[spring-web-6.1.21.jar:6.1.21]
	at org.springframework.security.web.FilterChainProxy$VirtualFilterChain.doFilter(FilterChainProxy.java:374) ~[spring-security-web-6.3.10.jar:6.3.10]
	at org.springframework.security.web.FilterChainProxy.doFilterInternal(FilterChainProxy.java:233) ~[spring-security-web-6.3.10.jar:6.3.10]
	at org.springframework.security.web.FilterChainProxy.doFilter(FilterChainProxy.java:191) ~[spring-security-web-6.3.10.jar:6.3.10]
	at org.springframework.web.filter.CompositeFilter$VirtualFilterChain.doFilter(CompositeFilter.java:113) ~[spring-web-6.1.21.jar:6.1.21]
	at org.springframework.web.servlet.handler.HandlerMappingIntrospector.lambda$createCacheFilter$3(HandlerMappingIntrospector.java:195) ~[spring-webmvc-6.1.21.jar:6.1.21]
	at org.springframework.web.filter.CompositeFilter$VirtualFilterChain.doFilter(CompositeFilter.java:113) ~[spring-web-6.1.21.jar:6.1.21]
	at org.springframework.web.filter.CompositeFilter.doFilter(CompositeFilter.java:74) ~[spring-web-6.1.21.jar:6.1.21]
	at org.springframework.security.config.annotation.web.configuration.WebMvcSecurityConfiguration$CompositeFilterChainProxy.doFilter(WebMvcSecurityConfiguration.java:230) ~[spring-security-config-6.3.10.jar:6.3.10]
	at org.springframework.web.filter.DelegatingFilterProxy.invokeDelegate(DelegatingFilterProxy.java:362) ~[spring-web-6.1.21.jar:6.1.21]
	at org.springframework.web.filter.DelegatingFilterProxy.doFilter(DelegatingFilterProxy.java:278) ~[spring-web-6.1.21.jar:6.1.21]
	at org.apache.catalina.core.ApplicationFilterChain.internalDoFilter(ApplicationFilterChain.java:164) ~[tomcat-embed-core-10.1.42.jar:10.1.42]
	at org.apache.catalina.core.ApplicationFilterChain.doFilter(ApplicationFilterChain.java:140) ~[tomcat-embed-core-10.1.42.jar:10.1.42]
	at org.springframework.web.filter.RequestContextFilter.doFilterInternal(RequestContextFilter.java:100) ~[spring-web-6.1.21.jar:6.1.21]
	at org.springframework.web.filter.OncePerRequestFilter.doFilter(OncePerRequestFilter.java:116) ~[spring-web-6.1.21.jar:6.1.21]
	at org.apache.catalina.core.ApplicationFilterChain.internalDoFilter(ApplicationFilterChain.java:164) ~[tomcat-embed-core-10.1.42.jar:10.1.42]
	at org.apache.catalina.core.ApplicationFilterChain.doFilter(ApplicationFilterChain.java:140) ~[tomcat-embed-core-10.1.42.jar:10.1.42]
	at org.springframework.web.filter.FormContentFilter.doFilterInternal(FormContentFilter.java:93) ~[spring-web-6.1.21.jar:6.1.21]
	at org.springframework.web.filter.OncePerRequestFilter.doFilter(OncePerRequestFilter.java:116) ~[spring-web-6.1.21.jar:6.1.21]
	at org.apache.catalina.core.ApplicationFilterChain.internalDoFilter(ApplicationFilterChain.java:164) ~[tomcat-embed-core-10.1.42.jar:10.1.42]
	at org.apache.catalina.core.ApplicationFilterChain.doFilter(ApplicationFilterChain.java:140) ~[tomcat-embed-core-10.1.42.jar:10.1.42]
	at org.springframework.web.filter.CharacterEncodingFilter.doFilterInternal(CharacterEncodingFilter.java:201) ~[spring-web-6.1.21.jar:6.1.21]
	at org.springframework.web.filter.OncePerRequestFilter.doFilter(OncePerRequestFilter.java:116) ~[spring-web-6.1.21.jar:6.1.21]
	at org.apache.catalina.core.ApplicationFilterChain.internalDoFilter(ApplicationFilterChain.java:164) ~[tomcat-embed-core-10.1.42.jar:10.1.42]
	at org.apache.catalina.core.ApplicationFilterChain.doFilter(ApplicationFilterChain.java:140) ~[tomcat-embed-core-10.1.42.jar:10.1.42]
	at com.example.firstapp.filter.RateLimitFilter.doFilterInternal(RateLimitFilter.java:161) ~[classes/:na]
	at org.springframework.web.filter.OncePerRequestFilter.doFilter(OncePerRequestFilter.java:116) ~[spring-web-6.1.21.jar:6.1.21]
	at org.apache.catalina.core.ApplicationFilterChain.internalDoFilter(ApplicationFilterChain.java:164) ~[tomcat-embed-core-10.1.42.jar:10.1.42]
	at org.apache.catalina.core.ApplicationFilterChain.doFilter(ApplicationFilterChain.java:140) ~[tomcat-embed-core-10.1.42.jar:10.1.42]
	at org.apache.catalina.core.StandardWrapperValve.invoke(StandardWrapperValve.java:167) ~[tomcat-embed-core-10.1.42.jar:10.1.42]
	at org.apache.catalina.core.StandardContextValve.invoke(StandardContextValve.java:90) ~[tomcat-embed-core-10.1.42.jar:10.1.42]
	at org.apache.catalina.authenticator.AuthenticatorBase.invoke(AuthenticatorBase.java:483) ~[tomcat-embed-core-10.1.42.jar:10.1.42]
	at org.apache.catalina.core.StandardHostValve.invoke(StandardHostValve.java:116) ~[tomcat-embed-core-10.1.42.jar:10.1.42]
	at org.apache.catalina.valves.ErrorReportValve.invoke(ErrorReportValve.java:93) ~[tomcat-embed-core-10.1.42.jar:10.1.42]
	at org.apache.catalina.core.StandardEngineValve.invoke(StandardEngineValve.java:74) ~[tomcat-embed-core-10.1.42.jar:10.1.42]
	at org.apache.catalina.connector.CoyoteAdapter.service(CoyoteAdapter.java:344) ~[tomcat-embed-core-10.1.42.jar:10.1.42]
	at org.apache.coyote.http11.Http11Processor.service(Http11Processor.java:398) ~[tomcat-embed-core-10.1.42.jar:10.1.42]
	at org.apache.coyote.AbstractProcessorLight.process(AbstractProcessorLight.java:63) ~[tomcat-embed-core-10.1.42.jar:10.1.42]
	at org.apache.coyote.AbstractProtocol$ConnectionHandler.process(AbstractProtocol.java:903) ~[tomcat-embed-core-10.1.42.jar:10.1.42]
	at org.apache.tomcat.util.net.NioEndpoint$SocketProcessor.doRun(NioEndpoint.java:1769) ~[tomcat-embed-core-10.1.42.jar:10.1.42]
	at org.apache.tomcat.util.net.SocketProcessorBase.run(SocketProcessorBase.java:52) ~[tomcat-embed-core-10.1.42.jar:10.1.42]
	at org.apache.tomcat.util.threads.ThreadPoolExecutor.runWorker(ThreadPoolExecutor.java:1189) ~[tomcat-embed-core-10.1.42.jar:10.1.42]
	at org.apache.tomcat.util.threads.ThreadPoolExecutor$Worker.run(ThreadPoolExecutor.java:658) ~[tomcat-embed-core-10.1.42.jar:10.1.42]
	at org.apache.tomcat.util.threads.TaskThread$WrappingRunnable.run(TaskThread.java:63) ~[tomcat-embed-core-10.1.42.jar:10.1.42]
	at java.base/java.lang.Thread.run(Thread.java:1474) ~[na:na]
Caused by: java.lang.Error: Unresolved compilation problem: 
	The method fieldOfStudy() is undefined for the type EducationRequest

	at com.example.firstapp.service.Member.MemberEducationService.add(MemberEducationService.java:41) ~[classes/:na]
	at java.base/jdk.internal.reflect.DirectMethodHandleAccessor.invoke(DirectMethodHandleAccessor.java:104) ~[na:na]
	at java.base/java.lang.reflect.Method.invoke(Method.java:565) ~[na:na]
	at org.springframework.aop.support.AopUtils.invokeJoinpointUsingReflection(AopUtils.java:355) ~[spring-aop-6.1.21.jar:6.1.21]
	at org.springframework.aop.framework.ReflectiveMethodInvocation.invokeJoinpoint(ReflectiveMethodInvocation.java:196) ~[spring-aop-6.1.21.jar:6.1.21]
	at org.springframework.aop.framework.ReflectiveMethodInvocation.proceed(ReflectiveMethodInvocation.java:163) ~[spring-aop-6.1.21.jar:6.1.21]
	at org.springframework.aop.framework.CglibAopProxy$CglibMethodInvocation.proceed(CglibAopProxy.java:769) ~[spring-aop-6.1.21.jar:6.1.21]
	at org.springframework.transaction.interceptor.TransactionAspectSupport.invokeWithinTransaction(TransactionAspectSupport.java:379) ~[spring-tx-6.1.21.jar:6.1.21]
	at org.springframework.transaction.interceptor.TransactionInterceptor.invoke(TransactionInterceptor.java:119) ~[spring-tx-6.1.21.jar:6.1.21]
	at org.springframework.aop.framework.ReflectiveMethodInvocation.proceed(ReflectiveMethodInvocation.java:184) ~[spring-aop-6.1.21.jar:6.1.21]
	at org.springframework.aop.framework.CglibAopProxy$CglibMethodInvocation.proceed(CglibAopProxy.java:769) ~[spring-aop-6.1.21.jar:6.1.21]
	at org.springframework.aop.framework.CglibAopProxy$DynamicAdvisedInterceptor.intercept(CglibAopProxy.java:721) ~[spring-aop-6.1.21.jar:6.1.21]
	at com.example.firstapp.service.Member.MemberEducationService$$SpringCGLIB$$0.add(<generated>) ~[classes/:na]
	at com.example.firstapp.controller.MemberProfileController.addEducation(MemberProfileController.java:102) ~[classes/:na]
	at java.base/jdk.internal.reflect.DirectMethodHandleAccessor.invoke(DirectMethodHandleAccessor.java:104) ~[na:na]
	at java.base/java.lang.reflect.Method.invoke(Method.java:565) ~[na:na]
	at org.springframework.aop.support.AopUtils.invokeJoinpointUsingReflection(AopUtils.java:355) ~[spring-aop-6.1.21.jar:6.1.21]
	at org.springframework.aop.framework.ReflectiveMethodInvocation.invokeJoinpoint(ReflectiveMethodInvocation.java:196) ~[spring-aop-6.1.21.jar:6.1.21]
	at org.springframework.aop.framework.ReflectiveMethodInvocation.proceed(ReflectiveMethodInvocation.java:163) ~[spring-aop-6.1.21.jar:6.1.21]
	at org.springframework.aop.framework.CglibAopProxy$CglibMethodInvocation.proceed(CglibAopProxy.java:769) ~[spring-aop-6.1.21.jar:6.1.21]
	at org.springframework.validation.beanvalidation.MethodValidationInterceptor.invoke(MethodValidationInterceptor.java:174) ~[spring-context-6.1.21.jar:6.1.21]
	at org.springframework.aop.framework.ReflectiveMethodInvocation.proceed(ReflectiveMethodInvocation.java:184) ~[spring-aop-6.1.21.jar:6.1.21]
	at org.springframework.aop.framework.CglibAopProxy$CglibMethodInvocation.proceed(CglibAopProxy.java:769) ~[spring-aop-6.1.21.jar:6.1.21]
	at org.springframework.aop.framework.CglibAopProxy$DynamicAdvisedInterceptor.intercept(CglibAopProxy.java:721) ~[spring-aop-6.1.21.jar:6.1.21]
	at com.example.firstapp.controller.MemberProfileController$$SpringCGLIB$$0.addEducation(<generated>) ~[classes/:na]
	at java.base/jdk.internal.reflect.DirectMethodHandleAccessor.invoke(DirectMethodHandleAccessor.java:104) ~[na:na]
	at java.base/java.lang.reflect.Method.invoke(Method.java:565) ~[na:na]
	at org.springframework.web.method.support.InvocableHandlerMethod.doInvoke(InvocableHandlerMethod.java:255) ~[spring-web-6.1.21.jar:6.1.21]
	at org.springframework.web.method.support.InvocableHandlerMethod.invokeForRequest(InvocableHandlerMethod.java:188) ~[spring-web-6.1.21.jar:6.1.21]
	at org.springframework.web.servlet.mvc.method.annotation.ServletInvocableHandlerMethod.invokeAndHandle(ServletInvocableHandlerMethod.java:118) ~[spring-webmvc-6.1.21.jar:6.1.21]
	at org.springframework.web.servlet.mvc.method.annotation.RequestMappingHandlerAdapter.invokeHandlerMethod(RequestMappingHandlerAdapter.java:926) ~[spring-webmvc-6.1.21.jar:6.1.21]
	at org.springframework.web.servlet.mvc.method.annotation.RequestMappingHandlerAdapter.handleInternal(RequestMappingHandlerAdapter.java:831) ~[spring-webmvc-6.1.21.jar:6.1.21]
	at org.springframework.web.servlet.mvc.method.AbstractHandlerMethodAdapter.handle(AbstractHandlerMethodAdapter.java:87) ~[spring-webmvc-6.1.21.jar:6.1.21]
	at org.springframework.web.servlet.DispatcherServlet.doDispatch(DispatcherServlet.java:1089) ~[spring-webmvc-6.1.21.jar:6.1.21]
	... 90 common frames omitted
2026-09-12 13:00:08.206  WARN 16796 --- [nio-8080-exec-2] .m.m.a.ExceptionHandlerExceptionResolver : Resolved [jakarta.servlet.ServletException: Handler dispatch failed: java.lang.Error: Unresolved compilation problem: <EOL>?The method fieldOfStudy() is undefined for the type EducationRequest<EOL>]
2026-09-12 13:01:12.759  INFO 16796 --- [   File Watcher] rtingClassPathChangeChangedEventListener : Restarting due to 2 class path changes (0 additions, 0 deletions, 2 modifications)
2026-09-12 13:01:12.786  INFO 16796 --- [     Thread-111] j.LocalContainerEntityManagerFactoryBean : Closing JPA EntityManagerFactory for persistence unit 'default'
2026-09-12 13:01:12.787  INFO 16796 --- [     Thread-111] com.zaxxer.hikari.HikariDataSource       : BusinessAppHikariPool - Shutdown initiated...
2026-09-12 13:01:12.793  INFO 16796 --- [     Thread-111] com.zaxxer.hikari.HikariDataSource       : BusinessAppHikariPool - Shutdown completed.
2026-09-12 13:01:13.017  INFO 16796 --- [  restartedMain] c.e.firstapp.FirstappApplication         : Starting FirstappApplication using Java 25.0.3 with PID 16796 (E:\firstapp\firstapp\target\classes started by Dell in E:\firstapp\firstapp)
2026-09-12 13:01:13.018  INFO 16796 --- [  restartedMain] c.e.firstapp.FirstappApplication         : No active profile set, falling back to 1 default profile: "default"
2026-09-12 13:01:13.243  INFO 16796 --- [  restartedMain] .s.d.r.c.RepositoryConfigurationDelegate : Bootstrapping Spring Data JPA repositories in DEFAULT mode.
2026-09-12 13:01:13.319  INFO 16796 --- [  restartedMain] .s.d.r.c.RepositoryConfigurationDelegate : Finished Spring Data repository scanning in 74 ms. Found 8 JPA repository interfaces.
2026-09-12 13:01:13.375  INFO 16796 --- [  restartedMain] o.s.b.w.e.tomcat.TomcatWebServer         : Tomcat initialized with port 8080 (http)
2026-09-12 13:01:13.376  INFO 16796 --- [  restartedMain] o.a.catalina.core.StandardService        : Starting service [Tomcat]
2026-09-12 13:01:13.376  INFO 16796 --- [  restartedMain] o.a.catalina.core.StandardEngine         : Starting Servlet engine: [Apache Tomcat/10.1.42]
2026-09-12 13:01:13.401  INFO 16796 --- [  restartedMain] o.a.c.c.C.[Tomcat].[localhost].[/]       : Initializing Spring embedded WebApplicationContext
2026-09-12 13:01:13.402  INFO 16796 --- [  restartedMain] w.s.c.ServletWebServerApplicationContext : Root WebApplicationContext: initialization completed in 382 ms
2026-09-12 13:01:13.411 DEBUG 16796 --- [  restartedMain] com.zaxxer.hikari.HikariConfig           : Driver class com.mysql.cj.jdbc.Driver found in Thread context class loader TomcatEmbeddedWebappClassLoader
  context: ROOT
  delegate: true
----------> Parent Classloader:
org.springframework.boot.devtools.restart.classloader.RestartClassLoader@4e442601

2026-09-12 13:01:13.426  INFO 16796 --- [  restartedMain] o.h.jpa.internal.util.LogHelper          : HHH000204: Processing PersistenceUnitInfo [name: default]
2026-09-12 13:01:13.428  INFO 16796 --- [  restartedMain] o.h.c.i.RegionFactoryInitiator           : HHH000026: Second-level cache disabled
2026-09-12 13:01:13.432  INFO 16796 --- [  restartedMain] o.s.o.j.p.SpringPersistenceUnitInfo      : No LoadTimeWeaver setup: ignoring JPA class transformer
2026-09-12 13:01:13.433 DEBUG 16796 --- [  restartedMain] com.zaxxer.hikari.HikariConfig           : BusinessAppHikariPool - configuration:
2026-09-12 13:01:13.433 DEBUG 16796 --- [  restartedMain] com.zaxxer.hikari.HikariConfig           : allowPoolSuspension.............false
2026-09-12 13:01:13.433 DEBUG 16796 --- [  restartedMain] com.zaxxer.hikari.HikariConfig           : autoCommit......................true
2026-09-12 13:01:13.433 DEBUG 16796 --- [  restartedMain] com.zaxxer.hikari.HikariConfig           : catalog.........................none
2026-09-12 13:01:13.433 DEBUG 16796 --- [  restartedMain] com.zaxxer.hikari.HikariConfig           : connectionInitSql...............none
2026-09-12 13:01:13.434 DEBUG 16796 --- [  restartedMain] com.zaxxer.hikari.HikariConfig           : connectionTestQuery............."SELECT 1"
2026-09-12 13:01:13.434 DEBUG 16796 --- [  restartedMain] com.zaxxer.hikari.HikariConfig           : connectionTimeout...............20000
2026-09-12 13:01:13.434 DEBUG 16796 --- [  restartedMain] com.zaxxer.hikari.HikariConfig           : dataSource......................none
2026-09-12 13:01:13.434 DEBUG 16796 --- [  restartedMain] com.zaxxer.hikari.HikariConfig           : dataSourceClassName.............none
2026-09-12 13:01:13.434 DEBUG 16796 --- [  restartedMain] com.zaxxer.hikari.HikariConfig           : dataSourceJNDI..................none
2026-09-12 13:01:13.434 DEBUG 16796 --- [  restartedMain] com.zaxxer.hikari.HikariConfig           : dataSourceProperties............{password=<masked>}
2026-09-12 13:01:13.434 DEBUG 16796 --- [  restartedMain] com.zaxxer.hikari.HikariConfig           : driverClassName................."com.mysql.cj.jdbc.Driver"
2026-09-12 13:01:13.434 DEBUG 16796 --- [  restartedMain] com.zaxxer.hikari.HikariConfig           : exceptionOverrideClassName......none
2026-09-12 13:01:13.434 DEBUG 16796 --- [  restartedMain] com.zaxxer.hikari.HikariConfig           : healthCheckProperties...........{}
2026-09-12 13:01:13.434 DEBUG 16796 --- [  restartedMain] com.zaxxer.hikari.HikariConfig           : healthCheckRegistry.............none
2026-09-12 13:01:13.434 DEBUG 16796 --- [  restartedMain] com.zaxxer.hikari.HikariConfig           : idleTimeout.....................600000
2026-09-12 13:01:13.434 DEBUG 16796 --- [  restartedMain] com.zaxxer.hikari.HikariConfig           : initializationFailTimeout.......1
2026-09-12 13:01:13.434 DEBUG 16796 --- [  restartedMain] com.zaxxer.hikari.HikariConfig           : isolateInternalQueries..........false
2026-09-12 13:01:13.434 DEBUG 16796 --- [  restartedMain] com.zaxxer.hikari.HikariConfig           : jdbcUrl.........................jdbc:mysql://localhost:3306/businessapp?createDatabaseIfNotExist=true&useSSL=false&serverTimezone=UTC&allowPublicKeyRetrieval=true
2026-09-12 13:01:13.434 DEBUG 16796 --- [  restartedMain] com.zaxxer.hikari.HikariConfig           : keepaliveTime...................0
2026-09-12 13:01:13.435 DEBUG 16796 --- [  restartedMain] com.zaxxer.hikari.HikariConfig           : leakDetectionThreshold..........0
2026-09-12 13:01:13.435 DEBUG 16796 --- [  restartedMain] com.zaxxer.hikari.HikariConfig           : maxLifetime.....................1800000
2026-09-12 13:01:13.435 DEBUG 16796 --- [  restartedMain] com.zaxxer.hikari.HikariConfig           : maximumPoolSize.................10
2026-09-12 13:01:13.435 DEBUG 16796 --- [  restartedMain] com.zaxxer.hikari.HikariConfig           : metricRegistry..................none
2026-09-12 13:01:13.435 DEBUG 16796 --- [  restartedMain] com.zaxxer.hikari.HikariConfig           : metricsTrackerFactory...........none
2026-09-12 13:01:13.435 DEBUG 16796 --- [  restartedMain] com.zaxxer.hikari.HikariConfig           : minimumIdle.....................5
2026-09-12 13:01:13.435 DEBUG 16796 --- [  restartedMain] com.zaxxer.hikari.HikariConfig           : password........................<masked>
2026-09-12 13:01:13.435 DEBUG 16796 --- [  restartedMain] com.zaxxer.hikari.HikariConfig           : poolName........................"BusinessAppHikariPool"
2026-09-12 13:01:13.435 DEBUG 16796 --- [  restartedMain] com.zaxxer.hikari.HikariConfig           : readOnly........................false
2026-09-12 13:01:13.435 DEBUG 16796 --- [  restartedMain] com.zaxxer.hikari.HikariConfig           : registerMbeans..................false
2026-09-12 13:01:13.436 DEBUG 16796 --- [  restartedMain] com.zaxxer.hikari.HikariConfig           : scheduledExecutor...............none
2026-09-12 13:01:13.436 DEBUG 16796 --- [  restartedMain] com.zaxxer.hikari.HikariConfig           : schema..........................none
2026-09-12 13:01:13.436 DEBUG 16796 --- [  restartedMain] com.zaxxer.hikari.HikariConfig           : threadFactory...................internal
2026-09-12 13:01:13.436 DEBUG 16796 --- [  restartedMain] com.zaxxer.hikari.HikariConfig           : transactionIsolation............default
2026-09-12 13:01:13.436 DEBUG 16796 --- [  restartedMain] com.zaxxer.hikari.HikariConfig           : username........................"root"
2026-09-12 13:01:13.436 DEBUG 16796 --- [  restartedMain] com.zaxxer.hikari.HikariConfig           : validationTimeout...............5000
2026-09-12 13:01:13.436  INFO 16796 --- [  restartedMain] com.zaxxer.hikari.HikariDataSource       : BusinessAppHikariPool - Starting...
2026-09-12 13:01:13.451  INFO 16796 --- [  restartedMain] com.zaxxer.hikari.pool.HikariPool        : BusinessAppHikariPool - Added connection com.mysql.cj.jdbc.ConnectionImpl@6e3bbd4c
2026-09-12 13:01:13.452  INFO 16796 --- [  restartedMain] com.zaxxer.hikari.HikariDataSource       : BusinessAppHikariPool - Start completed.
2026-09-12 13:01:13.596  INFO 16796 --- [  restartedMain] o.h.e.t.j.p.i.JtaPlatformInitiator       : HHH000489: No JTA platform available (set 'hibernate.transaction.jta.platform' to enable JTA platform integration)
2026-09-12 13:01:13.625 DEBUG 16796 --- [  restartedMain] org.hibernate.SQL                        : 
    alter table businesses 
       modify column description TEXT
2026-09-12 13:01:13.655 DEBUG 16796 --- [  restartedMain] org.hibernate.SQL                        : 
    alter table member_educations 
       modify column description TEXT
2026-09-12 13:01:13.669 DEBUG 16796 --- [  restartedMain] org.hibernate.SQL                        : 
    alter table member_experiences 
       modify column description TEXT
2026-09-12 13:01:13.680 DEBUG 16796 --- [  restartedMain] org.hibernate.SQL                        : 
    alter table members 
       modify column bio TEXT
2026-09-12 13:01:13.703 DEBUG 16796 --- [  restartedMain] org.hibernate.SQL                        : 
    alter table members 
       modify column profile_visibility enum ('CONNECTIONS_ONLY','PRIVATE','PUBLIC') not null
2026-09-12 13:01:13.724 DEBUG 16796 --- [  restartedMain] org.hibernate.SQL                        : 
    alter table members 
       modify column specialization enum ('ACCOUNTING_AUDIT','ASSET_WEALTH_MANAGEMENT','CORPORATE_FINANCE','FINTECH','INSURANCE','INVESTMENT_BANKING','OTHER','PRIVATE_EQUITY_VC','RISK_COMPLIANCE')
2026-09-12 13:01:13.751 DEBUG 16796 --- [  restartedMain] org.hibernate.SQL                        : 
    alter table opportunities 
       modify column description TEXT not null
2026-09-12 13:01:13.766 DEBUG 16796 --- [  restartedMain] org.hibernate.SQL                        : 
    alter table opportunities 
       modify column experience_level enum ('EXECUTIVE','GRADUATE','JUNIOR','MID','SENIOR') not null
2026-09-12 13:01:13.784 DEBUG 16796 --- [  restartedMain] org.hibernate.SQL                        : 
    alter table opportunities 
       modify column specialization enum ('ACCOUNTING_AUDIT','ASSET_WEALTH_MANAGEMENT','CORPORATE_FINANCE','FINTECH','INSURANCE','INVESTMENT_BANKING','OTHER','PRIVATE_EQUITY_VC','RISK_COMPLIANCE') not null
2026-09-12 13:01:13.804 DEBUG 16796 --- [  restartedMain] org.hibernate.SQL                        : 
    alter table opportunities 
       modify column status enum ('CLOSED','DRAFT','PUBLISHED') not null
2026-09-12 13:01:13.824 DEBUG 16796 --- [  restartedMain] org.hibernate.SQL                        : 
    alter table opportunities 
       modify column type enum ('CONTRACT','FULL_TIME','GIG','INTERNSHIP','PART_TIME') not null
2026-09-12 13:01:13.844 DEBUG 16796 --- [  restartedMain] org.hibernate.SQL                        : 
    alter table opportunities 
       modify column work_mode enum ('HYBRID','ONSITE','REMOTE') not null
2026-09-12 13:01:13.858 DEBUG 16796 --- [  restartedMain] org.hibernate.SQL                        : 
    alter table opportunity_qualifications 
       modify column qualification TEXT not null
2026-09-12 13:01:13.867 DEBUG 16796 --- [  restartedMain] org.hibernate.SQL                        : 
    alter table opportunity_responsibilities 
       modify column responsibility TEXT not null
2026-09-12 13:01:13.873 DEBUG 16796 --- [  restartedMain] org.hibernate.SQL                        : 
    alter table users 
       modify column role enum ('ROLE_ADMIN','ROLE_ADVISORY','ROLE_BUSINESS','ROLE_CUSTOMER','ROLE_MEMBERS') not null
2026-09-12 13:01:13.959  INFO 16796 --- [  restartedMain] j.LocalContainerEntityManagerFactoryBean : Initialized JPA EntityManagerFactory for persistence unit 'default'
2026-09-12 13:01:14.027  INFO 16796 --- [  restartedMain] o.s.b.web.servlet.RegistrationBean       : Filter disableJwtAuthFilterRegistration was not registered (disabled)
2026-09-12 13:01:14.066  INFO 16796 --- [  restartedMain] eAuthenticationProviderManagerConfigurer : Global AuthenticationManager configured with AuthenticationProvider bean with name authenticationProvider
2026-09-12 13:01:14.066  WARN 16796 --- [  restartedMain] r$InitializeUserDetailsManagerConfigurer : Global AuthenticationManager configured with an AuthenticationProvider bean. UserDetailsService beans will not be used for username/password login. Consider removing the AuthenticationProvider bean. Alternatively, consider using the UserDetailsService in a manually instantiated DaoAuthenticationProvider.
2026-09-12 13:01:14.199  INFO 16796 --- [  restartedMain] c.e.firstapp.config.AsyncConfig          : Email thread pool initialized: core=2 max=5 queue=50
2026-09-12 13:01:14.254 DEBUG 16796 --- [  restartedMain] o.s.s.web.DefaultSecurityFilterChain     : Will secure any request with filters: DisableEncodeUrlFilter, WebAsyncManagerIntegrationFilter, SecurityContextHolderFilter, HeaderWriterFilter, LogoutFilter, JwtAuthFilter, RequestCacheAwareFilter, SecurityContextHolderAwareRequestFilter, AnonymousAuthenticationFilter, SessionManagementFilter, ExceptionTranslationFilter, AuthorizationFilter
2026-09-12 13:01:14.298  INFO 16796 --- [  restartedMain] o.s.b.d.a.OptionalLiveReloadServer       : LiveReload server is running on port 35729
2026-09-12 13:01:14.309  INFO 16796 --- [  restartedMain] o.s.b.w.e.tomcat.TomcatWebServer         : Tomcat started on port 8080 (http) with context path '/'
2026-09-12 13:01:14.311  INFO 16796 --- [  restartedMain] c.e.firstapp.FirstappApplication         : Started FirstappApplication in 1.348 seconds (process running for 7355.875)
2026-09-12 13:01:14.312  INFO 16796 --- [  restartedMain] .ConditionEvaluationDeltaLoggingListener : Condition evaluation unchanged
2026-09-12 13:01:21.313  INFO 16796 --- [nio-8080-exec-1] o.a.c.c.C.[Tomcat].[localhost].[/]       : Initializing Spring DispatcherServlet 'dispatcherServlet'
2026-09-12 13:01:21.314  INFO 16796 --- [nio-8080-exec-1] o.s.web.servlet.DispatcherServlet        : Initializing Servlet 'dispatcherServlet'
2026-09-12 13:01:21.314  INFO 16796 --- [nio-8080-exec-1] o.s.web.servlet.DispatcherServlet        : Completed initialization in 0 ms
2026-09-12 13:01:21.316 DEBUG 16796 --- [nio-8080-exec-1] o.s.security.web.FilterChainProxy        : Securing POST /api/v1/members/28/educations
2026-09-12 13:01:21.342 DEBUG 16796 --- [nio-8080-exec-1] org.hibernate.SQL                        : 
    select
        u1_0.id,
        u1_0.is_active,
        u1_0.created_at,
        u1_0.email,
        u1_0.failed_attempts,
        u1_0.last_login_at,
        u1_0.lock_time,
        u1_0.is_locked,
        u1_0.password,
        u1_0.role,
        u1_0.updated_at,
        u1_0.username 
    from
        users u1_0 
    where
        u1_0.email=?
2026-09-12 13:01:21.347 DEBUG 16796 --- [nio-8080-exec-1] o.s.security.web.FilterChainProxy        : Secured POST /api/v1/members/28/educations
2026-09-12 13:01:21.366 DEBUG 16796 --- [nio-8080-exec-1] org.hibernate.SQL                        : 
    insert 
    into
        member_educations
        (degree, description, end_date, field_of_study, institution_name, member_id, start_date) 
    values
        (?, ?, ?, ?, ?, ?, ?)
2026-09-12 13:01:21.418  WARN 16796 --- [nio-8080-exec-1] o.h.e.jdbc.spi.SqlExceptionHelper        : SQL Error: 1452, SQLState: 23000
2026-09-12 13:01:21.418 ERROR 16796 --- [nio-8080-exec-1] o.h.e.jdbc.spi.SqlExceptionHelper        : Cannot add or update a child row: a foreign key constraint fails (`businessapp`.`member_educations`, CONSTRAINT `FKlodo6kj05booljsmfjd1lidpg` FOREIGN KEY (`member_id`) REFERENCES `members` (`id`))
2026-09-12 13:01:21.441 ERROR 16796 --- [nio-8080-exec-1] c.e.f.handler.GlobalExceptionHandler     : Unexpected error at /api/v1/members/28/educations: could not execute statement [Cannot add or update a child row: a foreign key constraint fails (`businessapp`.`member_educations`, CONSTRAINT `FKlodo6kj05booljsmfjd1lidpg` FOREIGN KEY (`member_id`) REFERENCES `members` (`id`))] [insert into member_educations (degree,description,end_date,field_of_study,institution_name,member_id,start_date) values (?,?,?,?,?,?,?)]; SQL [insert into member_educations (degree,description,end_date,field_of_study,institution_name,member_id,start_date) values (?,?,?,?,?,?,?)]; constraint [null]
org.springframework.dao.DataIntegrityViolationException: could not execute statement [Cannot add or update a child row: a foreign key constraint fails (`businessapp`.`member_educations`, CONSTRAINT `FKlodo6kj05booljsmfjd1lidpg` FOREIGN KEY (`member_id`) REFERENCES `members` (`id`))] [insert into member_educations (degree,description,end_date,field_of_study,institution_name,member_id,start_date) values (?,?,?,?,?,?,?)]; SQL [insert into member_educations (degree,description,end_date,field_of_study,institution_name,member_id,start_date) values (?,?,?,?,?,?,?)]; constraint [null]
	at org.springframework.orm.jpa.vendor.HibernateJpaDialect.convertHibernateAccessException(HibernateJpaDialect.java:290) ~[spring-orm-6.1.21.jar:6.1.21]
	at org.springframework.orm.jpa.vendor.HibernateJpaDialect.translateExceptionIfPossible(HibernateJpaDialect.java:241) ~[spring-orm-6.1.21.jar:6.1.21]
	at org.springframework.orm.jpa.AbstractEntityManagerFactoryBean.translateExceptionIfPossible(AbstractEntityManagerFactoryBean.java:550) ~[spring-orm-6.1.21.jar:6.1.21]
	at org.springframework.dao.support.ChainedPersistenceExceptionTranslator.translateExceptionIfPossible(ChainedPersistenceExceptionTranslator.java:61) ~[spring-tx-6.1.21.jar:6.1.21]
	at org.springframework.dao.support.DataAccessUtils.translateIfNecessary(DataAccessUtils.java:335) ~[spring-tx-6.1.21.jar:6.1.21]
	at org.springframework.dao.support.PersistenceExceptionTranslationInterceptor.invoke(PersistenceExceptionTranslationInterceptor.java:160) ~[spring-tx-6.1.21.jar:6.1.21]
	at org.springframework.aop.framework.ReflectiveMethodInvocation.proceed(ReflectiveMethodInvocation.java:184) ~[spring-aop-6.1.21.jar:6.1.21]
	at org.springframework.data.jpa.repository.support.CrudMethodMetadataPostProcessor$CrudMethodMetadataPopulatingMethodInterceptor.invoke(CrudMethodMetadataPostProcessor.java:165) ~[spring-data-jpa-3.3.13.jar:3.3.13]
	at org.springframework.aop.framework.ReflectiveMethodInvocation.proceed(ReflectiveMethodInvocation.java:184) ~[spring-aop-6.1.21.jar:6.1.21]
	at org.springframework.aop.interceptor.ExposeInvocationInterceptor.invoke(ExposeInvocationInterceptor.java:97) ~[spring-aop-6.1.21.jar:6.1.21]
	at org.springframework.aop.framework.ReflectiveMethodInvocation.proceed(ReflectiveMethodInvocation.java:184) ~[spring-aop-6.1.21.jar:6.1.21]
	at org.springframework.aop.framework.JdkDynamicAopProxy.invoke(JdkDynamicAopProxy.java:223) ~[spring-aop-6.1.21.jar:6.1.21]
	at jdk.proxy60/jdk.proxy60.$Proxy559.save(Unknown Source) ~[na:na]
	at com.example.firstapp.service.Member.MemberEducationService.add(MemberEducationService.java:46) ~[classes/:na]
	at java.base/jdk.internal.reflect.DirectMethodHandleAccessor.invoke(DirectMethodHandleAccessor.java:104) ~[na:na]
	at java.base/java.lang.reflect.Method.invoke(Method.java:565) ~[na:na]
	at org.springframework.aop.support.AopUtils.invokeJoinpointUsingReflection(AopUtils.java:355) ~[spring-aop-6.1.21.jar:6.1.21]
	at org.springframework.aop.framework.ReflectiveMethodInvocation.invokeJoinpoint(ReflectiveMethodInvocation.java:196) ~[spring-aop-6.1.21.jar:6.1.21]
	at org.springframework.aop.framework.ReflectiveMethodInvocation.proceed(ReflectiveMethodInvocation.java:163) ~[spring-aop-6.1.21.jar:6.1.21]
	at org.springframework.aop.framework.CglibAopProxy$CglibMethodInvocation.proceed(CglibAopProxy.java:769) ~[spring-aop-6.1.21.jar:6.1.21]
	at org.springframework.transaction.interceptor.TransactionAspectSupport.invokeWithinTransaction(TransactionAspectSupport.java:379) ~[spring-tx-6.1.21.jar:6.1.21]
	at org.springframework.transaction.interceptor.TransactionInterceptor.invoke(TransactionInterceptor.java:119) ~[spring-tx-6.1.21.jar:6.1.21]
	at org.springframework.aop.framework.ReflectiveMethodInvocation.proceed(ReflectiveMethodInvocation.java:184) ~[spring-aop-6.1.21.jar:6.1.21]
	at org.springframework.aop.framework.CglibAopProxy$CglibMethodInvocation.proceed(CglibAopProxy.java:769) ~[spring-aop-6.1.21.jar:6.1.21]
	at org.springframework.aop.framework.CglibAopProxy$DynamicAdvisedInterceptor.intercept(CglibAopProxy.java:721) ~[spring-aop-6.1.21.jar:6.1.21]
	at com.example.firstapp.service.Member.MemberEducationService$$SpringCGLIB$$0.add(<generated>) ~[classes/:na]
	at com.example.firstapp.controller.MemberProfileController.addEducation(MemberProfileController.java:102) ~[classes/:na]
	at java.base/jdk.internal.reflect.DirectMethodHandleAccessor.invoke(DirectMethodHandleAccessor.java:104) ~[na:na]
	at java.base/java.lang.reflect.Method.invoke(Method.java:565) ~[na:na]
	at org.springframework.aop.support.AopUtils.invokeJoinpointUsingReflection(AopUtils.java:355) ~[spring-aop-6.1.21.jar:6.1.21]
	at org.springframework.aop.framework.ReflectiveMethodInvocation.invokeJoinpoint(ReflectiveMethodInvocation.java:196) ~[spring-aop-6.1.21.jar:6.1.21]
	at org.springframework.aop.framework.ReflectiveMethodInvocation.proceed(ReflectiveMethodInvocation.java:163) ~[spring-aop-6.1.21.jar:6.1.21]
	at org.springframework.aop.framework.CglibAopProxy$CglibMethodInvocation.proceed(CglibAopProxy.java:769) ~[spring-aop-6.1.21.jar:6.1.21]
	at org.springframework.validation.beanvalidation.MethodValidationInterceptor.invoke(MethodValidationInterceptor.java:174) ~[spring-context-6.1.21.jar:6.1.21]
	at org.springframework.aop.framework.ReflectiveMethodInvocation.proceed(ReflectiveMethodInvocation.java:184) ~[spring-aop-6.1.21.jar:6.1.21]
	at org.springframework.aop.framework.CglibAopProxy$CglibMethodInvocation.proceed(CglibAopProxy.java:769) ~[spring-aop-6.1.21.jar:6.1.21]
	at org.springframework.aop.framework.CglibAopProxy$DynamicAdvisedInterceptor.intercept(CglibAopProxy.java:721) ~[spring-aop-6.1.21.jar:6.1.21]
	at com.example.firstapp.controller.MemberProfileController$$SpringCGLIB$$0.addEducation(<generated>) ~[classes/:na]
	at java.base/jdk.internal.reflect.DirectMethodHandleAccessor.invoke(DirectMethodHandleAccessor.java:104) ~[na:na]
	at java.base/java.lang.reflect.Method.invoke(Method.java:565) ~[na:na]
	at org.springframework.web.method.support.InvocableHandlerMethod.doInvoke(InvocableHandlerMethod.java:255) ~[spring-web-6.1.21.jar:6.1.21]
	at org.springframework.web.method.support.InvocableHandlerMethod.invokeForRequest(InvocableHandlerMethod.java:188) ~[spring-web-6.1.21.jar:6.1.21]
	at org.springframework.web.servlet.mvc.method.annotation.ServletInvocableHandlerMethod.invokeAndHandle(ServletInvocableHandlerMethod.java:118) ~[spring-webmvc-6.1.21.jar:6.1.21]
	at org.springframework.web.servlet.mvc.method.annotation.RequestMappingHandlerAdapter.invokeHandlerMethod(RequestMappingHandlerAdapter.java:926) ~[spring-webmvc-6.1.21.jar:6.1.21]
	at org.springframework.web.servlet.mvc.method.annotation.RequestMappingHandlerAdapter.handleInternal(RequestMappingHandlerAdapter.java:831) ~[spring-webmvc-6.1.21.jar:6.1.21]
	at org.springframework.web.servlet.mvc.method.AbstractHandlerMethodAdapter.handle(AbstractHandlerMethodAdapter.java:87) ~[spring-webmvc-6.1.21.jar:6.1.21]
	at org.springframework.web.servlet.DispatcherServlet.doDispatch(DispatcherServlet.java:1089) ~[spring-webmvc-6.1.21.jar:6.1.21]
	at org.springframework.web.servlet.DispatcherServlet.doService(DispatcherServlet.java:979) ~[spring-webmvc-6.1.21.jar:6.1.21]
	at org.springframework.web.servlet.FrameworkServlet.processRequest(FrameworkServlet.java:1014) ~[spring-webmvc-6.1.21.jar:6.1.21]
	at org.springframework.web.servlet.FrameworkServlet.doPost(FrameworkServlet.java:914) ~[spring-webmvc-6.1.21.jar:6.1.21]
	at jakarta.servlet.http.HttpServlet.service(HttpServlet.java:590) ~[tomcat-embed-core-10.1.42.jar:6.0]
	at org.springframework.web.servlet.FrameworkServlet.service(FrameworkServlet.java:885) ~[spring-webmvc-6.1.21.jar:6.1.21]
	at jakarta.servlet.http.HttpServlet.service(HttpServlet.java:658) ~[tomcat-embed-core-10.1.42.jar:6.0]
	at org.apache.catalina.core.ApplicationFilterChain.internalDoFilter(ApplicationFilterChain.java:195) ~[tomcat-embed-core-10.1.42.jar:10.1.42]
	at org.apache.catalina.core.ApplicationFilterChain.doFilter(ApplicationFilterChain.java:140) ~[tomcat-embed-core-10.1.42.jar:10.1.42]
	at org.apache.tomcat.websocket.server.WsFilter.doFilter(WsFilter.java:51) ~[tomcat-embed-websocket-10.1.42.jar:10.1.42]
	at org.apache.catalina.core.ApplicationFilterChain.internalDoFilter(ApplicationFilterChain.java:164) ~[tomcat-embed-core-10.1.42.jar:10.1.42]
	at org.apache.catalina.core.ApplicationFilterChain.doFilter(ApplicationFilterChain.java:140) ~[tomcat-embed-core-10.1.42.jar:10.1.42]
	at org.springframework.web.filter.CompositeFilter$VirtualFilterChain.doFilter(CompositeFilter.java:108) ~[spring-web-6.1.21.jar:6.1.21]
	at org.springframework.security.web.FilterChainProxy.lambda$doFilterInternal$3(FilterChainProxy.java:231) ~[spring-security-web-6.3.10.jar:6.3.10]
	at org.springframework.security.web.FilterChainProxy$VirtualFilterChain.doFilter(FilterChainProxy.java:365) ~[spring-security-web-6.3.10.jar:6.3.10]
	at org.springframework.security.web.access.intercept.AuthorizationFilter.doFilter(AuthorizationFilter.java:100) ~[spring-security-web-6.3.10.jar:6.3.10]
	at org.springframework.security.web.FilterChainProxy$VirtualFilterChain.doFilter(FilterChainProxy.java:374) ~[spring-security-web-6.3.10.jar:6.3.10]
	at org.springframework.security.web.access.ExceptionTranslationFilter.doFilter(ExceptionTranslationFilter.java:126) ~[spring-security-web-6.3.10.jar:6.3.10]
	at org.springframework.security.web.access.ExceptionTranslationFilter.doFilter(ExceptionTranslationFilter.java:120) ~[spring-security-web-6.3.10.jar:6.3.10]
	at org.springframework.security.web.FilterChainProxy$VirtualFilterChain.doFilter(FilterChainProxy.java:374) ~[spring-security-web-6.3.10.jar:6.3.10]
	at org.springframework.security.web.session.SessionManagementFilter.doFilter(SessionManagementFilter.java:131) ~[spring-security-web-6.3.10.jar:6.3.10]
	at org.springframework.security.web.session.SessionManagementFilter.doFilter(SessionManagementFilter.java:85) ~[spring-security-web-6.3.10.jar:6.3.10]
	at org.springframework.security.web.FilterChainProxy$VirtualFilterChain.doFilter(FilterChainProxy.java:374) ~[spring-security-web-6.3.10.jar:6.3.10]
	at org.springframework.security.web.authentication.AnonymousAuthenticationFilter.doFilter(AnonymousAuthenticationFilter.java:100) ~[spring-security-web-6.3.10.jar:6.3.10]
	at org.springframework.security.web.FilterChainProxy$VirtualFilterChain.doFilter(FilterChainProxy.java:374) ~[spring-security-web-6.3.10.jar:6.3.10]
	at org.springframework.security.web.servletapi.SecurityContextHolderAwareRequestFilter.doFilter(SecurityContextHolderAwareRequestFilter.java:179) ~[spring-security-web-6.3.10.jar:6.3.10]
	at org.springframework.security.web.FilterChainProxy$VirtualFilterChain.doFilter(FilterChainProxy.java:374) ~[spring-security-web-6.3.10.jar:6.3.10]
	at org.springframework.security.web.savedrequest.RequestCacheAwareFilter.doFilter(RequestCacheAwareFilter.java:63) ~[spring-security-web-6.3.10.jar:6.3.10]
	at org.springframework.security.web.FilterChainProxy$VirtualFilterChain.doFilter(FilterChainProxy.java:374) ~[spring-security-web-6.3.10.jar:6.3.10]
	at com.example.firstapp.filter.JwtAuthFilter.doFilterInternal(JwtAuthFilter.java:205) ~[classes/:na]
	at org.springframework.web.filter.OncePerRequestFilter.doFilter(OncePerRequestFilter.java:116) ~[spring-web-6.1.21.jar:6.1.21]
	at org.springframework.security.web.FilterChainProxy$VirtualFilterChain.doFilter(FilterChainProxy.java:374) ~[spring-security-web-6.3.10.jar:6.3.10]
	at org.springframework.security.web.authentication.logout.LogoutFilter.doFilter(LogoutFilter.java:107) ~[spring-security-web-6.3.10.jar:6.3.10]
	at org.springframework.security.web.authentication.logout.LogoutFilter.doFilter(LogoutFilter.java:93) ~[spring-security-web-6.3.10.jar:6.3.10]
	at org.springframework.security.web.FilterChainProxy$VirtualFilterChain.doFilter(FilterChainProxy.java:374) ~[spring-security-web-6.3.10.jar:6.3.10]
	at org.springframework.security.web.header.HeaderWriterFilter.doHeadersAfter(HeaderWriterFilter.java:90) ~[spring-security-web-6.3.10.jar:6.3.10]
	at org.springframework.security.web.header.HeaderWriterFilter.doFilterInternal(HeaderWriterFilter.java:75) ~[spring-security-web-6.3.10.jar:6.3.10]
	at org.springframework.web.filter.OncePerRequestFilter.doFilter(OncePerRequestFilter.java:116) ~[spring-web-6.1.21.jar:6.1.21]
	at org.springframework.security.web.FilterChainProxy$VirtualFilterChain.doFilter(FilterChainProxy.java:374) ~[spring-security-web-6.3.10.jar:6.3.10]
	at org.springframework.security.web.context.SecurityContextHolderFilter.doFilter(SecurityContextHolderFilter.java:82) ~[spring-security-web-6.3.10.jar:6.3.10]
	at org.springframework.security.web.context.SecurityContextHolderFilter.doFilter(SecurityContextHolderFilter.java:69) ~[spring-security-web-6.3.10.jar:6.3.10]
	at org.springframework.security.web.FilterChainProxy$VirtualFilterChain.doFilter(FilterChainProxy.java:374) ~[spring-security-web-6.3.10.jar:6.3.10]
	at org.springframework.security.web.context.request.async.WebAsyncManagerIntegrationFilter.doFilterInternal(WebAsyncManagerIntegrationFilter.java:62) ~[spring-security-web-6.3.10.jar:6.3.10]
	at org.springframework.web.filter.OncePerRequestFilter.doFilter(OncePerRequestFilter.java:116) ~[spring-web-6.1.21.jar:6.1.21]
	at org.springframework.security.web.FilterChainProxy$VirtualFilterChain.doFilter(FilterChainProxy.java:374) ~[spring-security-web-6.3.10.jar:6.3.10]
	at org.springframework.security.web.session.DisableEncodeUrlFilter.doFilterInternal(DisableEncodeUrlFilter.java:42) ~[spring-security-web-6.3.10.jar:6.3.10]
	at org.springframework.web.filter.OncePerRequestFilter.doFilter(OncePerRequestFilter.java:116) ~[spring-web-6.1.21.jar:6.1.21]
	at org.springframework.security.web.FilterChainProxy$VirtualFilterChain.doFilter(FilterChainProxy.java:374) ~[spring-security-web-6.3.10.jar:6.3.10]
	at org.springframework.security.web.FilterChainProxy.doFilterInternal(FilterChainProxy.java:233) ~[spring-security-web-6.3.10.jar:6.3.10]
	at org.springframework.security.web.FilterChainProxy.doFilter(FilterChainProxy.java:191) ~[spring-security-web-6.3.10.jar:6.3.10]
	at org.springframework.web.filter.CompositeFilter$VirtualFilterChain.doFilter(CompositeFilter.java:113) ~[spring-web-6.1.21.jar:6.1.21]
	at org.springframework.web.servlet.handler.HandlerMappingIntrospector.lambda$createCacheFilter$3(HandlerMappingIntrospector.java:195) ~[spring-webmvc-6.1.21.jar:6.1.21]
	at org.springframework.web.filter.CompositeFilter$VirtualFilterChain.doFilter(CompositeFilter.java:113) ~[spring-web-6.1.21.jar:6.1.21]
	at org.springframework.web.filter.CompositeFilter.doFilter(CompositeFilter.java:74) ~[spring-web-6.1.21.jar:6.1.21]
	at org.springframework.security.config.annotation.web.configuration.WebMvcSecurityConfiguration$CompositeFilterChainProxy.doFilter(WebMvcSecurityConfiguration.java:230) ~[spring-security-config-6.3.10.jar:6.3.10]
	at org.springframework.web.filter.DelegatingFilterProxy.invokeDelegate(DelegatingFilterProxy.java:362) ~[spring-web-6.1.21.jar:6.1.21]
	at org.springframework.web.filter.DelegatingFilterProxy.doFilter(DelegatingFilterProxy.java:278) ~[spring-web-6.1.21.jar:6.1.21]
	at org.apache.catalina.core.ApplicationFilterChain.internalDoFilter(ApplicationFilterChain.java:164) ~[tomcat-embed-core-10.1.42.jar:10.1.42]
	at org.apache.catalina.core.ApplicationFilterChain.doFilter(ApplicationFilterChain.java:140) ~[tomcat-embed-core-10.1.42.jar:10.1.42]
	at org.springframework.web.filter.RequestContextFilter.doFilterInternal(RequestContextFilter.java:100) ~[spring-web-6.1.21.jar:6.1.21]
	at org.springframework.web.filter.OncePerRequestFilter.doFilter(OncePerRequestFilter.java:116) ~[spring-web-6.1.21.jar:6.1.21]
	at org.apache.catalina.core.ApplicationFilterChain.internalDoFilter(ApplicationFilterChain.java:164) ~[tomcat-embed-core-10.1.42.jar:10.1.42]
	at org.apache.catalina.core.ApplicationFilterChain.doFilter(ApplicationFilterChain.java:140) ~[tomcat-embed-core-10.1.42.jar:10.1.42]
	at org.springframework.web.filter.FormContentFilter.doFilterInternal(FormContentFilter.java:93) ~[spring-web-6.1.21.jar:6.1.21]
	at org.springframework.web.filter.OncePerRequestFilter.doFilter(OncePerRequestFilter.java:116) ~[spring-web-6.1.21.jar:6.1.21]
	at org.apache.catalina.core.ApplicationFilterChain.internalDoFilter(ApplicationFilterChain.java:164) ~[tomcat-embed-core-10.1.42.jar:10.1.42]
	at org.apache.catalina.core.ApplicationFilterChain.doFilter(ApplicationFilterChain.java:140) ~[tomcat-embed-core-10.1.42.jar:10.1.42]
	at org.springframework.web.filter.CharacterEncodingFilter.doFilterInternal(CharacterEncodingFilter.java:201) ~[spring-web-6.1.21.jar:6.1.21]
	at org.springframework.web.filter.OncePerRequestFilter.doFilter(OncePerRequestFilter.java:116) ~[spring-web-6.1.21.jar:6.1.21]
	at org.apache.catalina.core.ApplicationFilterChain.internalDoFilter(ApplicationFilterChain.java:164) ~[tomcat-embed-core-10.1.42.jar:10.1.42]
	at org.apache.catalina.core.ApplicationFilterChain.doFilter(ApplicationFilterChain.java:140) ~[tomcat-embed-core-10.1.42.jar:10.1.42]
	at com.example.firstapp.filter.RateLimitFilter.doFilterInternal(RateLimitFilter.java:161) ~[classes/:na]
	at org.springframework.web.filter.OncePerRequestFilter.doFilter(OncePerRequestFilter.java:116) ~[spring-web-6.1.21.jar:6.1.21]
	at org.apache.catalina.core.ApplicationFilterChain.internalDoFilter(ApplicationFilterChain.java:164) ~[tomcat-embed-core-10.1.42.jar:10.1.42]
	at org.apache.catalina.core.ApplicationFilterChain.doFilter(ApplicationFilterChain.java:140) ~[tomcat-embed-core-10.1.42.jar:10.1.42]
	at org.apache.catalina.core.StandardWrapperValve.invoke(StandardWrapperValve.java:167) ~[tomcat-embed-core-10.1.42.jar:10.1.42]
	at org.apache.catalina.core.StandardContextValve.invoke(StandardContextValve.java:90) ~[tomcat-embed-core-10.1.42.jar:10.1.42]
	at org.apache.catalina.authenticator.AuthenticatorBase.invoke(AuthenticatorBase.java:483) ~[tomcat-embed-core-10.1.42.jar:10.1.42]
	at org.apache.catalina.core.StandardHostValve.invoke(StandardHostValve.java:116) ~[tomcat-embed-core-10.1.42.jar:10.1.42]
	at org.apache.catalina.valves.ErrorReportValve.invoke(ErrorReportValve.java:93) ~[tomcat-embed-core-10.1.42.jar:10.1.42]
	at org.apache.catalina.core.StandardEngineValve.invoke(StandardEngineValve.java:74) ~[tomcat-embed-core-10.1.42.jar:10.1.42]
	at org.apache.catalina.connector.CoyoteAdapter.service(CoyoteAdapter.java:344) ~[tomcat-embed-core-10.1.42.jar:10.1.42]
	at org.apache.coyote.http11.Http11Processor.service(Http11Processor.java:398) ~[tomcat-embed-core-10.1.42.jar:10.1.42]
	at org.apache.coyote.AbstractProcessorLight.process(AbstractProcessorLight.java:63) ~[tomcat-embed-core-10.1.42.jar:10.1.42]
	at org.apache.coyote.AbstractProtocol$ConnectionHandler.process(AbstractProtocol.java:903) ~[tomcat-embed-core-10.1.42.jar:10.1.42]
	at org.apache.tomcat.util.net.NioEndpoint$SocketProcessor.doRun(NioEndpoint.java:1769) ~[tomcat-embed-core-10.1.42.jar:10.1.42]
	at org.apache.tomcat.util.net.SocketProcessorBase.run(SocketProcessorBase.java:52) ~[tomcat-embed-core-10.1.42.jar:10.1.42]
	at org.apache.tomcat.util.threads.ThreadPoolExecutor.runWorker(ThreadPoolExecutor.java:1189) ~[tomcat-embed-core-10.1.42.jar:10.1.42]
	at org.apache.tomcat.util.threads.ThreadPoolExecutor$Worker.run(ThreadPoolExecutor.java:658) ~[tomcat-embed-core-10.1.42.jar:10.1.42]
	at org.apache.tomcat.util.threads.TaskThread$WrappingRunnable.run(TaskThread.java:63) ~[tomcat-embed-core-10.1.42.jar:10.1.42]
	at java.base/java.lang.Thread.run(Thread.java:1474) ~[na:na]
Caused by: org.hibernate.exception.ConstraintViolationException: could not execute statement [Cannot add or update a child row: a foreign key constraint fails (`businessapp`.`member_educations`, CONSTRAINT `FKlodo6kj05booljsmfjd1lidpg` FOREIGN KEY (`member_id`) REFERENCES `members` (`id`))] [insert into member_educations (degree,description,end_date,field_of_study,institution_name,member_id,start_date) values (?,?,?,?,?,?,?)]
	at org.hibernate.exception.internal.SQLExceptionTypeDelegate.convert(SQLExceptionTypeDelegate.java:62) ~[hibernate-core-6.5.3.Final.jar:6.5.3.Final]
	at org.hibernate.exception.internal.StandardSQLExceptionConverter.convert(StandardSQLExceptionConverter.java:58) ~[hibernate-core-6.5.3.Final.jar:6.5.3.Final]
	at org.hibernate.engine.jdbc.spi.SqlExceptionHelper.convert(SqlExceptionHelper.java:108) ~[hibernate-core-6.5.3.Final.jar:6.5.3.Final]
	at org.hibernate.engine.jdbc.internal.ResultSetReturnImpl.executeUpdate(ResultSetReturnImpl.java:197) ~[hibernate-core-6.5.3.Final.jar:6.5.3.Final]
	at org.hibernate.id.insert.GetGeneratedKeysDelegate.performMutation(GetGeneratedKeysDelegate.java:116) ~[hibernate-core-6.5.3.Final.jar:6.5.3.Final]
	at org.hibernate.engine.jdbc.mutation.internal.MutationExecutorSingleNonBatched.performNonBatchedOperations(MutationExecutorSingleNonBatched.java:47) ~[hibernate-core-6.5.3.Final.jar:6.5.3.Final]
	at org.hibernate.engine.jdbc.mutation.internal.AbstractMutationExecutor.execute(AbstractMutationExecutor.java:55) ~[hibernate-core-6.5.3.Final.jar:6.5.3.Final]
	at org.hibernate.persister.entity.mutation.InsertCoordinatorStandard.doStaticInserts(InsertCoordinatorStandard.java:194) ~[hibernate-core-6.5.3.Final.jar:6.5.3.Final]
	at org.hibernate.persister.entity.mutation.InsertCoordinatorStandard.coordinateInsert(InsertCoordinatorStandard.java:132) ~[hibernate-core-6.5.3.Final.jar:6.5.3.Final]
	at org.hibernate.persister.entity.mutation.InsertCoordinatorStandard.insert(InsertCoordinatorStandard.java:95) ~[hibernate-core-6.5.3.Final.jar:6.5.3.Final]
	at org.hibernate.action.internal.EntityIdentityInsertAction.execute(EntityIdentityInsertAction.java:85) ~[hibernate-core-6.5.3.Final.jar:6.5.3.Final]
	at org.hibernate.engine.spi.ActionQueue.execute(ActionQueue.java:671) ~[hibernate-core-6.5.3.Final.jar:6.5.3.Final]
	at org.hibernate.engine.spi.ActionQueue.addResolvedEntityInsertAction(ActionQueue.java:292) ~[hibernate-core-6.5.3.Final.jar:6.5.3.Final]
	at org.hibernate.engine.spi.ActionQueue.addInsertAction(ActionQueue.java:273) ~[hibernate-core-6.5.3.Final.jar:6.5.3.Final]
	at org.hibernate.engine.spi.ActionQueue.addAction(ActionQueue.java:323) ~[hibernate-core-6.5.3.Final.jar:6.5.3.Final]
	at org.hibernate.event.internal.AbstractSaveEventListener.addInsertAction(AbstractSaveEventListener.java:391) ~[hibernate-core-6.5.3.Final.jar:6.5.3.Final]
	at org.hibernate.event.internal.AbstractSaveEventListener.performSaveOrReplicate(AbstractSaveEventListener.java:305) ~[hibernate-core-6.5.3.Final.jar:6.5.3.Final]
	at org.hibernate.event.internal.AbstractSaveEventListener.performSave(AbstractSaveEventListener.java:224) ~[hibernate-core-6.5.3.Final.jar:6.5.3.Final]
	at org.hibernate.event.internal.AbstractSaveEventListener.saveWithGeneratedId(AbstractSaveEventListener.java:137) ~[hibernate-core-6.5.3.Final.jar:6.5.3.Final]
	at org.hibernate.event.internal.DefaultPersistEventListener.entityIsTransient(DefaultPersistEventListener.java:175) ~[hibernate-core-6.5.3.Final.jar:6.5.3.Final]
	at org.hibernate.event.internal.DefaultPersistEventListener.persist(DefaultPersistEventListener.java:93) ~[hibernate-core-6.5.3.Final.jar:6.5.3.Final]
	at org.hibernate.event.internal.DefaultPersistEventListener.onPersist(DefaultPersistEventListener.java:77) ~[hibernate-core-6.5.3.Final.jar:6.5.3.Final]
	at org.hibernate.event.internal.DefaultPersistEventListener.onPersist(DefaultPersistEventListener.java:54) ~[hibernate-core-6.5.3.Final.jar:6.5.3.Final]
	at org.hibernate.event.service.internal.EventListenerGroupImpl.fireEventOnEachListener(EventListenerGroupImpl.java:127) ~[hibernate-core-6.5.3.Final.jar:6.5.3.Final]
	at org.hibernate.internal.SessionImpl.firePersist(SessionImpl.java:757) ~[hibernate-core-6.5.3.Final.jar:6.5.3.Final]
	at org.hibernate.internal.SessionImpl.persist(SessionImpl.java:741) ~[hibernate-core-6.5.3.Final.jar:6.5.3.Final]
	at java.base/jdk.internal.reflect.DirectMethodHandleAccessor.invoke(DirectMethodHandleAccessor.java:104) ~[na:na]
	at java.base/java.lang.reflect.Method.invoke(Method.java:565) ~[na:na]
	at org.springframework.orm.jpa.SharedEntityManagerCreator$SharedEntityManagerInvocationHandler.invoke(SharedEntityManagerCreator.java:319) ~[spring-orm-6.1.21.jar:6.1.21]
	at jdk.proxy60/jdk.proxy60.$Proxy551.persist(Unknown Source) ~[na:na]
	at org.springframework.data.jpa.repository.support.SimpleJpaRepository.save(SimpleJpaRepository.java:636) ~[spring-data-jpa-3.3.13.jar:3.3.13]
	at java.base/jdk.internal.reflect.DirectMethodHandleAccessor.invoke(DirectMethodHandleAccessor.java:104) ~[na:na]
	at java.base/java.lang.reflect.Method.invoke(Method.java:565) ~[na:na]
	at org.springframework.aop.support.AopUtils.invokeJoinpointUsingReflection(AopUtils.java:355) ~[spring-aop-6.1.21.jar:6.1.21]
	at org.springframework.data.repository.core.support.RepositoryMethodInvoker$RepositoryFragmentMethodInvoker.lambda$new$0(RepositoryMethodInvoker.java:277) ~[spring-data-commons-3.3.13.jar:3.3.13]
	at org.springframework.data.repository.core.support.RepositoryMethodInvoker.doInvoke(RepositoryMethodInvoker.java:170) ~[spring-data-commons-3.3.13.jar:3.3.13]
	at org.springframework.data.repository.core.support.RepositoryMethodInvoker.invoke(RepositoryMethodInvoker.java:158) ~[spring-data-commons-3.3.13.jar:3.3.13]
	at org.springframework.data.repository.core.support.RepositoryComposition$RepositoryFragments.invoke(RepositoryComposition.java:516) ~[spring-data-commons-3.3.13.jar:3.3.13]
	at org.springframework.data.repository.core.support.RepositoryComposition.invoke(RepositoryComposition.java:285) ~[spring-data-commons-3.3.13.jar:3.3.13]
	at org.springframework.data.repository.core.support.RepositoryFactorySupport$ImplementationMethodExecutionInterceptor.invoke(RepositoryFactorySupport.java:628) ~[spring-data-commons-3.3.13.jar:3.3.13]
	at org.springframework.aop.framework.ReflectiveMethodInvocation.proceed(ReflectiveMethodInvocation.java:184) ~[spring-aop-6.1.21.jar:6.1.21]
	at org.springframework.data.repository.core.support.QueryExecutorMethodInterceptor.doInvoke(QueryExecutorMethodInterceptor.java:173) ~[spring-data-commons-3.3.13.jar:3.3.13]
	at org.springframework.data.repository.core.support.QueryExecutorMethodInterceptor.invoke(QueryExecutorMethodInterceptor.java:148) ~[spring-data-commons-3.3.13.jar:3.3.13]
	at org.springframework.aop.framework.ReflectiveMethodInvocation.proceed(ReflectiveMethodInvocation.java:184) ~[spring-aop-6.1.21.jar:6.1.21]
	at org.springframework.data.projection.DefaultMethodInvokingMethodInterceptor.invoke(DefaultMethodInvokingMethodInterceptor.java:70) ~[spring-data-commons-3.3.13.jar:3.3.13]
	at org.springframework.aop.framework.ReflectiveMethodInvocation.proceed(ReflectiveMethodInvocation.java:184) ~[spring-aop-6.1.21.jar:6.1.21]
	at org.springframework.transaction.interceptor.TransactionAspectSupport.invokeWithinTransaction(TransactionAspectSupport.java:379) ~[spring-tx-6.1.21.jar:6.1.21]
	at org.springframework.transaction.interceptor.TransactionInterceptor.invoke(TransactionInterceptor.java:119) ~[spring-tx-6.1.21.jar:6.1.21]
	at org.springframework.aop.framework.ReflectiveMethodInvocation.proceed(ReflectiveMethodInvocation.java:184) ~[spring-aop-6.1.21.jar:6.1.21]
	at org.springframework.dao.support.PersistenceExceptionTranslationInterceptor.invoke(PersistenceExceptionTranslationInterceptor.java:138) ~[spring-tx-6.1.21.jar:6.1.21]
	... 131 common frames omitted
Caused by: java.sql.SQLIntegrityConstraintViolationException: Cannot add or update a child row: a foreign key constraint fails (`businessapp`.`member_educations`, CONSTRAINT `FKlodo6kj05booljsmfjd1lidpg` FOREIGN KEY (`member_id`) REFERENCES `members` (`id`))
	at com.mysql.cj.jdbc.exceptions.SQLError.createSQLException(SQLError.java:118) ~[mysql-connector-j-8.3.0.jar:8.3.0]
	at com.mysql.cj.jdbc.exceptions.SQLExceptionsMapping.translateException(SQLExceptionsMapping.java:122) ~[mysql-connector-j-8.3.0.jar:8.3.0]
	at com.mysql.cj.jdbc.ClientPreparedStatement.executeInternal(ClientPreparedStatement.java:912) ~[mysql-connector-j-8.3.0.jar:8.3.0]
	at com.mysql.cj.jdbc.ClientPreparedStatement.executeUpdateInternal(ClientPreparedStatement.java:1054) ~[mysql-connector-j-8.3.0.jar:8.3.0]
	at com.mysql.cj.jdbc.ClientPreparedStatement.executeUpdateInternal(ClientPreparedStatement.java:1003) ~[mysql-connector-j-8.3.0.jar:8.3.0]
	at com.mysql.cj.jdbc.ClientPreparedStatement.executeLargeUpdate(ClientPreparedStatement.java:1312) ~[mysql-connector-j-8.3.0.jar:8.3.0]
	at com.mysql.cj.jdbc.ClientPreparedStatement.executeUpdate(ClientPreparedStatement.java:988) ~[mysql-connector-j-8.3.0.jar:8.3.0]
	at com.zaxxer.hikari.pool.ProxyPreparedStatement.executeUpdate(ProxyPreparedStatement.java:61) ~[HikariCP-5.1.0.jar:na]
	at com.zaxxer.hikari.pool.HikariProxyPreparedStatement.executeUpdate(HikariProxyPreparedStatement.java) ~[HikariCP-5.1.0.jar:na]
	at org.hibernate.engine.jdbc.internal.ResultSetReturnImpl.executeUpdate(ResultSetReturnImpl.java:194) ~[hibernate-core-6.5.3.Final.jar:6.5.3.Final]
	... 177 common frames omitted
2026-09-12 13:01:21.452  WARN 16796 --- [nio-8080-exec-1] .m.m.a.ExceptionHandlerExceptionResolver : Resolved [org.springframework.dao.DataIntegrityViolationException: could not execute statement [Cannot add or update a child row: a foreign key constraint fails (`businessapp`.`member_educations`, CONSTRAINT `FKlodo6kj05booljsmfjd1lidpg` FOREIGN KEY (`member_id`) REFERENCES `members` (`id`))] [insert into member_educations (degree,description,end_date,field_of_study,institution_name,member_id,start_date) values (?,?,?,?,?,?,?)]; SQL [insert into member_educations (degree,description,end_date,field_of_study,institution_name,member_id,start_date) values (?,?,?,?,?,?,?)]; constraint [null]]
2026-09-12 13:01:48.245 DEBUG 16796 --- [nio-8080-exec-2] o.s.security.web.FilterChainProxy        : Securing POST /api/v1/members/1/educations
2026-09-12 13:01:48.249 DEBUG 16796 --- [nio-8080-exec-2] org.hibernate.SQL                        : 
    select
        u1_0.id,
        u1_0.is_active,
        u1_0.created_at,
        u1_0.email,
        u1_0.failed_attempts,
        u1_0.last_login_at,
        u1_0.lock_time,
        u1_0.is_locked,
        u1_0.password,
        u1_0.role,
        u1_0.updated_at,
        u1_0.username 
    from
        users u1_0 
    where
        u1_0.email=?
2026-09-12 13:01:48.260 DEBUG 16796 --- [nio-8080-exec-2] o.s.security.web.FilterChainProxy        : Secured POST /api/v1/members/1/educations
2026-09-12 13:01:48.287 DEBUG 16796 --- [nio-8080-exec-2] org.hibernate.SQL                        : 
    insert 
    into
        member_educations
        (degree, description, end_date, field_of_study, institution_name, member_id, start_date) 
    values
        (?, ?, ?, ?, ?, ?, ?)
2026-09-12 13:02:12.397 DEBUG 16796 --- [nio-8080-exec-3] o.s.security.web.FilterChainProxy        : Securing GET /api/v1/members/me/educations
2026-09-12 13:02:12.401 DEBUG 16796 --- [nio-8080-exec-3] org.hibernate.SQL                        : 
    select
        u1_0.id,
        u1_0.is_active,
        u1_0.created_at,
        u1_0.email,
        u1_0.failed_attempts,
        u1_0.last_login_at,
        u1_0.lock_time,
        u1_0.is_locked,
        u1_0.password,
        u1_0.role,
        u1_0.updated_at,
        u1_0.username 
    from
        users u1_0 
    where
        u1_0.email=?
2026-09-12 13:02:12.406 DEBUG 16796 --- [nio-8080-exec-3] o.s.security.web.FilterChainProxy        : Secured GET /api/v1/members/me/educations
2026-09-12 13:02:12.409 DEBUG 16796 --- [nio-8080-exec-3] org.hibernate.SQL                        : 
    select
        m1_0.id 
    from
        members m1_0 
    where
        m1_0.user_id=?
2026-09-12 13:02:12.415 DEBUG 16796 --- [nio-8080-exec-3] org.hibernate.SQL                        : 
    select
        me1_0.id,
        me1_0.degree,
        me1_0.description,
        me1_0.end_date,
        me1_0.field_of_study,
        me1_0.institution_name,
        me1_0.member_id,
        me1_0.start_date 
    from
        member_educations me1_0 
    where
        me1_0.member_id=? 
    order by
        me1_0.start_date desc
2026-09-12 13:02:16.682 DEBUG 16796 --- [nio-8080-exec-5] o.s.security.web.FilterChainProxy        : Securing GET /api/v1/members/me/educations
2026-09-12 13:02:16.687 DEBUG 16796 --- [nio-8080-exec-5] org.hibernate.SQL                        : 
    select
        u1_0.id,
        u1_0.is_active,
        u1_0.created_at,
        u1_0.email,
        u1_0.failed_attempts,
        u1_0.last_login_at,
        u1_0.lock_time,
        u1_0.is_locked,
        u1_0.password,
        u1_0.role,
        u1_0.updated_at,
        u1_0.username 
    from
        users u1_0 
    where
        u1_0.email=?
2026-09-12 13:02:16.772 DEBUG 16796 --- [nio-8080-exec-5] o.s.security.web.FilterChainProxy        : Secured GET /api/v1/members/me/educations
2026-09-12 13:02:16.796 DEBUG 16796 --- [nio-8080-exec-5] org.hibernate.SQL                        : 
    select
        m1_0.id 
    from
        members m1_0 
    where
        m1_0.user_id=?
2026-09-12 13:02:16.809 DEBUG 16796 --- [nio-8080-exec-5] org.hibernate.SQL                        : 
    select
        me1_0.id,
        me1_0.degree,
        me1_0.description,
        me1_0.end_date,
        me1_0.field_of_study,
        me1_0.institution_name,
        me1_0.member_id,
        me1_0.start_date 
    from
        member_educations me1_0 
    where
        me1_0.member_id=? 
    order by
        me1_0.start_date desc
2026-09-12 13:02:17.579 DEBUG 16796 --- [nio-8080-exec-4] o.s.security.web.FilterChainProxy        : Securing GET /api/v1/members/me/educations
2026-09-12 13:02:17.583 DEBUG 16796 --- [nio-8080-exec-4] org.hibernate.SQL                        : 
    select
        u1_0.id,
        u1_0.is_active,
        u1_0.created_at,
        u1_0.email,
        u1_0.failed_attempts,
        u1_0.last_login_at,
        u1_0.lock_time,
        u1_0.is_locked,
        u1_0.password,
        u1_0.role,
        u1_0.updated_at,
        u1_0.username 
    from
        users u1_0 
    where
        u1_0.email=?
2026-09-12 13:02:17.589 DEBUG 16796 --- [nio-8080-exec-4] o.s.security.web.FilterChainProxy        : Secured GET /api/v1/members/me/educations
2026-09-12 13:02:17.591 DEBUG 16796 --- [nio-8080-exec-4] org.hibernate.SQL                        : 
    select
        m1_0.id 
    from
        members m1_0 
    where
        m1_0.user_id=?
2026-09-12 13:02:17.595 DEBUG 16796 --- [nio-8080-exec-4] org.hibernate.SQL                        : 
    select
        me1_0.id,
        me1_0.degree,
        me1_0.description,
        me1_0.end_date,
        me1_0.field_of_study,
        me1_0.institution_name,
        me1_0.member_id,
        me1_0.start_date 
    from
        member_educations me1_0 
    where
        me1_0.member_id=? 
    order by
        me1_0.start_date desc
2026-09-12 13:02:18.251 DEBUG 16796 --- [nio-8080-exec-8] o.s.security.web.FilterChainProxy        : Securing GET /api/v1/members/me/educations
2026-09-12 13:02:18.254 DEBUG 16796 --- [nio-8080-exec-8] org.hibernate.SQL                        : 
    select
        u1_0.id,
        u1_0.is_active,
        u1_0.created_at,
        u1_0.email,
        u1_0.failed_attempts,
        u1_0.last_login_at,
        u1_0.lock_time,
        u1_0.is_locked,
        u1_0.password,
        u1_0.role,
        u1_0.updated_at,
        u1_0.username 
    from
        users u1_0 
    where
        u1_0.email=?
2026-09-12 13:02:18.259 DEBUG 16796 --- [nio-8080-exec-8] o.s.security.web.FilterChainProxy        : Secured GET /api/v1/members/me/educations
2026-09-12 13:02:18.261 DEBUG 16796 --- [nio-8080-exec-8] org.hibernate.SQL                        : 
    select
        m1_0.id 
    from
        members m1_0 
    where
        m1_0.user_id=?
2026-09-12 13:02:18.268 DEBUG 16796 --- [nio-8080-exec-8] org.hibernate.SQL                        : 
    select
        me1_0.id,
        me1_0.degree,
        me1_0.description,
        me1_0.end_date,
        me1_0.field_of_study,
        me1_0.institution_name,
        me1_0.member_id,
        me1_0.start_date 
    from
        member_educations me1_0 
    where
        me1_0.member_id=? 
    order by
        me1_0.start_date desc
2026-09-12 13:04:19.514 DEBUG 16796 --- [io-8080-exec-10] o.s.security.web.FilterChainProxy        : Securing POST /api/v1/members/me/educations
2026-09-12 13:04:19.518 DEBUG 16796 --- [io-8080-exec-10] org.hibernate.SQL                        : 
    select
        u1_0.id,
        u1_0.is_active,
        u1_0.created_at,
        u1_0.email,
        u1_0.failed_attempts,
        u1_0.last_login_at,
        u1_0.lock_time,
        u1_0.is_locked,
        u1_0.password,
        u1_0.role,
        u1_0.updated_at,
        u1_0.username 
    from
        users u1_0 
    where
        u1_0.email=?
2026-09-12 13:04:19.523 DEBUG 16796 --- [io-8080-exec-10] o.s.security.web.FilterChainProxy        : Secured POST /api/v1/members/me/educations
2026-09-12 13:04:19.525 ERROR 16796 --- [io-8080-exec-10] c.e.f.handler.GlobalExceptionHandler     : Unexpected error at /api/v1/members/me/educations: Method parameter 'id': Failed to convert value of type 'java.lang.String' to required type 'java.lang.Long'; For input string: "me"
org.springframework.web.method.annotation.MethodArgumentTypeMismatchException: Method parameter 'id': Failed to convert value of type 'java.lang.String' to required type 'java.lang.Long'; For input string: "me"
	at org.springframework.web.method.annotation.AbstractNamedValueMethodArgumentResolver.convertIfNecessary(AbstractNamedValueMethodArgumentResolver.java:301) ~[spring-web-6.1.21.jar:6.1.21]
	at org.springframework.web.method.annotation.AbstractNamedValueMethodArgumentResolver.resolveArgument(AbstractNamedValueMethodArgumentResolver.java:136) ~[spring-web-6.1.21.jar:6.1.21]
	at org.springframework.web.method.support.HandlerMethodArgumentResolverComposite.resolveArgument(HandlerMethodArgumentResolverComposite.java:122) ~[spring-web-6.1.21.jar:6.1.21]
	at org.springframework.web.method.support.InvocableHandlerMethod.getMethodArgumentValues(InvocableHandlerMethod.java:224) ~[spring-web-6.1.21.jar:6.1.21]
	at org.springframework.web.method.support.InvocableHandlerMethod.invokeForRequest(InvocableHandlerMethod.java:178) ~[spring-web-6.1.21.jar:6.1.21]
	at org.springframework.web.servlet.mvc.method.annotation.ServletInvocableHandlerMethod.invokeAndHandle(ServletInvocableHandlerMethod.java:118) ~[spring-webmvc-6.1.21.jar:6.1.21]
	at org.springframework.web.servlet.mvc.method.annotation.RequestMappingHandlerAdapter.invokeHandlerMethod(RequestMappingHandlerAdapter.java:926) ~[spring-webmvc-6.1.21.jar:6.1.21]
	at org.springframework.web.servlet.mvc.method.annotation.RequestMappingHandlerAdapter.handleInternal(RequestMappingHandlerAdapter.java:831) ~[spring-webmvc-6.1.21.jar:6.1.21]
	at org.springframework.web.servlet.mvc.method.AbstractHandlerMethodAdapter.handle(AbstractHandlerMethodAdapter.java:87) ~[spring-webmvc-6.1.21.jar:6.1.21]
	at org.springframework.web.servlet.DispatcherServlet.doDispatch(DispatcherServlet.java:1089) ~[spring-webmvc-6.1.21.jar:6.1.21]
	at org.springframework.web.servlet.DispatcherServlet.doService(DispatcherServlet.java:979) ~[spring-webmvc-6.1.21.jar:6.1.21]
	at org.springframework.web.servlet.FrameworkServlet.processRequest(FrameworkServlet.java:1014) ~[spring-webmvc-6.1.21.jar:6.1.21]
	at org.springframework.web.servlet.FrameworkServlet.doPost(FrameworkServlet.java:914) ~[spring-webmvc-6.1.21.jar:6.1.21]
	at jakarta.servlet.http.HttpServlet.service(HttpServlet.java:590) ~[tomcat-embed-core-10.1.42.jar:6.0]
	at org.springframework.web.servlet.FrameworkServlet.service(FrameworkServlet.java:885) ~[spring-webmvc-6.1.21.jar:6.1.21]
	at jakarta.servlet.http.HttpServlet.service(HttpServlet.java:658) ~[tomcat-embed-core-10.1.42.jar:6.0]
	at org.apache.catalina.core.ApplicationFilterChain.internalDoFilter(ApplicationFilterChain.java:195) ~[tomcat-embed-core-10.1.42.jar:10.1.42]
	at org.apache.catalina.core.ApplicationFilterChain.doFilter(ApplicationFilterChain.java:140) ~[tomcat-embed-core-10.1.42.jar:10.1.42]
	at org.apache.tomcat.websocket.server.WsFilter.doFilter(WsFilter.java:51) ~[tomcat-embed-websocket-10.1.42.jar:10.1.42]
	at org.apache.catalina.core.ApplicationFilterChain.internalDoFilter(ApplicationFilterChain.java:164) ~[tomcat-embed-core-10.1.42.jar:10.1.42]
	at org.apache.catalina.core.ApplicationFilterChain.doFilter(ApplicationFilterChain.java:140) ~[tomcat-embed-core-10.1.42.jar:10.1.42]
	at org.springframework.web.filter.CompositeFilter$VirtualFilterChain.doFilter(CompositeFilter.java:108) ~[spring-web-6.1.21.jar:6.1.21]
	at org.springframework.security.web.FilterChainProxy.lambda$doFilterInternal$3(FilterChainProxy.java:231) ~[spring-security-web-6.3.10.jar:6.3.10]
	at org.springframework.security.web.FilterChainProxy$VirtualFilterChain.doFilter(FilterChainProxy.java:365) ~[spring-security-web-6.3.10.jar:6.3.10]
	at org.springframework.security.web.access.intercept.AuthorizationFilter.doFilter(AuthorizationFilter.java:100) ~[spring-security-web-6.3.10.jar:6.3.10]
	at org.springframework.security.web.FilterChainProxy$VirtualFilterChain.doFilter(FilterChainProxy.java:374) ~[spring-security-web-6.3.10.jar:6.3.10]
	at org.springframework.security.web.access.ExceptionTranslationFilter.doFilter(ExceptionTranslationFilter.java:126) ~[spring-security-web-6.3.10.jar:6.3.10]
	at org.springframework.security.web.access.ExceptionTranslationFilter.doFilter(ExceptionTranslationFilter.java:120) ~[spring-security-web-6.3.10.jar:6.3.10]
	at org.springframework.security.web.FilterChainProxy$VirtualFilterChain.doFilter(FilterChainProxy.java:374) ~[spring-security-web-6.3.10.jar:6.3.10]
	at org.springframework.security.web.session.SessionManagementFilter.doFilter(SessionManagementFilter.java:131) ~[spring-security-web-6.3.10.jar:6.3.10]
	at org.springframework.security.web.session.SessionManagementFilter.doFilter(SessionManagementFilter.java:85) ~[spring-security-web-6.3.10.jar:6.3.10]
	at org.springframework.security.web.FilterChainProxy$VirtualFilterChain.doFilter(FilterChainProxy.java:374) ~[spring-security-web-6.3.10.jar:6.3.10]
	at org.springframework.security.web.authentication.AnonymousAuthenticationFilter.doFilter(AnonymousAuthenticationFilter.java:100) ~[spring-security-web-6.3.10.jar:6.3.10]
	at org.springframework.security.web.FilterChainProxy$VirtualFilterChain.doFilter(FilterChainProxy.java:374) ~[spring-security-web-6.3.10.jar:6.3.10]
	at org.springframework.security.web.servletapi.SecurityContextHolderAwareRequestFilter.doFilter(SecurityContextHolderAwareRequestFilter.java:179) ~[spring-security-web-6.3.10.jar:6.3.10]
	at org.springframework.security.web.FilterChainProxy$VirtualFilterChain.doFilter(FilterChainProxy.java:374) ~[spring-security-web-6.3.10.jar:6.3.10]
	at org.springframework.security.web.savedrequest.RequestCacheAwareFilter.doFilter(RequestCacheAwareFilter.java:63) ~[spring-security-web-6.3.10.jar:6.3.10]
	at org.springframework.security.web.FilterChainProxy$VirtualFilterChain.doFilter(FilterChainProxy.java:374) ~[spring-security-web-6.3.10.jar:6.3.10]
	at com.example.firstapp.filter.JwtAuthFilter.doFilterInternal(JwtAuthFilter.java:205) ~[classes/:na]
	at org.springframework.web.filter.OncePerRequestFilter.doFilter(OncePerRequestFilter.java:116) ~[spring-web-6.1.21.jar:6.1.21]
	at org.springframework.security.web.FilterChainProxy$VirtualFilterChain.doFilter(FilterChainProxy.java:374) ~[spring-security-web-6.3.10.jar:6.3.10]
	at org.springframework.security.web.authentication.logout.LogoutFilter.doFilter(LogoutFilter.java:107) ~[spring-security-web-6.3.10.jar:6.3.10]
	at org.springframework.security.web.authentication.logout.LogoutFilter.doFilter(LogoutFilter.java:93) ~[spring-security-web-6.3.10.jar:6.3.10]
	at org.springframework.security.web.FilterChainProxy$VirtualFilterChain.doFilter(FilterChainProxy.java:374) ~[spring-security-web-6.3.10.jar:6.3.10]
	at org.springframework.security.web.header.HeaderWriterFilter.doHeadersAfter(HeaderWriterFilter.java:90) ~[spring-security-web-6.3.10.jar:6.3.10]
	at org.springframework.security.web.header.HeaderWriterFilter.doFilterInternal(HeaderWriterFilter.java:75) ~[spring-security-web-6.3.10.jar:6.3.10]
	at org.springframework.web.filter.OncePerRequestFilter.doFilter(OncePerRequestFilter.java:116) ~[spring-web-6.1.21.jar:6.1.21]
	at org.springframework.security.web.FilterChainProxy$VirtualFilterChain.doFilter(FilterChainProxy.java:374) ~[spring-security-web-6.3.10.jar:6.3.10]
	at org.springframework.security.web.context.SecurityContextHolderFilter.doFilter(SecurityContextHolderFilter.java:82) ~[spring-security-web-6.3.10.jar:6.3.10]
	at org.springframework.security.web.context.SecurityContextHolderFilter.doFilter(SecurityContextHolderFilter.java:69) ~[spring-security-web-6.3.10.jar:6.3.10]
	at org.springframework.security.web.FilterChainProxy$VirtualFilterChain.doFilter(FilterChainProxy.java:374) ~[spring-security-web-6.3.10.jar:6.3.10]
	at org.springframework.security.web.context.request.async.WebAsyncManagerIntegrationFilter.doFilterInternal(WebAsyncManagerIntegrationFilter.java:62) ~[spring-security-web-6.3.10.jar:6.3.10]
	at org.springframework.web.filter.OncePerRequestFilter.doFilter(OncePerRequestFilter.java:116) ~[spring-web-6.1.21.jar:6.1.21]
	at org.springframework.security.web.FilterChainProxy$VirtualFilterChain.doFilter(FilterChainProxy.java:374) ~[spring-security-web-6.3.10.jar:6.3.10]
	at org.springframework.security.web.session.DisableEncodeUrlFilter.doFilterInternal(DisableEncodeUrlFilter.java:42) ~[spring-security-web-6.3.10.jar:6.3.10]
	at org.springframework.web.filter.OncePerRequestFilter.doFilter(OncePerRequestFilter.java:116) ~[spring-web-6.1.21.jar:6.1.21]
	at org.springframework.security.web.FilterChainProxy$VirtualFilterChain.doFilter(FilterChainProxy.java:374) ~[spring-security-web-6.3.10.jar:6.3.10]
	at org.springframework.security.web.FilterChainProxy.doFilterInternal(FilterChainProxy.java:233) ~[spring-security-web-6.3.10.jar:6.3.10]
	at org.springframework.security.web.FilterChainProxy.doFilter(FilterChainProxy.java:191) ~[spring-security-web-6.3.10.jar:6.3.10]
	at org.springframework.web.filter.CompositeFilter$VirtualFilterChain.doFilter(CompositeFilter.java:113) ~[spring-web-6.1.21.jar:6.1.21]
	at org.springframework.web.servlet.handler.HandlerMappingIntrospector.lambda$createCacheFilter$3(HandlerMappingIntrospector.java:195) ~[spring-webmvc-6.1.21.jar:6.1.21]
	at org.springframework.web.filter.CompositeFilter$VirtualFilterChain.doFilter(CompositeFilter.java:113) ~[spring-web-6.1.21.jar:6.1.21]
	at org.springframework.web.filter.CompositeFilter.doFilter(CompositeFilter.java:74) ~[spring-web-6.1.21.jar:6.1.21]
	at org.springframework.security.config.annotation.web.configuration.WebMvcSecurityConfiguration$CompositeFilterChainProxy.doFilter(WebMvcSecurityConfiguration.java:230) ~[spring-security-config-6.3.10.jar:6.3.10]
	at org.springframework.web.filter.DelegatingFilterProxy.invokeDelegate(DelegatingFilterProxy.java:362) ~[spring-web-6.1.21.jar:6.1.21]
	at org.springframework.web.filter.DelegatingFilterProxy.doFilter(DelegatingFilterProxy.java:278) ~[spring-web-6.1.21.jar:6.1.21]
	at org.apache.catalina.core.ApplicationFilterChain.internalDoFilter(ApplicationFilterChain.java:164) ~[tomcat-embed-core-10.1.42.jar:10.1.42]
	at org.apache.catalina.core.ApplicationFilterChain.doFilter(ApplicationFilterChain.java:140) ~[tomcat-embed-core-10.1.42.jar:10.1.42]
	at org.springframework.web.filter.RequestContextFilter.doFilterInternal(RequestContextFilter.java:100) ~[spring-web-6.1.21.jar:6.1.21]
	at org.springframework.web.filter.OncePerRequestFilter.doFilter(OncePerRequestFilter.java:116) ~[spring-web-6.1.21.jar:6.1.21]
	at org.apache.catalina.core.ApplicationFilterChain.internalDoFilter(ApplicationFilterChain.java:164) ~[tomcat-embed-core-10.1.42.jar:10.1.42]
	at org.apache.catalina.core.ApplicationFilterChain.doFilter(ApplicationFilterChain.java:140) ~[tomcat-embed-core-10.1.42.jar:10.1.42]
	at org.springframework.web.filter.FormContentFilter.doFilterInternal(FormContentFilter.java:93) ~[spring-web-6.1.21.jar:6.1.21]
	at org.springframework.web.filter.OncePerRequestFilter.doFilter(OncePerRequestFilter.java:116) ~[spring-web-6.1.21.jar:6.1.21]
	at org.apache.catalina.core.ApplicationFilterChain.internalDoFilter(ApplicationFilterChain.java:164) ~[tomcat-embed-core-10.1.42.jar:10.1.42]
	at org.apache.catalina.core.ApplicationFilterChain.doFilter(ApplicationFilterChain.java:140) ~[tomcat-embed-core-10.1.42.jar:10.1.42]
	at org.springframework.web.filter.CharacterEncodingFilter.doFilterInternal(CharacterEncodingFilter.java:201) ~[spring-web-6.1.21.jar:6.1.21]
	at org.springframework.web.filter.OncePerRequestFilter.doFilter(OncePerRequestFilter.java:116) ~[spring-web-6.1.21.jar:6.1.21]
	at org.apache.catalina.core.ApplicationFilterChain.internalDoFilter(ApplicationFilterChain.java:164) ~[tomcat-embed-core-10.1.42.jar:10.1.42]
	at org.apache.catalina.core.ApplicationFilterChain.doFilter(ApplicationFilterChain.java:140) ~[tomcat-embed-core-10.1.42.jar:10.1.42]
	at com.example.firstapp.filter.RateLimitFilter.doFilterInternal(RateLimitFilter.java:161) ~[classes/:na]
	at org.springframework.web.filter.OncePerRequestFilter.doFilter(OncePerRequestFilter.java:116) ~[spring-web-6.1.21.jar:6.1.21]
	at org.apache.catalina.core.ApplicationFilterChain.internalDoFilter(ApplicationFilterChain.java:164) ~[tomcat-embed-core-10.1.42.jar:10.1.42]
	at org.apache.catalina.core.ApplicationFilterChain.doFilter(ApplicationFilterChain.java:140) ~[tomcat-embed-core-10.1.42.jar:10.1.42]
	at org.apache.catalina.core.StandardWrapperValve.invoke(StandardWrapperValve.java:167) ~[tomcat-embed-core-10.1.42.jar:10.1.42]
	at org.apache.catalina.core.StandardContextValve.invoke(StandardContextValve.java:90) ~[tomcat-embed-core-10.1.42.jar:10.1.42]
	at org.apache.catalina.authenticator.AuthenticatorBase.invoke(AuthenticatorBase.java:483) ~[tomcat-embed-core-10.1.42.jar:10.1.42]
	at org.apache.catalina.core.StandardHostValve.invoke(StandardHostValve.java:116) ~[tomcat-embed-core-10.1.42.jar:10.1.42]
	at org.apache.catalina.valves.ErrorReportValve.invoke(ErrorReportValve.java:93) ~[tomcat-embed-core-10.1.42.jar:10.1.42]
	at org.apache.catalina.core.StandardEngineValve.invoke(StandardEngineValve.java:74) ~[tomcat-embed-core-10.1.42.jar:10.1.42]
	at org.apache.catalina.connector.CoyoteAdapter.service(CoyoteAdapter.java:344) ~[tomcat-embed-core-10.1.42.jar:10.1.42]
	at org.apache.coyote.http11.Http11Processor.service(Http11Processor.java:398) ~[tomcat-embed-core-10.1.42.jar:10.1.42]
	at org.apache.coyote.AbstractProcessorLight.process(AbstractProcessorLight.java:63) ~[tomcat-embed-core-10.1.42.jar:10.1.42]
	at org.apache.coyote.AbstractProtocol$ConnectionHandler.process(AbstractProtocol.java:903) ~[tomcat-embed-core-10.1.42.jar:10.1.42]
	at org.apache.tomcat.util.net.NioEndpoint$SocketProcessor.doRun(NioEndpoint.java:1769) ~[tomcat-embed-core-10.1.42.jar:10.1.42]
	at org.apache.tomcat.util.net.SocketProcessorBase.run(SocketProcessorBase.java:52) ~[tomcat-embed-core-10.1.42.jar:10.1.42]
	at org.apache.tomcat.util.threads.ThreadPoolExecutor.runWorker(ThreadPoolExecutor.java:1189) ~[tomcat-embed-core-10.1.42.jar:10.1.42]
	at org.apache.tomcat.util.threads.ThreadPoolExecutor$Worker.run(ThreadPoolExecutor.java:658) ~[tomcat-embed-core-10.1.42.jar:10.1.42]
	at org.apache.tomcat.util.threads.TaskThread$WrappingRunnable.run(TaskThread.java:63) ~[tomcat-embed-core-10.1.42.jar:10.1.42]
	at java.base/java.lang.Thread.run(Thread.java:1474) ~[na:na]
Caused by: java.lang.NumberFormatException: For input string: "me"
	at java.base/java.lang.NumberFormatException.forInputString(NumberFormatException.java:67) ~[na:na]
	at java.base/java.lang.Long.parseLong(Long.java:594) ~[na:na]
	at java.base/java.lang.Long.valueOf(Long.java:950) ~[na:na]
	at org.springframework.util.NumberUtils.parseNumber(NumberUtils.java:206) ~[spring-core-6.1.21.jar:6.1.21]
	at org.springframework.beans.propertyeditors.CustomNumberEditor.setAsText(CustomNumberEditor.java:115) ~[spring-beans-6.1.21.jar:6.1.21]
	at org.springframework.beans.TypeConverterDelegate.doConvertTextValue(TypeConverterDelegate.java:439) ~[spring-beans-6.1.21.jar:6.1.21]
	at org.springframework.beans.TypeConverterDelegate.doConvertValue(TypeConverterDelegate.java:412) ~[spring-beans-6.1.21.jar:6.1.21]
	at org.springframework.beans.TypeConverterDelegate.convertIfNecessary(TypeConverterDelegate.java:161) ~[spring-beans-6.1.21.jar:6.1.21]
	at org.springframework.beans.TypeConverterSupport.convertIfNecessary(TypeConverterSupport.java:80) ~[spring-beans-6.1.21.jar:6.1.21]
	at org.springframework.beans.TypeConverterSupport.convertIfNecessary(TypeConverterSupport.java:53) ~[spring-beans-6.1.21.jar:6.1.21]
	at org.springframework.validation.DataBinder.convertIfNecessary(DataBinder.java:858) ~[spring-context-6.1.21.jar:6.1.21]
	at org.springframework.web.method.annotation.AbstractNamedValueMethodArgumentResolver.convertIfNecessary(AbstractNamedValueMethodArgumentResolver.java:293) ~[spring-web-6.1.21.jar:6.1.21]
	... 99 common frames omitted
2026-09-12 13:04:19.528  WARN 16796 --- [io-8080-exec-10] .m.m.a.ExceptionHandlerExceptionResolver : Resolved [org.springframework.web.method.annotation.MethodArgumentTypeMismatchException: Method parameter 'id': Failed to convert value of type 'java.lang.String' to required type 'java.lang.Long'; For input string: "me"]
2026-09-12 13:04:35.383 DEBUG 16796 --- [nio-8080-exec-9] o.s.security.web.FilterChainProxy        : Securing POST /api/v1/members/1/educations
2026-09-12 13:04:35.386 DEBUG 16796 --- [nio-8080-exec-9] org.hibernate.SQL                        : 
    select
        u1_0.id,
        u1_0.is_active,
        u1_0.created_at,
        u1_0.email,
        u1_0.failed_attempts,
        u1_0.last_login_at,
        u1_0.lock_time,
        u1_0.is_locked,
        u1_0.password,
        u1_0.role,
        u1_0.updated_at,
        u1_0.username 
    from
        users u1_0 
    where
        u1_0.email=?
2026-09-12 13:04:35.391 DEBUG 16796 --- [nio-8080-exec-9] o.s.security.web.FilterChainProxy        : Secured POST /api/v1/members/1/educations
2026-09-12 13:04:35.394 DEBUG 16796 --- [nio-8080-exec-9] org.hibernate.SQL                        : 
    insert 
    into
        member_educations
        (degree, description, end_date, field_of_study, institution_name, member_id, start_date) 
    values
        (?, ?, ?, ?, ?, ?, ?)
2026-09-12 13:04:42.784 DEBUG 16796 --- [nio-8080-exec-6] o.s.security.web.FilterChainProxy        : Securing POST /api/v1/members/me/educations
2026-09-12 13:04:42.786 DEBUG 16796 --- [nio-8080-exec-6] org.hibernate.SQL                        : 
    select
        u1_0.id,
        u1_0.is_active,
        u1_0.created_at,
        u1_0.email,
        u1_0.failed_attempts,
        u1_0.last_login_at,
        u1_0.lock_time,
        u1_0.is_locked,
        u1_0.password,
        u1_0.role,
        u1_0.updated_at,
        u1_0.username 
    from
        users u1_0 
    where
        u1_0.email=?
2026-09-12 13:04:42.789 DEBUG 16796 --- [nio-8080-exec-6] o.s.security.web.FilterChainProxy        : Secured POST /api/v1/members/me/educations
2026-09-12 13:04:42.792 ERROR 16796 --- [nio-8080-exec-6] c.e.f.handler.GlobalExceptionHandler     : Unexpected error at /api/v1/members/me/educations: Method parameter 'id': Failed to convert value of type 'java.lang.String' to required type 'java.lang.Long'; For input string: "me"
org.springframework.web.method.annotation.MethodArgumentTypeMismatchException: Method parameter 'id': Failed to convert value of type 'java.lang.String' to required type 'java.lang.Long'; For input string: "me"
	at org.springframework.web.method.annotation.AbstractNamedValueMethodArgumentResolver.convertIfNecessary(AbstractNamedValueMethodArgumentResolver.java:301) ~[spring-web-6.1.21.jar:6.1.21]
	at org.springframework.web.method.annotation.AbstractNamedValueMethodArgumentResolver.resolveArgument(AbstractNamedValueMethodArgumentResolver.java:136) ~[spring-web-6.1.21.jar:6.1.21]
	at org.springframework.web.method.support.HandlerMethodArgumentResolverComposite.resolveArgument(HandlerMethodArgumentResolverComposite.java:122) ~[spring-web-6.1.21.jar:6.1.21]
	at org.springframework.web.method.support.InvocableHandlerMethod.getMethodArgumentValues(InvocableHandlerMethod.java:224) ~[spring-web-6.1.21.jar:6.1.21]
	at org.springframework.web.method.support.InvocableHandlerMethod.invokeForRequest(InvocableHandlerMethod.java:178) ~[spring-web-6.1.21.jar:6.1.21]
	at org.springframework.web.servlet.mvc.method.annotation.ServletInvocableHandlerMethod.invokeAndHandle(ServletInvocableHandlerMethod.java:118) ~[spring-webmvc-6.1.21.jar:6.1.21]
	at org.springframework.web.servlet.mvc.method.annotation.RequestMappingHandlerAdapter.invokeHandlerMethod(RequestMappingHandlerAdapter.java:926) ~[spring-webmvc-6.1.21.jar:6.1.21]
	at org.springframework.web.servlet.mvc.method.annotation.RequestMappingHandlerAdapter.handleInternal(RequestMappingHandlerAdapter.java:831) ~[spring-webmvc-6.1.21.jar:6.1.21]
	at org.springframework.web.servlet.mvc.method.AbstractHandlerMethodAdapter.handle(AbstractHandlerMethodAdapter.java:87) ~[spring-webmvc-6.1.21.jar:6.1.21]
	at org.springframework.web.servlet.DispatcherServlet.doDispatch(DispatcherServlet.java:1089) ~[spring-webmvc-6.1.21.jar:6.1.21]
	at org.springframework.web.servlet.DispatcherServlet.doService(DispatcherServlet.java:979) ~[spring-webmvc-6.1.21.jar:6.1.21]
	at org.springframework.web.servlet.FrameworkServlet.processRequest(FrameworkServlet.java:1014) ~[spring-webmvc-6.1.21.jar:6.1.21]
	at org.springframework.web.servlet.FrameworkServlet.doPost(FrameworkServlet.java:914) ~[spring-webmvc-6.1.21.jar:6.1.21]
	at jakarta.servlet.http.HttpServlet.service(HttpServlet.java:590) ~[tomcat-embed-core-10.1.42.jar:6.0]
	at org.springframework.web.servlet.FrameworkServlet.service(FrameworkServlet.java:885) ~[spring-webmvc-6.1.21.jar:6.1.21]
	at jakarta.servlet.http.HttpServlet.service(HttpServlet.java:658) ~[tomcat-embed-core-10.1.42.jar:6.0]
	at org.apache.catalina.core.ApplicationFilterChain.internalDoFilter(ApplicationFilterChain.java:195) ~[tomcat-embed-core-10.1.42.jar:10.1.42]
	at org.apache.catalina.core.ApplicationFilterChain.doFilter(ApplicationFilterChain.java:140) ~[tomcat-embed-core-10.1.42.jar:10.1.42]
	at org.apache.tomcat.websocket.server.WsFilter.doFilter(WsFilter.java:51) ~[tomcat-embed-websocket-10.1.42.jar:10.1.42]
	at org.apache.catalina.core.ApplicationFilterChain.internalDoFilter(ApplicationFilterChain.java:164) ~[tomcat-embed-core-10.1.42.jar:10.1.42]
	at org.apache.catalina.core.ApplicationFilterChain.doFilter(ApplicationFilterChain.java:140) ~[tomcat-embed-core-10.1.42.jar:10.1.42]
	at org.springframework.web.filter.CompositeFilter$VirtualFilterChain.doFilter(CompositeFilter.java:108) ~[spring-web-6.1.21.jar:6.1.21]
	at org.springframework.security.web.FilterChainProxy.lambda$doFilterInternal$3(FilterChainProxy.java:231) ~[spring-security-web-6.3.10.jar:6.3.10]
	at org.springframework.security.web.FilterChainProxy$VirtualFilterChain.doFilter(FilterChainProxy.java:365) ~[spring-security-web-6.3.10.jar:6.3.10]
	at org.springframework.security.web.access.intercept.AuthorizationFilter.doFilter(AuthorizationFilter.java:100) ~[spring-security-web-6.3.10.jar:6.3.10]
	at org.springframework.security.web.FilterChainProxy$VirtualFilterChain.doFilter(FilterChainProxy.java:374) ~[spring-security-web-6.3.10.jar:6.3.10]
	at org.springframework.security.web.access.ExceptionTranslationFilter.doFilter(ExceptionTranslationFilter.java:126) ~[spring-security-web-6.3.10.jar:6.3.10]
	at org.springframework.security.web.access.ExceptionTranslationFilter.doFilter(ExceptionTranslationFilter.java:120) ~[spring-security-web-6.3.10.jar:6.3.10]
	at org.springframework.security.web.FilterChainProxy$VirtualFilterChain.doFilter(FilterChainProxy.java:374) ~[spring-security-web-6.3.10.jar:6.3.10]
	at org.springframework.security.web.session.SessionManagementFilter.doFilter(SessionManagementFilter.java:131) ~[spring-security-web-6.3.10.jar:6.3.10]
	at org.springframework.security.web.session.SessionManagementFilter.doFilter(SessionManagementFilter.java:85) ~[spring-security-web-6.3.10.jar:6.3.10]
	at org.springframework.security.web.FilterChainProxy$VirtualFilterChain.doFilter(FilterChainProxy.java:374) ~[spring-security-web-6.3.10.jar:6.3.10]
	at org.springframework.security.web.authentication.AnonymousAuthenticationFilter.doFilter(AnonymousAuthenticationFilter.java:100) ~[spring-security-web-6.3.10.jar:6.3.10]
	at org.springframework.security.web.FilterChainProxy$VirtualFilterChain.doFilter(FilterChainProxy.java:374) ~[spring-security-web-6.3.10.jar:6.3.10]
	at org.springframework.security.web.servletapi.SecurityContextHolderAwareRequestFilter.doFilter(SecurityContextHolderAwareRequestFilter.java:179) ~[spring-security-web-6.3.10.jar:6.3.10]
	at org.springframework.security.web.FilterChainProxy$VirtualFilterChain.doFilter(FilterChainProxy.java:374) ~[spring-security-web-6.3.10.jar:6.3.10]
	at org.springframework.security.web.savedrequest.RequestCacheAwareFilter.doFilter(RequestCacheAwareFilter.java:63) ~[spring-security-web-6.3.10.jar:6.3.10]
	at org.springframework.security.web.FilterChainProxy$VirtualFilterChain.doFilter(FilterChainProxy.java:374) ~[spring-security-web-6.3.10.jar:6.3.10]
	at com.example.firstapp.filter.JwtAuthFilter.doFilterInternal(JwtAuthFilter.java:205) ~[classes/:na]
	at org.springframework.web.filter.OncePerRequestFilter.doFilter(OncePerRequestFilter.java:116) ~[spring-web-6.1.21.jar:6.1.21]
	at org.springframework.security.web.FilterChainProxy$VirtualFilterChain.doFilter(FilterChainProxy.java:374) ~[spring-security-web-6.3.10.jar:6.3.10]
	at org.springframework.security.web.authentication.logout.LogoutFilter.doFilter(LogoutFilter.java:107) ~[spring-security-web-6.3.10.jar:6.3.10]
	at org.springframework.security.web.authentication.logout.LogoutFilter.doFilter(LogoutFilter.java:93) ~[spring-security-web-6.3.10.jar:6.3.10]
	at org.springframework.security.web.FilterChainProxy$VirtualFilterChain.doFilter(FilterChainProxy.java:374) ~[spring-security-web-6.3.10.jar:6.3.10]
	at org.springframework.security.web.header.HeaderWriterFilter.doHeadersAfter(HeaderWriterFilter.java:90) ~[spring-security-web-6.3.10.jar:6.3.10]
	at org.springframework.security.web.header.HeaderWriterFilter.doFilterInternal(HeaderWriterFilter.java:75) ~[spring-security-web-6.3.10.jar:6.3.10]
	at org.springframework.web.filter.OncePerRequestFilter.doFilter(OncePerRequestFilter.java:116) ~[spring-web-6.1.21.jar:6.1.21]
	at org.springframework.security.web.FilterChainProxy$VirtualFilterChain.doFilter(FilterChainProxy.java:374) ~[spring-security-web-6.3.10.jar:6.3.10]
	at org.springframework.security.web.context.SecurityContextHolderFilter.doFilter(SecurityContextHolderFilter.java:82) ~[spring-security-web-6.3.10.jar:6.3.10]
	at org.springframework.security.web.context.SecurityContextHolderFilter.doFilter(SecurityContextHolderFilter.java:69) ~[spring-security-web-6.3.10.jar:6.3.10]
	at org.springframework.security.web.FilterChainProxy$VirtualFilterChain.doFilter(FilterChainProxy.java:374) ~[spring-security-web-6.3.10.jar:6.3.10]
	at org.springframework.security.web.context.request.async.WebAsyncManagerIntegrationFilter.doFilterInternal(WebAsyncManagerIntegrationFilter.java:62) ~[spring-security-web-6.3.10.jar:6.3.10]
	at org.springframework.web.filter.OncePerRequestFilter.doFilter(OncePerRequestFilter.java:116) ~[spring-web-6.1.21.jar:6.1.21]
	at org.springframework.security.web.FilterChainProxy$VirtualFilterChain.doFilter(FilterChainProxy.java:374) ~[spring-security-web-6.3.10.jar:6.3.10]
	at org.springframework.security.web.session.DisableEncodeUrlFilter.doFilterInternal(DisableEncodeUrlFilter.java:42) ~[spring-security-web-6.3.10.jar:6.3.10]
	at org.springframework.web.filter.OncePerRequestFilter.doFilter(OncePerRequestFilter.java:116) ~[spring-web-6.1.21.jar:6.1.21]
	at org.springframework.security.web.FilterChainProxy$VirtualFilterChain.doFilter(FilterChainProxy.java:374) ~[spring-security-web-6.3.10.jar:6.3.10]
	at org.springframework.security.web.FilterChainProxy.doFilterInternal(FilterChainProxy.java:233) ~[spring-security-web-6.3.10.jar:6.3.10]
	at org.springframework.security.web.FilterChainProxy.doFilter(FilterChainProxy.java:191) ~[spring-security-web-6.3.10.jar:6.3.10]
	at org.springframework.web.filter.CompositeFilter$VirtualFilterChain.doFilter(CompositeFilter.java:113) ~[spring-web-6.1.21.jar:6.1.21]
	at org.springframework.web.servlet.handler.HandlerMappingIntrospector.lambda$createCacheFilter$3(HandlerMappingIntrospector.java:195) ~[spring-webmvc-6.1.21.jar:6.1.21]
	at org.springframework.web.filter.CompositeFilter$VirtualFilterChain.doFilter(CompositeFilter.java:113) ~[spring-web-6.1.21.jar:6.1.21]
	at org.springframework.web.filter.CompositeFilter.doFilter(CompositeFilter.java:74) ~[spring-web-6.1.21.jar:6.1.21]
	at org.springframework.security.config.annotation.web.configuration.WebMvcSecurityConfiguration$CompositeFilterChainProxy.doFilter(WebMvcSecurityConfiguration.java:230) ~[spring-security-config-6.3.10.jar:6.3.10]
	at org.springframework.web.filter.DelegatingFilterProxy.invokeDelegate(DelegatingFilterProxy.java:362) ~[spring-web-6.1.21.jar:6.1.21]
	at org.springframework.web.filter.DelegatingFilterProxy.doFilter(DelegatingFilterProxy.java:278) ~[spring-web-6.1.21.jar:6.1.21]
	at org.apache.catalina.core.ApplicationFilterChain.internalDoFilter(ApplicationFilterChain.java:164) ~[tomcat-embed-core-10.1.42.jar:10.1.42]
	at org.apache.catalina.core.ApplicationFilterChain.doFilter(ApplicationFilterChain.java:140) ~[tomcat-embed-core-10.1.42.jar:10.1.42]
	at org.springframework.web.filter.RequestContextFilter.doFilterInternal(RequestContextFilter.java:100) ~[spring-web-6.1.21.jar:6.1.21]
	at org.springframework.web.filter.OncePerRequestFilter.doFilter(OncePerRequestFilter.java:116) ~[spring-web-6.1.21.jar:6.1.21]
	at org.apache.catalina.core.ApplicationFilterChain.internalDoFilter(ApplicationFilterChain.java:164) ~[tomcat-embed-core-10.1.42.jar:10.1.42]
	at org.apache.catalina.core.ApplicationFilterChain.doFilter(ApplicationFilterChain.java:140) ~[tomcat-embed-core-10.1.42.jar:10.1.42]
	at org.springframework.web.filter.FormContentFilter.doFilterInternal(FormContentFilter.java:93) ~[spring-web-6.1.21.jar:6.1.21]
	at org.springframework.web.filter.OncePerRequestFilter.doFilter(OncePerRequestFilter.java:116) ~[spring-web-6.1.21.jar:6.1.21]
	at org.apache.catalina.core.ApplicationFilterChain.internalDoFilter(ApplicationFilterChain.java:164) ~[tomcat-embed-core-10.1.42.jar:10.1.42]
	at org.apache.catalina.core.ApplicationFilterChain.doFilter(ApplicationFilterChain.java:140) ~[tomcat-embed-core-10.1.42.jar:10.1.42]
	at org.springframework.web.filter.CharacterEncodingFilter.doFilterInternal(CharacterEncodingFilter.java:201) ~[spring-web-6.1.21.jar:6.1.21]
	at org.springframework.web.filter.OncePerRequestFilter.doFilter(OncePerRequestFilter.java:116) ~[spring-web-6.1.21.jar:6.1.21]
	at org.apache.catalina.core.ApplicationFilterChain.internalDoFilter(ApplicationFilterChain.java:164) ~[tomcat-embed-core-10.1.42.jar:10.1.42]
	at org.apache.catalina.core.ApplicationFilterChain.doFilter(ApplicationFilterChain.java:140) ~[tomcat-embed-core-10.1.42.jar:10.1.42]
	at com.example.firstapp.filter.RateLimitFilter.doFilterInternal(RateLimitFilter.java:161) ~[classes/:na]
	at org.springframework.web.filter.OncePerRequestFilter.doFilter(OncePerRequestFilter.java:116) ~[spring-web-6.1.21.jar:6.1.21]
	at org.apache.catalina.core.ApplicationFilterChain.internalDoFilter(ApplicationFilterChain.java:164) ~[tomcat-embed-core-10.1.42.jar:10.1.42]
	at org.apache.catalina.core.ApplicationFilterChain.doFilter(ApplicationFilterChain.java:140) ~[tomcat-embed-core-10.1.42.jar:10.1.42]
	at org.apache.catalina.core.StandardWrapperValve.invoke(StandardWrapperValve.java:167) ~[tomcat-embed-core-10.1.42.jar:10.1.42]
	at org.apache.catalina.core.StandardContextValve.invoke(StandardContextValve.java:90) ~[tomcat-embed-core-10.1.42.jar:10.1.42]
	at org.apache.catalina.authenticator.AuthenticatorBase.invoke(AuthenticatorBase.java:483) ~[tomcat-embed-core-10.1.42.jar:10.1.42]
	at org.apache.catalina.core.StandardHostValve.invoke(StandardHostValve.java:116) ~[tomcat-embed-core-10.1.42.jar:10.1.42]
	at org.apache.catalina.valves.ErrorReportValve.invoke(ErrorReportValve.java:93) ~[tomcat-embed-core-10.1.42.jar:10.1.42]
	at org.apache.catalina.core.StandardEngineValve.invoke(StandardEngineValve.java:74) ~[tomcat-embed-core-10.1.42.jar:10.1.42]
	at org.apache.catalina.connector.CoyoteAdapter.service(CoyoteAdapter.java:344) ~[tomcat-embed-core-10.1.42.jar:10.1.42]
	at org.apache.coyote.http11.Http11Processor.service(Http11Processor.java:398) ~[tomcat-embed-core-10.1.42.jar:10.1.42]
	at org.apache.coyote.AbstractProcessorLight.process(AbstractProcessorLight.java:63) ~[tomcat-embed-core-10.1.42.jar:10.1.42]
	at org.apache.coyote.AbstractProtocol$ConnectionHandler.process(AbstractProtocol.java:903) ~[tomcat-embed-core-10.1.42.jar:10.1.42]
	at org.apache.tomcat.util.net.NioEndpoint$SocketProcessor.doRun(NioEndpoint.java:1769) ~[tomcat-embed-core-10.1.42.jar:10.1.42]
	at org.apache.tomcat.util.net.SocketProcessorBase.run(SocketProcessorBase.java:52) ~[tomcat-embed-core-10.1.42.jar:10.1.42]
	at org.apache.tomcat.util.threads.ThreadPoolExecutor.runWorker(ThreadPoolExecutor.java:1189) ~[tomcat-embed-core-10.1.42.jar:10.1.42]
	at org.apache.tomcat.util.threads.ThreadPoolExecutor$Worker.run(ThreadPoolExecutor.java:658) ~[tomcat-embed-core-10.1.42.jar:10.1.42]
	at org.apache.tomcat.util.threads.TaskThread$WrappingRunnable.run(TaskThread.java:63) ~[tomcat-embed-core-10.1.42.jar:10.1.42]
	at java.base/java.lang.Thread.run(Thread.java:1474) ~[na:na]
Caused by: java.lang.NumberFormatException: For input string: "me"
	at java.base/java.lang.NumberFormatException.forInputString(NumberFormatException.java:67) ~[na:na]
	at java.base/java.lang.Long.parseLong(Long.java:594) ~[na:na]
	at java.base/java.lang.Long.valueOf(Long.java:950) ~[na:na]
	at org.springframework.util.NumberUtils.parseNumber(NumberUtils.java:206) ~[spring-core-6.1.21.jar:6.1.21]
	at org.springframework.beans.propertyeditors.CustomNumberEditor.setAsText(CustomNumberEditor.java:115) ~[spring-beans-6.1.21.jar:6.1.21]
	at org.springframework.beans.TypeConverterDelegate.doConvertTextValue(TypeConverterDelegate.java:439) ~[spring-beans-6.1.21.jar:6.1.21]
	at org.springframework.beans.TypeConverterDelegate.doConvertValue(TypeConverterDelegate.java:412) ~[spring-beans-6.1.21.jar:6.1.21]
	at org.springframework.beans.TypeConverterDelegate.convertIfNecessary(TypeConverterDelegate.java:161) ~[spring-beans-6.1.21.jar:6.1.21]
	at org.springframework.beans.TypeConverterSupport.convertIfNecessary(TypeConverterSupport.java:80) ~[spring-beans-6.1.21.jar:6.1.21]
	at org.springframework.beans.TypeConverterSupport.convertIfNecessary(TypeConverterSupport.java:53) ~[spring-beans-6.1.21.jar:6.1.21]
	at org.springframework.validation.DataBinder.convertIfNecessary(DataBinder.java:858) ~[spring-context-6.1.21.jar:6.1.21]
	at org.springframework.web.method.annotation.AbstractNamedValueMethodArgumentResolver.convertIfNecessary(AbstractNamedValueMethodArgumentResolver.java:293) ~[spring-web-6.1.21.jar:6.1.21]
	... 99 common frames omitted
2026-09-12 13:04:42.795  WARN 16796 --- [nio-8080-exec-6] .m.m.a.ExceptionHandlerExceptionResolver : Resolved [org.springframework.web.method.annotation.MethodArgumentTypeMismatchException: Method parameter 'id': Failed to convert value of type 'java.lang.String' to required type 'java.lang.Long'; For input string: "me"]
2026-09-12 13:04:53.713 DEBUG 16796 --- [nio-8080-exec-1] o.s.security.web.FilterChainProxy        : Securing GET /api/v1/members/me/educations
2026-09-12 13:04:53.716 DEBUG 16796 --- [nio-8080-exec-1] org.hibernate.SQL                        : 
    select
        u1_0.id,
        u1_0.is_active,
        u1_0.created_at,
        u1_0.email,
        u1_0.failed_attempts,
        u1_0.last_login_at,
        u1_0.lock_time,
        u1_0.is_locked,
        u1_0.password,
        u1_0.role,
        u1_0.updated_at,
        u1_0.username 
    from
        users u1_0 
    where
        u1_0.email=?
2026-09-12 13:04:53.720 DEBUG 16796 --- [nio-8080-exec-1] o.s.security.web.FilterChainProxy        : Secured GET /api/v1/members/me/educations
2026-09-12 13:04:53.722 DEBUG 16796 --- [nio-8080-exec-1] org.hibernate.SQL                        : 
    select
        m1_0.id 
    from
        members m1_0 
    where
        m1_0.user_id=?
2026-09-12 13:04:53.726 DEBUG 16796 --- [nio-8080-exec-1] org.hibernate.SQL                        : 
    select
        me1_0.id,
        me1_0.degree,
        me1_0.description,
        me1_0.end_date,
        me1_0.field_of_study,
        me1_0.institution_name,
        me1_0.member_id,
        me1_0.start_date 
    from
        member_educations me1_0 
    where
        me1_0.member_id=? 
    order by
        me1_0.start_date desc
2026-09-12 14:49:39.467  WARN 16796 --- [ool housekeeper] com.zaxxer.hikari.pool.HikariPool        : BusinessAppHikariPool - Thread starvation or clock leap detected (housekeeper delta=1h39m25s903ms869µs400ns).
2026-09-12 15:25:56.710  WARN 16796 --- [ool housekeeper] com.zaxxer.hikari.pool.HikariPool        : BusinessAppHikariPool - Thread starvation or clock leap detected (housekeeper delta=35m17s227ms605µs200ns).
2026-09-12 15:45:21.697  INFO 16796 --- [   File Watcher] rtingClassPathChangeChangedEventListener : Restarting due to 2 class path changes (0 additions, 0 deletions, 2 modifications)
2026-09-12 15:45:22.535  INFO 16796 --- [     Thread-117] j.LocalContainerEntityManagerFactoryBean : Closing JPA EntityManagerFactory for persistence unit 'default'
2026-09-12 15:45:22.677  INFO 16796 --- [     Thread-117] com.zaxxer.hikari.HikariDataSource       : BusinessAppHikariPool - Shutdown initiated...
2026-09-12 15:45:22.762  INFO 16796 --- [     Thread-117] com.zaxxer.hikari.HikariDataSource       : BusinessAppHikariPool - Shutdown completed.
2026-09-12 15:45:25.771  INFO 16796 --- [  restartedMain] c.e.firstapp.FirstappApplication         : Starting FirstappApplication using Java 25.0.3 with PID 16796 (E:\firstapp\firstapp\target\classes started by Dell in E:\firstapp\firstapp)
2026-09-12 15:45:25.772  INFO 16796 --- [  restartedMain] c.e.firstapp.FirstappApplication         : No active profile set, falling back to 1 default profile: "default"
2026-09-12 15:45:26.757  INFO 16796 --- [  restartedMain] .s.d.r.c.RepositoryConfigurationDelegate : Bootstrapping Spring Data JPA repositories in DEFAULT mode.
2026-09-12 15:45:26.824  INFO 16796 --- [  restartedMain] .s.d.r.c.RepositoryConfigurationDelegate : Finished Spring Data repository scanning in 66 ms. Found 8 JPA repository interfaces.
2026-09-12 15:45:27.167  INFO 16796 --- [  restartedMain] o.s.b.w.e.tomcat.TomcatWebServer         : Tomcat initialized with port 8080 (http)
2026-09-12 15:45:27.174  INFO 16796 --- [  restartedMain] o.a.catalina.core.StandardService        : Starting service [Tomcat]
2026-09-12 15:45:27.174  INFO 16796 --- [  restartedMain] o.a.catalina.core.StandardEngine         : Starting Servlet engine: [Apache Tomcat/10.1.42]
2026-09-12 15:45:27.270  INFO 16796 --- [  restartedMain] o.a.c.c.C.[Tomcat].[localhost].[/]       : Initializing Spring embedded WebApplicationContext
2026-09-12 15:45:27.270  INFO 16796 --- [  restartedMain] w.s.c.ServletWebServerApplicationContext : Root WebApplicationContext: initialization completed in 1483 ms
2026-09-12 15:45:27.315 DEBUG 16796 --- [  restartedMain] com.zaxxer.hikari.HikariConfig           : Driver class com.mysql.cj.jdbc.Driver found in Thread context class loader TomcatEmbeddedWebappClassLoader
  context: ROOT
  delegate: true
----------> Parent Classloader:
org.springframework.boot.devtools.restart.classloader.RestartClassLoader@4657ecf8

2026-09-12 15:45:27.383  INFO 16796 --- [  restartedMain] o.h.jpa.internal.util.LogHelper          : HHH000204: Processing PersistenceUnitInfo [name: default]
2026-09-12 15:45:27.386  INFO 16796 --- [  restartedMain] o.h.c.i.RegionFactoryInitiator           : HHH000026: Second-level cache disabled
2026-09-12 15:45:27.412  INFO 16796 --- [  restartedMain] o.s.o.j.p.SpringPersistenceUnitInfo      : No LoadTimeWeaver setup: ignoring JPA class transformer
2026-09-12 15:45:27.415 DEBUG 16796 --- [  restartedMain] com.zaxxer.hikari.HikariConfig           : BusinessAppHikariPool - configuration:
2026-09-12 15:45:27.417 DEBUG 16796 --- [  restartedMain] com.zaxxer.hikari.HikariConfig           : allowPoolSuspension.............false
2026-09-12 15:45:27.418 DEBUG 16796 --- [  restartedMain] com.zaxxer.hikari.HikariConfig           : autoCommit......................true
2026-09-12 15:45:27.418 DEBUG 16796 --- [  restartedMain] com.zaxxer.hikari.HikariConfig           : catalog.........................none
2026-09-12 15:45:27.418 DEBUG 16796 --- [  restartedMain] com.zaxxer.hikari.HikariConfig           : connectionInitSql...............none
2026-09-12 15:45:27.418 DEBUG 16796 --- [  restartedMain] com.zaxxer.hikari.HikariConfig           : connectionTestQuery............."SELECT 1"
2026-09-12 15:45:27.419 DEBUG 16796 --- [  restartedMain] com.zaxxer.hikari.HikariConfig           : connectionTimeout...............20000
2026-09-12 15:45:27.419 DEBUG 16796 --- [  restartedMain] com.zaxxer.hikari.HikariConfig           : dataSource......................none
2026-09-12 15:45:27.419 DEBUG 16796 --- [  restartedMain] com.zaxxer.hikari.HikariConfig           : dataSourceClassName.............none
2026-09-12 15:45:27.419 DEBUG 16796 --- [  restartedMain] com.zaxxer.hikari.HikariConfig           : dataSourceJNDI..................none
2026-09-12 15:45:27.420 DEBUG 16796 --- [  restartedMain] com.zaxxer.hikari.HikariConfig           : dataSourceProperties............{password=<masked>}
2026-09-12 15:45:27.420 DEBUG 16796 --- [  restartedMain] com.zaxxer.hikari.HikariConfig           : driverClassName................."com.mysql.cj.jdbc.Driver"
2026-09-12 15:45:27.420 DEBUG 16796 --- [  restartedMain] com.zaxxer.hikari.HikariConfig           : exceptionOverrideClassName......none
2026-09-12 15:45:27.420 DEBUG 16796 --- [  restartedMain] com.zaxxer.hikari.HikariConfig           : healthCheckProperties...........{}
2026-09-12 15:45:27.421 DEBUG 16796 --- [  restartedMain] com.zaxxer.hikari.HikariConfig           : healthCheckRegistry.............none
2026-09-12 15:45:27.423 DEBUG 16796 --- [  restartedMain] com.zaxxer.hikari.HikariConfig           : idleTimeout.....................600000
2026-09-12 15:45:27.423 DEBUG 16796 --- [  restartedMain] com.zaxxer.hikari.HikariConfig           : initializationFailTimeout.......1
2026-09-12 15:45:27.424 DEBUG 16796 --- [  restartedMain] com.zaxxer.hikari.HikariConfig           : isolateInternalQueries..........false
2026-09-12 15:45:27.424 DEBUG 16796 --- [  restartedMain] com.zaxxer.hikari.HikariConfig           : jdbcUrl.........................jdbc:mysql://localhost:3306/businessapp?createDatabaseIfNotExist=true&useSSL=false&serverTimezone=UTC&allowPublicKeyRetrieval=true
2026-09-12 15:45:27.424 DEBUG 16796 --- [  restartedMain] com.zaxxer.hikari.HikariConfig           : keepaliveTime...................0
2026-09-12 15:45:27.425 DEBUG 16796 --- [  restartedMain] com.zaxxer.hikari.HikariConfig           : leakDetectionThreshold..........0
2026-09-12 15:45:27.425 DEBUG 16796 --- [  restartedMain] com.zaxxer.hikari.HikariConfig           : maxLifetime.....................1800000
2026-09-12 15:45:27.428 DEBUG 16796 --- [  restartedMain] com.zaxxer.hikari.HikariConfig           : maximumPoolSize.................10
2026-09-12 15:45:27.428 DEBUG 16796 --- [  restartedMain] com.zaxxer.hikari.HikariConfig           : metricRegistry..................none
2026-09-12 15:45:27.428 DEBUG 16796 --- [  restartedMain] com.zaxxer.hikari.HikariConfig           : metricsTrackerFactory...........none
2026-09-12 15:45:27.428 DEBUG 16796 --- [  restartedMain] com.zaxxer.hikari.HikariConfig           : minimumIdle.....................5
2026-09-12 15:45:27.429 DEBUG 16796 --- [  restartedMain] com.zaxxer.hikari.HikariConfig           : password........................<masked>
2026-09-12 15:45:27.429 DEBUG 16796 --- [  restartedMain] com.zaxxer.hikari.HikariConfig           : poolName........................"BusinessAppHikariPool"
2026-09-12 15:45:27.430 DEBUG 16796 --- [  restartedMain] com.zaxxer.hikari.HikariConfig           : readOnly........................false
2026-09-12 15:45:27.430 DEBUG 16796 --- [  restartedMain] com.zaxxer.hikari.HikariConfig           : registerMbeans..................false
2026-09-12 15:45:27.430 DEBUG 16796 --- [  restartedMain] com.zaxxer.hikari.HikariConfig           : scheduledExecutor...............none
2026-09-12 15:45:27.430 DEBUG 16796 --- [  restartedMain] com.zaxxer.hikari.HikariConfig           : schema..........................none
2026-09-12 15:45:27.430 DEBUG 16796 --- [  restartedMain] com.zaxxer.hikari.HikariConfig           : threadFactory...................internal
2026-09-12 15:45:27.431 DEBUG 16796 --- [  restartedMain] com.zaxxer.hikari.HikariConfig           : transactionIsolation............default
2026-09-12 15:45:27.431 DEBUG 16796 --- [  restartedMain] com.zaxxer.hikari.HikariConfig           : username........................"root"
2026-09-12 15:45:27.431 DEBUG 16796 --- [  restartedMain] com.zaxxer.hikari.HikariConfig           : validationTimeout...............5000
2026-09-12 15:45:27.431  INFO 16796 --- [  restartedMain] com.zaxxer.hikari.HikariDataSource       : BusinessAppHikariPool - Starting...
2026-09-12 15:45:27.478  INFO 16796 --- [  restartedMain] com.zaxxer.hikari.pool.HikariPool        : BusinessAppHikariPool - Added connection com.mysql.cj.jdbc.ConnectionImpl@140f02d
2026-09-12 15:45:27.478  INFO 16796 --- [  restartedMain] com.zaxxer.hikari.HikariDataSource       : BusinessAppHikariPool - Start completed.
2026-09-12 15:45:27.878  INFO 16796 --- [  restartedMain] o.h.e.t.j.p.i.JtaPlatformInitiator       : HHH000489: No JTA platform available (set 'hibernate.transaction.jta.platform' to enable JTA platform integration)
2026-09-12 15:45:28.043 DEBUG 16796 --- [  restartedMain] org.hibernate.SQL                        : 
    alter table businesses 
       modify column description TEXT
2026-09-12 15:45:28.177 DEBUG 16796 --- [  restartedMain] org.hibernate.SQL                        : 
    alter table member_educations 
       modify column description TEXT
2026-09-12 15:45:28.198 DEBUG 16796 --- [  restartedMain] org.hibernate.SQL                        : 
    alter table member_experiences 
       modify column description TEXT
2026-09-12 15:45:28.226 DEBUG 16796 --- [  restartedMain] org.hibernate.SQL                        : 
    alter table members 
       modify column bio TEXT
2026-09-12 15:45:28.270 DEBUG 16796 --- [  restartedMain] org.hibernate.SQL                        : 
    alter table members 
       modify column profile_visibility enum ('CONNECTIONS_ONLY','PRIVATE','PUBLIC') not null
2026-09-12 15:45:28.304 DEBUG 16796 --- [  restartedMain] org.hibernate.SQL                        : 
    alter table members 
       modify column specialization enum ('ACCOUNTING_AUDIT','ASSET_WEALTH_MANAGEMENT','CORPORATE_FINANCE','FINTECH','INSURANCE','INVESTMENT_BANKING','OTHER','PRIVATE_EQUITY_VC','RISK_COMPLIANCE')
2026-09-12 15:45:28.335 DEBUG 16796 --- [  restartedMain] org.hibernate.SQL                        : 
    alter table opportunities 
       modify column description TEXT not null
2026-09-12 15:45:28.366 DEBUG 16796 --- [  restartedMain] org.hibernate.SQL                        : 
    alter table opportunities 
       modify column experience_level enum ('EXECUTIVE','GRADUATE','JUNIOR','MID','SENIOR') not null
2026-09-12 15:45:28.387 DEBUG 16796 --- [  restartedMain] org.hibernate.SQL                        : 
    alter table opportunities 
       modify column specialization enum ('ACCOUNTING_AUDIT','ASSET_WEALTH_MANAGEMENT','CORPORATE_FINANCE','FINTECH','INSURANCE','INVESTMENT_BANKING','OTHER','PRIVATE_EQUITY_VC','RISK_COMPLIANCE') not null
2026-09-12 15:45:28.412 DEBUG 16796 --- [  restartedMain] org.hibernate.SQL                        : 
    alter table opportunities 
       modify column status enum ('CLOSED','DRAFT','PUBLISHED') not null
2026-09-12 15:45:28.446 DEBUG 16796 --- [  restartedMain] org.hibernate.SQL                        : 
    alter table opportunities 
       modify column type enum ('CONTRACT','FULL_TIME','GIG','INTERNSHIP','PART_TIME') not null
2026-09-12 15:45:28.477 DEBUG 16796 --- [  restartedMain] org.hibernate.SQL                        : 
    alter table opportunities 
       modify column work_mode enum ('HYBRID','ONSITE','REMOTE') not null
2026-09-12 15:45:28.507 DEBUG 16796 --- [  restartedMain] org.hibernate.SQL                        : 
    alter table opportunity_qualifications 
       modify column qualification TEXT not null
2026-09-12 15:45:28.521 DEBUG 16796 --- [  restartedMain] org.hibernate.SQL                        : 
    alter table opportunity_responsibilities 
       modify column responsibility TEXT not null
2026-09-12 15:45:28.538 DEBUG 16796 --- [  restartedMain] org.hibernate.SQL                        : 
    alter table users 
       modify column role enum ('ROLE_ADMIN','ROLE_ADVISORY','ROLE_BUSINESS','ROLE_CUSTOMER','ROLE_MEMBERS') not null
2026-09-12 15:45:28.704  INFO 16796 --- [  restartedMain] j.LocalContainerEntityManagerFactoryBean : Initialized JPA EntityManagerFactory for persistence unit 'default'
2026-09-12 15:45:29.501  INFO 16796 --- [  restartedMain] o.s.b.web.servlet.RegistrationBean       : Filter disableJwtAuthFilterRegistration was not registered (disabled)
2026-09-12 15:45:29.712  INFO 16796 --- [  restartedMain] eAuthenticationProviderManagerConfigurer : Global AuthenticationManager configured with AuthenticationProvider bean with name authenticationProvider
2026-09-12 15:45:29.787  WARN 16796 --- [  restartedMain] r$InitializeUserDetailsManagerConfigurer : Global AuthenticationManager configured with an AuthenticationProvider bean. UserDetailsService beans will not be used for username/password login. Consider removing the AuthenticationProvider bean. Alternatively, consider using the UserDetailsService in a manually instantiated DaoAuthenticationProvider.
2026-09-12 15:45:31.788  INFO 16796 --- [  restartedMain] c.e.firstapp.config.AsyncConfig          : Email thread pool initialized: core=2 max=5 queue=50
2026-09-12 15:45:32.144 DEBUG 16796 --- [  restartedMain] o.s.s.web.DefaultSecurityFilterChain     : Will secure any request with filters: DisableEncodeUrlFilter, WebAsyncManagerIntegrationFilter, SecurityContextHolderFilter, HeaderWriterFilter, LogoutFilter, JwtAuthFilter, RequestCacheAwareFilter, SecurityContextHolderAwareRequestFilter, AnonymousAuthenticationFilter, SessionManagementFilter, ExceptionTranslationFilter, AuthorizationFilter
2026-09-12 15:45:32.466  INFO 16796 --- [  restartedMain] o.s.b.d.a.OptionalLiveReloadServer       : LiveReload server is running on port 35729
2026-09-12 15:45:32.517  INFO 16796 --- [  restartedMain] o.s.b.w.e.tomcat.TomcatWebServer         : Tomcat started on port 8080 (http) with context path '/'
2026-09-12 15:45:32.535  INFO 16796 --- [  restartedMain] c.e.firstapp.FirstappApplication         : Started FirstappApplication in 7.092 seconds (process running for 17214.098)
2026-09-12 15:45:32.537  INFO 16796 --- [  restartedMain] .ConditionEvaluationDeltaLoggingListener : Condition evaluation unchanged
2026-09-12 16:12:53.213  INFO 16796 --- [   File Watcher] rtingClassPathChangeChangedEventListener : Restarting due to 1 class path change (0 additions, 0 deletions, 1 modification)
2026-09-12 16:12:55.086  INFO 16796 --- [     Thread-121] j.LocalContainerEntityManagerFactoryBean : Closing JPA EntityManagerFactory for persistence unit 'default'
2026-09-12 16:12:55.360  INFO 16796 --- [     Thread-121] com.zaxxer.hikari.HikariDataSource       : BusinessAppHikariPool - Shutdown initiated...
2026-09-12 16:12:55.505  INFO 16796 --- [     Thread-121] com.zaxxer.hikari.HikariDataSource       : BusinessAppHikariPool - Shutdown completed.
2026-09-12 16:12:58.044  INFO 16796 --- [  restartedMain] c.e.firstapp.FirstappApplication         : Starting FirstappApplication using Java 25.0.3 with PID 16796 (E:\firstapp\firstapp\target\classes started by Dell in E:\firstapp\firstapp)
2026-09-12 16:12:58.046  INFO 16796 --- [  restartedMain] c.e.firstapp.FirstappApplication         : No active profile set, falling back to 1 default profile: "default"
2026-09-12 16:12:58.437  INFO 16796 --- [  restartedMain] .s.d.r.c.RepositoryConfigurationDelegate : Bootstrapping Spring Data JPA repositories in DEFAULT mode.
2026-09-12 16:12:58.526  INFO 16796 --- [  restartedMain] .s.d.r.c.RepositoryConfigurationDelegate : Finished Spring Data repository scanning in 88 ms. Found 8 JPA repository interfaces.
2026-09-12 16:12:58.740  INFO 16796 --- [  restartedMain] o.s.b.w.e.tomcat.TomcatWebServer         : Tomcat initialized with port 8080 (http)
2026-09-12 16:12:58.742  INFO 16796 --- [  restartedMain] o.a.catalina.core.StandardService        : Starting service [Tomcat]
2026-09-12 16:12:58.743  INFO 16796 --- [  restartedMain] o.a.catalina.core.StandardEngine         : Starting Servlet engine: [Apache Tomcat/10.1.42]
2026-09-12 16:12:58.856  INFO 16796 --- [  restartedMain] o.a.c.c.C.[Tomcat].[localhost].[/]       : Initializing Spring embedded WebApplicationContext
2026-09-12 16:12:58.856  INFO 16796 --- [  restartedMain] w.s.c.ServletWebServerApplicationContext : Root WebApplicationContext: initialization completed in 804 ms
2026-09-12 16:12:58.886 DEBUG 16796 --- [  restartedMain] com.zaxxer.hikari.HikariConfig           : Driver class com.mysql.cj.jdbc.Driver found in Thread context class loader TomcatEmbeddedWebappClassLoader
  context: ROOT
  delegate: true
----------> Parent Classloader:
org.springframework.boot.devtools.restart.classloader.RestartClassLoader@2726122b

2026-09-12 16:12:58.929  INFO 16796 --- [  restartedMain] o.h.jpa.internal.util.LogHelper          : HHH000204: Processing PersistenceUnitInfo [name: default]
2026-09-12 16:12:58.933  INFO 16796 --- [  restartedMain] o.h.c.i.RegionFactoryInitiator           : HHH000026: Second-level cache disabled
2026-09-12 16:12:58.954  INFO 16796 --- [  restartedMain] o.s.o.j.p.SpringPersistenceUnitInfo      : No LoadTimeWeaver setup: ignoring JPA class transformer
2026-09-12 16:12:58.956 DEBUG 16796 --- [  restartedMain] com.zaxxer.hikari.HikariConfig           : BusinessAppHikariPool - configuration:
2026-09-12 16:12:58.959 DEBUG 16796 --- [  restartedMain] com.zaxxer.hikari.HikariConfig           : allowPoolSuspension.............false
2026-09-12 16:12:58.960 DEBUG 16796 --- [  restartedMain] com.zaxxer.hikari.HikariConfig           : autoCommit......................true
2026-09-12 16:12:58.960 DEBUG 16796 --- [  restartedMain] com.zaxxer.hikari.HikariConfig           : catalog.........................none
2026-09-12 16:12:58.960 DEBUG 16796 --- [  restartedMain] com.zaxxer.hikari.HikariConfig           : connectionInitSql...............none
2026-09-12 16:12:58.961 DEBUG 16796 --- [  restartedMain] com.zaxxer.hikari.HikariConfig           : connectionTestQuery............."SELECT 1"
2026-09-12 16:12:58.961 DEBUG 16796 --- [  restartedMain] com.zaxxer.hikari.HikariConfig           : connectionTimeout...............20000
2026-09-12 16:12:58.961 DEBUG 16796 --- [  restartedMain] com.zaxxer.hikari.HikariConfig           : dataSource......................none
2026-09-12 16:12:58.961 DEBUG 16796 --- [  restartedMain] com.zaxxer.hikari.HikariConfig           : dataSourceClassName.............none
2026-09-12 16:12:58.962 DEBUG 16796 --- [  restartedMain] com.zaxxer.hikari.HikariConfig           : dataSourceJNDI..................none
2026-09-12 16:12:58.962 DEBUG 16796 --- [  restartedMain] com.zaxxer.hikari.HikariConfig           : dataSourceProperties............{password=<masked>}
2026-09-12 16:12:58.962 DEBUG 16796 --- [  restartedMain] com.zaxxer.hikari.HikariConfig           : driverClassName................."com.mysql.cj.jdbc.Driver"
2026-09-12 16:12:58.962 DEBUG 16796 --- [  restartedMain] com.zaxxer.hikari.HikariConfig           : exceptionOverrideClassName......none
2026-09-12 16:12:58.963 DEBUG 16796 --- [  restartedMain] com.zaxxer.hikari.HikariConfig           : healthCheckProperties...........{}
2026-09-12 16:12:58.963 DEBUG 16796 --- [  restartedMain] com.zaxxer.hikari.HikariConfig           : healthCheckRegistry.............none
2026-09-12 16:12:58.963 DEBUG 16796 --- [  restartedMain] com.zaxxer.hikari.HikariConfig           : idleTimeout.....................600000
2026-09-12 16:12:58.963 DEBUG 16796 --- [  restartedMain] com.zaxxer.hikari.HikariConfig           : initializationFailTimeout.......1
2026-09-12 16:12:58.963 DEBUG 16796 --- [  restartedMain] com.zaxxer.hikari.HikariConfig           : isolateInternalQueries..........false
2026-09-12 16:12:58.964 DEBUG 16796 --- [  restartedMain] com.zaxxer.hikari.HikariConfig           : jdbcUrl.........................jdbc:mysql://localhost:3306/businessapp?createDatabaseIfNotExist=true&useSSL=false&serverTimezone=UTC&allowPublicKeyRetrieval=true
2026-09-12 16:12:58.964 DEBUG 16796 --- [  restartedMain] com.zaxxer.hikari.HikariConfig           : keepaliveTime...................0
2026-09-12 16:12:58.964 DEBUG 16796 --- [  restartedMain] com.zaxxer.hikari.HikariConfig           : leakDetectionThreshold..........0
2026-09-12 16:12:58.965 DEBUG 16796 --- [  restartedMain] com.zaxxer.hikari.HikariConfig           : maxLifetime.....................1800000
2026-09-12 16:12:58.966 DEBUG 16796 --- [  restartedMain] com.zaxxer.hikari.HikariConfig           : maximumPoolSize.................10
2026-09-12 16:12:58.966 DEBUG 16796 --- [  restartedMain] com.zaxxer.hikari.HikariConfig           : metricRegistry..................none
2026-09-12 16:12:58.966 DEBUG 16796 --- [  restartedMain] com.zaxxer.hikari.HikariConfig           : metricsTrackerFactory...........none
2026-09-12 16:12:58.966 DEBUG 16796 --- [  restartedMain] com.zaxxer.hikari.HikariConfig           : minimumIdle.....................5
2026-09-12 16:12:58.967 DEBUG 16796 --- [  restartedMain] com.zaxxer.hikari.HikariConfig           : password........................<masked>
2026-09-12 16:12:58.967 DEBUG 16796 --- [  restartedMain] com.zaxxer.hikari.HikariConfig           : poolName........................"BusinessAppHikariPool"
2026-09-12 16:12:58.967 DEBUG 16796 --- [  restartedMain] com.zaxxer.hikari.HikariConfig           : readOnly........................false
2026-09-12 16:12:58.968 DEBUG 16796 --- [  restartedMain] com.zaxxer.hikari.HikariConfig           : registerMbeans..................false
2026-09-12 16:12:58.968 DEBUG 16796 --- [  restartedMain] com.zaxxer.hikari.HikariConfig           : scheduledExecutor...............none
2026-09-12 16:12:58.968 DEBUG 16796 --- [  restartedMain] com.zaxxer.hikari.HikariConfig           : schema..........................none
2026-09-12 16:12:58.968 DEBUG 16796 --- [  restartedMain] com.zaxxer.hikari.HikariConfig           : threadFactory...................internal
2026-09-12 16:12:58.968 DEBUG 16796 --- [  restartedMain] com.zaxxer.hikari.HikariConfig           : transactionIsolation............default
2026-09-12 16:12:58.970 DEBUG 16796 --- [  restartedMain] com.zaxxer.hikari.HikariConfig           : username........................"root"
2026-09-12 16:12:58.970 DEBUG 16796 --- [  restartedMain] com.zaxxer.hikari.HikariConfig           : validationTimeout...............5000
2026-09-12 16:12:58.970  INFO 16796 --- [  restartedMain] com.zaxxer.hikari.HikariDataSource       : BusinessAppHikariPool - Starting...
2026-09-12 16:12:59.140  INFO 16796 --- [  restartedMain] com.zaxxer.hikari.pool.HikariPool        : BusinessAppHikariPool - Added connection com.mysql.cj.jdbc.ConnectionImpl@208c2453
2026-09-12 16:12:59.142  INFO 16796 --- [  restartedMain] com.zaxxer.hikari.HikariDataSource       : BusinessAppHikariPool - Start completed.
2026-09-12 16:12:59.501  INFO 16796 --- [  restartedMain] o.h.e.t.j.p.i.JtaPlatformInitiator       : HHH000489: No JTA platform available (set 'hibernate.transaction.jta.platform' to enable JTA platform integration)
2026-09-12 16:12:59.627 DEBUG 16796 --- [  restartedMain] org.hibernate.SQL                        : 
    alter table businesses 
       modify column description TEXT
2026-09-12 16:12:59.783 DEBUG 16796 --- [  restartedMain] org.hibernate.SQL                        : 
    alter table member_educations 
       modify column description TEXT
2026-09-12 16:12:59.810 DEBUG 16796 --- [  restartedMain] org.hibernate.SQL                        : 
    alter table member_experiences 
       modify column description TEXT
2026-09-12 16:12:59.831 DEBUG 16796 --- [  restartedMain] org.hibernate.SQL                        : 
    alter table members 
       modify column bio TEXT
2026-09-12 16:12:59.885 DEBUG 16796 --- [  restartedMain] org.hibernate.SQL                        : 
    alter table members 
       modify column profile_visibility enum ('CONNECTIONS_ONLY','PRIVATE','PUBLIC') not null
2026-09-12 16:13:00.056 DEBUG 16796 --- [  restartedMain] org.hibernate.SQL                        : 
    alter table members 
       modify column specialization enum ('ACCOUNTING_AUDIT','ASSET_WEALTH_MANAGEMENT','CORPORATE_FINANCE','FINTECH','INSURANCE','INVESTMENT_BANKING','OTHER','PRIVATE_EQUITY_VC','RISK_COMPLIANCE')
2026-09-12 16:13:00.149 DEBUG 16796 --- [  restartedMain] org.hibernate.SQL                        : 
    alter table opportunities 
       modify column description TEXT not null
2026-09-12 16:13:00.188 DEBUG 16796 --- [  restartedMain] org.hibernate.SQL                        : 
    alter table opportunities 
       modify column experience_level enum ('EXECUTIVE','GRADUATE','JUNIOR','MID','SENIOR') not null
2026-09-12 16:13:00.225 DEBUG 16796 --- [  restartedMain] org.hibernate.SQL                        : 
    alter table opportunities 
       modify column specialization enum ('ACCOUNTING_AUDIT','ASSET_WEALTH_MANAGEMENT','CORPORATE_FINANCE','FINTECH','INSURANCE','INVESTMENT_BANKING','OTHER','PRIVATE_EQUITY_VC','RISK_COMPLIANCE') not null
2026-09-12 16:13:00.258 DEBUG 16796 --- [  restartedMain] org.hibernate.SQL                        : 
    alter table opportunities 
       modify column status enum ('CLOSED','DRAFT','PUBLISHED') not null
2026-09-12 16:13:00.289 DEBUG 16796 --- [  restartedMain] org.hibernate.SQL                        : 
    alter table opportunities 
       modify column type enum ('CONTRACT','FULL_TIME','GIG','INTERNSHIP','PART_TIME') not null
2026-09-12 16:13:00.322 DEBUG 16796 --- [  restartedMain] org.hibernate.SQL                        : 
    alter table opportunities 
       modify column work_mode enum ('HYBRID','ONSITE','REMOTE') not null
2026-09-12 16:13:00.351 DEBUG 16796 --- [  restartedMain] org.hibernate.SQL                        : 
    alter table opportunity_qualifications 
       modify column qualification TEXT not null
2026-09-12 16:13:00.364 DEBUG 16796 --- [  restartedMain] org.hibernate.SQL                        : 
    alter table opportunity_responsibilities 
       modify column responsibility TEXT not null
2026-09-12 16:13:00.379 DEBUG 16796 --- [  restartedMain] org.hibernate.SQL                        : 
    alter table users 
       modify column role enum ('ROLE_ADMIN','ROLE_ADVISORY','ROLE_BUSINESS','ROLE_CUSTOMER','ROLE_MEMBERS') not null
2026-09-12 16:13:00.546  INFO 16796 --- [  restartedMain] j.LocalContainerEntityManagerFactoryBean : Initialized JPA EntityManagerFactory for persistence unit 'default'
2026-09-12 16:13:00.733  INFO 16796 --- [  restartedMain] o.s.b.web.servlet.RegistrationBean       : Filter disableJwtAuthFilterRegistration was not registered (disabled)
2026-09-12 16:13:00.795  INFO 16796 --- [  restartedMain] eAuthenticationProviderManagerConfigurer : Global AuthenticationManager configured with AuthenticationProvider bean with name authenticationProvider
2026-09-12 16:13:00.795  WARN 16796 --- [  restartedMain] r$InitializeUserDetailsManagerConfigurer : Global AuthenticationManager configured with an AuthenticationProvider bean. UserDetailsService beans will not be used for username/password login. Consider removing the AuthenticationProvider bean. Alternatively, consider using the UserDetailsService in a manually instantiated DaoAuthenticationProvider.
2026-09-12 16:13:00.948  WARN 16796 --- [  restartedMain] ConfigServletWebServerApplicationContext : Exception encountered during context initialization - cancelling refresh attempt: org.springframework.beans.factory.UnsatisfiedDependencyException: Error creating bean with name 'memberProfileController' defined in file [E:\firstapp\firstapp\target\classes\com\example\firstapp\controller\MemberProfileController.class]: Unsatisfied dependency expressed through constructor parameter 2: Error creating bean with name 'memberEducationService': Lookup method resolution failed
2026-09-12 16:13:00.948  INFO 16796 --- [  restartedMain] j.LocalContainerEntityManagerFactoryBean : Closing JPA EntityManagerFactory for persistence unit 'default'
2026-09-12 16:13:00.948  INFO 16796 --- [  restartedMain] com.zaxxer.hikari.HikariDataSource       : BusinessAppHikariPool - Shutdown initiated...
2026-09-12 16:13:00.952  INFO 16796 --- [  restartedMain] com.zaxxer.hikari.HikariDataSource       : BusinessAppHikariPool - Shutdown completed.
2026-09-12 16:13:00.953  INFO 16796 --- [  restartedMain] o.a.catalina.core.StandardService        : Stopping service [Tomcat]
2026-09-12 16:13:00.971  INFO 16796 --- [  restartedMain] .s.b.a.l.ConditionEvaluationReportLogger : 

Error starting ApplicationContext. To display the condition evaluation report re-run your application with 'debug' enabled.
2026-09-12 16:13:00.975 ERROR 16796 --- [  restartedMain] o.s.boot.SpringApplication               : Application run failed
org.springframework.beans.factory.UnsatisfiedDependencyException: Error creating bean with name 'memberProfileController' defined in file [E:\firstapp\firstapp\target\classes\com\example\firstapp\controller\MemberProfileController.class]: Unsatisfied dependency expressed through constructor parameter 2: Error creating bean with name 'memberEducationService': Lookup method resolution failed
	at org.springframework.beans.factory.support.ConstructorResolver.createArgumentArray(ConstructorResolver.java:795) ~[spring-beans-6.1.21.jar:6.1.21]
	at org.springframework.beans.factory.support.ConstructorResolver.autowireConstructor(ConstructorResolver.java:237) ~[spring-beans-6.1.21.jar:6.1.21]
	at org.springframework.beans.factory.support.AbstractAutowireCapableBeanFactory.autowireConstructor(AbstractAutowireCapableBeanFactory.java:1375) ~[spring-beans-6.1.21.jar:6.1.21]
	at org.springframework.beans.factory.support.AbstractAutowireCapableBeanFactory.createBeanInstance(AbstractAutowireCapableBeanFactory.java:1212) ~[spring-beans-6.1.21.jar:6.1.21]
	at org.springframework.beans.factory.support.AbstractAutowireCapableBeanFactory.doCreateBean(AbstractAutowireCapableBeanFactory.java:562) ~[spring-beans-6.1.21.jar:6.1.21]
	at org.springframework.beans.factory.support.AbstractAutowireCapableBeanFactory.createBean(AbstractAutowireCapableBeanFactory.java:522) ~[spring-beans-6.1.21.jar:6.1.21]
	at org.springframework.beans.factory.support.AbstractBeanFactory.lambda$doGetBean$0(AbstractBeanFactory.java:337) ~[spring-beans-6.1.21.jar:6.1.21]
	at org.springframework.beans.factory.support.DefaultSingletonBeanRegistry.getSingleton(DefaultSingletonBeanRegistry.java:234) ~[spring-beans-6.1.21.jar:6.1.21]
	at org.springframework.beans.factory.support.AbstractBeanFactory.doGetBean(AbstractBeanFactory.java:335) ~[spring-beans-6.1.21.jar:6.1.21]
	at org.springframework.beans.factory.support.AbstractBeanFactory.getBean(AbstractBeanFactory.java:200) ~[spring-beans-6.1.21.jar:6.1.21]
	at org.springframework.beans.factory.support.DefaultListableBeanFactory.preInstantiateSingletons(DefaultListableBeanFactory.java:975) ~[spring-beans-6.1.21.jar:6.1.21]
	at org.springframework.context.support.AbstractApplicationContext.finishBeanFactoryInitialization(AbstractApplicationContext.java:971) ~[spring-context-6.1.21.jar:6.1.21]
	at org.springframework.context.support.AbstractApplicationContext.refresh(AbstractApplicationContext.java:625) ~[spring-context-6.1.21.jar:6.1.21]
	at org.springframework.boot.web.servlet.context.ServletWebServerApplicationContext.refresh(ServletWebServerApplicationContext.java:146) ~[spring-boot-3.3.13.jar:3.3.13]
	at org.springframework.boot.SpringApplication.refresh(SpringApplication.java:754) ~[spring-boot-3.3.13.jar:3.3.13]
	at org.springframework.boot.SpringApplication.refreshContext(SpringApplication.java:456) ~[spring-boot-3.3.13.jar:3.3.13]
	at org.springframework.boot.SpringApplication.run(SpringApplication.java:335) ~[spring-boot-3.3.13.jar:3.3.13]
	at org.springframework.boot.SpringApplication.run(SpringApplication.java:1363) ~[spring-boot-3.3.13.jar:3.3.13]
	at org.springframework.boot.SpringApplication.run(SpringApplication.java:1352) ~[spring-boot-3.3.13.jar:3.3.13]
	at com.example.firstapp.FirstappApplication.main(FirstappApplication.java:10) ~[classes/:na]
	at java.base/jdk.internal.reflect.DirectMethodHandleAccessor.invoke(DirectMethodHandleAccessor.java:104) ~[na:na]
	at java.base/java.lang.reflect.Method.invoke(Method.java:565) ~[na:na]
	at org.springframework.boot.devtools.restart.RestartLauncher.run(RestartLauncher.java:50) ~[spring-boot-devtools-3.3.13.jar:3.3.13]
Caused by: org.springframework.beans.factory.BeanCreationException: Error creating bean with name 'memberEducationService': Lookup method resolution failed
	at org.springframework.beans.factory.annotation.AutowiredAnnotationBeanPostProcessor.checkLookupMethods(AutowiredAnnotationBeanPostProcessor.java:498) ~[spring-beans-6.1.21.jar:6.1.21]
	at org.springframework.beans.factory.annotation.AutowiredAnnotationBeanPostProcessor.determineCandidateConstructors(AutowiredAnnotationBeanPostProcessor.java:368) ~[spring-beans-6.1.21.jar:6.1.21]
	at org.springframework.beans.factory.support.AbstractAutowireCapableBeanFactory.determineConstructorsFromBeanPostProcessors(AbstractAutowireCapableBeanFactory.java:1314) ~[spring-beans-6.1.21.jar:6.1.21]
	at org.springframework.beans.factory.support.AbstractAutowireCapableBeanFactory.createBeanInstance(AbstractAutowireCapableBeanFactory.java:1209) ~[spring-beans-6.1.21.jar:6.1.21]
	at org.springframework.beans.factory.support.AbstractAutowireCapableBeanFactory.doCreateBean(AbstractAutowireCapableBeanFactory.java:562) ~[spring-beans-6.1.21.jar:6.1.21]
	at org.springframework.beans.factory.support.AbstractAutowireCapableBeanFactory.createBean(AbstractAutowireCapableBeanFactory.java:522) ~[spring-beans-6.1.21.jar:6.1.21]
	at org.springframework.beans.factory.support.AbstractBeanFactory.lambda$doGetBean$0(AbstractBeanFactory.java:337) ~[spring-beans-6.1.21.jar:6.1.21]
	at org.springframework.beans.factory.support.DefaultSingletonBeanRegistry.getSingleton(DefaultSingletonBeanRegistry.java:234) ~[spring-beans-6.1.21.jar:6.1.21]
	at org.springframework.beans.factory.support.AbstractBeanFactory.doGetBean(AbstractBeanFactory.java:335) ~[spring-beans-6.1.21.jar:6.1.21]
	at org.springframework.beans.factory.support.AbstractBeanFactory.getBean(AbstractBeanFactory.java:200) ~[spring-beans-6.1.21.jar:6.1.21]
	at org.springframework.beans.factory.config.DependencyDescriptor.resolveCandidate(DependencyDescriptor.java:254) ~[spring-beans-6.1.21.jar:6.1.21]
	at org.springframework.beans.factory.support.DefaultListableBeanFactory.doResolveDependency(DefaultListableBeanFactory.java:1448) ~[spring-beans-6.1.21.jar:6.1.21]
	at org.springframework.beans.factory.support.DefaultListableBeanFactory.resolveDependency(DefaultListableBeanFactory.java:1358) ~[spring-beans-6.1.21.jar:6.1.21]
	at org.springframework.beans.factory.support.ConstructorResolver.resolveAutowiredArgument(ConstructorResolver.java:904) ~[spring-beans-6.1.21.jar:6.1.21]
	at org.springframework.beans.factory.support.ConstructorResolver.createArgumentArray(ConstructorResolver.java:782) ~[spring-beans-6.1.21.jar:6.1.21]
	... 22 common frames omitted
Caused by: java.lang.IllegalStateException: Failed to introspect Class [com.example.firstapp.service.Member.MemberEducationService] from ClassLoader [org.springframework.boot.devtools.restart.classloader.RestartClassLoader@2726122b]
	at org.springframework.util.ReflectionUtils.getDeclaredMethods(ReflectionUtils.java:483) ~[spring-core-6.1.21.jar:6.1.21]
	at org.springframework.util.ReflectionUtils.doWithLocalMethods(ReflectionUtils.java:320) ~[spring-core-6.1.21.jar:6.1.21]
	at org.springframework.beans.factory.annotation.AutowiredAnnotationBeanPostProcessor.checkLookupMethods(AutowiredAnnotationBeanPostProcessor.java:476) ~[spring-beans-6.1.21.jar:6.1.21]
	... 36 common frames omitted
Caused by: java.lang.NoClassDefFoundError: User
	at java.base/java.lang.Class.getDeclaredMethods0(Native Method) ~[na:na]
	at java.base/java.lang.Class.privateGetDeclaredMethods(Class.java:3010) ~[na:na]
	at java.base/java.lang.Class.getDeclaredMethods(Class.java:2329) ~[na:na]
	at org.springframework.util.ReflectionUtils.getDeclaredMethods(ReflectionUtils.java:465) ~[spring-core-6.1.21.jar:6.1.21]
	... 38 common frames omitted
Caused by: java.lang.ClassNotFoundException: User
	at java.base/jdk.internal.loader.BuiltinClassLoader.loadClass(BuiltinClassLoader.java:580) ~[na:na]
	at java.base/java.lang.ClassLoader.loadClass(ClassLoader.java:490) ~[na:na]
	at java.base/java.lang.Class.forName0(Native Method) ~[na:na]
	at java.base/java.lang.Class.forName(Class.java:547) ~[na:na]
	at org.springframework.boot.devtools.restart.classloader.RestartClassLoader.loadClass(RestartClassLoader.java:121) ~[spring-boot-devtools-3.3.13.jar:3.3.13]
	at java.base/java.lang.ClassLoader.loadClass(ClassLoader.java:490) ~[na:na]
	... 42 common frames omitted
2026-09-12 16:14:16.037  INFO 16796 --- [  restartedMain] c.e.firstapp.FirstappApplication         : Starting FirstappApplication using Java 25.0.3 with PID 16796 (E:\firstapp\firstapp\target\classes started by Dell in E:\firstapp\firstapp)
2026-09-12 16:14:16.040  INFO 16796 --- [  restartedMain] c.e.firstapp.FirstappApplication         : No active profile set, falling back to 1 default profile: "default"
2026-09-12 16:14:16.639  INFO 16796 --- [  restartedMain] .s.d.r.c.RepositoryConfigurationDelegate : Bootstrapping Spring Data JPA repositories in DEFAULT mode.
2026-09-12 16:14:16.741  INFO 16796 --- [  restartedMain] .s.d.r.c.RepositoryConfigurationDelegate : Finished Spring Data repository scanning in 100 ms. Found 8 JPA repository interfaces.
2026-09-12 16:14:16.980  INFO 16796 --- [  restartedMain] o.s.b.w.e.tomcat.TomcatWebServer         : Tomcat initialized with port 8080 (http)
2026-09-12 16:14:16.985  INFO 16796 --- [  restartedMain] o.a.catalina.core.StandardService        : Starting service [Tomcat]
2026-09-12 16:14:16.986  INFO 16796 --- [  restartedMain] o.a.catalina.core.StandardEngine         : Starting Servlet engine: [Apache Tomcat/10.1.42]
2026-09-12 16:14:17.083  INFO 16796 --- [  restartedMain] o.a.c.c.C.[Tomcat-1].[localhost].[/]     : Initializing Spring embedded WebApplicationContext
2026-09-12 16:14:17.083  INFO 16796 --- [  restartedMain] w.s.c.ServletWebServerApplicationContext : Root WebApplicationContext: initialization completed in 1023 ms
2026-09-12 16:14:17.104 DEBUG 16796 --- [  restartedMain] com.zaxxer.hikari.HikariConfig           : Driver class com.mysql.cj.jdbc.Driver found in Thread context class loader TomcatEmbeddedWebappClassLoader
  context: ROOT
  delegate: true
----------> Parent Classloader:
org.springframework.boot.devtools.restart.classloader.RestartClassLoader@3f499d5e

2026-09-12 16:14:17.145  INFO 16796 --- [  restartedMain] o.h.jpa.internal.util.LogHelper          : HHH000204: Processing PersistenceUnitInfo [name: default]
2026-09-12 16:14:17.146  INFO 16796 --- [  restartedMain] o.h.c.i.RegionFactoryInitiator           : HHH000026: Second-level cache disabled
2026-09-12 16:14:17.162  INFO 16796 --- [  restartedMain] o.s.o.j.p.SpringPersistenceUnitInfo      : No LoadTimeWeaver setup: ignoring JPA class transformer
2026-09-12 16:14:17.163 DEBUG 16796 --- [  restartedMain] com.zaxxer.hikari.HikariConfig           : BusinessAppHikariPool - configuration:
2026-09-12 16:14:17.165 DEBUG 16796 --- [  restartedMain] com.zaxxer.hikari.HikariConfig           : allowPoolSuspension.............false
2026-09-12 16:14:17.166 DEBUG 16796 --- [  restartedMain] com.zaxxer.hikari.HikariConfig           : autoCommit......................true
2026-09-12 16:14:17.166 DEBUG 16796 --- [  restartedMain] com.zaxxer.hikari.HikariConfig           : catalog.........................none
2026-09-12 16:14:17.166 DEBUG 16796 --- [  restartedMain] com.zaxxer.hikari.HikariConfig           : connectionInitSql...............none
2026-09-12 16:14:17.166 DEBUG 16796 --- [  restartedMain] com.zaxxer.hikari.HikariConfig           : connectionTestQuery............."SELECT 1"
2026-09-12 16:14:17.166 DEBUG 16796 --- [  restartedMain] com.zaxxer.hikari.HikariConfig           : connectionTimeout...............20000
2026-09-12 16:14:17.166 DEBUG 16796 --- [  restartedMain] com.zaxxer.hikari.HikariConfig           : dataSource......................none
2026-09-12 16:14:17.167 DEBUG 16796 --- [  restartedMain] com.zaxxer.hikari.HikariConfig           : dataSourceClassName.............none
2026-09-12 16:14:17.167 DEBUG 16796 --- [  restartedMain] com.zaxxer.hikari.HikariConfig           : dataSourceJNDI..................none
2026-09-12 16:14:17.167 DEBUG 16796 --- [  restartedMain] com.zaxxer.hikari.HikariConfig           : dataSourceProperties............{password=<masked>}
2026-09-12 16:14:17.167 DEBUG 16796 --- [  restartedMain] com.zaxxer.hikari.HikariConfig           : driverClassName................."com.mysql.cj.jdbc.Driver"
2026-09-12 16:14:17.167 DEBUG 16796 --- [  restartedMain] com.zaxxer.hikari.HikariConfig           : exceptionOverrideClassName......none
2026-09-12 16:14:17.167 DEBUG 16796 --- [  restartedMain] com.zaxxer.hikari.HikariConfig           : healthCheckProperties...........{}
2026-09-12 16:14:17.168 DEBUG 16796 --- [  restartedMain] com.zaxxer.hikari.HikariConfig           : healthCheckRegistry.............none
2026-09-12 16:14:17.168 DEBUG 16796 --- [  restartedMain] com.zaxxer.hikari.HikariConfig           : idleTimeout.....................600000
2026-09-12 16:14:17.168 DEBUG 16796 --- [  restartedMain] com.zaxxer.hikari.HikariConfig           : initializationFailTimeout.......1
2026-09-12 16:14:17.170 DEBUG 16796 --- [  restartedMain] com.zaxxer.hikari.HikariConfig           : isolateInternalQueries..........false
2026-09-12 16:14:17.170 DEBUG 16796 --- [  restartedMain] com.zaxxer.hikari.HikariConfig           : jdbcUrl.........................jdbc:mysql://localhost:3306/businessapp?createDatabaseIfNotExist=true&useSSL=false&serverTimezone=UTC&allowPublicKeyRetrieval=true
2026-09-12 16:14:17.170 DEBUG 16796 --- [  restartedMain] com.zaxxer.hikari.HikariConfig           : keepaliveTime...................0
2026-09-12 16:14:17.171 DEBUG 16796 --- [  restartedMain] com.zaxxer.hikari.HikariConfig           : leakDetectionThreshold..........0
2026-09-12 16:14:17.171 DEBUG 16796 --- [  restartedMain] com.zaxxer.hikari.HikariConfig           : maxLifetime.....................1800000
2026-09-12 16:14:17.172 DEBUG 16796 --- [  restartedMain] com.zaxxer.hikari.HikariConfig           : maximumPoolSize.................10
2026-09-12 16:14:17.172 DEBUG 16796 --- [  restartedMain] com.zaxxer.hikari.HikariConfig           : metricRegistry..................none
2026-09-12 16:14:17.173 DEBUG 16796 --- [  restartedMain] com.zaxxer.hikari.HikariConfig           : metricsTrackerFactory...........none
2026-09-12 16:14:17.173 DEBUG 16796 --- [  restartedMain] com.zaxxer.hikari.HikariConfig           : minimumIdle.....................5
2026-09-12 16:14:17.173 DEBUG 16796 --- [  restartedMain] com.zaxxer.hikari.HikariConfig           : password........................<masked>
2026-09-12 16:14:17.173 DEBUG 16796 --- [  restartedMain] com.zaxxer.hikari.HikariConfig           : poolName........................"BusinessAppHikariPool"
2026-09-12 16:14:17.174 DEBUG 16796 --- [  restartedMain] com.zaxxer.hikari.HikariConfig           : readOnly........................false
2026-09-12 16:14:17.174 DEBUG 16796 --- [  restartedMain] com.zaxxer.hikari.HikariConfig           : registerMbeans..................false
2026-09-12 16:14:17.174 DEBUG 16796 --- [  restartedMain] com.zaxxer.hikari.HikariConfig           : scheduledExecutor...............none
2026-09-12 16:14:17.174 DEBUG 16796 --- [  restartedMain] com.zaxxer.hikari.HikariConfig           : schema..........................none
2026-09-12 16:14:17.175 DEBUG 16796 --- [  restartedMain] com.zaxxer.hikari.HikariConfig           : threadFactory...................internal
2026-09-12 16:14:17.176 DEBUG 16796 --- [  restartedMain] com.zaxxer.hikari.HikariConfig           : transactionIsolation............default
2026-09-12 16:14:17.177 DEBUG 16796 --- [  restartedMain] com.zaxxer.hikari.HikariConfig           : username........................"root"
2026-09-12 16:14:17.177 DEBUG 16796 --- [  restartedMain] com.zaxxer.hikari.HikariConfig           : validationTimeout...............5000
2026-09-12 16:14:17.177  INFO 16796 --- [  restartedMain] com.zaxxer.hikari.HikariDataSource       : BusinessAppHikariPool - Starting...
2026-09-12 16:14:17.191  INFO 16796 --- [  restartedMain] com.zaxxer.hikari.pool.HikariPool        : BusinessAppHikariPool - Added connection com.mysql.cj.jdbc.ConnectionImpl@368ef57e
2026-09-12 16:14:17.192  INFO 16796 --- [  restartedMain] com.zaxxer.hikari.HikariDataSource       : BusinessAppHikariPool - Start completed.
2026-09-12 16:14:17.475  INFO 16796 --- [  restartedMain] o.h.e.t.j.p.i.JtaPlatformInitiator       : HHH000489: No JTA platform available (set 'hibernate.transaction.jta.platform' to enable JTA platform integration)
2026-09-12 16:14:17.519 DEBUG 16796 --- [  restartedMain] org.hibernate.SQL                        : 
    alter table businesses 
       modify column description TEXT
2026-09-12 16:14:17.733 DEBUG 16796 --- [  restartedMain] org.hibernate.SQL                        : 
    alter table member_educations 
       modify column description TEXT
2026-09-12 16:14:17.919 DEBUG 16796 --- [  restartedMain] org.hibernate.SQL                        : 
    alter table member_experiences 
       modify column description TEXT
2026-09-12 16:14:17.942 DEBUG 16796 --- [  restartedMain] org.hibernate.SQL                        : 
    alter table members 
       modify column bio TEXT
2026-09-12 16:14:18.057 DEBUG 16796 --- [  restartedMain] org.hibernate.SQL                        : 
    alter table members 
       modify column profile_visibility enum ('CONNECTIONS_ONLY','PRIVATE','PUBLIC') not null
2026-09-12 16:14:18.115 DEBUG 16796 --- [  restartedMain] org.hibernate.SQL                        : 
    alter table members 
       modify column specialization enum ('ACCOUNTING_AUDIT','ASSET_WEALTH_MANAGEMENT','CORPORATE_FINANCE','FINTECH','INSURANCE','INVESTMENT_BANKING','OTHER','PRIVATE_EQUITY_VC','RISK_COMPLIANCE')
2026-09-12 16:14:18.182 DEBUG 16796 --- [  restartedMain] org.hibernate.SQL                        : 
    alter table opportunities 
       modify column description TEXT not null
2026-09-12 16:14:18.241 DEBUG 16796 --- [  restartedMain] org.hibernate.SQL                        : 
    alter table opportunities 
       modify column experience_level enum ('EXECUTIVE','GRADUATE','JUNIOR','MID','SENIOR') not null
2026-09-12 16:14:18.285 DEBUG 16796 --- [  restartedMain] org.hibernate.SQL                        : 
    alter table opportunities 
       modify column specialization enum ('ACCOUNTING_AUDIT','ASSET_WEALTH_MANAGEMENT','CORPORATE_FINANCE','FINTECH','INSURANCE','INVESTMENT_BANKING','OTHER','PRIVATE_EQUITY_VC','RISK_COMPLIANCE') not null
2026-09-12 16:14:18.323 DEBUG 16796 --- [  restartedMain] org.hibernate.SQL                        : 
    alter table opportunities 
       modify column status enum ('CLOSED','DRAFT','PUBLISHED') not null
2026-09-12 16:14:18.355 DEBUG 16796 --- [  restartedMain] org.hibernate.SQL                        : 
    alter table opportunities 
       modify column type enum ('CONTRACT','FULL_TIME','GIG','INTERNSHIP','PART_TIME') not null
2026-09-12 16:14:18.398 DEBUG 16796 --- [  restartedMain] org.hibernate.SQL                        : 
    alter table opportunities 
       modify column work_mode enum ('HYBRID','ONSITE','REMOTE') not null
2026-09-12 16:14:18.432 DEBUG 16796 --- [  restartedMain] org.hibernate.SQL                        : 
    alter table opportunity_qualifications 
       modify column qualification TEXT not null
2026-09-12 16:14:18.443 DEBUG 16796 --- [  restartedMain] org.hibernate.SQL                        : 
    alter table opportunity_responsibilities 
       modify column responsibility TEXT not null
2026-09-12 16:14:18.458 DEBUG 16796 --- [  restartedMain] org.hibernate.SQL                        : 
    alter table users 
       modify column role enum ('ROLE_ADMIN','ROLE_ADVISORY','ROLE_BUSINESS','ROLE_CUSTOMER','ROLE_MEMBERS') not null
2026-09-12 16:14:18.619  INFO 16796 --- [  restartedMain] j.LocalContainerEntityManagerFactoryBean : Initialized JPA EntityManagerFactory for persistence unit 'default'
2026-09-12 16:14:19.024  INFO 16796 --- [  restartedMain] o.s.b.web.servlet.RegistrationBean       : Filter disableJwtAuthFilterRegistration was not registered (disabled)
2026-09-12 16:14:19.123  INFO 16796 --- [  restartedMain] eAuthenticationProviderManagerConfigurer : Global AuthenticationManager configured with AuthenticationProvider bean with name authenticationProvider
2026-09-12 16:14:19.126  WARN 16796 --- [  restartedMain] r$InitializeUserDetailsManagerConfigurer : Global AuthenticationManager configured with an AuthenticationProvider bean. UserDetailsService beans will not be used for username/password login. Consider removing the AuthenticationProvider bean. Alternatively, consider using the UserDetailsService in a manually instantiated DaoAuthenticationProvider.
2026-09-12 16:14:19.679  INFO 16796 --- [  restartedMain] c.e.firstapp.config.AsyncConfig          : Email thread pool initialized: core=2 max=5 queue=50
2026-09-12 16:14:19.794 DEBUG 16796 --- [  restartedMain] o.s.s.web.DefaultSecurityFilterChain     : Will secure any request with filters: DisableEncodeUrlFilter, WebAsyncManagerIntegrationFilter, SecurityContextHolderFilter, HeaderWriterFilter, LogoutFilter, JwtAuthFilter, RequestCacheAwareFilter, SecurityContextHolderAwareRequestFilter, AnonymousAuthenticationFilter, SessionManagementFilter, ExceptionTranslationFilter, AuthorizationFilter
2026-09-12 16:14:19.879  INFO 16796 --- [  restartedMain] o.s.b.d.a.OptionalLiveReloadServer       : LiveReload server is running on port 35729
2026-09-12 16:14:19.907  INFO 16796 --- [  restartedMain] o.s.b.w.e.tomcat.TomcatWebServer         : Tomcat started on port 8080 (http) with context path '/'
2026-09-12 16:14:19.914  INFO 16796 --- [  restartedMain] c.e.firstapp.FirstappApplication         : Started FirstappApplication in 3.95 seconds (process running for 18941.477)
2026-09-12 16:14:19.916  INFO 16796 --- [  restartedMain] .ConditionEvaluationDeltaLoggingListener : Condition evaluation unchanged
2026-09-12 16:16:32.355  INFO 16796 --- [   File Watcher] rtingClassPathChangeChangedEventListener : Restarting due to 1 class path change (0 additions, 0 deletions, 1 modification)
2026-09-12 16:16:32.385  INFO 16796 --- [     Thread-125] j.LocalContainerEntityManagerFactoryBean : Closing JPA EntityManagerFactory for persistence unit 'default'
2026-09-12 16:16:32.387  INFO 16796 --- [     Thread-125] com.zaxxer.hikari.HikariDataSource       : BusinessAppHikariPool - Shutdown initiated...
2026-09-12 16:16:32.395  INFO 16796 --- [     Thread-125] com.zaxxer.hikari.HikariDataSource       : BusinessAppHikariPool - Shutdown completed.
2026-09-12 16:16:32.578  INFO 16796 --- [  restartedMain] c.e.firstapp.FirstappApplication         : Starting FirstappApplication using Java 25.0.3 with PID 16796 (E:\firstapp\firstapp\target\classes started by Dell in E:\firstapp\firstapp)
2026-09-12 16:16:32.578  INFO 16796 --- [  restartedMain] c.e.firstapp.FirstappApplication         : No active profile set, falling back to 1 default profile: "default"
2026-09-12 16:16:32.942  INFO 16796 --- [  restartedMain] .s.d.r.c.RepositoryConfigurationDelegate : Bootstrapping Spring Data JPA repositories in DEFAULT mode.
2026-09-12 16:16:32.992  INFO 16796 --- [  restartedMain] .s.d.r.c.RepositoryConfigurationDelegate : Finished Spring Data repository scanning in 49 ms. Found 8 JPA repository interfaces.
2026-09-12 16:16:33.093  INFO 16796 --- [  restartedMain] o.s.b.w.e.tomcat.TomcatWebServer         : Tomcat initialized with port 8080 (http)
2026-09-12 16:16:33.094  INFO 16796 --- [  restartedMain] o.a.catalina.core.StandardService        : Starting service [Tomcat]
2026-09-12 16:16:33.094  INFO 16796 --- [  restartedMain] o.a.catalina.core.StandardEngine         : Starting Servlet engine: [Apache Tomcat/10.1.42]
2026-09-12 16:16:33.149  INFO 16796 --- [  restartedMain] o.a.c.c.C.[Tomcat-1].[localhost].[/]     : Initializing Spring embedded WebApplicationContext
2026-09-12 16:16:33.149  INFO 16796 --- [  restartedMain] w.s.c.ServletWebServerApplicationContext : Root WebApplicationContext: initialization completed in 569 ms
2026-09-12 16:16:33.163 DEBUG 16796 --- [  restartedMain] com.zaxxer.hikari.HikariConfig           : Driver class com.mysql.cj.jdbc.Driver found in Thread context class loader TomcatEmbeddedWebappClassLoader
  context: ROOT
  delegate: true
----------> Parent Classloader:
org.springframework.boot.devtools.restart.classloader.RestartClassLoader@4b9b6497

2026-09-12 16:16:33.190  INFO 16796 --- [  restartedMain] o.h.jpa.internal.util.LogHelper          : HHH000204: Processing PersistenceUnitInfo [name: default]
2026-09-12 16:16:33.193  INFO 16796 --- [  restartedMain] o.h.c.i.RegionFactoryInitiator           : HHH000026: Second-level cache disabled
2026-09-12 16:16:33.204  INFO 16796 --- [  restartedMain] o.s.o.j.p.SpringPersistenceUnitInfo      : No LoadTimeWeaver setup: ignoring JPA class transformer
2026-09-12 16:16:33.205 DEBUG 16796 --- [  restartedMain] com.zaxxer.hikari.HikariConfig           : BusinessAppHikariPool - configuration:
2026-09-12 16:16:33.205 DEBUG 16796 --- [  restartedMain] com.zaxxer.hikari.HikariConfig           : allowPoolSuspension.............false
2026-09-12 16:16:33.206 DEBUG 16796 --- [  restartedMain] com.zaxxer.hikari.HikariConfig           : autoCommit......................true
2026-09-12 16:16:33.206 DEBUG 16796 --- [  restartedMain] com.zaxxer.hikari.HikariConfig           : catalog.........................none
2026-09-12 16:16:33.206 DEBUG 16796 --- [  restartedMain] com.zaxxer.hikari.HikariConfig           : connectionInitSql...............none
2026-09-12 16:16:33.206 DEBUG 16796 --- [  restartedMain] com.zaxxer.hikari.HikariConfig           : connectionTestQuery............."SELECT 1"
2026-09-12 16:16:33.206 DEBUG 16796 --- [  restartedMain] com.zaxxer.hikari.HikariConfig           : connectionTimeout...............20000
2026-09-12 16:16:33.206 DEBUG 16796 --- [  restartedMain] com.zaxxer.hikari.HikariConfig           : dataSource......................none
2026-09-12 16:16:33.208 DEBUG 16796 --- [  restartedMain] com.zaxxer.hikari.HikariConfig           : dataSourceClassName.............none
2026-09-12 16:16:33.208 DEBUG 16796 --- [  restartedMain] com.zaxxer.hikari.HikariConfig           : dataSourceJNDI..................none
2026-09-12 16:16:33.208 DEBUG 16796 --- [  restartedMain] com.zaxxer.hikari.HikariConfig           : dataSourceProperties............{password=<masked>}
2026-09-12 16:16:33.208 DEBUG 16796 --- [  restartedMain] com.zaxxer.hikari.HikariConfig           : driverClassName................."com.mysql.cj.jdbc.Driver"
2026-09-12 16:16:33.208 DEBUG 16796 --- [  restartedMain] com.zaxxer.hikari.HikariConfig           : exceptionOverrideClassName......none
2026-09-12 16:16:33.208 DEBUG 16796 --- [  restartedMain] com.zaxxer.hikari.HikariConfig           : healthCheckProperties...........{}
2026-09-12 16:16:33.208 DEBUG 16796 --- [  restartedMain] com.zaxxer.hikari.HikariConfig           : healthCheckRegistry.............none
2026-09-12 16:16:33.208 DEBUG 16796 --- [  restartedMain] com.zaxxer.hikari.HikariConfig           : idleTimeout.....................600000
2026-09-12 16:16:33.208 DEBUG 16796 --- [  restartedMain] com.zaxxer.hikari.HikariConfig           : initializationFailTimeout.......1
2026-09-12 16:16:33.209 DEBUG 16796 --- [  restartedMain] com.zaxxer.hikari.HikariConfig           : isolateInternalQueries..........false
2026-09-12 16:16:33.209 DEBUG 16796 --- [  restartedMain] com.zaxxer.hikari.HikariConfig           : jdbcUrl.........................jdbc:mysql://localhost:3306/businessapp?createDatabaseIfNotExist=true&useSSL=false&serverTimezone=UTC&allowPublicKeyRetrieval=true
2026-09-12 16:16:33.209 DEBUG 16796 --- [  restartedMain] com.zaxxer.hikari.HikariConfig           : keepaliveTime...................0
2026-09-12 16:16:33.209 DEBUG 16796 --- [  restartedMain] com.zaxxer.hikari.HikariConfig           : leakDetectionThreshold..........0
2026-09-12 16:16:33.209 DEBUG 16796 --- [  restartedMain] com.zaxxer.hikari.HikariConfig           : maxLifetime.....................1800000
2026-09-12 16:16:33.209 DEBUG 16796 --- [  restartedMain] com.zaxxer.hikari.HikariConfig           : maximumPoolSize.................10
2026-09-12 16:16:33.209 DEBUG 16796 --- [  restartedMain] com.zaxxer.hikari.HikariConfig           : metricRegistry..................none
2026-09-12 16:16:33.209 DEBUG 16796 --- [  restartedMain] com.zaxxer.hikari.HikariConfig           : metricsTrackerFactory...........none
2026-09-12 16:16:33.209 DEBUG 16796 --- [  restartedMain] com.zaxxer.hikari.HikariConfig           : minimumIdle.....................5
2026-09-12 16:16:33.209 DEBUG 16796 --- [  restartedMain] com.zaxxer.hikari.HikariConfig           : password........................<masked>
2026-09-12 16:16:33.210 DEBUG 16796 --- [  restartedMain] com.zaxxer.hikari.HikariConfig           : poolName........................"BusinessAppHikariPool"
2026-09-12 16:16:33.210 DEBUG 16796 --- [  restartedMain] com.zaxxer.hikari.HikariConfig           : readOnly........................false
2026-09-12 16:16:33.210 DEBUG 16796 --- [  restartedMain] com.zaxxer.hikari.HikariConfig           : registerMbeans..................false
2026-09-12 16:16:33.210 DEBUG 16796 --- [  restartedMain] com.zaxxer.hikari.HikariConfig           : scheduledExecutor...............none
2026-09-12 16:16:33.210 DEBUG 16796 --- [  restartedMain] com.zaxxer.hikari.HikariConfig           : schema..........................none
2026-09-12 16:16:33.210 DEBUG 16796 --- [  restartedMain] com.zaxxer.hikari.HikariConfig           : threadFactory...................internal
2026-09-12 16:16:33.211 DEBUG 16796 --- [  restartedMain] com.zaxxer.hikari.HikariConfig           : transactionIsolation............default
2026-09-12 16:16:33.211 DEBUG 16796 --- [  restartedMain] com.zaxxer.hikari.HikariConfig           : username........................"root"
2026-09-12 16:16:33.211 DEBUG 16796 --- [  restartedMain] com.zaxxer.hikari.HikariConfig           : validationTimeout...............5000
2026-09-12 16:16:33.211  INFO 16796 --- [  restartedMain] com.zaxxer.hikari.HikariDataSource       : BusinessAppHikariPool - Starting...
2026-09-12 16:16:33.220  INFO 16796 --- [  restartedMain] com.zaxxer.hikari.pool.HikariPool        : BusinessAppHikariPool - Added connection com.mysql.cj.jdbc.ConnectionImpl@192bf33d
2026-09-12 16:16:33.220  INFO 16796 --- [  restartedMain] com.zaxxer.hikari.HikariDataSource       : BusinessAppHikariPool - Start completed.
2026-09-12 16:16:33.499  INFO 16796 --- [  restartedMain] o.h.e.t.j.p.i.JtaPlatformInitiator       : HHH000489: No JTA platform available (set 'hibernate.transaction.jta.platform' to enable JTA platform integration)
2026-09-12 16:16:33.542 DEBUG 16796 --- [  restartedMain] org.hibernate.SQL                        : 
    alter table businesses 
       modify column description TEXT
2026-09-12 16:16:33.600 DEBUG 16796 --- [  restartedMain] org.hibernate.SQL                        : 
    alter table member_educations 
       modify column description TEXT
2026-09-12 16:16:33.618 DEBUG 16796 --- [  restartedMain] org.hibernate.SQL                        : 
    alter table member_experiences 
       modify column description TEXT
2026-09-12 16:16:33.636 DEBUG 16796 --- [  restartedMain] org.hibernate.SQL                        : 
    alter table members 
       modify column bio TEXT
2026-09-12 16:16:33.685 DEBUG 16796 --- [  restartedMain] org.hibernate.SQL                        : 
    alter table members 
       modify column profile_visibility enum ('CONNECTIONS_ONLY','PRIVATE','PUBLIC') not null
2026-09-12 16:16:33.894 DEBUG 16796 --- [  restartedMain] org.hibernate.SQL                        : 
    alter table members 
       modify column specialization enum ('ACCOUNTING_AUDIT','ASSET_WEALTH_MANAGEMENT','CORPORATE_FINANCE','FINTECH','INSURANCE','INVESTMENT_BANKING','OTHER','PRIVATE_EQUITY_VC','RISK_COMPLIANCE')
2026-09-12 16:16:34.149 DEBUG 16796 --- [  restartedMain] org.hibernate.SQL                        : 
    alter table opportunities 
       modify column description TEXT not null
2026-09-12 16:16:34.227 DEBUG 16796 --- [  restartedMain] org.hibernate.SQL                        : 
    alter table opportunities 
       modify column experience_level enum ('EXECUTIVE','GRADUATE','JUNIOR','MID','SENIOR') not null
2026-09-12 16:16:34.272 DEBUG 16796 --- [  restartedMain] org.hibernate.SQL                        : 
    alter table opportunities 
       modify column specialization enum ('ACCOUNTING_AUDIT','ASSET_WEALTH_MANAGEMENT','CORPORATE_FINANCE','FINTECH','INSURANCE','INVESTMENT_BANKING','OTHER','PRIVATE_EQUITY_VC','RISK_COMPLIANCE') not null
2026-09-12 16:16:34.311 DEBUG 16796 --- [  restartedMain] org.hibernate.SQL                        : 
    alter table opportunities 
       modify column status enum ('CLOSED','DRAFT','PUBLISHED') not null
2026-09-12 16:16:34.362 DEBUG 16796 --- [  restartedMain] org.hibernate.SQL                        : 
    alter table opportunities 
       modify column type enum ('CONTRACT','FULL_TIME','GIG','INTERNSHIP','PART_TIME') not null
2026-09-12 16:16:34.410 DEBUG 16796 --- [  restartedMain] org.hibernate.SQL                        : 
    alter table opportunities 
       modify column work_mode enum ('HYBRID','ONSITE','REMOTE') not null
2026-09-12 16:16:34.460 DEBUG 16796 --- [  restartedMain] org.hibernate.SQL                        : 
    alter table opportunity_qualifications 
       modify column qualification TEXT not null
2026-09-12 16:16:34.474 DEBUG 16796 --- [  restartedMain] org.hibernate.SQL                        : 
    alter table opportunity_responsibilities 
       modify column responsibility TEXT not null
2026-09-12 16:16:34.489 DEBUG 16796 --- [  restartedMain] org.hibernate.SQL                        : 
    alter table users 
       modify column role enum ('ROLE_ADMIN','ROLE_ADVISORY','ROLE_BUSINESS','ROLE_CUSTOMER','ROLE_MEMBERS') not null
2026-09-12 16:16:34.678  INFO 16796 --- [  restartedMain] j.LocalContainerEntityManagerFactoryBean : Initialized JPA EntityManagerFactory for persistence unit 'default'
2026-09-12 16:16:34.839  INFO 16796 --- [  restartedMain] o.s.b.web.servlet.RegistrationBean       : Filter disableJwtAuthFilterRegistration was not registered (disabled)
2026-09-12 16:16:34.915  INFO 16796 --- [  restartedMain] eAuthenticationProviderManagerConfigurer : Global AuthenticationManager configured with AuthenticationProvider bean with name authenticationProvider
2026-09-12 16:16:34.916  WARN 16796 --- [  restartedMain] r$InitializeUserDetailsManagerConfigurer : Global AuthenticationManager configured with an AuthenticationProvider bean. UserDetailsService beans will not be used for username/password login. Consider removing the AuthenticationProvider bean. Alternatively, consider using the UserDetailsService in a manually instantiated DaoAuthenticationProvider.
2026-09-12 16:16:35.172  INFO 16796 --- [  restartedMain] c.e.firstapp.config.AsyncConfig          : Email thread pool initialized: core=2 max=5 queue=50
2026-09-12 16:16:35.283 DEBUG 16796 --- [  restartedMain] o.s.s.web.DefaultSecurityFilterChain     : Will secure any request with filters: DisableEncodeUrlFilter, WebAsyncManagerIntegrationFilter, SecurityContextHolderFilter, HeaderWriterFilter, LogoutFilter, JwtAuthFilter, RequestCacheAwareFilter, SecurityContextHolderAwareRequestFilter, AnonymousAuthenticationFilter, SessionManagementFilter, ExceptionTranslationFilter, AuthorizationFilter
2026-09-12 16:16:35.363  INFO 16796 --- [  restartedMain] o.s.b.d.a.OptionalLiveReloadServer       : LiveReload server is running on port 35729
2026-09-12 16:16:35.383  INFO 16796 --- [  restartedMain] o.s.b.w.e.tomcat.TomcatWebServer         : Tomcat started on port 8080 (http) with context path '/'
2026-09-12 16:16:35.388  INFO 16796 --- [  restartedMain] c.e.firstapp.FirstappApplication         : Started FirstappApplication in 2.848 seconds (process running for 19076.951)
2026-09-12 16:16:35.389  INFO 16796 --- [  restartedMain] .ConditionEvaluationDeltaLoggingListener : Condition evaluation unchanged
2026-09-12 16:18:34.176  INFO 16796 --- [   File Watcher] rtingClassPathChangeChangedEventListener : Restarting due to 1 class path change (0 additions, 0 deletions, 1 modification)
2026-09-12 16:18:34.204  INFO 16796 --- [     Thread-132] j.LocalContainerEntityManagerFactoryBean : Closing JPA EntityManagerFactory for persistence unit 'default'
2026-09-12 16:18:34.205  INFO 16796 --- [     Thread-132] com.zaxxer.hikari.HikariDataSource       : BusinessAppHikariPool - Shutdown initiated...
2026-09-12 16:18:34.210  INFO 16796 --- [     Thread-132] com.zaxxer.hikari.HikariDataSource       : BusinessAppHikariPool - Shutdown completed.
2026-09-12 16:18:34.455  INFO 16796 --- [  restartedMain] c.e.firstapp.FirstappApplication         : Starting FirstappApplication using Java 25.0.3 with PID 16796 (E:\firstapp\firstapp\target\classes started by Dell in E:\firstapp\firstapp)
2026-09-12 16:18:34.456  INFO 16796 --- [  restartedMain] c.e.firstapp.FirstappApplication         : No active profile set, falling back to 1 default profile: "default"
2026-09-12 16:18:35.064  INFO 16796 --- [  restartedMain] .s.d.r.c.RepositoryConfigurationDelegate : Bootstrapping Spring Data JPA repositories in DEFAULT mode.
2026-09-12 16:18:35.180  INFO 16796 --- [  restartedMain] .s.d.r.c.RepositoryConfigurationDelegate : Finished Spring Data repository scanning in 113 ms. Found 8 JPA repository interfaces.
2026-09-12 16:18:35.622  INFO 16796 --- [  restartedMain] o.s.b.w.e.tomcat.TomcatWebServer         : Tomcat initialized with port 8080 (http)
2026-09-12 16:18:35.624  INFO 16796 --- [  restartedMain] o.a.catalina.core.StandardService        : Starting service [Tomcat]
2026-09-12 16:18:35.625  INFO 16796 --- [  restartedMain] o.a.catalina.core.StandardEngine         : Starting Servlet engine: [Apache Tomcat/10.1.42]
2026-09-12 16:18:35.732  INFO 16796 --- [  restartedMain] o.a.c.c.C.[Tomcat-1].[localhost].[/]     : Initializing Spring embedded WebApplicationContext
2026-09-12 16:18:35.732  INFO 16796 --- [  restartedMain] w.s.c.ServletWebServerApplicationContext : Root WebApplicationContext: initialization completed in 1266 ms
2026-09-12 16:18:35.753 DEBUG 16796 --- [  restartedMain] com.zaxxer.hikari.HikariConfig           : Driver class com.mysql.cj.jdbc.Driver found in Thread context class loader TomcatEmbeddedWebappClassLoader
  context: ROOT
  delegate: true
----------> Parent Classloader:
org.springframework.boot.devtools.restart.classloader.RestartClassLoader@f3d23e5

2026-09-12 16:18:35.817  INFO 16796 --- [  restartedMain] o.h.jpa.internal.util.LogHelper          : HHH000204: Processing PersistenceUnitInfo [name: default]
2026-09-12 16:18:35.820  INFO 16796 --- [  restartedMain] o.h.c.i.RegionFactoryInitiator           : HHH000026: Second-level cache disabled
2026-09-12 16:18:35.830  INFO 16796 --- [  restartedMain] o.s.o.j.p.SpringPersistenceUnitInfo      : No LoadTimeWeaver setup: ignoring JPA class transformer
2026-09-12 16:18:35.832 DEBUG 16796 --- [  restartedMain] com.zaxxer.hikari.HikariConfig           : BusinessAppHikariPool - configuration:
2026-09-12 16:18:35.832 DEBUG 16796 --- [  restartedMain] com.zaxxer.hikari.HikariConfig           : allowPoolSuspension.............false
2026-09-12 16:18:35.833 DEBUG 16796 --- [  restartedMain] com.zaxxer.hikari.HikariConfig           : autoCommit......................true
2026-09-12 16:18:35.833 DEBUG 16796 --- [  restartedMain] com.zaxxer.hikari.HikariConfig           : catalog.........................none
2026-09-12 16:18:35.833 DEBUG 16796 --- [  restartedMain] com.zaxxer.hikari.HikariConfig           : connectionInitSql...............none
2026-09-12 16:18:35.833 DEBUG 16796 --- [  restartedMain] com.zaxxer.hikari.HikariConfig           : connectionTestQuery............."SELECT 1"
2026-09-12 16:18:35.833 DEBUG 16796 --- [  restartedMain] com.zaxxer.hikari.HikariConfig           : connectionTimeout...............20000
2026-09-12 16:18:35.833 DEBUG 16796 --- [  restartedMain] com.zaxxer.hikari.HikariConfig           : dataSource......................none
2026-09-12 16:18:35.834 DEBUG 16796 --- [  restartedMain] com.zaxxer.hikari.HikariConfig           : dataSourceClassName.............none
2026-09-12 16:18:35.834 DEBUG 16796 --- [  restartedMain] com.zaxxer.hikari.HikariConfig           : dataSourceJNDI..................none
2026-09-12 16:18:35.834 DEBUG 16796 --- [  restartedMain] com.zaxxer.hikari.HikariConfig           : dataSourceProperties............{password=<masked>}
2026-09-12 16:18:35.834 DEBUG 16796 --- [  restartedMain] com.zaxxer.hikari.HikariConfig           : driverClassName................."com.mysql.cj.jdbc.Driver"
2026-09-12 16:18:35.834 DEBUG 16796 --- [  restartedMain] com.zaxxer.hikari.HikariConfig           : exceptionOverrideClassName......none
2026-09-12 16:18:35.835 DEBUG 16796 --- [  restartedMain] com.zaxxer.hikari.HikariConfig           : healthCheckProperties...........{}
2026-09-12 16:18:35.835 DEBUG 16796 --- [  restartedMain] com.zaxxer.hikari.HikariConfig           : healthCheckRegistry.............none
2026-09-12 16:18:35.835 DEBUG 16796 --- [  restartedMain] com.zaxxer.hikari.HikariConfig           : idleTimeout.....................600000
2026-09-12 16:18:35.835 DEBUG 16796 --- [  restartedMain] com.zaxxer.hikari.HikariConfig           : initializationFailTimeout.......1
2026-09-12 16:18:35.835 DEBUG 16796 --- [  restartedMain] com.zaxxer.hikari.HikariConfig           : isolateInternalQueries..........false
2026-09-12 16:18:35.835 DEBUG 16796 --- [  restartedMain] com.zaxxer.hikari.HikariConfig           : jdbcUrl.........................jdbc:mysql://localhost:3306/businessapp?createDatabaseIfNotExist=true&useSSL=false&serverTimezone=UTC&allowPublicKeyRetrieval=true
2026-09-12 16:18:35.836 DEBUG 16796 --- [  restartedMain] com.zaxxer.hikari.HikariConfig           : keepaliveTime...................0
2026-09-12 16:18:35.836 DEBUG 16796 --- [  restartedMain] com.zaxxer.hikari.HikariConfig           : leakDetectionThreshold..........0
2026-09-12 16:18:35.836 DEBUG 16796 --- [  restartedMain] com.zaxxer.hikari.HikariConfig           : maxLifetime.....................1800000
2026-09-12 16:18:35.837 DEBUG 16796 --- [  restartedMain] com.zaxxer.hikari.HikariConfig           : maximumPoolSize.................10
2026-09-12 16:18:35.837 DEBUG 16796 --- [  restartedMain] com.zaxxer.hikari.HikariConfig           : metricRegistry..................none
2026-09-12 16:18:35.837 DEBUG 16796 --- [  restartedMain] com.zaxxer.hikari.HikariConfig           : metricsTrackerFactory...........none
2026-09-12 16:18:35.838 DEBUG 16796 --- [  restartedMain] com.zaxxer.hikari.HikariConfig           : minimumIdle.....................5
2026-09-12 16:18:35.838 DEBUG 16796 --- [  restartedMain] com.zaxxer.hikari.HikariConfig           : password........................<masked>
2026-09-12 16:18:35.839 DEBUG 16796 --- [  restartedMain] com.zaxxer.hikari.HikariConfig           : poolName........................"BusinessAppHikariPool"
2026-09-12 16:18:35.839 DEBUG 16796 --- [  restartedMain] com.zaxxer.hikari.HikariConfig           : readOnly........................false
2026-09-12 16:18:35.840 DEBUG 16796 --- [  restartedMain] com.zaxxer.hikari.HikariConfig           : registerMbeans..................false
2026-09-12 16:18:35.841 DEBUG 16796 --- [  restartedMain] com.zaxxer.hikari.HikariConfig           : scheduledExecutor...............none
2026-09-12 16:18:35.841 DEBUG 16796 --- [  restartedMain] com.zaxxer.hikari.HikariConfig           : schema..........................none
2026-09-12 16:18:35.841 DEBUG 16796 --- [  restartedMain] com.zaxxer.hikari.HikariConfig           : threadFactory...................internal
2026-09-12 16:18:35.841 DEBUG 16796 --- [  restartedMain] com.zaxxer.hikari.HikariConfig           : transactionIsolation............default
2026-09-12 16:18:35.842 DEBUG 16796 --- [  restartedMain] com.zaxxer.hikari.HikariConfig           : username........................"root"
2026-09-12 16:18:35.842 DEBUG 16796 --- [  restartedMain] com.zaxxer.hikari.HikariConfig           : validationTimeout...............5000
2026-09-12 16:18:35.842  INFO 16796 --- [  restartedMain] com.zaxxer.hikari.HikariDataSource       : BusinessAppHikariPool - Starting...
2026-09-12 16:18:35.855  INFO 16796 --- [  restartedMain] com.zaxxer.hikari.pool.HikariPool        : BusinessAppHikariPool - Added connection com.mysql.cj.jdbc.ConnectionImpl@231dba72
2026-09-12 16:18:35.855  INFO 16796 --- [  restartedMain] com.zaxxer.hikari.HikariDataSource       : BusinessAppHikariPool - Start completed.
2026-09-12 16:18:36.188  INFO 16796 --- [  restartedMain] o.h.e.t.j.p.i.JtaPlatformInitiator       : HHH000489: No JTA platform available (set 'hibernate.transaction.jta.platform' to enable JTA platform integration)
2026-09-12 16:18:36.219 DEBUG 16796 --- [  restartedMain] org.hibernate.SQL                        : 
    alter table businesses 
       modify column description TEXT
2026-09-12 16:18:36.265 DEBUG 16796 --- [  restartedMain] org.hibernate.SQL                        : 
    alter table member_educations 
       modify column description TEXT
2026-09-12 16:18:36.283 DEBUG 16796 --- [  restartedMain] org.hibernate.SQL                        : 
    alter table member_experiences 
       modify column description TEXT
2026-09-12 16:18:36.298 DEBUG 16796 --- [  restartedMain] org.hibernate.SQL                        : 
    alter table members 
       modify column bio TEXT
2026-09-12 16:18:36.345 DEBUG 16796 --- [  restartedMain] org.hibernate.SQL                        : 
    alter table members 
       modify column profile_visibility enum ('CONNECTIONS_ONLY','PRIVATE','PUBLIC') not null
2026-09-12 16:18:36.544 DEBUG 16796 --- [  restartedMain] org.hibernate.SQL                        : 
    alter table members 
       modify column specialization enum ('ACCOUNTING_AUDIT','ASSET_WEALTH_MANAGEMENT','CORPORATE_FINANCE','FINTECH','INSURANCE','INVESTMENT_BANKING','OTHER','PRIVATE_EQUITY_VC','RISK_COMPLIANCE')
2026-09-12 16:18:36.617 DEBUG 16796 --- [  restartedMain] org.hibernate.SQL                        : 
    alter table opportunities 
       modify column description TEXT not null
2026-09-12 16:18:36.693 DEBUG 16796 --- [  restartedMain] org.hibernate.SQL                        : 
    alter table opportunities 
       modify column experience_level enum ('EXECUTIVE','GRADUATE','JUNIOR','MID','SENIOR') not null
2026-09-12 16:18:36.756 DEBUG 16796 --- [  restartedMain] org.hibernate.SQL                        : 
    alter table opportunities 
       modify column specialization enum ('ACCOUNTING_AUDIT','ASSET_WEALTH_MANAGEMENT','CORPORATE_FINANCE','FINTECH','INSURANCE','INVESTMENT_BANKING','OTHER','PRIVATE_EQUITY_VC','RISK_COMPLIANCE') not null
2026-09-12 16:18:36.809 DEBUG 16796 --- [  restartedMain] org.hibernate.SQL                        : 
    alter table opportunities 
       modify column status enum ('CLOSED','DRAFT','PUBLISHED') not null
2026-09-12 16:18:36.868 DEBUG 16796 --- [  restartedMain] org.hibernate.SQL                        : 
    alter table opportunities 
       modify column type enum ('CONTRACT','FULL_TIME','GIG','INTERNSHIP','PART_TIME') not null
2026-09-12 16:18:36.919 DEBUG 16796 --- [  restartedMain] org.hibernate.SQL                        : 
    alter table opportunities 
       modify column work_mode enum ('HYBRID','ONSITE','REMOTE') not null
2026-09-12 16:18:36.968 DEBUG 16796 --- [  restartedMain] org.hibernate.SQL                        : 
    alter table opportunity_qualifications 
       modify column qualification TEXT not null
2026-09-12 16:18:36.985 DEBUG 16796 --- [  restartedMain] org.hibernate.SQL                        : 
    alter table opportunity_responsibilities 
       modify column responsibility TEXT not null
2026-09-12 16:18:37.003 DEBUG 16796 --- [  restartedMain] org.hibernate.SQL                        : 
    alter table users 
       modify column role enum ('ROLE_ADMIN','ROLE_ADVISORY','ROLE_BUSINESS','ROLE_CUSTOMER','ROLE_MEMBERS') not null
2026-09-12 16:18:37.194  INFO 16796 --- [  restartedMain] j.LocalContainerEntityManagerFactoryBean : Initialized JPA EntityManagerFactory for persistence unit 'default'
2026-09-12 16:18:37.391  INFO 16796 --- [  restartedMain] o.s.b.web.servlet.RegistrationBean       : Filter disableJwtAuthFilterRegistration was not registered (disabled)
2026-09-12 16:18:37.468  INFO 16796 --- [  restartedMain] eAuthenticationProviderManagerConfigurer : Global AuthenticationManager configured with AuthenticationProvider bean with name authenticationProvider
2026-09-12 16:18:37.469  WARN 16796 --- [  restartedMain] r$InitializeUserDetailsManagerConfigurer : Global AuthenticationManager configured with an AuthenticationProvider bean. UserDetailsService beans will not be used for username/password login. Consider removing the AuthenticationProvider bean. Alternatively, consider using the UserDetailsService in a manually instantiated DaoAuthenticationProvider.
2026-09-12 16:18:37.848  INFO 16796 --- [  restartedMain] c.e.firstapp.config.AsyncConfig          : Email thread pool initialized: core=2 max=5 queue=50
2026-09-12 16:18:38.003 DEBUG 16796 --- [  restartedMain] o.s.s.web.DefaultSecurityFilterChain     : Will secure any request with filters: DisableEncodeUrlFilter, WebAsyncManagerIntegrationFilter, SecurityContextHolderFilter, HeaderWriterFilter, LogoutFilter, JwtAuthFilter, RequestCacheAwareFilter, SecurityContextHolderAwareRequestFilter, AnonymousAuthenticationFilter, SessionManagementFilter, ExceptionTranslationFilter, AuthorizationFilter
2026-09-12 16:18:38.098  INFO 16796 --- [  restartedMain] o.s.b.d.a.OptionalLiveReloadServer       : LiveReload server is running on port 35729
2026-09-12 16:18:38.118  INFO 16796 --- [  restartedMain] o.s.b.w.e.tomcat.TomcatWebServer         : Tomcat started on port 8080 (http) with context path '/'
2026-09-12 16:18:38.123  INFO 16796 --- [  restartedMain] c.e.firstapp.FirstappApplication         : Started FirstappApplication in 3.761 seconds (process running for 19199.687)
2026-09-12 16:18:38.126  INFO 16796 --- [  restartedMain] .ConditionEvaluationDeltaLoggingListener : Condition evaluation unchanged
2026-09-12 16:19:27.465  INFO 16796 --- [   File Watcher] rtingClassPathChangeChangedEventListener : Restarting due to 1 class path change (0 additions, 0 deletions, 1 modification)
2026-09-12 16:19:27.502  INFO 16796 --- [     Thread-136] j.LocalContainerEntityManagerFactoryBean : Closing JPA EntityManagerFactory for persistence unit 'default'
2026-09-12 16:19:27.503  INFO 16796 --- [     Thread-136] com.zaxxer.hikari.HikariDataSource       : BusinessAppHikariPool - Shutdown initiated...
2026-09-12 16:19:27.509  INFO 16796 --- [     Thread-136] com.zaxxer.hikari.HikariDataSource       : BusinessAppHikariPool - Shutdown completed.
