2026-08-06 00:01:16.953 DEBUG 8348 --- [nio-8080-exec-8] o.s.security.web.FilterChainProxy        : Securing POST /api/v1/auth/login
2026-08-06 00:01:17.013 DEBUG 8348 --- [nio-8080-exec-8] org.hibernate.SQL                        : 
    select
        u1_0.id,
        u1_0.created_at,
        u1_0.email,
        u1_0.failed_attempts,
        u1_0.is_active,
        u1_0.is_locked,
        u1_0.last_login_at,
        u1_0.lock_time,
        u1_0.password,
        u1_0.role,
        u1_0.updated_at,
        u1_0.username 
    from
        users u1_0 
    where
        u1_0.email=?
2026-08-06 00:01:17.033 DEBUG 8348 --- [nio-8080-exec-8] o.s.security.web.FilterChainProxy        : Secured POST /api/v1/auth/login
2026-08-06 00:01:17.033  INFO 8348 --- [nio-8080-exec-8] c.e.f.controller.AuthController          : Login request received: ram@gmail.com
2026-08-06 00:01:17.033  INFO 8348 --- [nio-8080-exec-8] c.e.firstapp.service.AuthService         : Login attempt for: ram@gmail.com
2026-08-06 00:01:17.033 DEBUG 8348 --- [nio-8080-exec-8] org.hibernate.SQL                        : 
    select
        u1_0.id,
        u1_0.created_at,
        u1_0.email,
        u1_0.failed_attempts,
        u1_0.is_active,
        u1_0.is_locked,
        u1_0.last_login_at,
        u1_0.lock_time,
        u1_0.password,
        u1_0.role,
        u1_0.updated_at,
        u1_0.username 
    from
        users u1_0 
    where
        u1_0.email=?
2026-08-06 00:01:17.309 DEBUG 8348 --- [nio-8080-exec-8] o.s.s.a.d.DaoAuthenticationProvider      : Authenticated user
2026-08-06 00:01:17.309 DEBUG 8348 --- [nio-8080-exec-8] org.hibernate.SQL                        : 
    update
        users u1_0 
    set
        failed_attempts=0,
        is_locked=0,
        lock_time=null 
    where
        u1_0.email=?
2026-08-06 00:01:17.309 DEBUG 8348 --- [nio-8080-exec-8] org.hibernate.SQL                        : 
    update
        users u1_0 
    set
        last_login_at=? 
    where
        u1_0.email=?
2026-08-06 00:01:17.319 DEBUG 8348 --- [nio-8080-exec-8] org.hibernate.SQL                        : 
    select
        u1_0.id,
        u1_0.created_at,
        u1_0.email,
        u1_0.failed_attempts,
        u1_0.is_active,
        u1_0.is_locked,
        u1_0.last_login_at,
        u1_0.lock_time,
        u1_0.password,
        u1_0.role,
        u1_0.updated_at,
        u1_0.username 
    from
        users u1_0 
    where
        u1_0.email=?
2026-08-06 00:01:17.319  INFO 8348 --- [nio-8080-exec-8] c.e.firstapp.service.AuthService         : Login successful: ram@gmail.com
2026-08-06 00:01:17.556 DEBUG 8348 --- [io-8080-exec-10] o.s.security.web.FilterChainProxy        : Securing GET /api/v1/admin/users?page=0&size=20&sortBy=id&ascending=true
2026-08-06 00:01:17.565 DEBUG 8348 --- [io-8080-exec-10] org.hibernate.SQL                        : 
    select
        u1_0.id,
        u1_0.created_at,
        u1_0.email,
        u1_0.failed_attempts,
        u1_0.is_active,
        u1_0.is_locked,
        u1_0.last_login_at,
        u1_0.lock_time,
        u1_0.password,
        u1_0.role,
        u1_0.updated_at,
        u1_0.username 
    from
        users u1_0 
    where
        u1_0.email=?
2026-08-06 00:01:17.572 DEBUG 8348 --- [io-8080-exec-10] o.s.security.web.FilterChainProxy        : Secured GET /api/v1/admin/users?page=0&size=20&sortBy=id&ascending=true
2026-08-06 00:01:17.572 DEBUG 8348 --- [io-8080-exec-10] horizationManagerBeforeMethodInterceptor : Authorizing method invocation ReflectiveMethodInvocation: public org.springframework.data.domain.Page com.example.firstapp.controller.AdminUserController.listUsers(int,int,java.lang.String,boolean); target is of class [com.example.firstapp.controller.AdminUserController]
2026-08-06 00:01:17.572 DEBUG 8348 --- [io-8080-exec-10] horizationManagerBeforeMethodInterceptor : Authorized method invocation ReflectiveMethodInvocation: public org.springframework.data.domain.Page com.example.firstapp.controller.AdminUserController.listUsers(int,int,java.lang.String,boolean); target is of class [com.example.firstapp.controller.AdminUserController]
2026-08-06 00:01:17.585 DEBUG 8348 --- [io-8080-exec-10] org.hibernate.SQL                        : 
    select
        u1_0.id,
        u1_0.created_at,
        u1_0.email,
        u1_0.failed_attempts,
        u1_0.is_active,
        u1_0.is_locked,
        u1_0.last_login_at,
        u1_0.lock_time,
        u1_0.password,
        u1_0.role,
        u1_0.updated_at,
        u1_0.username 
    from
        users u1_0 
    order by
        u1_0.id,
        u1_0.id 
    limit
        ?, ?
2026-08-06 00:01:42.537 DEBUG 8348 --- [nio-8080-exec-1] o.s.security.web.FilterChainProxy        : Securing POST /api/v1/auth/forgot-password
2026-08-06 00:01:42.537 DEBUG 8348 --- [nio-8080-exec-1] org.hibernate.SQL                        : 
    select
        u1_0.id,
        u1_0.created_at,
        u1_0.email,
        u1_0.failed_attempts,
        u1_0.is_active,
        u1_0.is_locked,
        u1_0.last_login_at,
        u1_0.lock_time,
        u1_0.password,
        u1_0.role,
        u1_0.updated_at,
        u1_0.username 
    from
        users u1_0 
    where
        u1_0.email=?
2026-08-06 00:01:42.551 DEBUG 8348 --- [nio-8080-exec-1] o.s.security.web.FilterChainProxy        : Secured POST /api/v1/auth/forgot-password
2026-08-06 00:01:42.551 DEBUG 8348 --- [nio-8080-exec-1] org.hibernate.SQL                        : 
    select
        u1_0.id,
        u1_0.created_at,
        u1_0.email,
        u1_0.failed_attempts,
        u1_0.is_active,
        u1_0.is_locked,
        u1_0.last_login_at,
        u1_0.lock_time,
        u1_0.password,
        u1_0.role,
        u1_0.updated_at,
        u1_0.username 
    from
        users u1_0 
    where
        u1_0.email=?
2026-08-06 00:01:42.551 DEBUG 8348 --- [nio-8080-exec-1] org.hibernate.SQL                        : 
    select
        prt1_0.id,
        prt1_0.created_at,
        prt1_0.expires_at,
        prt1_0.token_hash,
        prt1_0.used,
        prt1_0.user_id 
    from
        password_reset_tokens prt1_0 
    where
        prt1_0.user_id=?
2026-08-06 00:01:42.820 DEBUG 8348 --- [nio-8080-exec-1] org.hibernate.SQL                        : 
    insert 
    into
        password_reset_tokens
        (created_at, expires_at, token_hash, used, user_id) 
    values
        (?, ?, ?, ?, ?)
2026-08-06 00:01:42.915  INFO 8348 --- [ email-thread-2] c.e.f.service.EmailServiceImpl           : Email sent: to=n**@gmail.com template=PASSWORD_RESET
2026-08-06 00:54:04.434  INFO 19504 --- [  restartedMain] c.e.firstapp.FirstappApplication         : Starting FirstappApplication using Java 21.0.11 with PID 19504 (E:\firstapp\firstapp\target\classes started by Dell in E:\firstapp\firstapp)
2026-08-06 00:54:04.434  INFO 19504 --- [  restartedMain] c.e.firstapp.FirstappApplication         : No active profile set, falling back to 1 default profile: "default"
2026-08-06 00:54:04.497  INFO 19504 --- [  restartedMain] .e.DevToolsPropertyDefaultsPostProcessor : Devtools property defaults active! Set 'spring.devtools.add-properties' to 'false' to disable
2026-08-06 00:54:04.497  INFO 19504 --- [  restartedMain] .e.DevToolsPropertyDefaultsPostProcessor : For additional web related logging consider setting the 'logging.level.web' property to 'DEBUG'
2026-08-06 00:54:06.226  INFO 19504 --- [  restartedMain] .s.d.r.c.RepositoryConfigurationDelegate : Bootstrapping Spring Data JPA repositories in DEFAULT mode.
2026-08-06 00:54:06.314  INFO 19504 --- [  restartedMain] .s.d.r.c.RepositoryConfigurationDelegate : Finished Spring Data repository scanning in 72 ms. Found 2 JPA repository interfaces.
2026-08-06 00:54:07.168  INFO 19504 --- [  restartedMain] o.s.b.w.e.tomcat.TomcatWebServer         : Tomcat initialized with port 8080 (http)
2026-08-06 00:54:07.193  INFO 19504 --- [  restartedMain] o.a.catalina.core.StandardService        : Starting service [Tomcat]
2026-08-06 00:54:07.194  INFO 19504 --- [  restartedMain] o.a.catalina.core.StandardEngine         : Starting Servlet engine: [Apache Tomcat/10.1.42]
2026-08-06 00:54:07.256  INFO 19504 --- [  restartedMain] o.a.c.c.C.[Tomcat].[localhost].[/]       : Initializing Spring embedded WebApplicationContext
2026-08-06 00:54:07.256  INFO 19504 --- [  restartedMain] w.s.c.ServletWebServerApplicationContext : Root WebApplicationContext: initialization completed in 2759 ms
2026-08-06 00:54:07.422  INFO 19504 --- [  restartedMain] o.h.jpa.internal.util.LogHelper          : HHH000204: Processing PersistenceUnitInfo [name: default]
2026-08-06 00:54:07.523  INFO 19504 --- [  restartedMain] org.hibernate.Version                    : HHH000412: Hibernate ORM core version 6.5.3.Final
2026-08-06 00:54:07.588  INFO 19504 --- [  restartedMain] o.h.c.i.RegionFactoryInitiator           : HHH000026: Second-level cache disabled
2026-08-06 00:54:08.002  INFO 19504 --- [  restartedMain] o.s.o.j.p.SpringPersistenceUnitInfo      : No LoadTimeWeaver setup: ignoring JPA class transformer
2026-08-06 00:54:08.044  INFO 19504 --- [  restartedMain] com.zaxxer.hikari.HikariDataSource       : BusinessAppHikariPool - Starting...
2026-08-06 00:54:08.277  INFO 19504 --- [  restartedMain] com.zaxxer.hikari.pool.HikariPool        : BusinessAppHikariPool - Added connection com.mysql.cj.jdbc.ConnectionImpl@11041c8c
2026-08-06 00:54:08.279  INFO 19504 --- [  restartedMain] com.zaxxer.hikari.HikariDataSource       : BusinessAppHikariPool - Start completed.
2026-08-06 00:54:09.237  INFO 19504 --- [  restartedMain] o.h.e.t.j.p.i.JtaPlatformInitiator       : HHH000489: No JTA platform available (set 'hibernate.transaction.jta.platform' to enable JTA platform integration)
2026-08-06 00:54:09.417 DEBUG 19504 --- [  restartedMain] org.hibernate.SQL                        : 
    alter table users 
       modify column role enum ('ROLE_ADMIN','ROLE_CUSTOMER','ROLE_MANAGER','ROLE_MEMBERS') not null
2026-08-06 00:54:09.520  INFO 19504 --- [  restartedMain] j.LocalContainerEntityManagerFactoryBean : Initialized JPA EntityManagerFactory for persistence unit 'default'
2026-08-06 00:54:09.885  INFO 19504 --- [  restartedMain] o.s.d.j.r.query.QueryEnhancerFactory     : Hibernate is in classpath; If applicable, HQL parser will be used.
2026-08-06 00:54:10.526  INFO 19504 --- [  restartedMain] o.s.b.web.servlet.RegistrationBean       : Filter disableJwtAuthFilterRegistration was not registered (disabled)
2026-08-06 00:54:10.733  INFO 19504 --- [  restartedMain] eAuthenticationProviderManagerConfigurer : Global AuthenticationManager configured with AuthenticationProvider bean with name authenticationProvider
2026-08-06 00:54:10.733  WARN 19504 --- [  restartedMain] r$InitializeUserDetailsManagerConfigurer : Global AuthenticationManager configured with an AuthenticationProvider bean. UserDetailsService beans will not be used for username/password login. Consider removing the AuthenticationProvider bean. Alternatively, consider using the UserDetailsService in a manually instantiated DaoAuthenticationProvider.
2026-08-06 00:54:10.806  INFO 19504 --- [  restartedMain] c.e.firstapp.config.AsyncConfig          : Email thread pool initialized: core=2 max=5 queue=50
2026-08-06 00:54:11.124 DEBUG 19504 --- [  restartedMain] o.s.s.web.DefaultSecurityFilterChain     : Will secure any request with filters: DisableEncodeUrlFilter, WebAsyncManagerIntegrationFilter, SecurityContextHolderFilter, HeaderWriterFilter, LogoutFilter, JwtAuthFilter, RequestCacheAwareFilter, SecurityContextHolderAwareRequestFilter, AnonymousAuthenticationFilter, SessionManagementFilter, ExceptionTranslationFilter, AuthorizationFilter
2026-08-06 00:54:11.372  INFO 19504 --- [  restartedMain] o.s.b.d.a.OptionalLiveReloadServer       : LiveReload server is running on port 35729
2026-08-06 00:54:11.408  INFO 19504 --- [  restartedMain] o.s.b.w.e.tomcat.TomcatWebServer         : Tomcat started on port 8080 (http) with context path '/'
2026-08-06 00:54:11.422  INFO 19504 --- [  restartedMain] c.e.firstapp.FirstappApplication         : Started FirstappApplication in 7.483 seconds (process running for 8.02)
2026-08-06 01:00:01.322  INFO 19504 --- [nio-8080-exec-1] o.a.c.c.C.[Tomcat].[localhost].[/]       : Initializing Spring DispatcherServlet 'dispatcherServlet'
2026-08-06 01:00:01.326  INFO 19504 --- [nio-8080-exec-1] o.s.web.servlet.DispatcherServlet        : Initializing Servlet 'dispatcherServlet'
2026-08-06 01:00:01.330  INFO 19504 --- [nio-8080-exec-1] o.s.web.servlet.DispatcherServlet        : Completed initialization in 4 ms
2026-08-06 01:00:01.452 DEBUG 19504 --- [nio-8080-exec-1] o.s.security.web.FilterChainProxy        : Securing POST /api/v1/auth/login
2026-08-06 01:00:01.879 DEBUG 19504 --- [nio-8080-exec-1] org.hibernate.SQL                        : 
    select
        u1_0.id,
        u1_0.created_at,
        u1_0.email,
        u1_0.failed_attempts,
        u1_0.is_active,
        u1_0.is_locked,
        u1_0.last_login_at,
        u1_0.lock_time,
        u1_0.password,
        u1_0.role,
        u1_0.updated_at,
        u1_0.username 
    from
        users u1_0 
    where
        u1_0.email=?
2026-08-06 01:00:02.055 DEBUG 19504 --- [nio-8080-exec-1] o.s.security.web.FilterChainProxy        : Secured POST /api/v1/auth/login
2026-08-06 01:00:02.239  INFO 19504 --- [nio-8080-exec-1] c.e.f.controller.AuthController          : Login request received: ram@gmail.com
2026-08-06 01:00:02.261  INFO 19504 --- [nio-8080-exec-1] c.e.firstapp.service.AuthService         : Login attempt for: ram@gmail.com
2026-08-06 01:00:02.562 DEBUG 19504 --- [nio-8080-exec-1] org.hibernate.SQL                        : 
    select
        u1_0.id,
        u1_0.created_at,
        u1_0.email,
        u1_0.failed_attempts,
        u1_0.is_active,
        u1_0.is_locked,
        u1_0.last_login_at,
        u1_0.lock_time,
        u1_0.password,
        u1_0.role,
        u1_0.updated_at,
        u1_0.username 
    from
        users u1_0 
    where
        u1_0.email=?
2026-08-06 01:00:02.845 DEBUG 19504 --- [nio-8080-exec-1] o.s.s.a.d.DaoAuthenticationProvider      : Authenticated user
2026-08-06 01:00:02.870 DEBUG 19504 --- [nio-8080-exec-1] org.hibernate.SQL                        : 
    update
        users u1_0 
    set
        failed_attempts=0,
        is_locked=0,
        lock_time=null 
    where
        u1_0.email=?
2026-08-06 01:00:02.885 DEBUG 19504 --- [nio-8080-exec-1] org.hibernate.SQL                        : 
    update
        users u1_0 
    set
        last_login_at=? 
    where
        u1_0.email=?
2026-08-06 01:00:02.915 DEBUG 19504 --- [nio-8080-exec-1] org.hibernate.SQL                        : 
    select
        u1_0.id,
        u1_0.created_at,
        u1_0.email,
        u1_0.failed_attempts,
        u1_0.is_active,
        u1_0.is_locked,
        u1_0.last_login_at,
        u1_0.lock_time,
        u1_0.password,
        u1_0.role,
        u1_0.updated_at,
        u1_0.username 
    from
        users u1_0 
    where
        u1_0.email=?
2026-08-06 01:00:02.940  INFO 19504 --- [nio-8080-exec-1] c.e.firstapp.service.AuthService         : Login successful: ram@gmail.com
2026-08-06 01:00:03.288 DEBUG 19504 --- [nio-8080-exec-2] o.s.security.web.FilterChainProxy        : Securing GET /api/v1/admin/users?page=0&size=20&sortBy=id&ascending=true
2026-08-06 01:00:03.292 DEBUG 19504 --- [nio-8080-exec-2] org.hibernate.SQL                        : 
    select
        u1_0.id,
        u1_0.created_at,
        u1_0.email,
        u1_0.failed_attempts,
        u1_0.is_active,
        u1_0.is_locked,
        u1_0.last_login_at,
        u1_0.lock_time,
        u1_0.password,
        u1_0.role,
        u1_0.updated_at,
        u1_0.username 
    from
        users u1_0 
    where
        u1_0.email=?
2026-08-06 01:00:03.299 DEBUG 19504 --- [nio-8080-exec-2] o.s.security.web.FilterChainProxy        : Secured GET /api/v1/admin/users?page=0&size=20&sortBy=id&ascending=true
2026-08-06 01:00:03.310 DEBUG 19504 --- [nio-8080-exec-2] horizationManagerBeforeMethodInterceptor : Authorizing method invocation ReflectiveMethodInvocation: public org.springframework.data.domain.Page com.example.firstapp.controller.AdminUserController.listUsers(int,int,java.lang.String,boolean); target is of class [com.example.firstapp.controller.AdminUserController]
2026-08-06 01:00:03.351 DEBUG 19504 --- [nio-8080-exec-2] horizationManagerBeforeMethodInterceptor : Authorized method invocation ReflectiveMethodInvocation: public org.springframework.data.domain.Page com.example.firstapp.controller.AdminUserController.listUsers(int,int,java.lang.String,boolean); target is of class [com.example.firstapp.controller.AdminUserController]
2026-08-06 01:00:03.372 DEBUG 19504 --- [nio-8080-exec-2] org.hibernate.SQL                        : 
    select
        u1_0.id,
        u1_0.created_at,
        u1_0.email,
        u1_0.failed_attempts,
        u1_0.is_active,
        u1_0.is_locked,
        u1_0.last_login_at,
        u1_0.lock_time,
        u1_0.password,
        u1_0.role,
        u1_0.updated_at,
        u1_0.username 
    from
        users u1_0 
    order by
        u1_0.id,
        u1_0.id 
    limit
        ?, ?
2026-08-06 01:00:03.391  WARN 19504 --- [nio-8080-exec-2] ration$PageModule$WarningLoggingModifier : Serializing PageImpl instances as-is is not supported, meaning that there is no guarantee about the stability of the resulting JSON structure!
	For a stable JSON structure, please use Spring Data's PagedModel (globally via @EnableSpringDataWebSupport(pageSerializationMode = VIA_DTO))
	or Spring HATEOAS and Spring Data's PagedResourcesAssembler as documented in https://docs.spring.io/spring-data/commons/reference/repositories/core-extensions.html#core.web.pageables.

2026-08-06 01:00:16.125 DEBUG 19504 --- [nio-8080-exec-3] o.s.security.web.FilterChainProxy        : Securing PATCH /api/v1/admin/users/10/status
2026-08-06 01:00:16.130 DEBUG 19504 --- [nio-8080-exec-3] org.hibernate.SQL                        : 
    select
        u1_0.id,
        u1_0.created_at,
        u1_0.email,
        u1_0.failed_attempts,
        u1_0.is_active,
        u1_0.is_locked,
        u1_0.last_login_at,
        u1_0.lock_time,
        u1_0.password,
        u1_0.role,
        u1_0.updated_at,
        u1_0.username 
    from
        users u1_0 
    where
        u1_0.email=?
2026-08-06 01:00:16.139 DEBUG 19504 --- [nio-8080-exec-3] o.s.security.web.FilterChainProxy        : Secured PATCH /api/v1/admin/users/10/status
2026-08-06 01:00:16.160 DEBUG 19504 --- [nio-8080-exec-3] horizationManagerBeforeMethodInterceptor : Authorizing method invocation ReflectiveMethodInvocation: public com.example.firstapp.dto.UserSummaryDto com.example.firstapp.controller.AdminUserController.setStatus(java.lang.Long,com.example.firstapp.dto.UpdateStatusRequest,com.example.firstapp.entity.User); target is of class [com.example.firstapp.controller.AdminUserController]
2026-08-06 01:00:16.161 DEBUG 19504 --- [nio-8080-exec-3] horizationManagerBeforeMethodInterceptor : Authorized method invocation ReflectiveMethodInvocation: public com.example.firstapp.dto.UserSummaryDto com.example.firstapp.controller.AdminUserController.setStatus(java.lang.Long,com.example.firstapp.dto.UpdateStatusRequest,com.example.firstapp.entity.User); target is of class [com.example.firstapp.controller.AdminUserController]
2026-08-06 01:00:16.174 DEBUG 19504 --- [nio-8080-exec-3] org.hibernate.SQL                        : 
    select
        u1_0.id,
        u1_0.created_at,
        u1_0.email,
        u1_0.failed_attempts,
        u1_0.is_active,
        u1_0.is_locked,
        u1_0.last_login_at,
        u1_0.lock_time,
        u1_0.password,
        u1_0.role,
        u1_0.updated_at,
        u1_0.username 
    from
        users u1_0 
    where
        u1_0.id=?
2026-08-06 01:00:16.204 DEBUG 19504 --- [nio-8080-exec-3] org.hibernate.SQL                        : 
    update
        users 
    set
        email=?,
        failed_attempts=?,
        is_active=?,
        is_locked=?,
        last_login_at=?,
        lock_time=?,
        password=?,
        role=?,
        updated_at=?,
        username=? 
    where
        id=?
2026-08-06 01:00:18.224 DEBUG 19504 --- [nio-8080-exec-5] o.s.security.web.FilterChainProxy        : Securing PATCH /api/v1/admin/users/10/status
2026-08-06 01:00:18.227 DEBUG 19504 --- [nio-8080-exec-5] org.hibernate.SQL                        : 
    select
        u1_0.id,
        u1_0.created_at,
        u1_0.email,
        u1_0.failed_attempts,
        u1_0.is_active,
        u1_0.is_locked,
        u1_0.last_login_at,
        u1_0.lock_time,
        u1_0.password,
        u1_0.role,
        u1_0.updated_at,
        u1_0.username 
    from
        users u1_0 
    where
        u1_0.email=?
2026-08-06 01:00:18.238 DEBUG 19504 --- [nio-8080-exec-5] o.s.security.web.FilterChainProxy        : Secured PATCH /api/v1/admin/users/10/status
2026-08-06 01:00:18.240 DEBUG 19504 --- [nio-8080-exec-5] horizationManagerBeforeMethodInterceptor : Authorizing method invocation ReflectiveMethodInvocation: public com.example.firstapp.dto.UserSummaryDto com.example.firstapp.controller.AdminUserController.setStatus(java.lang.Long,com.example.firstapp.dto.UpdateStatusRequest,com.example.firstapp.entity.User); target is of class [com.example.firstapp.controller.AdminUserController]
2026-08-06 01:00:18.241 DEBUG 19504 --- [nio-8080-exec-5] horizationManagerBeforeMethodInterceptor : Authorized method invocation ReflectiveMethodInvocation: public com.example.firstapp.dto.UserSummaryDto com.example.firstapp.controller.AdminUserController.setStatus(java.lang.Long,com.example.firstapp.dto.UpdateStatusRequest,com.example.firstapp.entity.User); target is of class [com.example.firstapp.controller.AdminUserController]
2026-08-06 01:00:18.242 DEBUG 19504 --- [nio-8080-exec-5] org.hibernate.SQL                        : 
    select
        u1_0.id,
        u1_0.created_at,
        u1_0.email,
        u1_0.failed_attempts,
        u1_0.is_active,
        u1_0.is_locked,
        u1_0.last_login_at,
        u1_0.lock_time,
        u1_0.password,
        u1_0.role,
        u1_0.updated_at,
        u1_0.username 
    from
        users u1_0 
    where
        u1_0.id=?
2026-08-06 01:00:18.246 DEBUG 19504 --- [nio-8080-exec-5] org.hibernate.SQL                        : 
    update
        users 
    set
        email=?,
        failed_attempts=?,
        is_active=?,
        is_locked=?,
        last_login_at=?,
        lock_time=?,
        password=?,
        role=?,
        updated_at=?,
        username=? 
    where
        id=?
2026-08-06 01:00:39.283 DEBUG 19504 --- [nio-8080-exec-7] o.s.security.web.FilterChainProxy        : Securing PATCH /api/v1/admin/users/13/status
2026-08-06 01:00:39.287 DEBUG 19504 --- [nio-8080-exec-7] org.hibernate.SQL                        : 
    select
        u1_0.id,
        u1_0.created_at,
        u1_0.email,
        u1_0.failed_attempts,
        u1_0.is_active,
        u1_0.is_locked,
        u1_0.last_login_at,
        u1_0.lock_time,
        u1_0.password,
        u1_0.role,
        u1_0.updated_at,
        u1_0.username 
    from
        users u1_0 
    where
        u1_0.email=?
2026-08-06 01:00:39.296 DEBUG 19504 --- [nio-8080-exec-7] o.s.security.web.FilterChainProxy        : Secured PATCH /api/v1/admin/users/13/status
2026-08-06 01:00:39.297 DEBUG 19504 --- [nio-8080-exec-7] horizationManagerBeforeMethodInterceptor : Authorizing method invocation ReflectiveMethodInvocation: public com.example.firstapp.dto.UserSummaryDto com.example.firstapp.controller.AdminUserController.setStatus(java.lang.Long,com.example.firstapp.dto.UpdateStatusRequest,com.example.firstapp.entity.User); target is of class [com.example.firstapp.controller.AdminUserController]
2026-08-06 01:00:39.298 DEBUG 19504 --- [nio-8080-exec-7] horizationManagerBeforeMethodInterceptor : Authorized method invocation ReflectiveMethodInvocation: public com.example.firstapp.dto.UserSummaryDto com.example.firstapp.controller.AdminUserController.setStatus(java.lang.Long,com.example.firstapp.dto.UpdateStatusRequest,com.example.firstapp.entity.User); target is of class [com.example.firstapp.controller.AdminUserController]
2026-08-06 01:00:39.301 DEBUG 19504 --- [nio-8080-exec-7] org.hibernate.SQL                        : 
    select
        u1_0.id,
        u1_0.created_at,
        u1_0.email,
        u1_0.failed_attempts,
        u1_0.is_active,
        u1_0.is_locked,
        u1_0.last_login_at,
        u1_0.lock_time,
        u1_0.password,
        u1_0.role,
        u1_0.updated_at,
        u1_0.username 
    from
        users u1_0 
    where
        u1_0.id=?
2026-08-06 01:00:39.304 DEBUG 19504 --- [nio-8080-exec-7] org.hibernate.SQL                        : 
    update
        users 
    set
        email=?,
        failed_attempts=?,
        is_active=?,
        is_locked=?,
        last_login_at=?,
        lock_time=?,
        password=?,
        role=?,
        updated_at=?,
        username=? 
    where
        id=?
2026-08-06 01:00:50.600 DEBUG 19504 --- [nio-8080-exec-9] o.s.security.web.FilterChainProxy        : Securing POST /api/v1/auth/login
2026-08-06 01:00:50.600 DEBUG 19504 --- [nio-8080-exec-9] o.s.s.w.a.AnonymousAuthenticationFilter  : Set SecurityContextHolder to anonymous SecurityContext
2026-08-06 01:00:50.600 DEBUG 19504 --- [nio-8080-exec-9] o.s.security.web.FilterChainProxy        : Secured POST /api/v1/auth/login
2026-08-06 01:00:50.606  INFO 19504 --- [nio-8080-exec-9] c.e.f.controller.AuthController          : Login request received: khemjoshi325@gmail.com
2026-08-06 01:00:50.606  INFO 19504 --- [nio-8080-exec-9] c.e.firstapp.service.AuthService         : Login attempt for: khemjoshi325@gmail.com
2026-08-06 01:00:50.606 DEBUG 19504 --- [nio-8080-exec-9] org.hibernate.SQL                        : 
    select
        u1_0.id,
        u1_0.created_at,
        u1_0.email,
        u1_0.failed_attempts,
        u1_0.is_active,
        u1_0.is_locked,
        u1_0.last_login_at,
        u1_0.lock_time,
        u1_0.password,
        u1_0.role,
        u1_0.updated_at,
        u1_0.username 
    from
        users u1_0 
    where
        u1_0.email=?
2026-08-06 01:00:50.606 DEBUG 19504 --- [nio-8080-exec-9] o.s.s.a.d.DaoAuthenticationProvider      : Failed to authenticate since user account is disabled
2026-08-06 01:00:50.635  WARN 19504 --- [nio-8080-exec-9] c.e.f.handler.GlobalExceptionHandler     : Authentication failed: User is disabled
2026-08-06 01:00:50.640  WARN 19504 --- [nio-8080-exec-9] .m.m.a.ExceptionHandlerExceptionResolver : Resolved [org.springframework.security.authentication.DisabledException: User is disabled]
2026-08-06 01:00:55.445 DEBUG 19504 --- [nio-8080-exec-1] o.s.security.web.FilterChainProxy        : Securing POST /api/v1/auth/login
2026-08-06 01:00:55.445 DEBUG 19504 --- [nio-8080-exec-1] o.s.s.w.a.AnonymousAuthenticationFilter  : Set SecurityContextHolder to anonymous SecurityContext
2026-08-06 01:00:55.446 DEBUG 19504 --- [nio-8080-exec-1] o.s.security.web.FilterChainProxy        : Secured POST /api/v1/auth/login
2026-08-06 01:00:55.447  INFO 19504 --- [nio-8080-exec-1] c.e.f.controller.AuthController          : Login request received: khemjoshi325@gmail.com
2026-08-06 01:00:55.448  INFO 19504 --- [nio-8080-exec-1] c.e.firstapp.service.AuthService         : Login attempt for: khemjoshi325@gmail.com
2026-08-06 01:00:55.451 DEBUG 19504 --- [nio-8080-exec-1] org.hibernate.SQL                        : 
    select
        u1_0.id,
        u1_0.created_at,
        u1_0.email,
        u1_0.failed_attempts,
        u1_0.is_active,
        u1_0.is_locked,
        u1_0.last_login_at,
        u1_0.lock_time,
        u1_0.password,
        u1_0.role,
        u1_0.updated_at,
        u1_0.username 
    from
        users u1_0 
    where
        u1_0.email=?
2026-08-06 01:00:55.455 DEBUG 19504 --- [nio-8080-exec-1] o.s.s.a.d.DaoAuthenticationProvider      : Failed to authenticate since user account is disabled
2026-08-06 01:00:55.456  WARN 19504 --- [nio-8080-exec-1] c.e.f.handler.GlobalExceptionHandler     : Authentication failed: User is disabled
2026-08-06 01:00:55.458  WARN 19504 --- [nio-8080-exec-1] .m.m.a.ExceptionHandlerExceptionResolver : Resolved [org.springframework.security.authentication.DisabledException: User is disabled]
2026-08-06 01:09:26.802 DEBUG 19504 --- [nio-8080-exec-4] o.s.security.web.FilterChainProxy        : Securing POST /api/v1/auth/login
2026-08-06 01:09:26.813 DEBUG 19504 --- [nio-8080-exec-4] o.s.s.w.a.AnonymousAuthenticationFilter  : Set SecurityContextHolder to anonymous SecurityContext
2026-08-06 01:09:26.814 DEBUG 19504 --- [nio-8080-exec-4] o.s.security.web.FilterChainProxy        : Secured POST /api/v1/auth/login
2026-08-06 01:09:26.836  INFO 19504 --- [nio-8080-exec-4] c.e.f.controller.AuthController          : Login request received: ram@gmail.com
2026-08-06 01:09:26.953  INFO 19504 --- [nio-8080-exec-4] c.e.firstapp.service.AuthService         : Login attempt for: ram@gmail.com
2026-08-06 01:09:26.965 DEBUG 19504 --- [nio-8080-exec-4] org.hibernate.SQL                        : 
    select
        u1_0.id,
        u1_0.created_at,
        u1_0.email,
        u1_0.failed_attempts,
        u1_0.is_active,
        u1_0.is_locked,
        u1_0.last_login_at,
        u1_0.lock_time,
        u1_0.password,
        u1_0.role,
        u1_0.updated_at,
        u1_0.username 
    from
        users u1_0 
    where
        u1_0.email=?
2026-08-06 01:09:27.289 DEBUG 19504 --- [nio-8080-exec-4] o.s.s.a.d.DaoAuthenticationProvider      : Failed to authenticate since password does not match stored value
2026-08-06 01:09:27.301 DEBUG 19504 --- [nio-8080-exec-4] org.hibernate.SQL                        : 
    select
        u1_0.id,
        u1_0.created_at,
        u1_0.email,
        u1_0.failed_attempts,
        u1_0.is_active,
        u1_0.is_locked,
        u1_0.last_login_at,
        u1_0.lock_time,
        u1_0.password,
        u1_0.role,
        u1_0.updated_at,
        u1_0.username 
    from
        users u1_0 
    where
        u1_0.email=?
2026-08-06 01:09:27.372 DEBUG 19504 --- [nio-8080-exec-4] org.hibernate.SQL                        : 
    update
        users u1_0 
    set
        failed_attempts=(u1_0.failed_attempts+1) 
    where
        u1_0.email=?
2026-08-06 01:09:27.399  WARN 19504 --- [nio-8080-exec-4] c.e.firstapp.service.AuthService         : Failed login attempt #1 for: ram@gmail.com
2026-08-06 01:09:27.442  WARN 19504 --- [nio-8080-exec-4] c.e.f.handler.GlobalExceptionHandler     : Bad request: Invalid email or password
2026-08-06 01:09:27.447  WARN 19504 --- [nio-8080-exec-4] .m.m.a.ExceptionHandlerExceptionResolver : Resolved [com.example.firstapp.exception.BadRequestException: Invalid email or password]
2026-08-06 01:09:32.169 DEBUG 19504 --- [nio-8080-exec-3] o.s.security.web.FilterChainProxy        : Securing POST /api/v1/auth/login
2026-08-06 01:09:32.170 DEBUG 19504 --- [nio-8080-exec-3] o.s.s.w.a.AnonymousAuthenticationFilter  : Set SecurityContextHolder to anonymous SecurityContext
2026-08-06 01:09:32.171 DEBUG 19504 --- [nio-8080-exec-3] o.s.security.web.FilterChainProxy        : Secured POST /api/v1/auth/login
2026-08-06 01:09:32.172  INFO 19504 --- [nio-8080-exec-3] c.e.f.controller.AuthController          : Login request received: ram@gmail.com
2026-08-06 01:09:32.174  INFO 19504 --- [nio-8080-exec-3] c.e.firstapp.service.AuthService         : Login attempt for: ram@gmail.com
2026-08-06 01:09:32.175 DEBUG 19504 --- [nio-8080-exec-3] org.hibernate.SQL                        : 
    select
        u1_0.id,
        u1_0.created_at,
        u1_0.email,
        u1_0.failed_attempts,
        u1_0.is_active,
        u1_0.is_locked,
        u1_0.last_login_at,
        u1_0.lock_time,
        u1_0.password,
        u1_0.role,
        u1_0.updated_at,
        u1_0.username 
    from
        users u1_0 
    where
        u1_0.email=?
2026-08-06 01:09:32.522 DEBUG 19504 --- [nio-8080-exec-3] o.s.s.a.d.DaoAuthenticationProvider      : Authenticated user
2026-08-06 01:09:32.525 DEBUG 19504 --- [nio-8080-exec-3] org.hibernate.SQL                        : 
    update
        users u1_0 
    set
        failed_attempts=0,
        is_locked=0,
        lock_time=null 
    where
        u1_0.email=?
2026-08-06 01:09:32.529 DEBUG 19504 --- [nio-8080-exec-3] org.hibernate.SQL                        : 
    update
        users u1_0 
    set
        last_login_at=? 
    where
        u1_0.email=?
2026-08-06 01:09:32.541 DEBUG 19504 --- [nio-8080-exec-3] org.hibernate.SQL                        : 
    select
        u1_0.id,
        u1_0.created_at,
        u1_0.email,
        u1_0.failed_attempts,
        u1_0.is_active,
        u1_0.is_locked,
        u1_0.last_login_at,
        u1_0.lock_time,
        u1_0.password,
        u1_0.role,
        u1_0.updated_at,
        u1_0.username 
    from
        users u1_0 
    where
        u1_0.email=?
2026-08-06 01:09:32.565  INFO 19504 --- [nio-8080-exec-3] c.e.firstapp.service.AuthService         : Login successful: ram@gmail.com
2026-08-06 01:09:32.889 DEBUG 19504 --- [nio-8080-exec-5] o.s.security.web.FilterChainProxy        : Securing GET /api/v1/admin/users?page=0&size=20&sortBy=id&ascending=true
2026-08-06 01:09:32.905 DEBUG 19504 --- [nio-8080-exec-5] org.hibernate.SQL                        : 
    select
        u1_0.id,
        u1_0.created_at,
        u1_0.email,
        u1_0.failed_attempts,
        u1_0.is_active,
        u1_0.is_locked,
        u1_0.last_login_at,
        u1_0.lock_time,
        u1_0.password,
        u1_0.role,
        u1_0.updated_at,
        u1_0.username 
    from
        users u1_0 
    where
        u1_0.email=?
2026-08-06 01:09:32.913 DEBUG 19504 --- [nio-8080-exec-5] o.s.security.web.FilterChainProxy        : Secured GET /api/v1/admin/users?page=0&size=20&sortBy=id&ascending=true
2026-08-06 01:09:32.918 DEBUG 19504 --- [nio-8080-exec-5] horizationManagerBeforeMethodInterceptor : Authorizing method invocation ReflectiveMethodInvocation: public org.springframework.data.domain.Page com.example.firstapp.controller.AdminUserController.listUsers(int,int,java.lang.String,boolean); target is of class [com.example.firstapp.controller.AdminUserController]
2026-08-06 01:09:32.921 DEBUG 19504 --- [nio-8080-exec-5] horizationManagerBeforeMethodInterceptor : Authorized method invocation ReflectiveMethodInvocation: public org.springframework.data.domain.Page com.example.firstapp.controller.AdminUserController.listUsers(int,int,java.lang.String,boolean); target is of class [com.example.firstapp.controller.AdminUserController]
2026-08-06 01:09:32.928 DEBUG 19504 --- [nio-8080-exec-5] org.hibernate.SQL                        : 
    select
        u1_0.id,
        u1_0.created_at,
        u1_0.email,
        u1_0.failed_attempts,
        u1_0.is_active,
        u1_0.is_locked,
        u1_0.last_login_at,
        u1_0.lock_time,
        u1_0.password,
        u1_0.role,
        u1_0.updated_at,
        u1_0.username 
    from
        users u1_0 
    order by
        u1_0.id,
        u1_0.id 
    limit
        ?, ?
2026-08-06 01:09:39.994 DEBUG 19504 --- [nio-8080-exec-7] o.s.security.web.FilterChainProxy        : Securing PATCH /api/v1/admin/users/13/status
2026-08-06 01:09:40.000 DEBUG 19504 --- [nio-8080-exec-7] org.hibernate.SQL                        : 
    select
        u1_0.id,
        u1_0.created_at,
        u1_0.email,
        u1_0.failed_attempts,
        u1_0.is_active,
        u1_0.is_locked,
        u1_0.last_login_at,
        u1_0.lock_time,
        u1_0.password,
        u1_0.role,
        u1_0.updated_at,
        u1_0.username 
    from
        users u1_0 
    where
        u1_0.email=?
2026-08-06 01:09:40.007 DEBUG 19504 --- [nio-8080-exec-7] o.s.security.web.FilterChainProxy        : Secured PATCH /api/v1/admin/users/13/status
2026-08-06 01:09:40.011 DEBUG 19504 --- [nio-8080-exec-7] horizationManagerBeforeMethodInterceptor : Authorizing method invocation ReflectiveMethodInvocation: public com.example.firstapp.dto.UserSummaryDto com.example.firstapp.controller.AdminUserController.setStatus(java.lang.Long,com.example.firstapp.dto.UpdateStatusRequest,com.example.firstapp.entity.User); target is of class [com.example.firstapp.controller.AdminUserController]
2026-08-06 01:09:40.011 DEBUG 19504 --- [nio-8080-exec-7] horizationManagerBeforeMethodInterceptor : Authorized method invocation ReflectiveMethodInvocation: public com.example.firstapp.dto.UserSummaryDto com.example.firstapp.controller.AdminUserController.setStatus(java.lang.Long,com.example.firstapp.dto.UpdateStatusRequest,com.example.firstapp.entity.User); target is of class [com.example.firstapp.controller.AdminUserController]
2026-08-06 01:09:40.016 DEBUG 19504 --- [nio-8080-exec-7] org.hibernate.SQL                        : 
    select
        u1_0.id,
        u1_0.created_at,
        u1_0.email,
        u1_0.failed_attempts,
        u1_0.is_active,
        u1_0.is_locked,
        u1_0.last_login_at,
        u1_0.lock_time,
        u1_0.password,
        u1_0.role,
        u1_0.updated_at,
        u1_0.username 
    from
        users u1_0 
    where
        u1_0.id=?
2026-08-06 01:09:40.021 DEBUG 19504 --- [nio-8080-exec-7] org.hibernate.SQL                        : 
    update
        users 
    set
        email=?,
        failed_attempts=?,
        is_active=?,
        is_locked=?,
        last_login_at=?,
        lock_time=?,
        password=?,
        role=?,
        updated_at=?,
        username=? 
    where
        id=?
2026-08-06 01:09:55.468 DEBUG 19504 --- [nio-8080-exec-9] o.s.security.web.FilterChainProxy        : Securing POST /api/v1/auth/login
2026-08-06 01:09:55.469 DEBUG 19504 --- [nio-8080-exec-9] o.s.s.w.a.AnonymousAuthenticationFilter  : Set SecurityContextHolder to anonymous SecurityContext
2026-08-06 01:09:55.470 DEBUG 19504 --- [nio-8080-exec-9] o.s.security.web.FilterChainProxy        : Secured POST /api/v1/auth/login
2026-08-06 01:09:55.472  INFO 19504 --- [nio-8080-exec-9] c.e.f.controller.AuthController          : Login request received: khemjoshi325@gmail.com
2026-08-06 01:09:55.476  INFO 19504 --- [nio-8080-exec-9] c.e.firstapp.service.AuthService         : Login attempt for: khemjoshi325@gmail.com
2026-08-06 01:09:55.479 DEBUG 19504 --- [nio-8080-exec-9] org.hibernate.SQL                        : 
    select
        u1_0.id,
        u1_0.created_at,
        u1_0.email,
        u1_0.failed_attempts,
        u1_0.is_active,
        u1_0.is_locked,
        u1_0.last_login_at,
        u1_0.lock_time,
        u1_0.password,
        u1_0.role,
        u1_0.updated_at,
        u1_0.username 
    from
        users u1_0 
    where
        u1_0.email=?
2026-08-06 01:09:55.769 DEBUG 19504 --- [nio-8080-exec-9] o.s.s.a.d.DaoAuthenticationProvider      : Authenticated user
2026-08-06 01:09:55.773 DEBUG 19504 --- [nio-8080-exec-9] org.hibernate.SQL                        : 
    update
        users u1_0 
    set
        failed_attempts=0,
        is_locked=0,
        lock_time=null 
    where
        u1_0.email=?
2026-08-06 01:09:55.776 DEBUG 19504 --- [nio-8080-exec-9] org.hibernate.SQL                        : 
    update
        users u1_0 
    set
        last_login_at=? 
    where
        u1_0.email=?
2026-08-06 01:09:55.784 DEBUG 19504 --- [nio-8080-exec-9] org.hibernate.SQL                        : 
    select
        u1_0.id,
        u1_0.created_at,
        u1_0.email,
        u1_0.failed_attempts,
        u1_0.is_active,
        u1_0.is_locked,
        u1_0.last_login_at,
        u1_0.lock_time,
        u1_0.password,
        u1_0.role,
        u1_0.updated_at,
        u1_0.username 
    from
        users u1_0 
    where
        u1_0.email=?
2026-08-06 01:09:55.831  INFO 19504 --- [nio-8080-exec-9] c.e.firstapp.service.AuthService         : Login successful: khemjoshi325@gmail.com
2026-08-06 01:10:22.336 DEBUG 19504 --- [nio-8080-exec-1] o.s.security.web.FilterChainProxy        : Securing POST /api/v1/auth/login
2026-08-06 01:10:22.337 DEBUG 19504 --- [nio-8080-exec-1] o.s.s.w.a.AnonymousAuthenticationFilter  : Set SecurityContextHolder to anonymous SecurityContext
2026-08-06 01:10:22.338 DEBUG 19504 --- [nio-8080-exec-1] o.s.security.web.FilterChainProxy        : Secured POST /api/v1/auth/login
2026-08-06 01:10:22.339  INFO 19504 --- [nio-8080-exec-1] c.e.f.controller.AuthController          : Login request received: ram@gmail.com
2026-08-06 01:10:22.341  INFO 19504 --- [nio-8080-exec-1] c.e.firstapp.service.AuthService         : Login attempt for: ram@gmail.com
2026-08-06 01:10:22.343 DEBUG 19504 --- [nio-8080-exec-1] org.hibernate.SQL                        : 
    select
        u1_0.id,
        u1_0.created_at,
        u1_0.email,
        u1_0.failed_attempts,
        u1_0.is_active,
        u1_0.is_locked,
        u1_0.last_login_at,
        u1_0.lock_time,
        u1_0.password,
        u1_0.role,
        u1_0.updated_at,
        u1_0.username 
    from
        users u1_0 
    where
        u1_0.email=?
2026-08-06 01:10:22.658 DEBUG 19504 --- [nio-8080-exec-1] o.s.s.a.d.DaoAuthenticationProvider      : Authenticated user
2026-08-06 01:10:22.661 DEBUG 19504 --- [nio-8080-exec-1] org.hibernate.SQL                        : 
    update
        users u1_0 
    set
        failed_attempts=0,
        is_locked=0,
        lock_time=null 
    where
        u1_0.email=?
2026-08-06 01:10:22.671 DEBUG 19504 --- [nio-8080-exec-1] org.hibernate.SQL                        : 
    update
        users u1_0 
    set
        last_login_at=? 
    where
        u1_0.email=?
2026-08-06 01:10:22.688 DEBUG 19504 --- [nio-8080-exec-1] org.hibernate.SQL                        : 
    select
        u1_0.id,
        u1_0.created_at,
        u1_0.email,
        u1_0.failed_attempts,
        u1_0.is_active,
        u1_0.is_locked,
        u1_0.last_login_at,
        u1_0.lock_time,
        u1_0.password,
        u1_0.role,
        u1_0.updated_at,
        u1_0.username 
    from
        users u1_0 
    where
        u1_0.email=?
2026-08-06 01:10:22.692  INFO 19504 --- [nio-8080-exec-1] c.e.firstapp.service.AuthService         : Login successful: ram@gmail.com
2026-08-06 01:10:23.135 DEBUG 19504 --- [nio-8080-exec-2] o.s.security.web.FilterChainProxy        : Securing GET /api/v1/admin/users?page=0&size=20&sortBy=id&ascending=true
2026-08-06 01:10:23.139 DEBUG 19504 --- [nio-8080-exec-2] org.hibernate.SQL                        : 
    select
        u1_0.id,
        u1_0.created_at,
        u1_0.email,
        u1_0.failed_attempts,
        u1_0.is_active,
        u1_0.is_locked,
        u1_0.last_login_at,
        u1_0.lock_time,
        u1_0.password,
        u1_0.role,
        u1_0.updated_at,
        u1_0.username 
    from
        users u1_0 
    where
        u1_0.email=?
2026-08-06 01:10:23.152 DEBUG 19504 --- [nio-8080-exec-2] o.s.security.web.FilterChainProxy        : Secured GET /api/v1/admin/users?page=0&size=20&sortBy=id&ascending=true
2026-08-06 01:10:23.152 DEBUG 19504 --- [nio-8080-exec-2] horizationManagerBeforeMethodInterceptor : Authorizing method invocation ReflectiveMethodInvocation: public org.springframework.data.domain.Page com.example.firstapp.controller.AdminUserController.listUsers(int,int,java.lang.String,boolean); target is of class [com.example.firstapp.controller.AdminUserController]
2026-08-06 01:10:23.153 DEBUG 19504 --- [nio-8080-exec-2] horizationManagerBeforeMethodInterceptor : Authorized method invocation ReflectiveMethodInvocation: public org.springframework.data.domain.Page com.example.firstapp.controller.AdminUserController.listUsers(int,int,java.lang.String,boolean); target is of class [com.example.firstapp.controller.AdminUserController]
2026-08-06 01:10:23.158 DEBUG 19504 --- [nio-8080-exec-2] org.hibernate.SQL                        : 
    select
        u1_0.id,
        u1_0.created_at,
        u1_0.email,
        u1_0.failed_attempts,
        u1_0.is_active,
        u1_0.is_locked,
        u1_0.last_login_at,
        u1_0.lock_time,
        u1_0.password,
        u1_0.role,
        u1_0.updated_at,
        u1_0.username 
    from
        users u1_0 
    order by
        u1_0.id,
        u1_0.id 
    limit
        ?, ?
2026-08-06 01:10:36.530 DEBUG 19504 --- [nio-8080-exec-3] o.s.security.web.FilterChainProxy        : Securing PATCH /api/v1/admin/users/5/status
2026-08-06 01:10:36.534 DEBUG 19504 --- [nio-8080-exec-3] org.hibernate.SQL                        : 
    select
        u1_0.id,
        u1_0.created_at,
        u1_0.email,
        u1_0.failed_attempts,
        u1_0.is_active,
        u1_0.is_locked,
        u1_0.last_login_at,
        u1_0.lock_time,
        u1_0.password,
        u1_0.role,
        u1_0.updated_at,
        u1_0.username 
    from
        users u1_0 
    where
        u1_0.email=?
2026-08-06 01:10:36.542 DEBUG 19504 --- [nio-8080-exec-3] o.s.security.web.FilterChainProxy        : Secured PATCH /api/v1/admin/users/5/status
2026-08-06 01:10:36.545 DEBUG 19504 --- [nio-8080-exec-3] horizationManagerBeforeMethodInterceptor : Authorizing method invocation ReflectiveMethodInvocation: public com.example.firstapp.dto.UserSummaryDto com.example.firstapp.controller.AdminUserController.setStatus(java.lang.Long,com.example.firstapp.dto.UpdateStatusRequest,com.example.firstapp.entity.User); target is of class [com.example.firstapp.controller.AdminUserController]
2026-08-06 01:10:36.545 DEBUG 19504 --- [nio-8080-exec-3] horizationManagerBeforeMethodInterceptor : Authorized method invocation ReflectiveMethodInvocation: public com.example.firstapp.dto.UserSummaryDto com.example.firstapp.controller.AdminUserController.setStatus(java.lang.Long,com.example.firstapp.dto.UpdateStatusRequest,com.example.firstapp.entity.User); target is of class [com.example.firstapp.controller.AdminUserController]
2026-08-06 01:10:36.547 DEBUG 19504 --- [nio-8080-exec-3] org.hibernate.SQL                        : 
    select
        u1_0.id,
        u1_0.created_at,
        u1_0.email,
        u1_0.failed_attempts,
        u1_0.is_active,
        u1_0.is_locked,
        u1_0.last_login_at,
        u1_0.lock_time,
        u1_0.password,
        u1_0.role,
        u1_0.updated_at,
        u1_0.username 
    from
        users u1_0 
    where
        u1_0.id=?
2026-08-06 01:10:36.555 ERROR 19504 --- [nio-8080-exec-3] c.e.f.handler.GlobalExceptionHandler     : Unexpected error at /api/v1/admin/users/5/status: An admin cannot deactivate themselves
com.example.firstapp.exception.IllegalOperationException: An admin cannot deactivate themselves
	at com.example.firstapp.service.AdminUserService.setActive(AdminUserService.java:42)
	at java.base/jdk.internal.reflect.DirectMethodHandleAccessor.invoke(Unknown Source)
	at java.base/java.lang.reflect.Method.invoke(Unknown Source)
	at org.springframework.aop.support.AopUtils.invokeJoinpointUsingReflection(AopUtils.java:355)
	at org.springframework.aop.framework.ReflectiveMethodInvocation.invokeJoinpoint(ReflectiveMethodInvocation.java:196)
	at org.springframework.aop.framework.ReflectiveMethodInvocation.proceed(ReflectiveMethodInvocation.java:163)
	at org.springframework.aop.framework.CglibAopProxy$CglibMethodInvocation.proceed(CglibAopProxy.java:769)
	at org.springframework.transaction.interceptor.TransactionAspectSupport.invokeWithinTransaction(TransactionAspectSupport.java:379)
	at org.springframework.transaction.interceptor.TransactionInterceptor.invoke(TransactionInterceptor.java:119)
	at org.springframework.aop.framework.ReflectiveMethodInvocation.proceed(ReflectiveMethodInvocation.java:184)
	at org.springframework.aop.framework.CglibAopProxy$CglibMethodInvocation.proceed(CglibAopProxy.java:769)
	at org.springframework.aop.framework.CglibAopProxy$DynamicAdvisedInterceptor.intercept(CglibAopProxy.java:721)
	at com.example.firstapp.service.AdminUserService$$SpringCGLIB$$0.setActive(<generated>)
	at com.example.firstapp.controller.AdminUserController.setStatus(AdminUserController.java:76)
	at java.base/jdk.internal.reflect.DirectMethodHandleAccessor.invoke(Unknown Source)
	at java.base/java.lang.reflect.Method.invoke(Unknown Source)
	at org.springframework.aop.support.AopUtils.invokeJoinpointUsingReflection(AopUtils.java:355)
	at org.springframework.aop.framework.ReflectiveMethodInvocation.invokeJoinpoint(ReflectiveMethodInvocation.java:196)
	at org.springframework.aop.framework.ReflectiveMethodInvocation.proceed(ReflectiveMethodInvocation.java:163)
	at org.springframework.aop.framework.CglibAopProxy$CglibMethodInvocation.proceed(CglibAopProxy.java:769)
	at org.springframework.security.authorization.method.AuthorizationManagerBeforeMethodInterceptor.proceed(AuthorizationManagerBeforeMethodInterceptor.java:269)
	at org.springframework.security.authorization.method.AuthorizationManagerBeforeMethodInterceptor.attemptAuthorization(AuthorizationManagerBeforeMethodInterceptor.java:264)
	at org.springframework.security.authorization.method.AuthorizationManagerBeforeMethodInterceptor.invoke(AuthorizationManagerBeforeMethodInterceptor.java:197)
	at org.springframework.security.config.annotation.method.configuration.DeferringMethodInterceptor.invoke(DeferringMethodInterceptor.java:44)
	at org.springframework.aop.framework.ReflectiveMethodInvocation.proceed(ReflectiveMethodInvocation.java:184)
	at org.springframework.aop.framework.CglibAopProxy$CglibMethodInvocation.proceed(CglibAopProxy.java:769)
	at org.springframework.aop.framework.CglibAopProxy$DynamicAdvisedInterceptor.intercept(CglibAopProxy.java:721)
	at com.example.firstapp.controller.AdminUserController$$SpringCGLIB$$0.setStatus(<generated>)
	at java.base/jdk.internal.reflect.DirectMethodHandleAccessor.invoke(Unknown Source)
	at java.base/java.lang.reflect.Method.invoke(Unknown Source)
	at org.springframework.web.method.support.InvocableHandlerMethod.doInvoke(InvocableHandlerMethod.java:255)
	at org.springframework.web.method.support.InvocableHandlerMethod.invokeForRequest(InvocableHandlerMethod.java:188)
	at org.springframework.web.servlet.mvc.method.annotation.ServletInvocableHandlerMethod.invokeAndHandle(ServletInvocableHandlerMethod.java:118)
	at org.springframework.web.servlet.mvc.method.annotation.RequestMappingHandlerAdapter.invokeHandlerMethod(RequestMappingHandlerAdapter.java:926)
	at org.springframework.web.servlet.mvc.method.annotation.RequestMappingHandlerAdapter.handleInternal(RequestMappingHandlerAdapter.java:831)
	at org.springframework.web.servlet.mvc.method.AbstractHandlerMethodAdapter.handle(AbstractHandlerMethodAdapter.java:87)
	at org.springframework.web.servlet.DispatcherServlet.doDispatch(DispatcherServlet.java:1089)
	at org.springframework.web.servlet.DispatcherServlet.doService(DispatcherServlet.java:979)
	at org.springframework.web.servlet.FrameworkServlet.processRequest(FrameworkServlet.java:1014)
	at org.springframework.web.servlet.FrameworkServlet.service(FrameworkServlet.java:888)
	at jakarta.servlet.http.HttpServlet.service(HttpServlet.java:658)
	at org.apache.catalina.core.ApplicationFilterChain.internalDoFilter(ApplicationFilterChain.java:195)
	at org.apache.catalina.core.ApplicationFilterChain.doFilter(ApplicationFilterChain.java:140)
	at org.apache.tomcat.websocket.server.WsFilter.doFilter(WsFilter.java:51)
	at org.apache.catalina.core.ApplicationFilterChain.internalDoFilter(ApplicationFilterChain.java:164)
	at org.apache.catalina.core.ApplicationFilterChain.doFilter(ApplicationFilterChain.java:140)
	at org.springframework.web.filter.CompositeFilter$VirtualFilterChain.doFilter(CompositeFilter.java:108)
	at org.springframework.security.web.FilterChainProxy.lambda$doFilterInternal$3(FilterChainProxy.java:231)
	at org.springframework.security.web.FilterChainProxy$VirtualFilterChain.doFilter(FilterChainProxy.java:365)
	at org.springframework.security.web.access.intercept.AuthorizationFilter.doFilter(AuthorizationFilter.java:100)
	at org.springframework.security.web.FilterChainProxy$VirtualFilterChain.doFilter(FilterChainProxy.java:374)
	at org.springframework.security.web.access.ExceptionTranslationFilter.doFilter(ExceptionTranslationFilter.java:126)
	at org.springframework.security.web.access.ExceptionTranslationFilter.doFilter(ExceptionTranslationFilter.java:120)
	at org.springframework.security.web.FilterChainProxy$VirtualFilterChain.doFilter(FilterChainProxy.java:374)
	at org.springframework.security.web.session.SessionManagementFilter.doFilter(SessionManagementFilter.java:131)
	at org.springframework.security.web.session.SessionManagementFilter.doFilter(SessionManagementFilter.java:85)
	at org.springframework.security.web.FilterChainProxy$VirtualFilterChain.doFilter(FilterChainProxy.java:374)
	at org.springframework.security.web.authentication.AnonymousAuthenticationFilter.doFilter(AnonymousAuthenticationFilter.java:100)
	at org.springframework.security.web.FilterChainProxy$VirtualFilterChain.doFilter(FilterChainProxy.java:374)
	at org.springframework.security.web.servletapi.SecurityContextHolderAwareRequestFilter.doFilter(SecurityContextHolderAwareRequestFilter.java:179)
	at org.springframework.security.web.FilterChainProxy$VirtualFilterChain.doFilter(FilterChainProxy.java:374)
	at org.springframework.security.web.savedrequest.RequestCacheAwareFilter.doFilter(RequestCacheAwareFilter.java:63)
	at org.springframework.security.web.FilterChainProxy$VirtualFilterChain.doFilter(FilterChainProxy.java:374)
	at com.example.firstapp.filter.JwtAuthFilter.doFilterInternal(JwtAuthFilter.java:205)
	at org.springframework.web.filter.OncePerRequestFilter.doFilter(OncePerRequestFilter.java:116)
	at org.springframework.security.web.FilterChainProxy$VirtualFilterChain.doFilter(FilterChainProxy.java:374)
	at org.springframework.security.web.authentication.logout.LogoutFilter.doFilter(LogoutFilter.java:107)
	at org.springframework.security.web.authentication.logout.LogoutFilter.doFilter(LogoutFilter.java:93)
	at org.springframework.security.web.FilterChainProxy$VirtualFilterChain.doFilter(FilterChainProxy.java:374)
	at org.springframework.security.web.header.HeaderWriterFilter.doHeadersAfter(HeaderWriterFilter.java:90)
	at org.springframework.security.web.header.HeaderWriterFilter.doFilterInternal(HeaderWriterFilter.java:75)
	at org.springframework.web.filter.OncePerRequestFilter.doFilter(OncePerRequestFilter.java:116)
	at org.springframework.security.web.FilterChainProxy$VirtualFilterChain.doFilter(FilterChainProxy.java:374)
	at org.springframework.security.web.context.SecurityContextHolderFilter.doFilter(SecurityContextHolderFilter.java:82)
	at org.springframework.security.web.context.SecurityContextHolderFilter.doFilter(SecurityContextHolderFilter.java:69)
	at org.springframework.security.web.FilterChainProxy$VirtualFilterChain.doFilter(FilterChainProxy.java:374)
	at org.springframework.security.web.context.request.async.WebAsyncManagerIntegrationFilter.doFilterInternal(WebAsyncManagerIntegrationFilter.java:62)
	at org.springframework.web.filter.OncePerRequestFilter.doFilter(OncePerRequestFilter.java:116)
	at org.springframework.security.web.FilterChainProxy$VirtualFilterChain.doFilter(FilterChainProxy.java:374)
	at org.springframework.security.web.session.DisableEncodeUrlFilter.doFilterInternal(DisableEncodeUrlFilter.java:42)
	at org.springframework.web.filter.OncePerRequestFilter.doFilter(OncePerRequestFilter.java:116)
	at org.springframework.security.web.FilterChainProxy$VirtualFilterChain.doFilter(FilterChainProxy.java:374)
	at org.springframework.security.web.FilterChainProxy.doFilterInternal(FilterChainProxy.java:233)
	at org.springframework.security.web.FilterChainProxy.doFilter(FilterChainProxy.java:191)
	at org.springframework.web.filter.CompositeFilter$VirtualFilterChain.doFilter(CompositeFilter.java:113)
	at org.springframework.web.servlet.handler.HandlerMappingIntrospector.lambda$createCacheFilter$3(HandlerMappingIntrospector.java:195)
	at org.springframework.web.filter.CompositeFilter$VirtualFilterChain.doFilter(CompositeFilter.java:113)
	at org.springframework.web.filter.CompositeFilter.doFilter(CompositeFilter.java:74)
	at org.springframework.security.config.annotation.web.configuration.WebMvcSecurityConfiguration$CompositeFilterChainProxy.doFilter(WebMvcSecurityConfiguration.java:230)
	at org.springframework.web.filter.DelegatingFilterProxy.invokeDelegate(DelegatingFilterProxy.java:362)
	at org.springframework.web.filter.DelegatingFilterProxy.doFilter(DelegatingFilterProxy.java:278)
	at org.apache.catalina.core.ApplicationFilterChain.internalDoFilter(ApplicationFilterChain.java:164)
	at org.apache.catalina.core.ApplicationFilterChain.doFilter(ApplicationFilterChain.java:140)
	at org.springframework.web.filter.RequestContextFilter.doFilterInternal(RequestContextFilter.java:100)
	at org.springframework.web.filter.OncePerRequestFilter.doFilter(OncePerRequestFilter.java:116)
	at org.apache.catalina.core.ApplicationFilterChain.internalDoFilter(ApplicationFilterChain.java:164)
	at org.apache.catalina.core.ApplicationFilterChain.doFilter(ApplicationFilterChain.java:140)
	at org.springframework.web.filter.FormContentFilter.doFilterInternal(FormContentFilter.java:93)
	at org.springframework.web.filter.OncePerRequestFilter.doFilter(OncePerRequestFilter.java:116)
	at org.apache.catalina.core.ApplicationFilterChain.internalDoFilter(ApplicationFilterChain.java:164)
	at org.apache.catalina.core.ApplicationFilterChain.doFilter(ApplicationFilterChain.java:140)
	at org.springframework.web.filter.CharacterEncodingFilter.doFilterInternal(CharacterEncodingFilter.java:201)
	at org.springframework.web.filter.OncePerRequestFilter.doFilter(OncePerRequestFilter.java:116)
	at org.apache.catalina.core.ApplicationFilterChain.internalDoFilter(ApplicationFilterChain.java:164)
	at org.apache.catalina.core.ApplicationFilterChain.doFilter(ApplicationFilterChain.java:140)
	at com.example.firstapp.filter.RateLimitFilter.doFilterInternal(RateLimitFilter.java:161)
	at org.springframework.web.filter.OncePerRequestFilter.doFilter(OncePerRequestFilter.java:116)
	at org.apache.catalina.core.ApplicationFilterChain.internalDoFilter(ApplicationFilterChain.java:164)
	at org.apache.catalina.core.ApplicationFilterChain.doFilter(ApplicationFilterChain.java:140)
	at org.apache.catalina.core.StandardWrapperValve.invoke(StandardWrapperValve.java:167)
	at org.apache.catalina.core.StandardContextValve.invoke(StandardContextValve.java:90)
	at org.apache.catalina.authenticator.AuthenticatorBase.invoke(AuthenticatorBase.java:483)
	at org.apache.catalina.core.StandardHostValve.invoke(StandardHostValve.java:116)
	at org.apache.catalina.valves.ErrorReportValve.invoke(ErrorReportValve.java:93)
	at org.apache.catalina.core.StandardEngineValve.invoke(StandardEngineValve.java:74)
	at org.apache.catalina.connector.CoyoteAdapter.service(CoyoteAdapter.java:344)
	at org.apache.coyote.http11.Http11Processor.service(Http11Processor.java:398)
	at org.apache.coyote.AbstractProcessorLight.process(AbstractProcessorLight.java:63)
	at org.apache.coyote.AbstractProtocol$ConnectionHandler.process(AbstractProtocol.java:903)
	at org.apache.tomcat.util.net.NioEndpoint$SocketProcessor.doRun(NioEndpoint.java:1769)
	at org.apache.tomcat.util.net.SocketProcessorBase.run(SocketProcessorBase.java:52)
	at org.apache.tomcat.util.threads.ThreadPoolExecutor.runWorker(ThreadPoolExecutor.java:1189)
	at org.apache.tomcat.util.threads.ThreadPoolExecutor$Worker.run(ThreadPoolExecutor.java:658)
	at org.apache.tomcat.util.threads.TaskThread$WrappingRunnable.run(TaskThread.java:63)
	at java.base/java.lang.Thread.run(Unknown Source)
2026-08-06 01:10:36.600  WARN 19504 --- [nio-8080-exec-3] .m.m.a.ExceptionHandlerExceptionResolver : Resolved [com.example.firstapp.exception.IllegalOperationException: An admin cannot deactivate themselves]
2026-08-06 01:10:41.571 DEBUG 19504 --- [nio-8080-exec-5] o.s.security.web.FilterChainProxy        : Securing PATCH /api/v1/admin/users/5/status
2026-08-06 01:10:41.575 DEBUG 19504 --- [nio-8080-exec-5] org.hibernate.SQL                        : 
    select
        u1_0.id,
        u1_0.created_at,
        u1_0.email,
        u1_0.failed_attempts,
        u1_0.is_active,
        u1_0.is_locked,
        u1_0.last_login_at,
        u1_0.lock_time,
        u1_0.password,
        u1_0.role,
        u1_0.updated_at,
        u1_0.username 
    from
        users u1_0 
    where
        u1_0.email=?
2026-08-06 01:10:41.585 DEBUG 19504 --- [nio-8080-exec-5] o.s.security.web.FilterChainProxy        : Secured PATCH /api/v1/admin/users/5/status
2026-08-06 01:10:41.587 DEBUG 19504 --- [nio-8080-exec-5] horizationManagerBeforeMethodInterceptor : Authorizing method invocation ReflectiveMethodInvocation: public com.example.firstapp.dto.UserSummaryDto com.example.firstapp.controller.AdminUserController.setStatus(java.lang.Long,com.example.firstapp.dto.UpdateStatusRequest,com.example.firstapp.entity.User); target is of class [com.example.firstapp.controller.AdminUserController]
2026-08-06 01:10:41.587 DEBUG 19504 --- [nio-8080-exec-5] horizationManagerBeforeMethodInterceptor : Authorized method invocation ReflectiveMethodInvocation: public com.example.firstapp.dto.UserSummaryDto com.example.firstapp.controller.AdminUserController.setStatus(java.lang.Long,com.example.firstapp.dto.UpdateStatusRequest,com.example.firstapp.entity.User); target is of class [com.example.firstapp.controller.AdminUserController]
2026-08-06 01:10:41.590 DEBUG 19504 --- [nio-8080-exec-5] org.hibernate.SQL                        : 
    select
        u1_0.id,
        u1_0.created_at,
        u1_0.email,
        u1_0.failed_attempts,
        u1_0.is_active,
        u1_0.is_locked,
        u1_0.last_login_at,
        u1_0.lock_time,
        u1_0.password,
        u1_0.role,
        u1_0.updated_at,
        u1_0.username 
    from
        users u1_0 
    where
        u1_0.id=?
2026-08-06 01:10:41.628 ERROR 19504 --- [nio-8080-exec-5] c.e.f.handler.GlobalExceptionHandler     : Unexpected error at /api/v1/admin/users/5/status: An admin cannot deactivate themselves
com.example.firstapp.exception.IllegalOperationException: An admin cannot deactivate themselves
	at com.example.firstapp.service.AdminUserService.setActive(AdminUserService.java:42)
	at java.base/jdk.internal.reflect.DirectMethodHandleAccessor.invoke(Unknown Source)
	at java.base/java.lang.reflect.Method.invoke(Unknown Source)
	at org.springframework.aop.support.AopUtils.invokeJoinpointUsingReflection(AopUtils.java:355)
	at org.springframework.aop.framework.ReflectiveMethodInvocation.invokeJoinpoint(ReflectiveMethodInvocation.java:196)
	at org.springframework.aop.framework.ReflectiveMethodInvocation.proceed(ReflectiveMethodInvocation.java:163)
	at org.springframework.aop.framework.CglibAopProxy$CglibMethodInvocation.proceed(CglibAopProxy.java:769)
	at org.springframework.transaction.interceptor.TransactionAspectSupport.invokeWithinTransaction(TransactionAspectSupport.java:379)
	at org.springframework.transaction.interceptor.TransactionInterceptor.invoke(TransactionInterceptor.java:119)
	at org.springframework.aop.framework.ReflectiveMethodInvocation.proceed(ReflectiveMethodInvocation.java:184)
	at org.springframework.aop.framework.CglibAopProxy$CglibMethodInvocation.proceed(CglibAopProxy.java:769)
	at org.springframework.aop.framework.CglibAopProxy$DynamicAdvisedInterceptor.intercept(CglibAopProxy.java:721)
	at com.example.firstapp.service.AdminUserService$$SpringCGLIB$$0.setActive(<generated>)
	at com.example.firstapp.controller.AdminUserController.setStatus(AdminUserController.java:76)
	at java.base/jdk.internal.reflect.DirectMethodHandleAccessor.invoke(Unknown Source)
	at java.base/java.lang.reflect.Method.invoke(Unknown Source)
	at org.springframework.aop.support.AopUtils.invokeJoinpointUsingReflection(AopUtils.java:355)
	at org.springframework.aop.framework.ReflectiveMethodInvocation.invokeJoinpoint(ReflectiveMethodInvocation.java:196)
	at org.springframework.aop.framework.ReflectiveMethodInvocation.proceed(ReflectiveMethodInvocation.java:163)
	at org.springframework.aop.framework.CglibAopProxy$CglibMethodInvocation.proceed(CglibAopProxy.java:769)
	at org.springframework.security.authorization.method.AuthorizationManagerBeforeMethodInterceptor.proceed(AuthorizationManagerBeforeMethodInterceptor.java:269)
	at org.springframework.security.authorization.method.AuthorizationManagerBeforeMethodInterceptor.attemptAuthorization(AuthorizationManagerBeforeMethodInterceptor.java:264)
	at org.springframework.security.authorization.method.AuthorizationManagerBeforeMethodInterceptor.invoke(AuthorizationManagerBeforeMethodInterceptor.java:197)
	at org.springframework.security.config.annotation.method.configuration.DeferringMethodInterceptor.invoke(DeferringMethodInterceptor.java:44)
	at org.springframework.aop.framework.ReflectiveMethodInvocation.proceed(ReflectiveMethodInvocation.java:184)
	at org.springframework.aop.framework.CglibAopProxy$CglibMethodInvocation.proceed(CglibAopProxy.java:769)
	at org.springframework.aop.framework.CglibAopProxy$DynamicAdvisedInterceptor.intercept(CglibAopProxy.java:721)
	at com.example.firstapp.controller.AdminUserController$$SpringCGLIB$$0.setStatus(<generated>)
	at java.base/jdk.internal.reflect.DirectMethodHandleAccessor.invoke(Unknown Source)
	at java.base/java.lang.reflect.Method.invoke(Unknown Source)
	at org.springframework.web.method.support.InvocableHandlerMethod.doInvoke(InvocableHandlerMethod.java:255)
	at org.springframework.web.method.support.InvocableHandlerMethod.invokeForRequest(InvocableHandlerMethod.java:188)
	at org.springframework.web.servlet.mvc.method.annotation.ServletInvocableHandlerMethod.invokeAndHandle(ServletInvocableHandlerMethod.java:118)
	at org.springframework.web.servlet.mvc.method.annotation.RequestMappingHandlerAdapter.invokeHandlerMethod(RequestMappingHandlerAdapter.java:926)
	at org.springframework.web.servlet.mvc.method.annotation.RequestMappingHandlerAdapter.handleInternal(RequestMappingHandlerAdapter.java:831)
	at org.springframework.web.servlet.mvc.method.AbstractHandlerMethodAdapter.handle(AbstractHandlerMethodAdapter.java:87)
	at org.springframework.web.servlet.DispatcherServlet.doDispatch(DispatcherServlet.java:1089)
	at org.springframework.web.servlet.DispatcherServlet.doService(DispatcherServlet.java:979)
	at org.springframework.web.servlet.FrameworkServlet.processRequest(FrameworkServlet.java:1014)
	at org.springframework.web.servlet.FrameworkServlet.service(FrameworkServlet.java:888)
	at jakarta.servlet.http.HttpServlet.service(HttpServlet.java:658)
	at org.apache.catalina.core.ApplicationFilterChain.internalDoFilter(ApplicationFilterChain.java:195)
	at org.apache.catalina.core.ApplicationFilterChain.doFilter(ApplicationFilterChain.java:140)
	at org.apache.tomcat.websocket.server.WsFilter.doFilter(WsFilter.java:51)
	at org.apache.catalina.core.ApplicationFilterChain.internalDoFilter(ApplicationFilterChain.java:164)
	at org.apache.catalina.core.ApplicationFilterChain.doFilter(ApplicationFilterChain.java:140)
	at org.springframework.web.filter.CompositeFilter$VirtualFilterChain.doFilter(CompositeFilter.java:108)
	at org.springframework.security.web.FilterChainProxy.lambda$doFilterInternal$3(FilterChainProxy.java:231)
	at org.springframework.security.web.FilterChainProxy$VirtualFilterChain.doFilter(FilterChainProxy.java:365)
	at org.springframework.security.web.access.intercept.AuthorizationFilter.doFilter(AuthorizationFilter.java:100)
	at org.springframework.security.web.FilterChainProxy$VirtualFilterChain.doFilter(FilterChainProxy.java:374)
	at org.springframework.security.web.access.ExceptionTranslationFilter.doFilter(ExceptionTranslationFilter.java:126)
	at org.springframework.security.web.access.ExceptionTranslationFilter.doFilter(ExceptionTranslationFilter.java:120)
	at org.springframework.security.web.FilterChainProxy$VirtualFilterChain.doFilter(FilterChainProxy.java:374)
	at org.springframework.security.web.session.SessionManagementFilter.doFilter(SessionManagementFilter.java:131)
	at org.springframework.security.web.session.SessionManagementFilter.doFilter(SessionManagementFilter.java:85)
	at org.springframework.security.web.FilterChainProxy$VirtualFilterChain.doFilter(FilterChainProxy.java:374)
	at org.springframework.security.web.authentication.AnonymousAuthenticationFilter.doFilter(AnonymousAuthenticationFilter.java:100)
	at org.springframework.security.web.FilterChainProxy$VirtualFilterChain.doFilter(FilterChainProxy.java:374)
	at org.springframework.security.web.servletapi.SecurityContextHolderAwareRequestFilter.doFilter(SecurityContextHolderAwareRequestFilter.java:179)
	at org.springframework.security.web.FilterChainProxy$VirtualFilterChain.doFilter(FilterChainProxy.java:374)
	at org.springframework.security.web.savedrequest.RequestCacheAwareFilter.doFilter(RequestCacheAwareFilter.java:63)
	at org.springframework.security.web.FilterChainProxy$VirtualFilterChain.doFilter(FilterChainProxy.java:374)
	at com.example.firstapp.filter.JwtAuthFilter.doFilterInternal(JwtAuthFilter.java:205)
	at org.springframework.web.filter.OncePerRequestFilter.doFilter(OncePerRequestFilter.java:116)
	at org.springframework.security.web.FilterChainProxy$VirtualFilterChain.doFilter(FilterChainProxy.java:374)
	at org.springframework.security.web.authentication.logout.LogoutFilter.doFilter(LogoutFilter.java:107)
	at org.springframework.security.web.authentication.logout.LogoutFilter.doFilter(LogoutFilter.java:93)
	at org.springframework.security.web.FilterChainProxy$VirtualFilterChain.doFilter(FilterChainProxy.java:374)
	at org.springframework.security.web.header.HeaderWriterFilter.doHeadersAfter(HeaderWriterFilter.java:90)
	at org.springframework.security.web.header.HeaderWriterFilter.doFilterInternal(HeaderWriterFilter.java:75)
	at org.springframework.web.filter.OncePerRequestFilter.doFilter(OncePerRequestFilter.java:116)
	at org.springframework.security.web.FilterChainProxy$VirtualFilterChain.doFilter(FilterChainProxy.java:374)
	at org.springframework.security.web.context.SecurityContextHolderFilter.doFilter(SecurityContextHolderFilter.java:82)
	at org.springframework.security.web.context.SecurityContextHolderFilter.doFilter(SecurityContextHolderFilter.java:69)
	at org.springframework.security.web.FilterChainProxy$VirtualFilterChain.doFilter(FilterChainProxy.java:374)
	at org.springframework.security.web.context.request.async.WebAsyncManagerIntegrationFilter.doFilterInternal(WebAsyncManagerIntegrationFilter.java:62)
	at org.springframework.web.filter.OncePerRequestFilter.doFilter(OncePerRequestFilter.java:116)
	at org.springframework.security.web.FilterChainProxy$VirtualFilterChain.doFilter(FilterChainProxy.java:374)
	at org.springframework.security.web.session.DisableEncodeUrlFilter.doFilterInternal(DisableEncodeUrlFilter.java:42)
	at org.springframework.web.filter.OncePerRequestFilter.doFilter(OncePerRequestFilter.java:116)
	at org.springframework.security.web.FilterChainProxy$VirtualFilterChain.doFilter(FilterChainProxy.java:374)
	at org.springframework.security.web.FilterChainProxy.doFilterInternal(FilterChainProxy.java:233)
	at org.springframework.security.web.FilterChainProxy.doFilter(FilterChainProxy.java:191)
	at org.springframework.web.filter.CompositeFilter$VirtualFilterChain.doFilter(CompositeFilter.java:113)
	at org.springframework.web.servlet.handler.HandlerMappingIntrospector.lambda$createCacheFilter$3(HandlerMappingIntrospector.java:195)
	at org.springframework.web.filter.CompositeFilter$VirtualFilterChain.doFilter(CompositeFilter.java:113)
	at org.springframework.web.filter.CompositeFilter.doFilter(CompositeFilter.java:74)
	at org.springframework.security.config.annotation.web.configuration.WebMvcSecurityConfiguration$CompositeFilterChainProxy.doFilter(WebMvcSecurityConfiguration.java:230)
	at org.springframework.web.filter.DelegatingFilterProxy.invokeDelegate(DelegatingFilterProxy.java:362)
	at org.springframework.web.filter.DelegatingFilterProxy.doFilter(DelegatingFilterProxy.java:278)
	at org.apache.catalina.core.ApplicationFilterChain.internalDoFilter(ApplicationFilterChain.java:164)
	at org.apache.catalina.core.ApplicationFilterChain.doFilter(ApplicationFilterChain.java:140)
	at org.springframework.web.filter.RequestContextFilter.doFilterInternal(RequestContextFilter.java:100)
	at org.springframework.web.filter.OncePerRequestFilter.doFilter(OncePerRequestFilter.java:116)
	at org.apache.catalina.core.ApplicationFilterChain.internalDoFilter(ApplicationFilterChain.java:164)
	at org.apache.catalina.core.ApplicationFilterChain.doFilter(ApplicationFilterChain.java:140)
	at org.springframework.web.filter.FormContentFilter.doFilterInternal(FormContentFilter.java:93)
	at org.springframework.web.filter.OncePerRequestFilter.doFilter(OncePerRequestFilter.java:116)
	at org.apache.catalina.core.ApplicationFilterChain.internalDoFilter(ApplicationFilterChain.java:164)
	at org.apache.catalina.core.ApplicationFilterChain.doFilter(ApplicationFilterChain.java:140)
	at org.springframework.web.filter.CharacterEncodingFilter.doFilterInternal(CharacterEncodingFilter.java:201)
	at org.springframework.web.filter.OncePerRequestFilter.doFilter(OncePerRequestFilter.java:116)
	at org.apache.catalina.core.ApplicationFilterChain.internalDoFilter(ApplicationFilterChain.java:164)
	at org.apache.catalina.core.ApplicationFilterChain.doFilter(ApplicationFilterChain.java:140)
	at com.example.firstapp.filter.RateLimitFilter.doFilterInternal(RateLimitFilter.java:161)
	at org.springframework.web.filter.OncePerRequestFilter.doFilter(OncePerRequestFilter.java:116)
	at org.apache.catalina.core.ApplicationFilterChain.internalDoFilter(ApplicationFilterChain.java:164)
	at org.apache.catalina.core.ApplicationFilterChain.doFilter(ApplicationFilterChain.java:140)
	at org.apache.catalina.core.StandardWrapperValve.invoke(StandardWrapperValve.java:167)
	at org.apache.catalina.core.StandardContextValve.invoke(StandardContextValve.java:90)
	at org.apache.catalina.authenticator.AuthenticatorBase.invoke(AuthenticatorBase.java:483)
	at org.apache.catalina.core.StandardHostValve.invoke(StandardHostValve.java:116)
	at org.apache.catalina.valves.ErrorReportValve.invoke(ErrorReportValve.java:93)
	at org.apache.catalina.core.StandardEngineValve.invoke(StandardEngineValve.java:74)
	at org.apache.catalina.connector.CoyoteAdapter.service(CoyoteAdapter.java:344)
	at org.apache.coyote.http11.Http11Processor.service(Http11Processor.java:398)
	at org.apache.coyote.AbstractProcessorLight.process(AbstractProcessorLight.java:63)
	at org.apache.coyote.AbstractProtocol$ConnectionHandler.process(AbstractProtocol.java:903)
	at org.apache.tomcat.util.net.NioEndpoint$SocketProcessor.doRun(NioEndpoint.java:1769)
	at org.apache.tomcat.util.net.SocketProcessorBase.run(SocketProcessorBase.java:52)
	at org.apache.tomcat.util.threads.ThreadPoolExecutor.runWorker(ThreadPoolExecutor.java:1189)
	at org.apache.tomcat.util.threads.ThreadPoolExecutor$Worker.run(ThreadPoolExecutor.java:658)
	at org.apache.tomcat.util.threads.TaskThread$WrappingRunnable.run(TaskThread.java:63)
	at java.base/java.lang.Thread.run(Unknown Source)
2026-08-06 01:10:41.635  WARN 19504 --- [nio-8080-exec-5] .m.m.a.ExceptionHandlerExceptionResolver : Resolved [com.example.firstapp.exception.IllegalOperationException: An admin cannot deactivate themselves]
2026-08-06 01:10:54.010 DEBUG 19504 --- [nio-8080-exec-6] o.s.security.web.FilterChainProxy        : Securing PATCH /api/v1/admin/users/13/status
2026-08-06 01:10:54.015 DEBUG 19504 --- [nio-8080-exec-6] org.hibernate.SQL                        : 
    select
        u1_0.id,
        u1_0.created_at,
        u1_0.email,
        u1_0.failed_attempts,
        u1_0.is_active,
        u1_0.is_locked,
        u1_0.last_login_at,
        u1_0.lock_time,
        u1_0.password,
        u1_0.role,
        u1_0.updated_at,
        u1_0.username 
    from
        users u1_0 
    where
        u1_0.email=?
2026-08-06 01:10:54.025 DEBUG 19504 --- [nio-8080-exec-6] o.s.security.web.FilterChainProxy        : Secured PATCH /api/v1/admin/users/13/status
2026-08-06 01:10:54.027 DEBUG 19504 --- [nio-8080-exec-6] horizationManagerBeforeMethodInterceptor : Authorizing method invocation ReflectiveMethodInvocation: public com.example.firstapp.dto.UserSummaryDto com.example.firstapp.controller.AdminUserController.setStatus(java.lang.Long,com.example.firstapp.dto.UpdateStatusRequest,com.example.firstapp.entity.User); target is of class [com.example.firstapp.controller.AdminUserController]
2026-08-06 01:10:54.027 DEBUG 19504 --- [nio-8080-exec-6] horizationManagerBeforeMethodInterceptor : Authorized method invocation ReflectiveMethodInvocation: public com.example.firstapp.dto.UserSummaryDto com.example.firstapp.controller.AdminUserController.setStatus(java.lang.Long,com.example.firstapp.dto.UpdateStatusRequest,com.example.firstapp.entity.User); target is of class [com.example.firstapp.controller.AdminUserController]
2026-08-06 01:10:54.029 DEBUG 19504 --- [nio-8080-exec-6] org.hibernate.SQL                        : 
    select
        u1_0.id,
        u1_0.created_at,
        u1_0.email,
        u1_0.failed_attempts,
        u1_0.is_active,
        u1_0.is_locked,
        u1_0.last_login_at,
        u1_0.lock_time,
        u1_0.password,
        u1_0.role,
        u1_0.updated_at,
        u1_0.username 
    from
        users u1_0 
    where
        u1_0.id=?
2026-08-06 01:10:54.031 DEBUG 19504 --- [nio-8080-exec-6] org.hibernate.SQL                        : 
    update
        users 
    set
        email=?,
        failed_attempts=?,
        is_active=?,
        is_locked=?,
        last_login_at=?,
        lock_time=?,
        password=?,
        role=?,
        updated_at=?,
        username=? 
    where
        id=?
2026-08-06 01:11:07.907 DEBUG 19504 --- [nio-8080-exec-8] o.s.security.web.FilterChainProxy        : Securing POST /api/v1/auth/login
2026-08-06 01:11:07.908 DEBUG 19504 --- [nio-8080-exec-8] o.s.s.w.a.AnonymousAuthenticationFilter  : Set SecurityContextHolder to anonymous SecurityContext
2026-08-06 01:11:07.909 DEBUG 19504 --- [nio-8080-exec-8] o.s.security.web.FilterChainProxy        : Secured POST /api/v1/auth/login
2026-08-06 01:11:07.910  INFO 19504 --- [nio-8080-exec-8] c.e.f.controller.AuthController          : Login request received: khemjoshi325@gmail.com
2026-08-06 01:11:07.912  INFO 19504 --- [nio-8080-exec-8] c.e.firstapp.service.AuthService         : Login attempt for: khemjoshi325@gmail.com
2026-08-06 01:11:07.914 DEBUG 19504 --- [nio-8080-exec-8] org.hibernate.SQL                        : 
    select
        u1_0.id,
        u1_0.created_at,
        u1_0.email,
        u1_0.failed_attempts,
        u1_0.is_active,
        u1_0.is_locked,
        u1_0.last_login_at,
        u1_0.lock_time,
        u1_0.password,
        u1_0.role,
        u1_0.updated_at,
        u1_0.username 
    from
        users u1_0 
    where
        u1_0.email=?
2026-08-06 01:11:07.917 DEBUG 19504 --- [nio-8080-exec-8] o.s.s.a.d.DaoAuthenticationProvider      : Failed to authenticate since user account is disabled
2026-08-06 01:11:07.922  WARN 19504 --- [nio-8080-exec-8] c.e.f.handler.GlobalExceptionHandler     : Authentication failed: User is disabled
2026-08-06 01:11:07.925  WARN 19504 --- [nio-8080-exec-8] .m.m.a.ExceptionHandlerExceptionResolver : Resolved [org.springframework.security.authentication.DisabledException: User is disabled]
2026-08-06 01:17:06.827 DEBUG 19504 --- [io-8080-exec-10] o.s.security.web.FilterChainProxy        : Securing POST /api/v1/auth/login
2026-08-06 01:17:06.853 DEBUG 19504 --- [io-8080-exec-10] o.s.s.w.a.AnonymousAuthenticationFilter  : Set SecurityContextHolder to anonymous SecurityContext
2026-08-06 01:17:06.856 DEBUG 19504 --- [io-8080-exec-10] o.s.security.web.FilterChainProxy        : Secured POST /api/v1/auth/login
2026-08-06 01:17:06.903  INFO 19504 --- [io-8080-exec-10] c.e.f.controller.AuthController          : Login request received: khemjoshi325@gmail.com
2026-08-06 01:17:06.957  INFO 19504 --- [io-8080-exec-10] c.e.firstapp.service.AuthService         : Login attempt for: khemjoshi325@gmail.com
2026-08-06 01:17:06.990 DEBUG 19504 --- [io-8080-exec-10] org.hibernate.SQL                        : 
    select
        u1_0.id,
        u1_0.created_at,
        u1_0.email,
        u1_0.failed_attempts,
        u1_0.is_active,
        u1_0.is_locked,
        u1_0.last_login_at,
        u1_0.lock_time,
        u1_0.password,
        u1_0.role,
        u1_0.updated_at,
        u1_0.username 
    from
        users u1_0 
    where
        u1_0.email=?
2026-08-06 01:17:07.002 DEBUG 19504 --- [io-8080-exec-10] o.s.s.a.d.DaoAuthenticationProvider      : Failed to authenticate since user account is disabled
2026-08-06 01:17:07.010  WARN 19504 --- [io-8080-exec-10] c.e.f.handler.GlobalExceptionHandler     : Authentication failed: User is disabled
2026-08-06 01:17:07.016  WARN 19504 --- [io-8080-exec-10] .m.m.a.ExceptionHandlerExceptionResolver : Resolved [org.springframework.security.authentication.DisabledException: User is disabled]
2026-08-06 01:17:14.173 DEBUG 19504 --- [nio-8080-exec-2] o.s.security.web.FilterChainProxy        : Securing POST /api/v1/auth/login
2026-08-06 01:17:14.173 DEBUG 19504 --- [nio-8080-exec-2] o.s.s.w.a.AnonymousAuthenticationFilter  : Set SecurityContextHolder to anonymous SecurityContext
2026-08-06 01:17:14.173 DEBUG 19504 --- [nio-8080-exec-2] o.s.security.web.FilterChainProxy        : Secured POST /api/v1/auth/login
2026-08-06 01:17:14.173  INFO 19504 --- [nio-8080-exec-2] c.e.f.controller.AuthController          : Login request received: khemjoshi325@gmail.com
2026-08-06 01:17:14.173  INFO 19504 --- [nio-8080-exec-2] c.e.firstapp.service.AuthService         : Login attempt for: khemjoshi325@gmail.com
2026-08-06 01:17:14.173 DEBUG 19504 --- [nio-8080-exec-2] org.hibernate.SQL                        : 
    select
        u1_0.id,
        u1_0.created_at,
        u1_0.email,
        u1_0.failed_attempts,
        u1_0.is_active,
        u1_0.is_locked,
        u1_0.last_login_at,
        u1_0.lock_time,
        u1_0.password,
        u1_0.role,
        u1_0.updated_at,
        u1_0.username 
    from
        users u1_0 
    where
        u1_0.email=?
2026-08-06 01:17:14.189 DEBUG 19504 --- [nio-8080-exec-2] o.s.s.a.d.DaoAuthenticationProvider      : Failed to authenticate since user account is disabled
2026-08-06 01:17:14.192  WARN 19504 --- [nio-8080-exec-2] c.e.f.handler.GlobalExceptionHandler     : Authentication failed: User is disabled
2026-08-06 01:17:14.194  WARN 19504 --- [nio-8080-exec-2] .m.m.a.ExceptionHandlerExceptionResolver : Resolved [org.springframework.security.authentication.DisabledException: User is disabled]
2026-08-06 01:17:40.310 DEBUG 19504 --- [nio-8080-exec-3] o.s.security.web.FilterChainProxy        : Securing POST /api/v1/auth/login
2026-08-06 01:17:40.311 DEBUG 19504 --- [nio-8080-exec-3] o.s.s.w.a.AnonymousAuthenticationFilter  : Set SecurityContextHolder to anonymous SecurityContext
2026-08-06 01:17:40.311 DEBUG 19504 --- [nio-8080-exec-3] o.s.security.web.FilterChainProxy        : Secured POST /api/v1/auth/login
2026-08-06 01:17:40.314  INFO 19504 --- [nio-8080-exec-3] c.e.f.controller.AuthController          : Login request received: ram@gmail.com
2026-08-06 01:17:40.316  INFO 19504 --- [nio-8080-exec-3] c.e.firstapp.service.AuthService         : Login attempt for: ram@gmail.com
2026-08-06 01:17:40.318 DEBUG 19504 --- [nio-8080-exec-3] org.hibernate.SQL                        : 
    select
        u1_0.id,
        u1_0.created_at,
        u1_0.email,
        u1_0.failed_attempts,
        u1_0.is_active,
        u1_0.is_locked,
        u1_0.last_login_at,
        u1_0.lock_time,
        u1_0.password,
        u1_0.role,
        u1_0.updated_at,
        u1_0.username 
    from
        users u1_0 
    where
        u1_0.email=?
2026-08-06 01:17:40.607 DEBUG 19504 --- [nio-8080-exec-3] o.s.s.a.d.DaoAuthenticationProvider      : Authenticated user
2026-08-06 01:17:40.619 DEBUG 19504 --- [nio-8080-exec-3] org.hibernate.SQL                        : 
    update
        users u1_0 
    set
        failed_attempts=0,
        is_locked=0,
        lock_time=null 
    where
        u1_0.email=?
2026-08-06 01:17:40.624 DEBUG 19504 --- [nio-8080-exec-3] org.hibernate.SQL                        : 
    update
        users u1_0 
    set
        last_login_at=? 
    where
        u1_0.email=?
2026-08-06 01:17:40.632 DEBUG 19504 --- [nio-8080-exec-3] org.hibernate.SQL                        : 
    select
        u1_0.id,
        u1_0.created_at,
        u1_0.email,
        u1_0.failed_attempts,
        u1_0.is_active,
        u1_0.is_locked,
        u1_0.last_login_at,
        u1_0.lock_time,
        u1_0.password,
        u1_0.role,
        u1_0.updated_at,
        u1_0.username 
    from
        users u1_0 
    where
        u1_0.email=?
2026-08-06 01:17:40.649  INFO 19504 --- [nio-8080-exec-3] c.e.firstapp.service.AuthService         : Login successful: ram@gmail.com
2026-08-06 01:17:40.990 DEBUG 19504 --- [nio-8080-exec-5] o.s.security.web.FilterChainProxy        : Securing GET /api/v1/admin/users?page=0&size=20&sortBy=id&ascending=true
2026-08-06 01:17:41.003 DEBUG 19504 --- [nio-8080-exec-5] org.hibernate.SQL                        : 
    select
        u1_0.id,
        u1_0.created_at,
        u1_0.email,
        u1_0.failed_attempts,
        u1_0.is_active,
        u1_0.is_locked,
        u1_0.last_login_at,
        u1_0.lock_time,
        u1_0.password,
        u1_0.role,
        u1_0.updated_at,
        u1_0.username 
    from
        users u1_0 
    where
        u1_0.email=?
2026-08-06 01:17:41.012 DEBUG 19504 --- [nio-8080-exec-5] o.s.security.web.FilterChainProxy        : Secured GET /api/v1/admin/users?page=0&size=20&sortBy=id&ascending=true
2026-08-06 01:17:41.015 DEBUG 19504 --- [nio-8080-exec-5] horizationManagerBeforeMethodInterceptor : Authorizing method invocation ReflectiveMethodInvocation: public org.springframework.data.domain.Page com.example.firstapp.controller.AdminUserController.listUsers(int,int,java.lang.String,boolean); target is of class [com.example.firstapp.controller.AdminUserController]
2026-08-06 01:17:41.018 DEBUG 19504 --- [nio-8080-exec-5] horizationManagerBeforeMethodInterceptor : Authorized method invocation ReflectiveMethodInvocation: public org.springframework.data.domain.Page com.example.firstapp.controller.AdminUserController.listUsers(int,int,java.lang.String,boolean); target is of class [com.example.firstapp.controller.AdminUserController]
2026-08-06 01:17:41.021 DEBUG 19504 --- [nio-8080-exec-5] org.hibernate.SQL                        : 
    select
        u1_0.id,
        u1_0.created_at,
        u1_0.email,
        u1_0.failed_attempts,
        u1_0.is_active,
        u1_0.is_locked,
        u1_0.last_login_at,
        u1_0.lock_time,
        u1_0.password,
        u1_0.role,
        u1_0.updated_at,
        u1_0.username 
    from
        users u1_0 
    order by
        u1_0.id,
        u1_0.id 
    limit
        ?, ?
2026-08-06 01:17:45.506 DEBUG 19504 --- [nio-8080-exec-7] o.s.security.web.FilterChainProxy        : Securing PATCH /api/v1/admin/users/13/status
2026-08-06 01:17:45.510 DEBUG 19504 --- [nio-8080-exec-7] org.hibernate.SQL                        : 
    select
        u1_0.id,
        u1_0.created_at,
        u1_0.email,
        u1_0.failed_attempts,
        u1_0.is_active,
        u1_0.is_locked,
        u1_0.last_login_at,
        u1_0.lock_time,
        u1_0.password,
        u1_0.role,
        u1_0.updated_at,
        u1_0.username 
    from
        users u1_0 
    where
        u1_0.email=?
2026-08-06 01:17:45.517 DEBUG 19504 --- [nio-8080-exec-7] o.s.security.web.FilterChainProxy        : Secured PATCH /api/v1/admin/users/13/status
2026-08-06 01:17:45.523 DEBUG 19504 --- [nio-8080-exec-7] horizationManagerBeforeMethodInterceptor : Authorizing method invocation ReflectiveMethodInvocation: public com.example.firstapp.dto.UserSummaryDto com.example.firstapp.controller.AdminUserController.setStatus(java.lang.Long,com.example.firstapp.dto.UpdateStatusRequest,com.example.firstapp.entity.User); target is of class [com.example.firstapp.controller.AdminUserController]
2026-08-06 01:17:45.523 DEBUG 19504 --- [nio-8080-exec-7] horizationManagerBeforeMethodInterceptor : Authorized method invocation ReflectiveMethodInvocation: public com.example.firstapp.dto.UserSummaryDto com.example.firstapp.controller.AdminUserController.setStatus(java.lang.Long,com.example.firstapp.dto.UpdateStatusRequest,com.example.firstapp.entity.User); target is of class [com.example.firstapp.controller.AdminUserController]
2026-08-06 01:17:45.528 DEBUG 19504 --- [nio-8080-exec-7] org.hibernate.SQL                        : 
    select
        u1_0.id,
        u1_0.created_at,
        u1_0.email,
        u1_0.failed_attempts,
        u1_0.is_active,
        u1_0.is_locked,
        u1_0.last_login_at,
        u1_0.lock_time,
        u1_0.password,
        u1_0.role,
        u1_0.updated_at,
        u1_0.username 
    from
        users u1_0 
    where
        u1_0.id=?
2026-08-06 01:17:45.534 DEBUG 19504 --- [nio-8080-exec-7] org.hibernate.SQL                        : 
    update
        users 
    set
        email=?,
        failed_attempts=?,
        is_active=?,
        is_locked=?,
        last_login_at=?,
        lock_time=?,
        password=?,
        role=?,
        updated_at=?,
        username=? 
    where
        id=?
2026-08-06 01:17:58.239 DEBUG 19504 --- [nio-8080-exec-9] o.s.security.web.FilterChainProxy        : Securing PATCH /api/v1/admin/users/1/status
2026-08-06 01:17:58.248 DEBUG 19504 --- [nio-8080-exec-9] org.hibernate.SQL                        : 
    select
        u1_0.id,
        u1_0.created_at,
        u1_0.email,
        u1_0.failed_attempts,
        u1_0.is_active,
        u1_0.is_locked,
        u1_0.last_login_at,
        u1_0.lock_time,
        u1_0.password,
        u1_0.role,
        u1_0.updated_at,
        u1_0.username 
    from
        users u1_0 
    where
        u1_0.email=?
2026-08-06 01:17:58.258 DEBUG 19504 --- [nio-8080-exec-9] o.s.security.web.FilterChainProxy        : Secured PATCH /api/v1/admin/users/1/status
2026-08-06 01:17:58.259 DEBUG 19504 --- [nio-8080-exec-9] horizationManagerBeforeMethodInterceptor : Authorizing method invocation ReflectiveMethodInvocation: public com.example.firstapp.dto.UserSummaryDto com.example.firstapp.controller.AdminUserController.setStatus(java.lang.Long,com.example.firstapp.dto.UpdateStatusRequest,com.example.firstapp.entity.User); target is of class [com.example.firstapp.controller.AdminUserController]
2026-08-06 01:17:58.260 DEBUG 19504 --- [nio-8080-exec-9] horizationManagerBeforeMethodInterceptor : Authorized method invocation ReflectiveMethodInvocation: public com.example.firstapp.dto.UserSummaryDto com.example.firstapp.controller.AdminUserController.setStatus(java.lang.Long,com.example.firstapp.dto.UpdateStatusRequest,com.example.firstapp.entity.User); target is of class [com.example.firstapp.controller.AdminUserController]
2026-08-06 01:17:58.262 DEBUG 19504 --- [nio-8080-exec-9] org.hibernate.SQL                        : 
    select
        u1_0.id,
        u1_0.created_at,
        u1_0.email,
        u1_0.failed_attempts,
        u1_0.is_active,
        u1_0.is_locked,
        u1_0.last_login_at,
        u1_0.lock_time,
        u1_0.password,
        u1_0.role,
        u1_0.updated_at,
        u1_0.username 
    from
        users u1_0 
    where
        u1_0.id=?
2026-08-06 01:17:58.265 DEBUG 19504 --- [nio-8080-exec-9] org.hibernate.SQL                        : 
    update
        users 
    set
        email=?,
        failed_attempts=?,
        is_active=?,
        is_locked=?,
        last_login_at=?,
        lock_time=?,
        password=?,
        role=?,
        updated_at=?,
        username=? 
    where
        id=?
2026-08-06 01:18:00.185 DEBUG 19504 --- [io-8080-exec-10] o.s.security.web.FilterChainProxy        : Securing PATCH /api/v1/admin/users/1/status
2026-08-06 01:18:00.213 DEBUG 19504 --- [io-8080-exec-10] org.hibernate.SQL                        : 
    select
        u1_0.id,
        u1_0.created_at,
        u1_0.email,
        u1_0.failed_attempts,
        u1_0.is_active,
        u1_0.is_locked,
        u1_0.last_login_at,
        u1_0.lock_time,
        u1_0.password,
        u1_0.role,
        u1_0.updated_at,
        u1_0.username 
    from
        users u1_0 
    where
        u1_0.email=?
2026-08-06 01:18:00.213 DEBUG 19504 --- [io-8080-exec-10] o.s.security.web.FilterChainProxy        : Secured PATCH /api/v1/admin/users/1/status
2026-08-06 01:18:00.213 DEBUG 19504 --- [io-8080-exec-10] horizationManagerBeforeMethodInterceptor : Authorizing method invocation ReflectiveMethodInvocation: public com.example.firstapp.dto.UserSummaryDto com.example.firstapp.controller.AdminUserController.setStatus(java.lang.Long,com.example.firstapp.dto.UpdateStatusRequest,com.example.firstapp.entity.User); target is of class [com.example.firstapp.controller.AdminUserController]
2026-08-06 01:18:00.226 DEBUG 19504 --- [io-8080-exec-10] horizationManagerBeforeMethodInterceptor : Authorized method invocation ReflectiveMethodInvocation: public com.example.firstapp.dto.UserSummaryDto com.example.firstapp.controller.AdminUserController.setStatus(java.lang.Long,com.example.firstapp.dto.UpdateStatusRequest,com.example.firstapp.entity.User); target is of class [com.example.firstapp.controller.AdminUserController]
2026-08-06 01:18:00.229 DEBUG 19504 --- [io-8080-exec-10] org.hibernate.SQL                        : 
    select
        u1_0.id,
        u1_0.created_at,
        u1_0.email,
        u1_0.failed_attempts,
        u1_0.is_active,
        u1_0.is_locked,
        u1_0.last_login_at,
        u1_0.lock_time,
        u1_0.password,
        u1_0.role,
        u1_0.updated_at,
        u1_0.username 
    from
        users u1_0 
    where
        u1_0.id=?
2026-08-06 01:18:00.266 DEBUG 19504 --- [io-8080-exec-10] org.hibernate.SQL                        : 
    update
        users 
    set
        email=?,
        failed_attempts=?,
        is_active=?,
        is_locked=?,
        last_login_at=?,
        lock_time=?,
        password=?,
        role=?,
        updated_at=?,
        username=? 
    where
        id=?
2026-08-06 01:18:23.630 DEBUG 19504 --- [nio-8080-exec-2] o.s.security.web.FilterChainProxy        : Securing PATCH /api/v1/admin/users/6/status
2026-08-06 01:18:23.638 DEBUG 19504 --- [nio-8080-exec-2] org.hibernate.SQL                        : 
    select
        u1_0.id,
        u1_0.created_at,
        u1_0.email,
        u1_0.failed_attempts,
        u1_0.is_active,
        u1_0.is_locked,
        u1_0.last_login_at,
        u1_0.lock_time,
        u1_0.password,
        u1_0.role,
        u1_0.updated_at,
        u1_0.username 
    from
        users u1_0 
    where
        u1_0.email=?
2026-08-06 01:18:23.656 DEBUG 19504 --- [nio-8080-exec-2] o.s.security.web.FilterChainProxy        : Secured PATCH /api/v1/admin/users/6/status
2026-08-06 01:18:23.660 DEBUG 19504 --- [nio-8080-exec-2] horizationManagerBeforeMethodInterceptor : Authorizing method invocation ReflectiveMethodInvocation: public com.example.firstapp.dto.UserSummaryDto com.example.firstapp.controller.AdminUserController.setStatus(java.lang.Long,com.example.firstapp.dto.UpdateStatusRequest,com.example.firstapp.entity.User); target is of class [com.example.firstapp.controller.AdminUserController]
2026-08-06 01:18:23.661 DEBUG 19504 --- [nio-8080-exec-2] horizationManagerBeforeMethodInterceptor : Authorized method invocation ReflectiveMethodInvocation: public com.example.firstapp.dto.UserSummaryDto com.example.firstapp.controller.AdminUserController.setStatus(java.lang.Long,com.example.firstapp.dto.UpdateStatusRequest,com.example.firstapp.entity.User); target is of class [com.example.firstapp.controller.AdminUserController]
2026-08-06 01:18:23.663 DEBUG 19504 --- [nio-8080-exec-2] org.hibernate.SQL                        : 
    select
        u1_0.id,
        u1_0.created_at,
        u1_0.email,
        u1_0.failed_attempts,
        u1_0.is_active,
        u1_0.is_locked,
        u1_0.last_login_at,
        u1_0.lock_time,
        u1_0.password,
        u1_0.role,
        u1_0.updated_at,
        u1_0.username 
    from
        users u1_0 
    where
        u1_0.id=?
2026-08-06 01:18:23.667 DEBUG 19504 --- [nio-8080-exec-2] org.hibernate.SQL                        : 
    update
        users 
    set
        email=?,
        failed_attempts=?,
        is_active=?,
        is_locked=?,
        last_login_at=?,
        lock_time=?,
        password=?,
        role=?,
        updated_at=?,
        username=? 
    where
        id=?
2026-08-06 01:18:27.723 DEBUG 19504 --- [nio-8080-exec-3] o.s.security.web.FilterChainProxy        : Securing PATCH /api/v1/admin/users/7/status
2026-08-06 01:18:27.727 DEBUG 19504 --- [nio-8080-exec-3] org.hibernate.SQL                        : 
    select
        u1_0.id,
        u1_0.created_at,
        u1_0.email,
        u1_0.failed_attempts,
        u1_0.is_active,
        u1_0.is_locked,
        u1_0.last_login_at,
        u1_0.lock_time,
        u1_0.password,
        u1_0.role,
        u1_0.updated_at,
        u1_0.username 
    from
        users u1_0 
    where
        u1_0.email=?
2026-08-06 01:18:27.740 DEBUG 19504 --- [nio-8080-exec-3] o.s.security.web.FilterChainProxy        : Secured PATCH /api/v1/admin/users/7/status
2026-08-06 01:18:27.742 DEBUG 19504 --- [nio-8080-exec-3] horizationManagerBeforeMethodInterceptor : Authorizing method invocation ReflectiveMethodInvocation: public com.example.firstapp.dto.UserSummaryDto com.example.firstapp.controller.AdminUserController.setStatus(java.lang.Long,com.example.firstapp.dto.UpdateStatusRequest,com.example.firstapp.entity.User); target is of class [com.example.firstapp.controller.AdminUserController]
2026-08-06 01:18:27.743 DEBUG 19504 --- [nio-8080-exec-3] horizationManagerBeforeMethodInterceptor : Authorized method invocation ReflectiveMethodInvocation: public com.example.firstapp.dto.UserSummaryDto com.example.firstapp.controller.AdminUserController.setStatus(java.lang.Long,com.example.firstapp.dto.UpdateStatusRequest,com.example.firstapp.entity.User); target is of class [com.example.firstapp.controller.AdminUserController]
2026-08-06 01:18:27.745 DEBUG 19504 --- [nio-8080-exec-3] org.hibernate.SQL                        : 
    select
        u1_0.id,
        u1_0.created_at,
        u1_0.email,
        u1_0.failed_attempts,
        u1_0.is_active,
        u1_0.is_locked,
        u1_0.last_login_at,
        u1_0.lock_time,
        u1_0.password,
        u1_0.role,
        u1_0.updated_at,
        u1_0.username 
    from
        users u1_0 
    where
        u1_0.id=?
2026-08-06 01:18:27.748 DEBUG 19504 --- [nio-8080-exec-3] org.hibernate.SQL                        : 
    update
        users 
    set
        email=?,
        failed_attempts=?,
        is_active=?,
        is_locked=?,
        last_login_at=?,
        lock_time=?,
        password=?,
        role=?,
        updated_at=?,
        username=? 
    where
        id=?
2026-08-06 01:18:30.765 DEBUG 19504 --- [nio-8080-exec-5] o.s.security.web.FilterChainProxy        : Securing PATCH /api/v1/admin/users/6/status
2026-08-06 01:18:30.781 DEBUG 19504 --- [nio-8080-exec-5] org.hibernate.SQL                        : 
    select
        u1_0.id,
        u1_0.created_at,
        u1_0.email,
        u1_0.failed_attempts,
        u1_0.is_active,
        u1_0.is_locked,
        u1_0.last_login_at,
        u1_0.lock_time,
        u1_0.password,
        u1_0.role,
        u1_0.updated_at,
        u1_0.username 
    from
        users u1_0 
    where
        u1_0.email=?
2026-08-06 01:18:30.790 DEBUG 19504 --- [nio-8080-exec-5] o.s.security.web.FilterChainProxy        : Secured PATCH /api/v1/admin/users/6/status
2026-08-06 01:18:30.794 DEBUG 19504 --- [nio-8080-exec-5] horizationManagerBeforeMethodInterceptor : Authorizing method invocation ReflectiveMethodInvocation: public com.example.firstapp.dto.UserSummaryDto com.example.firstapp.controller.AdminUserController.setStatus(java.lang.Long,com.example.firstapp.dto.UpdateStatusRequest,com.example.firstapp.entity.User); target is of class [com.example.firstapp.controller.AdminUserController]
2026-08-06 01:18:30.794 DEBUG 19504 --- [nio-8080-exec-5] horizationManagerBeforeMethodInterceptor : Authorized method invocation ReflectiveMethodInvocation: public com.example.firstapp.dto.UserSummaryDto com.example.firstapp.controller.AdminUserController.setStatus(java.lang.Long,com.example.firstapp.dto.UpdateStatusRequest,com.example.firstapp.entity.User); target is of class [com.example.firstapp.controller.AdminUserController]
2026-08-06 01:18:30.796 DEBUG 19504 --- [nio-8080-exec-5] org.hibernate.SQL                        : 
    select
        u1_0.id,
        u1_0.created_at,
        u1_0.email,
        u1_0.failed_attempts,
        u1_0.is_active,
        u1_0.is_locked,
        u1_0.last_login_at,
        u1_0.lock_time,
        u1_0.password,
        u1_0.role,
        u1_0.updated_at,
        u1_0.username 
    from
        users u1_0 
    where
        u1_0.id=?
2026-08-06 01:18:30.798 DEBUG 19504 --- [nio-8080-exec-5] org.hibernate.SQL                        : 
    update
        users 
    set
        email=?,
        failed_attempts=?,
        is_active=?,
        is_locked=?,
        last_login_at=?,
        lock_time=?,
        password=?,
        role=?,
        updated_at=?,
        username=? 
    where
        id=?
2026-08-06 01:18:31.903 DEBUG 19504 --- [nio-8080-exec-6] o.s.security.web.FilterChainProxy        : Securing PATCH /api/v1/admin/users/7/status
2026-08-06 01:18:31.906 DEBUG 19504 --- [nio-8080-exec-6] org.hibernate.SQL                        : 
    select
        u1_0.id,
        u1_0.created_at,
        u1_0.email,
        u1_0.failed_attempts,
        u1_0.is_active,
        u1_0.is_locked,
        u1_0.last_login_at,
        u1_0.lock_time,
        u1_0.password,
        u1_0.role,
        u1_0.updated_at,
        u1_0.username 
    from
        users u1_0 
    where
        u1_0.email=?
2026-08-06 01:18:31.912 DEBUG 19504 --- [nio-8080-exec-6] o.s.security.web.FilterChainProxy        : Secured PATCH /api/v1/admin/users/7/status
2026-08-06 01:18:31.914 DEBUG 19504 --- [nio-8080-exec-6] horizationManagerBeforeMethodInterceptor : Authorizing method invocation ReflectiveMethodInvocation: public com.example.firstapp.dto.UserSummaryDto com.example.firstapp.controller.AdminUserController.setStatus(java.lang.Long,com.example.firstapp.dto.UpdateStatusRequest,com.example.firstapp.entity.User); target is of class [com.example.firstapp.controller.AdminUserController]
2026-08-06 01:18:31.915 DEBUG 19504 --- [nio-8080-exec-6] horizationManagerBeforeMethodInterceptor : Authorized method invocation ReflectiveMethodInvocation: public com.example.firstapp.dto.UserSummaryDto com.example.firstapp.controller.AdminUserController.setStatus(java.lang.Long,com.example.firstapp.dto.UpdateStatusRequest,com.example.firstapp.entity.User); target is of class [com.example.firstapp.controller.AdminUserController]
2026-08-06 01:18:31.916 DEBUG 19504 --- [nio-8080-exec-6] org.hibernate.SQL                        : 
    select
        u1_0.id,
        u1_0.created_at,
        u1_0.email,
        u1_0.failed_attempts,
        u1_0.is_active,
        u1_0.is_locked,
        u1_0.last_login_at,
        u1_0.lock_time,
        u1_0.password,
        u1_0.role,
        u1_0.updated_at,
        u1_0.username 
    from
        users u1_0 
    where
        u1_0.id=?
2026-08-06 01:18:31.979 DEBUG 19504 --- [nio-8080-exec-6] org.hibernate.SQL                        : 
    update
        users 
    set
        email=?,
        failed_attempts=?,
        is_active=?,
        is_locked=?,
        last_login_at=?,
        lock_time=?,
        password=?,
        role=?,
        updated_at=?,
        username=? 
    where
        id=?
2026-08-06 01:19:37.648 DEBUG 19504 --- [nio-8080-exec-8] o.s.security.web.FilterChainProxy        : Securing POST /api/v1/auth/login
2026-08-06 01:19:37.649 DEBUG 19504 --- [nio-8080-exec-8] o.s.s.w.a.AnonymousAuthenticationFilter  : Set SecurityContextHolder to anonymous SecurityContext
2026-08-06 01:19:37.649 DEBUG 19504 --- [nio-8080-exec-8] o.s.security.web.FilterChainProxy        : Secured POST /api/v1/auth/login
2026-08-06 01:19:37.651  INFO 19504 --- [nio-8080-exec-8] c.e.f.controller.AuthController          : Login request received: ram@gmail.com
2026-08-06 01:19:37.653  INFO 19504 --- [nio-8080-exec-8] c.e.firstapp.service.AuthService         : Login attempt for: ram@gmail.com
2026-08-06 01:19:37.655 DEBUG 19504 --- [nio-8080-exec-8] org.hibernate.SQL                        : 
    select
        u1_0.id,
        u1_0.created_at,
        u1_0.email,
        u1_0.failed_attempts,
        u1_0.is_active,
        u1_0.is_locked,
        u1_0.last_login_at,
        u1_0.lock_time,
        u1_0.password,
        u1_0.role,
        u1_0.updated_at,
        u1_0.username 
    from
        users u1_0 
    where
        u1_0.email=?
2026-08-06 01:19:37.946 DEBUG 19504 --- [nio-8080-exec-8] o.s.s.a.d.DaoAuthenticationProvider      : Authenticated user
2026-08-06 01:19:37.949 DEBUG 19504 --- [nio-8080-exec-8] org.hibernate.SQL                        : 
    update
        users u1_0 
    set
        failed_attempts=0,
        is_locked=0,
        lock_time=null 
    where
        u1_0.email=?
2026-08-06 01:19:37.952 DEBUG 19504 --- [nio-8080-exec-8] org.hibernate.SQL                        : 
    update
        users u1_0 
    set
        last_login_at=? 
    where
        u1_0.email=?
2026-08-06 01:19:37.958 DEBUG 19504 --- [nio-8080-exec-8] org.hibernate.SQL                        : 
    select
        u1_0.id,
        u1_0.created_at,
        u1_0.email,
        u1_0.failed_attempts,
        u1_0.is_active,
        u1_0.is_locked,
        u1_0.last_login_at,
        u1_0.lock_time,
        u1_0.password,
        u1_0.role,
        u1_0.updated_at,
        u1_0.username 
    from
        users u1_0 
    where
        u1_0.email=?
2026-08-06 01:19:37.963  INFO 19504 --- [nio-8080-exec-8] c.e.firstapp.service.AuthService         : Login successful: ram@gmail.com
2026-08-06 01:19:38.259 DEBUG 19504 --- [nio-8080-exec-9] o.s.security.web.FilterChainProxy        : Securing GET /api/v1/admin/users?page=0&size=20&sortBy=id&ascending=true
2026-08-06 01:19:38.266 DEBUG 19504 --- [nio-8080-exec-9] org.hibernate.SQL                        : 
    select
        u1_0.id,
        u1_0.created_at,
        u1_0.email,
        u1_0.failed_attempts,
        u1_0.is_active,
        u1_0.is_locked,
        u1_0.last_login_at,
        u1_0.lock_time,
        u1_0.password,
        u1_0.role,
        u1_0.updated_at,
        u1_0.username 
    from
        users u1_0 
    where
        u1_0.email=?
2026-08-06 01:19:38.272 DEBUG 19504 --- [nio-8080-exec-9] o.s.security.web.FilterChainProxy        : Secured GET /api/v1/admin/users?page=0&size=20&sortBy=id&ascending=true
2026-08-06 01:19:38.273 DEBUG 19504 --- [nio-8080-exec-9] horizationManagerBeforeMethodInterceptor : Authorizing method invocation ReflectiveMethodInvocation: public org.springframework.data.domain.Page com.example.firstapp.controller.AdminUserController.listUsers(int,int,java.lang.String,boolean); target is of class [com.example.firstapp.controller.AdminUserController]
2026-08-06 01:19:38.274 DEBUG 19504 --- [nio-8080-exec-9] horizationManagerBeforeMethodInterceptor : Authorized method invocation ReflectiveMethodInvocation: public org.springframework.data.domain.Page com.example.firstapp.controller.AdminUserController.listUsers(int,int,java.lang.String,boolean); target is of class [com.example.firstapp.controller.AdminUserController]
2026-08-06 01:19:38.276 DEBUG 19504 --- [nio-8080-exec-9] org.hibernate.SQL                        : 
    select
        u1_0.id,
        u1_0.created_at,
        u1_0.email,
        u1_0.failed_attempts,
        u1_0.is_active,
        u1_0.is_locked,
        u1_0.last_login_at,
        u1_0.lock_time,
        u1_0.password,
        u1_0.role,
        u1_0.updated_at,
        u1_0.username 
    from
        users u1_0 
    order by
        u1_0.id,
        u1_0.id 
    limit
        ?, ?
