2026-09-15 15:51:43.757  INFO 19848 --- [  restartedMain] c.e.firstapp.FirstappApplication         : Starting FirstappApplication using Java 25.0.3 with PID 19848 (E:\firstapp\firstapp\target\classes started by Dell in E:\firstapp\firstapp)
2026-09-15 15:51:43.770  INFO 19848 --- [  restartedMain] c.e.firstapp.FirstappApplication         : No active profile set, falling back to 1 default profile: "default"
2026-09-15 15:51:44.001  INFO 19848 --- [  restartedMain] .e.DevToolsPropertyDefaultsPostProcessor : Devtools property defaults active! Set 'spring.devtools.add-properties' to 'false' to disable
2026-09-15 15:51:44.002  INFO 19848 --- [  restartedMain] .e.DevToolsPropertyDefaultsPostProcessor : For additional web related logging consider setting the 'logging.level.web' property to 'DEBUG'
2026-09-15 15:51:48.258  INFO 19848 --- [  restartedMain] .s.d.r.c.RepositoryConfigurationDelegate : Bootstrapping Spring Data JPA repositories in DEFAULT mode.
2026-09-15 15:51:48.589  INFO 19848 --- [  restartedMain] .s.d.r.c.RepositoryConfigurationDelegate : Finished Spring Data repository scanning in 313 ms. Found 8 JPA repository interfaces.
2026-09-15 15:51:50.795  INFO 19848 --- [  restartedMain] o.s.b.w.e.tomcat.TomcatWebServer         : Tomcat initialized with port 8080 (http)
2026-09-15 15:51:50.839  INFO 19848 --- [  restartedMain] o.a.catalina.core.StandardService        : Starting service [Tomcat]
2026-09-15 15:51:50.850  INFO 19848 --- [  restartedMain] o.a.catalina.core.StandardEngine         : Starting Servlet engine: [Apache Tomcat/10.1.42]
2026-09-15 15:51:51.024  INFO 19848 --- [  restartedMain] o.a.c.c.C.[Tomcat].[localhost].[/]       : Initializing Spring embedded WebApplicationContext
2026-09-15 15:51:51.040  INFO 19848 --- [  restartedMain] w.s.c.ServletWebServerApplicationContext : Root WebApplicationContext: initialization completed in 7031 ms
2026-09-15 15:51:51.277 DEBUG 19848 --- [  restartedMain] com.zaxxer.hikari.HikariConfig           : Driver class com.mysql.cj.jdbc.Driver found in Thread context class loader TomcatEmbeddedWebappClassLoader
  context: ROOT
  delegate: true
----------> Parent Classloader:
org.springframework.boot.devtools.restart.classloader.RestartClassLoader@6e37c89b

2026-09-15 15:51:51.598  INFO 19848 --- [  restartedMain] o.h.jpa.internal.util.LogHelper          : HHH000204: Processing PersistenceUnitInfo [name: default]
2026-09-15 15:51:51.797  INFO 19848 --- [  restartedMain] org.hibernate.Version                    : HHH000412: Hibernate ORM core version 6.5.3.Final
2026-09-15 15:51:51.885  INFO 19848 --- [  restartedMain] o.h.c.i.RegionFactoryInitiator           : HHH000026: Second-level cache disabled
2026-09-15 15:51:52.986  INFO 19848 --- [  restartedMain] o.s.o.j.p.SpringPersistenceUnitInfo      : No LoadTimeWeaver setup: ignoring JPA class transformer
2026-09-15 15:51:53.083 DEBUG 19848 --- [  restartedMain] com.zaxxer.hikari.HikariConfig           : BusinessAppHikariPool - configuration:
2026-09-15 15:51:53.089 DEBUG 19848 --- [  restartedMain] com.zaxxer.hikari.HikariConfig           : allowPoolSuspension.............false
2026-09-15 15:51:53.090 DEBUG 19848 --- [  restartedMain] com.zaxxer.hikari.HikariConfig           : autoCommit......................true
2026-09-15 15:51:53.091 DEBUG 19848 --- [  restartedMain] com.zaxxer.hikari.HikariConfig           : catalog.........................none
2026-09-15 15:51:53.091 DEBUG 19848 --- [  restartedMain] com.zaxxer.hikari.HikariConfig           : connectionInitSql...............none
2026-09-15 15:51:53.092 DEBUG 19848 --- [  restartedMain] com.zaxxer.hikari.HikariConfig           : connectionTestQuery............."SELECT 1"
2026-09-15 15:51:53.094 DEBUG 19848 --- [  restartedMain] com.zaxxer.hikari.HikariConfig           : connectionTimeout...............20000
2026-09-15 15:51:53.094 DEBUG 19848 --- [  restartedMain] com.zaxxer.hikari.HikariConfig           : dataSource......................none
2026-09-15 15:51:53.095 DEBUG 19848 --- [  restartedMain] com.zaxxer.hikari.HikariConfig           : dataSourceClassName.............none
2026-09-15 15:51:53.095 DEBUG 19848 --- [  restartedMain] com.zaxxer.hikari.HikariConfig           : dataSourceJNDI..................none
2026-09-15 15:51:53.096 DEBUG 19848 --- [  restartedMain] com.zaxxer.hikari.HikariConfig           : dataSourceProperties............{password=<masked>}
2026-09-15 15:51:53.099 DEBUG 19848 --- [  restartedMain] com.zaxxer.hikari.HikariConfig           : driverClassName................."com.mysql.cj.jdbc.Driver"
2026-09-15 15:51:53.101 DEBUG 19848 --- [  restartedMain] com.zaxxer.hikari.HikariConfig           : exceptionOverrideClassName......none
2026-09-15 15:51:53.101 DEBUG 19848 --- [  restartedMain] com.zaxxer.hikari.HikariConfig           : healthCheckProperties...........{}
2026-09-15 15:51:53.102 DEBUG 19848 --- [  restartedMain] com.zaxxer.hikari.HikariConfig           : healthCheckRegistry.............none
2026-09-15 15:51:53.103 DEBUG 19848 --- [  restartedMain] com.zaxxer.hikari.HikariConfig           : idleTimeout.....................600000
2026-09-15 15:51:53.104 DEBUG 19848 --- [  restartedMain] com.zaxxer.hikari.HikariConfig           : initializationFailTimeout.......1
2026-09-15 15:51:53.106 DEBUG 19848 --- [  restartedMain] com.zaxxer.hikari.HikariConfig           : isolateInternalQueries..........false
2026-09-15 15:51:53.107 DEBUG 19848 --- [  restartedMain] com.zaxxer.hikari.HikariConfig           : jdbcUrl.........................jdbc:mysql://localhost:3306/businessapp?createDatabaseIfNotExist=true&useSSL=false&serverTimezone=UTC&allowPublicKeyRetrieval=true
2026-09-15 15:51:53.108 DEBUG 19848 --- [  restartedMain] com.zaxxer.hikari.HikariConfig           : keepaliveTime...................0
2026-09-15 15:51:53.108 DEBUG 19848 --- [  restartedMain] com.zaxxer.hikari.HikariConfig           : leakDetectionThreshold..........0
2026-09-15 15:51:53.109 DEBUG 19848 --- [  restartedMain] com.zaxxer.hikari.HikariConfig           : maxLifetime.....................1800000
2026-09-15 15:51:53.109 DEBUG 19848 --- [  restartedMain] com.zaxxer.hikari.HikariConfig           : maximumPoolSize.................10
2026-09-15 15:51:53.110 DEBUG 19848 --- [  restartedMain] com.zaxxer.hikari.HikariConfig           : metricRegistry..................none
2026-09-15 15:51:53.110 DEBUG 19848 --- [  restartedMain] com.zaxxer.hikari.HikariConfig           : metricsTrackerFactory...........none
2026-09-15 15:51:53.111 DEBUG 19848 --- [  restartedMain] com.zaxxer.hikari.HikariConfig           : minimumIdle.....................5
2026-09-15 15:51:53.111 DEBUG 19848 --- [  restartedMain] com.zaxxer.hikari.HikariConfig           : password........................<masked>
2026-09-15 15:51:53.112 DEBUG 19848 --- [  restartedMain] com.zaxxer.hikari.HikariConfig           : poolName........................"BusinessAppHikariPool"
2026-09-15 15:51:53.112 DEBUG 19848 --- [  restartedMain] com.zaxxer.hikari.HikariConfig           : readOnly........................false
2026-09-15 15:51:53.113 DEBUG 19848 --- [  restartedMain] com.zaxxer.hikari.HikariConfig           : registerMbeans..................false
2026-09-15 15:51:53.113 DEBUG 19848 --- [  restartedMain] com.zaxxer.hikari.HikariConfig           : scheduledExecutor...............none
2026-09-15 15:51:53.113 DEBUG 19848 --- [  restartedMain] com.zaxxer.hikari.HikariConfig           : schema..........................none
2026-09-15 15:51:53.114 DEBUG 19848 --- [  restartedMain] com.zaxxer.hikari.HikariConfig           : threadFactory...................internal
2026-09-15 15:51:53.114 DEBUG 19848 --- [  restartedMain] com.zaxxer.hikari.HikariConfig           : transactionIsolation............default
2026-09-15 15:51:53.114 DEBUG 19848 --- [  restartedMain] com.zaxxer.hikari.HikariConfig           : username........................"root"
2026-09-15 15:51:53.116 DEBUG 19848 --- [  restartedMain] com.zaxxer.hikari.HikariConfig           : validationTimeout...............5000
2026-09-15 15:51:53.117  INFO 19848 --- [  restartedMain] com.zaxxer.hikari.HikariDataSource       : BusinessAppHikariPool - Starting...
2026-09-15 15:51:53.646  INFO 19848 --- [  restartedMain] com.zaxxer.hikari.pool.HikariPool        : BusinessAppHikariPool - Added connection com.mysql.cj.jdbc.ConnectionImpl@40899733
2026-09-15 15:51:53.658  INFO 19848 --- [  restartedMain] com.zaxxer.hikari.HikariDataSource       : BusinessAppHikariPool - Start completed.
2026-09-15 15:51:57.496  INFO 19848 --- [  restartedMain] o.h.e.t.j.p.i.JtaPlatformInitiator       : HHH000489: No JTA platform available (set 'hibernate.transaction.jta.platform' to enable JTA platform integration)
2026-09-15 15:51:57.716 DEBUG 19848 --- [  restartedMain] org.hibernate.SQL                        : 
    alter table businesses 
       modify column description TEXT
2026-09-15 15:51:58.059 DEBUG 19848 --- [  restartedMain] org.hibernate.SQL                        : 
    alter table member_educations 
       modify column description TEXT
2026-09-15 15:51:58.104 DEBUG 19848 --- [  restartedMain] org.hibernate.SQL                        : 
    alter table member_experiences 
       modify column description TEXT
2026-09-15 15:51:58.155 DEBUG 19848 --- [  restartedMain] org.hibernate.SQL                        : 
    alter table members 
       modify column bio TEXT
2026-09-15 15:51:58.416 DEBUG 19848 --- [  restartedMain] org.hibernate.SQL                        : 
    alter table members 
       modify column profile_visibility enum ('CONNECTIONS_ONLY','PRIVATE','PUBLIC') not null
2026-09-15 15:51:58.545 DEBUG 19848 --- [  restartedMain] org.hibernate.SQL                        : 
    alter table members 
       modify column specialization enum ('ACCOUNTING_AUDIT','ASSET_WEALTH_MANAGEMENT','CORPORATE_FINANCE','FINTECH','INSURANCE','INVESTMENT_BANKING','OTHER','PRIVATE_EQUITY_VC','RISK_COMPLIANCE')
2026-09-15 15:51:58.665 DEBUG 19848 --- [  restartedMain] org.hibernate.SQL                        : 
    alter table opportunities 
       modify column description TEXT not null
2026-09-15 15:51:58.777 DEBUG 19848 --- [  restartedMain] org.hibernate.SQL                        : 
    alter table opportunities 
       modify column experience_level enum ('EXECUTIVE','GRADUATE','JUNIOR','MID','SENIOR') not null
2026-09-15 15:51:58.841 DEBUG 19848 --- [  restartedMain] org.hibernate.SQL                        : 
    alter table opportunities 
       modify column specialization enum ('ACCOUNTING_AUDIT','ASSET_WEALTH_MANAGEMENT','CORPORATE_FINANCE','FINTECH','INSURANCE','INVESTMENT_BANKING','OTHER','PRIVATE_EQUITY_VC','RISK_COMPLIANCE') not null
2026-09-15 15:51:59.060 DEBUG 19848 --- [  restartedMain] org.hibernate.SQL                        : 
    alter table opportunities 
       modify column status enum ('CLOSED','DRAFT','PUBLISHED') not null
2026-09-15 15:51:59.181 DEBUG 19848 --- [  restartedMain] org.hibernate.SQL                        : 
    alter table opportunities 
       modify column type enum ('CONTRACT','FULL_TIME','GIG','INTERNSHIP','PART_TIME') not null
2026-09-15 15:51:59.250 DEBUG 19848 --- [  restartedMain] org.hibernate.SQL                        : 
    alter table opportunities 
       modify column work_mode enum ('HYBRID','ONSITE','REMOTE') not null
2026-09-15 15:51:59.318 DEBUG 19848 --- [  restartedMain] org.hibernate.SQL                        : 
    alter table opportunity_qualifications 
       modify column qualification TEXT not null
2026-09-15 15:51:59.388 DEBUG 19848 --- [  restartedMain] org.hibernate.SQL                        : 
    alter table opportunity_responsibilities 
       modify column responsibility TEXT not null
2026-09-15 15:51:59.433 DEBUG 19848 --- [  restartedMain] org.hibernate.SQL                        : 
    alter table users 
       modify column role enum ('ROLE_ADMIN','ROLE_ADVISORY','ROLE_BUSINESS','ROLE_CUSTOMER','ROLE_MEMBERS') not null
2026-09-15 15:51:59.932  INFO 19848 --- [  restartedMain] j.LocalContainerEntityManagerFactoryBean : Initialized JPA EntityManagerFactory for persistence unit 'default'
2026-09-15 15:52:00.839  INFO 19848 --- [  restartedMain] o.s.d.j.r.query.QueryEnhancerFactory     : Hibernate is in classpath; If applicable, HQL parser will be used.
2026-09-15 15:52:02.613  INFO 19848 --- [  restartedMain] o.s.b.web.servlet.RegistrationBean       : Filter disableJwtAuthFilterRegistration was not registered (disabled)
2026-09-15 15:52:03.245  INFO 19848 --- [  restartedMain] eAuthenticationProviderManagerConfigurer : Global AuthenticationManager configured with AuthenticationProvider bean with name authenticationProvider
2026-09-15 15:52:03.250  WARN 19848 --- [  restartedMain] r$InitializeUserDetailsManagerConfigurer : Global AuthenticationManager configured with an AuthenticationProvider bean. UserDetailsService beans will not be used for username/password login. Consider removing the AuthenticationProvider bean. Alternatively, consider using the UserDetailsService in a manually instantiated DaoAuthenticationProvider.
2026-09-15 15:52:04.289  INFO 19848 --- [  restartedMain] c.e.firstapp.config.AsyncConfig          : Email thread pool initialized: core=2 max=5 queue=50
2026-09-15 15:52:05.146 DEBUG 19848 --- [  restartedMain] o.s.s.web.DefaultSecurityFilterChain     : Will secure any request with filters: DisableEncodeUrlFilter, WebAsyncManagerIntegrationFilter, SecurityContextHolderFilter, HeaderWriterFilter, LogoutFilter, JwtAuthFilter, RequestCacheAwareFilter, SecurityContextHolderAwareRequestFilter, AnonymousAuthenticationFilter, SessionManagementFilter, ExceptionTranslationFilter, AuthorizationFilter
2026-09-15 15:52:06.099  INFO 19848 --- [  restartedMain] o.s.b.d.a.OptionalLiveReloadServer       : LiveReload server is running on port 35729
2026-09-15 15:52:06.198  INFO 19848 --- [  restartedMain] o.s.b.w.e.tomcat.TomcatWebServer         : Tomcat started on port 8080 (http) with context path '/'
2026-09-15 15:52:06.234  INFO 19848 --- [  restartedMain] c.e.firstapp.FirstappApplication         : Started FirstappApplication in 24.037 seconds (process running for 27.535)
2026-09-15 15:55:59.191  INFO 19848 --- [nio-8080-exec-1] o.a.c.c.C.[Tomcat].[localhost].[/]       : Initializing Spring DispatcherServlet 'dispatcherServlet'
2026-09-15 15:55:59.208  INFO 19848 --- [nio-8080-exec-1] o.s.web.servlet.DispatcherServlet        : Initializing Servlet 'dispatcherServlet'
2026-09-15 15:55:59.235  INFO 19848 --- [nio-8080-exec-1] o.s.web.servlet.DispatcherServlet        : Completed initialization in 27 ms
2026-09-15 15:55:59.396 DEBUG 19848 --- [nio-8080-exec-1] o.s.security.web.FilterChainProxy        : Securing GET /api/v1/opportunities
2026-09-15 15:55:59.415 DEBUG 19848 --- [nio-8080-exec-5] o.s.security.web.FilterChainProxy        : Securing GET /api/v1/me
2026-09-15 15:55:59.415 DEBUG 19848 --- [nio-8080-exec-6] o.s.security.web.FilterChainProxy        : Securing GET /api/v1/me/suggestions
2026-09-15 15:55:59.415 DEBUG 19848 --- [nio-8080-exec-2] o.s.security.web.FilterChainProxy        : Securing GET /api/v1/me/advisory-sessions
2026-09-15 15:55:59.711  WARN 19848 --- [nio-8080-exec-1] c.e.firstapp.filter.JwtAuthFilter        : Cannot extract username from token: JWT expired at 2026-09-10T17:40:12Z. Current time: 2026-09-15T10:10:59Z, a difference of 405047701 milliseconds.  Allowed clock skew: 0 milliseconds.
2026-09-15 15:55:59.710  WARN 19848 --- [nio-8080-exec-2] c.e.firstapp.filter.JwtAuthFilter        : Cannot extract username from token: JWT expired at 2026-09-10T17:40:12Z. Current time: 2026-09-15T10:10:59Z, a difference of 405047701 milliseconds.  Allowed clock skew: 0 milliseconds.
2026-09-15 15:55:59.711  WARN 19848 --- [nio-8080-exec-6] c.e.firstapp.filter.JwtAuthFilter        : Cannot extract username from token: JWT expired at 2026-09-10T17:40:12Z. Current time: 2026-09-15T10:10:59Z, a difference of 405047701 milliseconds.  Allowed clock skew: 0 milliseconds.
2026-09-15 15:55:59.711  WARN 19848 --- [nio-8080-exec-5] c.e.firstapp.filter.JwtAuthFilter        : Cannot extract username from token: JWT expired at 2026-09-10T17:40:12Z. Current time: 2026-09-15T10:10:59Z, a difference of 405047701 milliseconds.  Allowed clock skew: 0 milliseconds.
2026-09-15 15:55:59.722 DEBUG 19848 --- [nio-8080-exec-1] o.s.s.w.a.AnonymousAuthenticationFilter  : Set SecurityContextHolder to anonymous SecurityContext
2026-09-15 15:55:59.722 DEBUG 19848 --- [nio-8080-exec-2] o.s.s.w.a.AnonymousAuthenticationFilter  : Set SecurityContextHolder to anonymous SecurityContext
2026-09-15 15:55:59.722 DEBUG 19848 --- [nio-8080-exec-5] o.s.s.w.a.AnonymousAuthenticationFilter  : Set SecurityContextHolder to anonymous SecurityContext
2026-09-15 15:55:59.722 DEBUG 19848 --- [nio-8080-exec-6] o.s.s.w.a.AnonymousAuthenticationFilter  : Set SecurityContextHolder to anonymous SecurityContext
2026-09-15 15:55:59.735 DEBUG 19848 --- [nio-8080-exec-1] o.s.security.web.FilterChainProxy        : Secured GET /api/v1/opportunities
2026-09-15 15:55:59.749 DEBUG 19848 --- [nio-8080-exec-2] o.s.s.w.a.Http403ForbiddenEntryPoint     : Pre-authenticated entry point called. Rejecting access
2026-09-15 15:55:59.749 DEBUG 19848 --- [nio-8080-exec-5] o.s.s.w.a.Http403ForbiddenEntryPoint     : Pre-authenticated entry point called. Rejecting access
2026-09-15 15:55:59.750 DEBUG 19848 --- [nio-8080-exec-6] o.s.s.w.a.Http403ForbiddenEntryPoint     : Pre-authenticated entry point called. Rejecting access
2026-09-15 15:55:59.779 DEBUG 19848 --- [nio-8080-exec-2] o.s.security.web.FilterChainProxy        : Securing GET /error
2026-09-15 15:55:59.779 DEBUG 19848 --- [nio-8080-exec-5] o.s.security.web.FilterChainProxy        : Securing GET /error
2026-09-15 15:55:59.780 DEBUG 19848 --- [nio-8080-exec-6] o.s.security.web.FilterChainProxy        : Securing GET /error
2026-09-15 15:55:59.780 DEBUG 19848 --- [nio-8080-exec-5] o.s.s.w.a.AnonymousAuthenticationFilter  : Set SecurityContextHolder to anonymous SecurityContext
2026-09-15 15:55:59.781 DEBUG 19848 --- [nio-8080-exec-6] o.s.s.w.a.AnonymousAuthenticationFilter  : Set SecurityContextHolder to anonymous SecurityContext
2026-09-15 15:55:59.781 DEBUG 19848 --- [nio-8080-exec-5] o.s.s.w.a.Http403ForbiddenEntryPoint     : Pre-authenticated entry point called. Rejecting access
2026-09-15 15:55:59.781 DEBUG 19848 --- [nio-8080-exec-6] o.s.s.w.a.Http403ForbiddenEntryPoint     : Pre-authenticated entry point called. Rejecting access
2026-09-15 15:55:59.780 DEBUG 19848 --- [nio-8080-exec-2] o.s.s.w.a.AnonymousAuthenticationFilter  : Set SecurityContextHolder to anonymous SecurityContext
2026-09-15 15:55:59.782 DEBUG 19848 --- [nio-8080-exec-2] o.s.s.w.a.Http403ForbiddenEntryPoint     : Pre-authenticated entry point called. Rejecting access
2026-09-15 15:56:00.596  WARN 19848 --- [nio-8080-exec-1] org.hibernate.orm.query                  : HHH90003004: firstResult/maxResults specified with collection fetch; applying in memory
2026-09-15 15:56:00.809 DEBUG 19848 --- [nio-8080-exec-1] org.hibernate.SQL                        : 
    select
        o1_0.id,
        o1_0.application_deadline,
        o1_0.business_id,
        b1_0.id,
        b1_0.company_name,
        b1_0.company_size,
        b1_0.contact_email,
        b1_0.contact_phone,
        b1_0.created_at,
        b1_0.description,
        b1_0.city,
        b1_0.country,
        b1_0.postal_code,
        b1_0.state,
        b1_0.street,
        b1_0.industry_type,
        b1_0.logo_url,
        b1_0.user_id,
        b1_0.registration_number,
        b1_0.status,
        b1_0.updated_at,
        b1_0.verification_status,
        b1_0.verified_at,
        b1_0.verified_by_admin_id,
        b1_0.website,
        o1_0.business_name,
        o1_0.compensation_currency,
        o1_0.compensation_disclosed,
        o1_0.compensation_max,
        o1_0.compensation_min,
        o1_0.created_at,
        o1_0.description,
        o1_0.experience_level,
        o1_0.location,
        o1_0.openings,
        o1_0.posted_at,
        r1_0.opportunity_id,
        r1_0.responsibility,
        o1_0.specialization,
        o1_0.status,
        o1_0.title,
        o1_0.type,
        o1_0.updated_at,
        o1_0.work_mode 
    from
        opportunities o1_0 
    join
        businesses b1_0 
            on b1_0.id=o1_0.business_id 
    left join
        opportunity_responsibilities r1_0 
            on o1_0.id=r1_0.opportunity_id 
    where
        o1_0.status=? 
    order by
        o1_0.posted_at desc
2026-09-15 15:56:01.236 DEBUG 19848 --- [nio-8080-exec-1] org.hibernate.SQL                        : 
    select
        count(o1_0.id) 
    from
        opportunities o1_0 
    where
        o1_0.status=?
2026-09-15 15:56:01.278 DEBUG 19848 --- [nio-8080-exec-1] org.hibernate.SQL                        : 
    select
        rs1_0.opportunity_id,
        rs1_0.skill 
    from
        opportunity_required_skills rs1_0 
    where
        rs1_0.opportunity_id in (?, ?, ?, ?, ?, ?, ?, ?, ?, ?, ?, ?, ?, ?, ?, ?, ?, ?, ?, ?, ?, ?, ?, ?, ?)
2026-09-15 15:56:01.372 DEBUG 19848 --- [nio-8080-exec-1] org.hibernate.SQL                        : 
    select
        q1_0.opportunity_id,
        q1_0.qualification 
    from
        opportunity_qualifications q1_0 
    where
        q1_0.opportunity_id in (?, ?, ?, ?, ?, ?, ?, ?, ?, ?, ?, ?, ?, ?, ?, ?, ?, ?, ?, ?, ?, ?, ?, ?, ?)
2026-09-15 15:56:16.800 DEBUG 19848 --- [nio-8080-exec-6] o.s.security.web.FilterChainProxy        : Securing GET /api/v1/me/applications
2026-09-15 15:56:16.801 DEBUG 19848 --- [nio-8080-exec-8] o.s.security.web.FilterChainProxy        : Securing GET /api/v1/me/advisory-sessions
2026-09-15 15:56:16.800 DEBUG 19848 --- [nio-8080-exec-2] o.s.security.web.FilterChainProxy        : Securing GET /api/v1/me/suggestions
2026-09-15 15:56:16.800 DEBUG 19848 --- [nio-8080-exec-7] o.s.security.web.FilterChainProxy        : Securing GET /api/v1/me
2026-09-15 15:56:16.800 DEBUG 19848 --- [nio-8080-exec-5] o.s.security.web.FilterChainProxy        : Securing GET /api/v1/opportunities
2026-09-15 15:56:17.364  WARN 19848 --- [nio-8080-exec-6] c.e.firstapp.filter.JwtAuthFilter        : Cannot extract username from token: JWT expired at 2026-09-10T17:40:12Z. Current time: 2026-09-15T10:11:17Z, a difference of 405065364 milliseconds.  Allowed clock skew: 0 milliseconds.
2026-09-15 15:56:17.364  WARN 19848 --- [nio-8080-exec-2] c.e.firstapp.filter.JwtAuthFilter        : Cannot extract username from token: JWT expired at 2026-09-10T17:40:12Z. Current time: 2026-09-15T10:11:17Z, a difference of 405065364 milliseconds.  Allowed clock skew: 0 milliseconds.
2026-09-15 15:56:17.365 DEBUG 19848 --- [nio-8080-exec-6] o.s.s.w.a.AnonymousAuthenticationFilter  : Set SecurityContextHolder to anonymous SecurityContext
2026-09-15 15:56:17.365 DEBUG 19848 --- [nio-8080-exec-2] o.s.s.w.a.AnonymousAuthenticationFilter  : Set SecurityContextHolder to anonymous SecurityContext
2026-09-15 15:56:17.365 DEBUG 19848 --- [nio-8080-exec-2] o.s.s.w.a.Http403ForbiddenEntryPoint     : Pre-authenticated entry point called. Rejecting access
2026-09-15 15:56:17.365 DEBUG 19848 --- [nio-8080-exec-6] o.s.s.w.a.Http403ForbiddenEntryPoint     : Pre-authenticated entry point called. Rejecting access
2026-09-15 15:56:17.399 DEBUG 19848 --- [nio-8080-exec-2] o.s.security.web.FilterChainProxy        : Securing GET /error
2026-09-15 15:56:17.426 DEBUG 19848 --- [nio-8080-exec-6] o.s.security.web.FilterChainProxy        : Securing GET /error
2026-09-15 15:56:17.431 DEBUG 19848 --- [nio-8080-exec-2] o.s.s.w.a.AnonymousAuthenticationFilter  : Set SecurityContextHolder to anonymous SecurityContext
2026-09-15 15:56:17.444  WARN 19848 --- [nio-8080-exec-5] c.e.firstapp.filter.JwtAuthFilter        : Cannot extract username from token: JWT expired at 2026-09-10T17:40:12Z. Current time: 2026-09-15T10:11:17Z, a difference of 405065443 milliseconds.  Allowed clock skew: 0 milliseconds.
2026-09-15 15:56:17.444  WARN 19848 --- [nio-8080-exec-8] c.e.firstapp.filter.JwtAuthFilter        : Cannot extract username from token: JWT expired at 2026-09-10T17:40:12Z. Current time: 2026-09-15T10:11:17Z, a difference of 405065444 milliseconds.  Allowed clock skew: 0 milliseconds.
2026-09-15 15:56:17.508  WARN 19848 --- [nio-8080-exec-7] c.e.firstapp.filter.JwtAuthFilter        : Cannot extract username from token: JWT expired at 2026-09-10T17:40:12Z. Current time: 2026-09-15T10:11:17Z, a difference of 405065508 milliseconds.  Allowed clock skew: 0 milliseconds.
2026-09-15 15:56:17.544 DEBUG 19848 --- [nio-8080-exec-6] o.s.s.w.a.AnonymousAuthenticationFilter  : Set SecurityContextHolder to anonymous SecurityContext
2026-09-15 15:56:17.545 DEBUG 19848 --- [nio-8080-exec-2] o.s.s.w.a.Http403ForbiddenEntryPoint     : Pre-authenticated entry point called. Rejecting access
2026-09-15 15:56:17.546 DEBUG 19848 --- [nio-8080-exec-5] o.s.s.w.a.AnonymousAuthenticationFilter  : Set SecurityContextHolder to anonymous SecurityContext
2026-09-15 15:56:17.548 DEBUG 19848 --- [nio-8080-exec-8] o.s.s.w.a.AnonymousAuthenticationFilter  : Set SecurityContextHolder to anonymous SecurityContext
2026-09-15 15:56:17.561 DEBUG 19848 --- [nio-8080-exec-7] o.s.s.w.a.AnonymousAuthenticationFilter  : Set SecurityContextHolder to anonymous SecurityContext
2026-09-15 15:56:17.563 DEBUG 19848 --- [nio-8080-exec-6] o.s.s.w.a.Http403ForbiddenEntryPoint     : Pre-authenticated entry point called. Rejecting access
2026-09-15 15:56:17.573 DEBUG 19848 --- [nio-8080-exec-5] o.s.security.web.FilterChainProxy        : Secured GET /api/v1/opportunities
2026-09-15 15:56:17.575 DEBUG 19848 --- [nio-8080-exec-8] o.s.s.w.a.Http403ForbiddenEntryPoint     : Pre-authenticated entry point called. Rejecting access
2026-09-15 15:56:17.577 DEBUG 19848 --- [nio-8080-exec-7] o.s.s.w.a.Http403ForbiddenEntryPoint     : Pre-authenticated entry point called. Rejecting access
2026-09-15 15:56:17.578 DEBUG 19848 --- [nio-8080-exec-8] o.s.security.web.FilterChainProxy        : Securing GET /error
2026-09-15 15:56:17.579 DEBUG 19848 --- [nio-8080-exec-7] o.s.security.web.FilterChainProxy        : Securing GET /error
2026-09-15 15:56:17.579 DEBUG 19848 --- [nio-8080-exec-8] o.s.s.w.a.AnonymousAuthenticationFilter  : Set SecurityContextHolder to anonymous SecurityContext
2026-09-15 15:56:17.580 DEBUG 19848 --- [nio-8080-exec-8] o.s.s.w.a.Http403ForbiddenEntryPoint     : Pre-authenticated entry point called. Rejecting access
2026-09-15 15:56:17.580 DEBUG 19848 --- [nio-8080-exec-7] o.s.s.w.a.AnonymousAuthenticationFilter  : Set SecurityContextHolder to anonymous SecurityContext
2026-09-15 15:56:17.584 DEBUG 19848 --- [nio-8080-exec-7] o.s.s.w.a.Http403ForbiddenEntryPoint     : Pre-authenticated entry point called. Rejecting access
2026-09-15 15:56:17.585  WARN 19848 --- [nio-8080-exec-5] org.hibernate.orm.query                  : HHH90003004: firstResult/maxResults specified with collection fetch; applying in memory
2026-09-15 15:56:17.598 DEBUG 19848 --- [nio-8080-exec-5] org.hibernate.SQL                        : 
    select
        o1_0.id,
        o1_0.application_deadline,
        o1_0.business_id,
        b1_0.id,
        b1_0.company_name,
        b1_0.company_size,
        b1_0.contact_email,
        b1_0.contact_phone,
        b1_0.created_at,
        b1_0.description,
        b1_0.city,
        b1_0.country,
        b1_0.postal_code,
        b1_0.state,
        b1_0.street,
        b1_0.industry_type,
        b1_0.logo_url,
        b1_0.user_id,
        b1_0.registration_number,
        b1_0.status,
        b1_0.updated_at,
        b1_0.verification_status,
        b1_0.verified_at,
        b1_0.verified_by_admin_id,
        b1_0.website,
        o1_0.business_name,
        o1_0.compensation_currency,
        o1_0.compensation_disclosed,
        o1_0.compensation_max,
        o1_0.compensation_min,
        o1_0.created_at,
        o1_0.description,
        o1_0.experience_level,
        o1_0.location,
        o1_0.openings,
        o1_0.posted_at,
        r1_0.opportunity_id,
        r1_0.responsibility,
        o1_0.specialization,
        o1_0.status,
        o1_0.title,
        o1_0.type,
        o1_0.updated_at,
        o1_0.work_mode 
    from
        opportunities o1_0 
    join
        businesses b1_0 
            on b1_0.id=o1_0.business_id 
    left join
        opportunity_responsibilities r1_0 
            on o1_0.id=r1_0.opportunity_id 
    where
        o1_0.status=? 
    order by
        o1_0.posted_at desc
2026-09-15 15:56:17.645 DEBUG 19848 --- [nio-8080-exec-5] org.hibernate.SQL                        : 
    select
        count(o1_0.id) 
    from
        opportunities o1_0 
    where
        o1_0.status=?
2026-09-15 15:56:17.652 DEBUG 19848 --- [nio-8080-exec-5] org.hibernate.SQL                        : 
    select
        rs1_0.opportunity_id,
        rs1_0.skill 
    from
        opportunity_required_skills rs1_0 
    where
        rs1_0.opportunity_id in (?, ?, ?, ?, ?, ?, ?, ?, ?, ?, ?, ?, ?, ?, ?, ?, ?, ?, ?, ?, ?, ?, ?, ?, ?)
2026-09-15 15:56:17.658 DEBUG 19848 --- [nio-8080-exec-5] org.hibernate.SQL                        : 
    select
        q1_0.opportunity_id,
        q1_0.qualification 
    from
        opportunity_qualifications q1_0 
    where
        q1_0.opportunity_id in (?, ?, ?, ?, ?, ?, ?, ?, ?, ?, ?, ?, ?, ?, ?, ?, ?, ?, ?, ?, ?, ?, ?, ?, ?)
2026-09-15 15:59:15.913 DEBUG 19848 --- [nio-8080-exec-2] o.s.security.web.FilterChainProxy        : Securing POST /api/v1/auth/login
2026-09-15 15:59:15.914 DEBUG 19848 --- [nio-8080-exec-2] o.s.s.w.a.AnonymousAuthenticationFilter  : Set SecurityContextHolder to anonymous SecurityContext
2026-09-15 15:59:15.915 DEBUG 19848 --- [nio-8080-exec-2] o.s.security.web.FilterChainProxy        : Secured POST /api/v1/auth/login
2026-09-15 15:59:16.269  INFO 19848 --- [nio-8080-exec-2] c.e.f.controller.AuthController          : Login request received: cat@gmail.com
2026-09-15 15:59:16.271  INFO 19848 --- [nio-8080-exec-2] c.e.firstapp.service.AuthService         : Login attempt for: cat@gmail.com
2026-09-15 15:59:16.627 DEBUG 19848 --- [nio-8080-exec-2] org.hibernate.SQL                        : 
    select
        u1_0.id,
        u1_0.is_active,
        u1_0.created_at,
        u1_0.email,
        u1_0.failed_attempts,
        u1_0.last_login_at,
        u1_0.lock_time,
        u1_0.is_locked,
        u1_0.password,
        u1_0.role,
        u1_0.updated_at,
        u1_0.username 
    from
        users u1_0 
    where
        u1_0.email=?
2026-09-15 15:59:16.905 DEBUG 19848 --- [nio-8080-exec-2] o.s.s.a.d.DaoAuthenticationProvider      : Failed to authenticate since password does not match stored value
2026-09-15 15:59:16.935 DEBUG 19848 --- [nio-8080-exec-2] org.hibernate.SQL                        : 
    select
        u1_0.id,
        u1_0.is_active,
        u1_0.created_at,
        u1_0.email,
        u1_0.failed_attempts,
        u1_0.last_login_at,
        u1_0.lock_time,
        u1_0.is_locked,
        u1_0.password,
        u1_0.role,
        u1_0.updated_at,
        u1_0.username 
    from
        users u1_0 
    where
        u1_0.email=?
2026-09-15 15:59:16.977 DEBUG 19848 --- [nio-8080-exec-2] org.hibernate.SQL                        : 
    update
        users u1_0 
    set
        failed_attempts=(u1_0.failed_attempts+1) 
    where
        u1_0.email=?
2026-09-15 15:59:17.018  WARN 19848 --- [nio-8080-exec-2] c.e.firstapp.service.AuthService         : Failed login attempt #1 for: cat@gmail.com
2026-09-15 15:59:17.220  WARN 19848 --- [nio-8080-exec-2] c.e.f.handler.GlobalExceptionHandler     : Bad request: Invalid email or password
2026-09-15 15:59:17.223  WARN 19848 --- [nio-8080-exec-2] .m.m.a.ExceptionHandlerExceptionResolver : Resolved [com.example.firstapp.exception.BadRequestException: Invalid email or password]
2026-09-15 15:59:18.774 DEBUG 19848 --- [nio-8080-exec-6] o.s.security.web.FilterChainProxy        : Securing POST /api/v1/auth/login
2026-09-15 15:59:18.775 DEBUG 19848 --- [nio-8080-exec-6] o.s.s.w.a.AnonymousAuthenticationFilter  : Set SecurityContextHolder to anonymous SecurityContext
2026-09-15 15:59:18.775 DEBUG 19848 --- [nio-8080-exec-6] o.s.security.web.FilterChainProxy        : Secured POST /api/v1/auth/login
2026-09-15 15:59:18.777  INFO 19848 --- [nio-8080-exec-6] c.e.f.controller.AuthController          : Login request received: cat@gmail.com
2026-09-15 15:59:18.779  INFO 19848 --- [nio-8080-exec-6] c.e.firstapp.service.AuthService         : Login attempt for: cat@gmail.com
2026-09-15 15:59:18.779 DEBUG 19848 --- [nio-8080-exec-6] org.hibernate.SQL                        : 
    select
        u1_0.id,
        u1_0.is_active,
        u1_0.created_at,
        u1_0.email,
        u1_0.failed_attempts,
        u1_0.last_login_at,
        u1_0.lock_time,
        u1_0.is_locked,
        u1_0.password,
        u1_0.role,
        u1_0.updated_at,
        u1_0.username 
    from
        users u1_0 
    where
        u1_0.email=?
2026-09-15 15:59:19.042 DEBUG 19848 --- [nio-8080-exec-6] o.s.s.a.d.DaoAuthenticationProvider      : Failed to authenticate since password does not match stored value
2026-09-15 15:59:19.044 DEBUG 19848 --- [nio-8080-exec-6] org.hibernate.SQL                        : 
    select
        u1_0.id,
        u1_0.is_active,
        u1_0.created_at,
        u1_0.email,
        u1_0.failed_attempts,
        u1_0.last_login_at,
        u1_0.lock_time,
        u1_0.is_locked,
        u1_0.password,
        u1_0.role,
        u1_0.updated_at,
        u1_0.username 
    from
        users u1_0 
    where
        u1_0.email=?
2026-09-15 15:59:19.048 DEBUG 19848 --- [nio-8080-exec-6] org.hibernate.SQL                        : 
    update
        users u1_0 
    set
        failed_attempts=(u1_0.failed_attempts+1) 
    where
        u1_0.email=?
2026-09-15 15:59:19.052  WARN 19848 --- [nio-8080-exec-6] c.e.firstapp.service.AuthService         : Failed login attempt #1 for: cat@gmail.com
2026-09-15 15:59:19.112  WARN 19848 --- [nio-8080-exec-6] c.e.f.handler.GlobalExceptionHandler     : Bad request: Invalid email or password
2026-09-15 15:59:19.114  WARN 19848 --- [nio-8080-exec-6] .m.m.a.ExceptionHandlerExceptionResolver : Resolved [com.example.firstapp.exception.BadRequestException: Invalid email or password]
2026-09-15 15:59:39.249 DEBUG 19848 --- [nio-8080-exec-8] o.s.security.web.FilterChainProxy        : Securing POST /api/v1/auth/login
2026-09-15 15:59:39.249 DEBUG 19848 --- [nio-8080-exec-8] o.s.s.w.a.AnonymousAuthenticationFilter  : Set SecurityContextHolder to anonymous SecurityContext
2026-09-15 15:59:39.249 DEBUG 19848 --- [nio-8080-exec-8] o.s.security.web.FilterChainProxy        : Secured POST /api/v1/auth/login
2026-09-15 15:59:39.250  INFO 19848 --- [nio-8080-exec-8] c.e.f.controller.AuthController          : Login request received: cat@gmail.com
2026-09-15 15:59:39.252  INFO 19848 --- [nio-8080-exec-8] c.e.firstapp.service.AuthService         : Login attempt for: cat@gmail.com
2026-09-15 15:59:39.254 DEBUG 19848 --- [nio-8080-exec-8] org.hibernate.SQL                        : 
    select
        u1_0.id,
        u1_0.is_active,
        u1_0.created_at,
        u1_0.email,
        u1_0.failed_attempts,
        u1_0.last_login_at,
        u1_0.lock_time,
        u1_0.is_locked,
        u1_0.password,
        u1_0.role,
        u1_0.updated_at,
        u1_0.username 
    from
        users u1_0 
    where
        u1_0.email=?
2026-09-15 15:59:39.658 DEBUG 19848 --- [nio-8080-exec-8] o.s.s.a.d.DaoAuthenticationProvider      : Authenticated user
2026-09-15 15:59:39.667 DEBUG 19848 --- [nio-8080-exec-8] org.hibernate.SQL                        : 
    update
        users u1_0 
    set
        failed_attempts=0,
        is_locked=0,
        lock_time=null 
    where
        u1_0.email=?
2026-09-15 15:59:39.675 DEBUG 19848 --- [nio-8080-exec-8] org.hibernate.SQL                        : 
    update
        users u1_0 
    set
        last_login_at=? 
    where
        u1_0.email=?
2026-09-15 15:59:39.692 DEBUG 19848 --- [nio-8080-exec-8] org.hibernate.SQL                        : 
    select
        u1_0.id,
        u1_0.is_active,
        u1_0.created_at,
        u1_0.email,
        u1_0.failed_attempts,
        u1_0.last_login_at,
        u1_0.lock_time,
        u1_0.is_locked,
        u1_0.password,
        u1_0.role,
        u1_0.updated_at,
        u1_0.username 
    from
        users u1_0 
    where
        u1_0.email=?
2026-09-15 15:59:39.716  INFO 19848 --- [nio-8080-exec-8] c.e.firstapp.service.AuthService         : Login successful: cat@gmail.com
2026-09-15 15:59:40.781 DEBUG 19848 --- [nio-8080-exec-7] o.s.security.web.FilterChainProxy        : Securing GET /api/v1/opportunities
2026-09-15 15:59:40.886 DEBUG 19848 --- [nio-8080-exec-7] org.hibernate.SQL                        : 
    select
        u1_0.id,
        u1_0.is_active,
        u1_0.created_at,
        u1_0.email,
        u1_0.failed_attempts,
        u1_0.last_login_at,
        u1_0.lock_time,
        u1_0.is_locked,
        u1_0.password,
        u1_0.role,
        u1_0.updated_at,
        u1_0.username 
    from
        users u1_0 
    where
        u1_0.email=?
2026-09-15 15:59:40.897 DEBUG 19848 --- [nio-8080-exec-7] o.s.security.web.FilterChainProxy        : Secured GET /api/v1/opportunities
2026-09-15 15:59:40.902  WARN 19848 --- [nio-8080-exec-7] org.hibernate.orm.query                  : HHH90003004: firstResult/maxResults specified with collection fetch; applying in memory
2026-09-15 15:59:40.904 DEBUG 19848 --- [nio-8080-exec-7] org.hibernate.SQL                        : 
    select
        o1_0.id,
        o1_0.application_deadline,
        o1_0.business_id,
        b1_0.id,
        b1_0.company_name,
        b1_0.company_size,
        b1_0.contact_email,
        b1_0.contact_phone,
        b1_0.created_at,
        b1_0.description,
        b1_0.city,
        b1_0.country,
        b1_0.postal_code,
        b1_0.state,
        b1_0.street,
        b1_0.industry_type,
        b1_0.logo_url,
        b1_0.user_id,
        b1_0.registration_number,
        b1_0.status,
        b1_0.updated_at,
        b1_0.verification_status,
        b1_0.verified_at,
        b1_0.verified_by_admin_id,
        b1_0.website,
        o1_0.business_name,
        o1_0.compensation_currency,
        o1_0.compensation_disclosed,
        o1_0.compensation_max,
        o1_0.compensation_min,
        o1_0.created_at,
        o1_0.description,
        o1_0.experience_level,
        o1_0.location,
        o1_0.openings,
        o1_0.posted_at,
        r1_0.opportunity_id,
        r1_0.responsibility,
        o1_0.specialization,
        o1_0.status,
        o1_0.title,
        o1_0.type,
        o1_0.updated_at,
        o1_0.work_mode 
    from
        opportunities o1_0 
    join
        businesses b1_0 
            on b1_0.id=o1_0.business_id 
    left join
        opportunity_responsibilities r1_0 
            on o1_0.id=r1_0.opportunity_id 
    where
        o1_0.status=? 
    order by
        o1_0.posted_at desc
2026-09-15 15:59:40.988 DEBUG 19848 --- [nio-8080-exec-7] org.hibernate.SQL                        : 
    select
        count(o1_0.id) 
    from
        opportunities o1_0 
    where
        o1_0.status=?
2026-09-15 15:59:40.991 DEBUG 19848 --- [nio-8080-exec-7] org.hibernate.SQL                        : 
    select
        rs1_0.opportunity_id,
        rs1_0.skill 
    from
        opportunity_required_skills rs1_0 
    where
        rs1_0.opportunity_id in (?, ?, ?, ?, ?, ?, ?, ?, ?, ?, ?, ?, ?, ?, ?, ?, ?, ?, ?, ?, ?, ?, ?, ?, ?)
2026-09-15 15:59:40.994 DEBUG 19848 --- [nio-8080-exec-7] org.hibernate.SQL                        : 
    select
        q1_0.opportunity_id,
        q1_0.qualification 
    from
        opportunity_qualifications q1_0 
    where
        q1_0.opportunity_id in (?, ?, ?, ?, ?, ?, ?, ?, ?, ?, ?, ?, ?, ?, ?, ?, ?, ?, ?, ?, ?, ?, ?, ?, ?)
2026-09-15 15:59:46.285 DEBUG 19848 --- [io-8080-exec-10] o.s.security.web.FilterChainProxy        : Securing GET /api/v1/me/advisory-sessions
2026-09-15 15:59:46.285 DEBUG 19848 --- [nio-8080-exec-9] o.s.security.web.FilterChainProxy        : Securing GET /api/v1/me
2026-09-15 15:59:46.285 DEBUG 19848 --- [nio-8080-exec-3] o.s.security.web.FilterChainProxy        : Securing GET /api/v1/me/applications
2026-09-15 15:59:46.290 DEBUG 19848 --- [nio-8080-exec-1] o.s.security.web.FilterChainProxy        : Securing GET /api/v1/opportunities
2026-09-15 15:59:46.290 DEBUG 19848 --- [nio-8080-exec-4] o.s.security.web.FilterChainProxy        : Securing GET /api/v1/me/suggestions
2026-09-15 15:59:46.292 DEBUG 19848 --- [nio-8080-exec-9] org.hibernate.SQL                        : 
    select
        u1_0.id,
        u1_0.is_active,
        u1_0.created_at,
        u1_0.email,
        u1_0.failed_attempts,
        u1_0.last_login_at,
        u1_0.lock_time,
        u1_0.is_locked,
        u1_0.password,
        u1_0.role,
        u1_0.updated_at,
        u1_0.username 
    from
        users u1_0 
    where
        u1_0.email=?
2026-09-15 15:59:46.292 DEBUG 19848 --- [nio-8080-exec-3] org.hibernate.SQL                        : 
    select
        u1_0.id,
        u1_0.is_active,
        u1_0.created_at,
        u1_0.email,
        u1_0.failed_attempts,
        u1_0.last_login_at,
        u1_0.lock_time,
        u1_0.is_locked,
        u1_0.password,
        u1_0.role,
        u1_0.updated_at,
        u1_0.username 
    from
        users u1_0 
    where
        u1_0.email=?
2026-09-15 15:59:46.292 DEBUG 19848 --- [io-8080-exec-10] org.hibernate.SQL                        : 
    select
        u1_0.id,
        u1_0.is_active,
        u1_0.created_at,
        u1_0.email,
        u1_0.failed_attempts,
        u1_0.last_login_at,
        u1_0.lock_time,
        u1_0.is_locked,
        u1_0.password,
        u1_0.role,
        u1_0.updated_at,
        u1_0.username 
    from
        users u1_0 
    where
        u1_0.email=?
2026-09-15 15:59:46.293 DEBUG 19848 --- [nio-8080-exec-1] org.hibernate.SQL                        : 
    select
        u1_0.id,
        u1_0.is_active,
        u1_0.created_at,
        u1_0.email,
        u1_0.failed_attempts,
        u1_0.last_login_at,
        u1_0.lock_time,
        u1_0.is_locked,
        u1_0.password,
        u1_0.role,
        u1_0.updated_at,
        u1_0.username 
    from
        users u1_0 
    where
        u1_0.email=?
2026-09-15 15:59:46.293 DEBUG 19848 --- [nio-8080-exec-4] org.hibernate.SQL                        : 
    select
        u1_0.id,
        u1_0.is_active,
        u1_0.created_at,
        u1_0.email,
        u1_0.failed_attempts,
        u1_0.last_login_at,
        u1_0.lock_time,
        u1_0.is_locked,
        u1_0.password,
        u1_0.role,
        u1_0.updated_at,
        u1_0.username 
    from
        users u1_0 
    where
        u1_0.email=?
2026-09-15 15:59:46.299 DEBUG 19848 --- [nio-8080-exec-3] o.s.security.web.FilterChainProxy        : Secured GET /api/v1/me/applications
2026-09-15 15:59:46.313 DEBUG 19848 --- [nio-8080-exec-1] o.s.security.web.FilterChainProxy        : Secured GET /api/v1/opportunities
2026-09-15 15:59:46.315 DEBUG 19848 --- [nio-8080-exec-9] o.s.security.web.FilterChainProxy        : Secured GET /api/v1/me
2026-09-15 15:59:46.315 DEBUG 19848 --- [nio-8080-exec-4] o.s.security.web.FilterChainProxy        : Secured GET /api/v1/me/suggestions
2026-09-15 15:59:46.317 DEBUG 19848 --- [io-8080-exec-10] o.s.security.web.FilterChainProxy        : Secured GET /api/v1/me/advisory-sessions
2026-09-15 15:59:46.319  WARN 19848 --- [nio-8080-exec-1] org.hibernate.orm.query                  : HHH90003004: firstResult/maxResults specified with collection fetch; applying in memory
2026-09-15 15:59:46.324 DEBUG 19848 --- [nio-8080-exec-1] org.hibernate.SQL                        : 
    select
        o1_0.id,
        o1_0.application_deadline,
        o1_0.business_id,
        b1_0.id,
        b1_0.company_name,
        b1_0.company_size,
        b1_0.contact_email,
        b1_0.contact_phone,
        b1_0.created_at,
        b1_0.description,
        b1_0.city,
        b1_0.country,
        b1_0.postal_code,
        b1_0.state,
        b1_0.street,
        b1_0.industry_type,
        b1_0.logo_url,
        b1_0.user_id,
        b1_0.registration_number,
        b1_0.status,
        b1_0.updated_at,
        b1_0.verification_status,
        b1_0.verified_at,
        b1_0.verified_by_admin_id,
        b1_0.website,
        o1_0.business_name,
        o1_0.compensation_currency,
        o1_0.compensation_disclosed,
        o1_0.compensation_max,
        o1_0.compensation_min,
        o1_0.created_at,
        o1_0.description,
        o1_0.experience_level,
        o1_0.location,
        o1_0.openings,
        o1_0.posted_at,
        r1_0.opportunity_id,
        r1_0.responsibility,
        o1_0.specialization,
        o1_0.status,
        o1_0.title,
        o1_0.type,
        o1_0.updated_at,
        o1_0.work_mode 
    from
        opportunities o1_0 
    join
        businesses b1_0 
            on b1_0.id=o1_0.business_id 
    left join
        opportunity_responsibilities r1_0 
            on o1_0.id=r1_0.opportunity_id 
    where
        o1_0.status=? 
    order by
        o1_0.posted_at desc
2026-09-15 15:59:46.322 ERROR 19848 --- [nio-8080-exec-4] c.e.f.handler.GlobalExceptionHandler     : Unexpected error at /api/v1/me/suggestions: No static resource api/v1/me/suggestions.
org.springframework.web.servlet.resource.NoResourceFoundException: No static resource api/v1/me/suggestions.
	at org.springframework.web.servlet.resource.ResourceHttpRequestHandler.handleRequest(ResourceHttpRequestHandler.java:586)
	at org.springframework.web.servlet.mvc.HttpRequestHandlerAdapter.handle(HttpRequestHandlerAdapter.java:52)
	at org.springframework.web.servlet.DispatcherServlet.doDispatch(DispatcherServlet.java:1089)
	at org.springframework.web.servlet.DispatcherServlet.doService(DispatcherServlet.java:979)
	at org.springframework.web.servlet.FrameworkServlet.processRequest(FrameworkServlet.java:1014)
	at org.springframework.web.servlet.FrameworkServlet.doGet(FrameworkServlet.java:903)
	at jakarta.servlet.http.HttpServlet.service(HttpServlet.java:564)
	at org.springframework.web.servlet.FrameworkServlet.service(FrameworkServlet.java:885)
	at jakarta.servlet.http.HttpServlet.service(HttpServlet.java:658)
	at org.apache.catalina.core.ApplicationFilterChain.internalDoFilter(ApplicationFilterChain.java:195)
	at org.apache.catalina.core.ApplicationFilterChain.doFilter(ApplicationFilterChain.java:140)
	at org.apache.tomcat.websocket.server.WsFilter.doFilter(WsFilter.java:51)
	at org.apache.catalina.core.ApplicationFilterChain.internalDoFilter(ApplicationFilterChain.java:164)
	at org.apache.catalina.core.ApplicationFilterChain.doFilter(ApplicationFilterChain.java:140)
	at org.springframework.web.filter.CompositeFilter$VirtualFilterChain.doFilter(CompositeFilter.java:108)
	at org.springframework.security.web.FilterChainProxy.lambda$doFilterInternal$3(FilterChainProxy.java:231)
	at org.springframework.security.web.FilterChainProxy$VirtualFilterChain.doFilter(FilterChainProxy.java:365)
	at org.springframework.security.web.access.intercept.AuthorizationFilter.doFilter(AuthorizationFilter.java:100)
	at org.springframework.security.web.FilterChainProxy$VirtualFilterChain.doFilter(FilterChainProxy.java:374)
	at org.springframework.security.web.access.ExceptionTranslationFilter.doFilter(ExceptionTranslationFilter.java:126)
	at org.springframework.security.web.access.ExceptionTranslationFilter.doFilter(ExceptionTranslationFilter.java:120)
	at org.springframework.security.web.FilterChainProxy$VirtualFilterChain.doFilter(FilterChainProxy.java:374)
	at org.springframework.security.web.session.SessionManagementFilter.doFilter(SessionManagementFilter.java:131)
	at org.springframework.security.web.session.SessionManagementFilter.doFilter(SessionManagementFilter.java:85)
	at org.springframework.security.web.FilterChainProxy$VirtualFilterChain.doFilter(FilterChainProxy.java:374)
	at org.springframework.security.web.authentication.AnonymousAuthenticationFilter.doFilter(AnonymousAuthenticationFilter.java:100)
	at org.springframework.security.web.FilterChainProxy$VirtualFilterChain.doFilter(FilterChainProxy.java:374)
	at org.springframework.security.web.servletapi.SecurityContextHolderAwareRequestFilter.doFilter(SecurityContextHolderAwareRequestFilter.java:179)
	at org.springframework.security.web.FilterChainProxy$VirtualFilterChain.doFilter(FilterChainProxy.java:374)
	at org.springframework.security.web.savedrequest.RequestCacheAwareFilter.doFilter(RequestCacheAwareFilter.java:63)
	at org.springframework.security.web.FilterChainProxy$VirtualFilterChain.doFilter(FilterChainProxy.java:374)
	at com.example.firstapp.filter.JwtAuthFilter.doFilterInternal(JwtAuthFilter.java:205)
	at org.springframework.web.filter.OncePerRequestFilter.doFilter(OncePerRequestFilter.java:116)
	at org.springframework.security.web.FilterChainProxy$VirtualFilterChain.doFilter(FilterChainProxy.java:374)
	at org.springframework.security.web.authentication.logout.LogoutFilter.doFilter(LogoutFilter.java:107)
	at org.springframework.security.web.authentication.logout.LogoutFilter.doFilter(LogoutFilter.java:93)
	at org.springframework.security.web.FilterChainProxy$VirtualFilterChain.doFilter(FilterChainProxy.java:374)
	at org.springframework.security.web.header.HeaderWriterFilter.doHeadersAfter(HeaderWriterFilter.java:90)
	at org.springframework.security.web.header.HeaderWriterFilter.doFilterInternal(HeaderWriterFilter.java:75)
	at org.springframework.web.filter.OncePerRequestFilter.doFilter(OncePerRequestFilter.java:116)
	at org.springframework.security.web.FilterChainProxy$VirtualFilterChain.doFilter(FilterChainProxy.java:374)
	at org.springframework.security.web.context.SecurityContextHolderFilter.doFilter(SecurityContextHolderFilter.java:82)
	at org.springframework.security.web.context.SecurityContextHolderFilter.doFilter(SecurityContextHolderFilter.java:69)
	at org.springframework.security.web.FilterChainProxy$VirtualFilterChain.doFilter(FilterChainProxy.java:374)
	at org.springframework.security.web.context.request.async.WebAsyncManagerIntegrationFilter.doFilterInternal(WebAsyncManagerIntegrationFilter.java:62)
	at org.springframework.web.filter.OncePerRequestFilter.doFilter(OncePerRequestFilter.java:116)
	at org.springframework.security.web.FilterChainProxy$VirtualFilterChain.doFilter(FilterChainProxy.java:374)
	at org.springframework.security.web.session.DisableEncodeUrlFilter.doFilterInternal(DisableEncodeUrlFilter.java:42)
	at org.springframework.web.filter.OncePerRequestFilter.doFilter(OncePerRequestFilter.java:116)
	at org.springframework.security.web.FilterChainProxy$VirtualFilterChain.doFilter(FilterChainProxy.java:374)
	at org.springframework.security.web.FilterChainProxy.doFilterInternal(FilterChainProxy.java:233)
	at org.springframework.security.web.FilterChainProxy.doFilter(FilterChainProxy.java:191)
	at org.springframework.web.filter.CompositeFilter$VirtualFilterChain.doFilter(CompositeFilter.java:113)
	at org.springframework.web.servlet.handler.HandlerMappingIntrospector.lambda$createCacheFilter$3(HandlerMappingIntrospector.java:195)
	at org.springframework.web.filter.CompositeFilter$VirtualFilterChain.doFilter(CompositeFilter.java:113)
	at org.springframework.web.filter.CompositeFilter.doFilter(CompositeFilter.java:74)
	at org.springframework.security.config.annotation.web.configuration.WebMvcSecurityConfiguration$CompositeFilterChainProxy.doFilter(WebMvcSecurityConfiguration.java:230)
	at org.springframework.web.filter.DelegatingFilterProxy.invokeDelegate(DelegatingFilterProxy.java:362)
	at org.springframework.web.filter.DelegatingFilterProxy.doFilter(DelegatingFilterProxy.java:278)
	at org.apache.catalina.core.ApplicationFilterChain.internalDoFilter(ApplicationFilterChain.java:164)
	at org.apache.catalina.core.ApplicationFilterChain.doFilter(ApplicationFilterChain.java:140)
	at org.springframework.web.filter.RequestContextFilter.doFilterInternal(RequestContextFilter.java:100)
	at org.springframework.web.filter.OncePerRequestFilter.doFilter(OncePerRequestFilter.java:116)
	at org.apache.catalina.core.ApplicationFilterChain.internalDoFilter(ApplicationFilterChain.java:164)
	at org.apache.catalina.core.ApplicationFilterChain.doFilter(ApplicationFilterChain.java:140)
	at org.springframework.web.filter.FormContentFilter.doFilterInternal(FormContentFilter.java:93)
	at org.springframework.web.filter.OncePerRequestFilter.doFilter(OncePerRequestFilter.java:116)
	at org.apache.catalina.core.ApplicationFilterChain.internalDoFilter(ApplicationFilterChain.java:164)
	at org.apache.catalina.core.ApplicationFilterChain.doFilter(ApplicationFilterChain.java:140)
	at org.springframework.web.filter.CharacterEncodingFilter.doFilterInternal(CharacterEncodingFilter.java:201)
	at org.springframework.web.filter.OncePerRequestFilter.doFilter(OncePerRequestFilter.java:116)
	at org.apache.catalina.core.ApplicationFilterChain.internalDoFilter(ApplicationFilterChain.java:164)
	at org.apache.catalina.core.ApplicationFilterChain.doFilter(ApplicationFilterChain.java:140)
	at com.example.firstapp.filter.RateLimitFilter.doFilterInternal(RateLimitFilter.java:161)
	at org.springframework.web.filter.OncePerRequestFilter.doFilter(OncePerRequestFilter.java:116)
	at org.apache.catalina.core.ApplicationFilterChain.internalDoFilter(ApplicationFilterChain.java:164)
	at org.apache.catalina.core.ApplicationFilterChain.doFilter(ApplicationFilterChain.java:140)
	at org.apache.catalina.core.StandardWrapperValve.invoke(StandardWrapperValve.java:167)
	at org.apache.catalina.core.StandardContextValve.invoke(StandardContextValve.java:90)
	at org.apache.catalina.authenticator.AuthenticatorBase.invoke(AuthenticatorBase.java:483)
	at org.apache.catalina.core.StandardHostValve.invoke(StandardHostValve.java:116)
	at org.apache.catalina.valves.ErrorReportValve.invoke(ErrorReportValve.java:93)
	at org.apache.catalina.core.StandardEngineValve.invoke(StandardEngineValve.java:74)
	at org.apache.catalina.connector.CoyoteAdapter.service(CoyoteAdapter.java:344)
	at org.apache.coyote.http11.Http11Processor.service(Http11Processor.java:398)
	at org.apache.coyote.AbstractProcessorLight.process(AbstractProcessorLight.java:63)
	at org.apache.coyote.AbstractProtocol$ConnectionHandler.process(AbstractProtocol.java:903)
	at org.apache.tomcat.util.net.NioEndpoint$SocketProcessor.doRun(NioEndpoint.java:1769)
	at org.apache.tomcat.util.net.SocketProcessorBase.run(SocketProcessorBase.java:52)
	at org.apache.tomcat.util.threads.ThreadPoolExecutor.runWorker(ThreadPoolExecutor.java:1189)
	at org.apache.tomcat.util.threads.ThreadPoolExecutor$Worker.run(ThreadPoolExecutor.java:658)
	at org.apache.tomcat.util.threads.TaskThread$WrappingRunnable.run(TaskThread.java:63)
	at java.base/java.lang.Thread.run(Thread.java:1474)
2026-09-15 15:59:46.322 ERROR 19848 --- [nio-8080-exec-3] c.e.f.handler.GlobalExceptionHandler     : Unexpected error at /api/v1/me/applications: No static resource api/v1/me/applications.
org.springframework.web.servlet.resource.NoResourceFoundException: No static resource api/v1/me/applications.
	at org.springframework.web.servlet.resource.ResourceHttpRequestHandler.handleRequest(ResourceHttpRequestHandler.java:586)
	at org.springframework.web.servlet.mvc.HttpRequestHandlerAdapter.handle(HttpRequestHandlerAdapter.java:52)
	at org.springframework.web.servlet.DispatcherServlet.doDispatch(DispatcherServlet.java:1089)
	at org.springframework.web.servlet.DispatcherServlet.doService(DispatcherServlet.java:979)
	at org.springframework.web.servlet.FrameworkServlet.processRequest(FrameworkServlet.java:1014)
	at org.springframework.web.servlet.FrameworkServlet.doGet(FrameworkServlet.java:903)
	at jakarta.servlet.http.HttpServlet.service(HttpServlet.java:564)
	at org.springframework.web.servlet.FrameworkServlet.service(FrameworkServlet.java:885)
	at jakarta.servlet.http.HttpServlet.service(HttpServlet.java:658)
	at org.apache.catalina.core.ApplicationFilterChain.internalDoFilter(ApplicationFilterChain.java:195)
	at org.apache.catalina.core.ApplicationFilterChain.doFilter(ApplicationFilterChain.java:140)
	at org.apache.tomcat.websocket.server.WsFilter.doFilter(WsFilter.java:51)
	at org.apache.catalina.core.ApplicationFilterChain.internalDoFilter(ApplicationFilterChain.java:164)
	at org.apache.catalina.core.ApplicationFilterChain.doFilter(ApplicationFilterChain.java:140)
	at org.springframework.web.filter.CompositeFilter$VirtualFilterChain.doFilter(CompositeFilter.java:108)
	at org.springframework.security.web.FilterChainProxy.lambda$doFilterInternal$3(FilterChainProxy.java:231)
	at org.springframework.security.web.FilterChainProxy$VirtualFilterChain.doFilter(FilterChainProxy.java:365)
	at org.springframework.security.web.access.intercept.AuthorizationFilter.doFilter(AuthorizationFilter.java:100)
	at org.springframework.security.web.FilterChainProxy$VirtualFilterChain.doFilter(FilterChainProxy.java:374)
	at org.springframework.security.web.access.ExceptionTranslationFilter.doFilter(ExceptionTranslationFilter.java:126)
	at org.springframework.security.web.access.ExceptionTranslationFilter.doFilter(ExceptionTranslationFilter.java:120)
	at org.springframework.security.web.FilterChainProxy$VirtualFilterChain.doFilter(FilterChainProxy.java:374)
	at org.springframework.security.web.session.SessionManagementFilter.doFilter(SessionManagementFilter.java:131)
	at org.springframework.security.web.session.SessionManagementFilter.doFilter(SessionManagementFilter.java:85)
	at org.springframework.security.web.FilterChainProxy$VirtualFilterChain.doFilter(FilterChainProxy.java:374)
	at org.springframework.security.web.authentication.AnonymousAuthenticationFilter.doFilter(AnonymousAuthenticationFilter.java:100)
	at org.springframework.security.web.FilterChainProxy$VirtualFilterChain.doFilter(FilterChainProxy.java:374)
	at org.springframework.security.web.servletapi.SecurityContextHolderAwareRequestFilter.doFilter(SecurityContextHolderAwareRequestFilter.java:179)
	at org.springframework.security.web.FilterChainProxy$VirtualFilterChain.doFilter(FilterChainProxy.java:374)
	at org.springframework.security.web.savedrequest.RequestCacheAwareFilter.doFilter(RequestCacheAwareFilter.java:63)
	at org.springframework.security.web.FilterChainProxy$VirtualFilterChain.doFilter(FilterChainProxy.java:374)
	at com.example.firstapp.filter.JwtAuthFilter.doFilterInternal(JwtAuthFilter.java:205)
	at org.springframework.web.filter.OncePerRequestFilter.doFilter(OncePerRequestFilter.java:116)
	at org.springframework.security.web.FilterChainProxy$VirtualFilterChain.doFilter(FilterChainProxy.java:374)
	at org.springframework.security.web.authentication.logout.LogoutFilter.doFilter(LogoutFilter.java:107)
	at org.springframework.security.web.authentication.logout.LogoutFilter.doFilter(LogoutFilter.java:93)
	at org.springframework.security.web.FilterChainProxy$VirtualFilterChain.doFilter(FilterChainProxy.java:374)
	at org.springframework.security.web.header.HeaderWriterFilter.doHeadersAfter(HeaderWriterFilter.java:90)
	at org.springframework.security.web.header.HeaderWriterFilter.doFilterInternal(HeaderWriterFilter.java:75)
	at org.springframework.web.filter.OncePerRequestFilter.doFilter(OncePerRequestFilter.java:116)
	at org.springframework.security.web.FilterChainProxy$VirtualFilterChain.doFilter(FilterChainProxy.java:374)
	at org.springframework.security.web.context.SecurityContextHolderFilter.doFilter(SecurityContextHolderFilter.java:82)
	at org.springframework.security.web.context.SecurityContextHolderFilter.doFilter(SecurityContextHolderFilter.java:69)
	at org.springframework.security.web.FilterChainProxy$VirtualFilterChain.doFilter(FilterChainProxy.java:374)
	at org.springframework.security.web.context.request.async.WebAsyncManagerIntegrationFilter.doFilterInternal(WebAsyncManagerIntegrationFilter.java:62)
	at org.springframework.web.filter.OncePerRequestFilter.doFilter(OncePerRequestFilter.java:116)
	at org.springframework.security.web.FilterChainProxy$VirtualFilterChain.doFilter(FilterChainProxy.java:374)
	at org.springframework.security.web.session.DisableEncodeUrlFilter.doFilterInternal(DisableEncodeUrlFilter.java:42)
	at org.springframework.web.filter.OncePerRequestFilter.doFilter(OncePerRequestFilter.java:116)
	at org.springframework.security.web.FilterChainProxy$VirtualFilterChain.doFilter(FilterChainProxy.java:374)
	at org.springframework.security.web.FilterChainProxy.doFilterInternal(FilterChainProxy.java:233)
	at org.springframework.security.web.FilterChainProxy.doFilter(FilterChainProxy.java:191)
	at org.springframework.web.filter.CompositeFilter$VirtualFilterChain.doFilter(CompositeFilter.java:113)
	at org.springframework.web.servlet.handler.HandlerMappingIntrospector.lambda$createCacheFilter$3(HandlerMappingIntrospector.java:195)
	at org.springframework.web.filter.CompositeFilter$VirtualFilterChain.doFilter(CompositeFilter.java:113)
	at org.springframework.web.filter.CompositeFilter.doFilter(CompositeFilter.java:74)
	at org.springframework.security.config.annotation.web.configuration.WebMvcSecurityConfiguration$CompositeFilterChainProxy.doFilter(WebMvcSecurityConfiguration.java:230)
	at org.springframework.web.filter.DelegatingFilterProxy.invokeDelegate(DelegatingFilterProxy.java:362)
	at org.springframework.web.filter.DelegatingFilterProxy.doFilter(DelegatingFilterProxy.java:278)
	at org.apache.catalina.core.ApplicationFilterChain.internalDoFilter(ApplicationFilterChain.java:164)
	at org.apache.catalina.core.ApplicationFilterChain.doFilter(ApplicationFilterChain.java:140)
	at org.springframework.web.filter.RequestContextFilter.doFilterInternal(RequestContextFilter.java:100)
	at org.springframework.web.filter.OncePerRequestFilter.doFilter(OncePerRequestFilter.java:116)
	at org.apache.catalina.core.ApplicationFilterChain.internalDoFilter(ApplicationFilterChain.java:164)
	at org.apache.catalina.core.ApplicationFilterChain.doFilter(ApplicationFilterChain.java:140)
	at org.springframework.web.filter.FormContentFilter.doFilterInternal(FormContentFilter.java:93)
	at org.springframework.web.filter.OncePerRequestFilter.doFilter(OncePerRequestFilter.java:116)
	at org.apache.catalina.core.ApplicationFilterChain.internalDoFilter(ApplicationFilterChain.java:164)
	at org.apache.catalina.core.ApplicationFilterChain.doFilter(ApplicationFilterChain.java:140)
	at org.springframework.web.filter.CharacterEncodingFilter.doFilterInternal(CharacterEncodingFilter.java:201)
	at org.springframework.web.filter.OncePerRequestFilter.doFilter(OncePerRequestFilter.java:116)
	at org.apache.catalina.core.ApplicationFilterChain.internalDoFilter(ApplicationFilterChain.java:164)
	at org.apache.catalina.core.ApplicationFilterChain.doFilter(ApplicationFilterChain.java:140)
	at com.example.firstapp.filter.RateLimitFilter.doFilterInternal(RateLimitFilter.java:161)
	at org.springframework.web.filter.OncePerRequestFilter.doFilter(OncePerRequestFilter.java:116)
	at org.apache.catalina.core.ApplicationFilterChain.internalDoFilter(ApplicationFilterChain.java:164)
	at org.apache.catalina.core.ApplicationFilterChain.doFilter(ApplicationFilterChain.java:140)
	at org.apache.catalina.core.StandardWrapperValve.invoke(StandardWrapperValve.java:167)
	at org.apache.catalina.core.StandardContextValve.invoke(StandardContextValve.java:90)
	at org.apache.catalina.authenticator.AuthenticatorBase.invoke(AuthenticatorBase.java:483)
	at org.apache.catalina.core.StandardHostValve.invoke(StandardHostValve.java:116)
	at org.apache.catalina.valves.ErrorReportValve.invoke(ErrorReportValve.java:93)
	at org.apache.catalina.core.StandardEngineValve.invoke(StandardEngineValve.java:74)
	at org.apache.catalina.connector.CoyoteAdapter.service(CoyoteAdapter.java:344)
	at org.apache.coyote.http11.Http11Processor.service(Http11Processor.java:398)
	at org.apache.coyote.AbstractProcessorLight.process(AbstractProcessorLight.java:63)
	at org.apache.coyote.AbstractProtocol$ConnectionHandler.process(AbstractProtocol.java:903)
	at org.apache.tomcat.util.net.NioEndpoint$SocketProcessor.doRun(NioEndpoint.java:1769)
	at org.apache.tomcat.util.net.SocketProcessorBase.run(SocketProcessorBase.java:52)
	at org.apache.tomcat.util.threads.ThreadPoolExecutor.runWorker(ThreadPoolExecutor.java:1189)
	at org.apache.tomcat.util.threads.ThreadPoolExecutor$Worker.run(ThreadPoolExecutor.java:658)
	at org.apache.tomcat.util.threads.TaskThread$WrappingRunnable.run(TaskThread.java:63)
	at java.base/java.lang.Thread.run(Thread.java:1474)
2026-09-15 15:59:46.324 ERROR 19848 --- [io-8080-exec-10] c.e.f.handler.GlobalExceptionHandler     : Unexpected error at /api/v1/me/advisory-sessions: No static resource api/v1/me/advisory-sessions.
org.springframework.web.servlet.resource.NoResourceFoundException: No static resource api/v1/me/advisory-sessions.
	at org.springframework.web.servlet.resource.ResourceHttpRequestHandler.handleRequest(ResourceHttpRequestHandler.java:586)
	at org.springframework.web.servlet.mvc.HttpRequestHandlerAdapter.handle(HttpRequestHandlerAdapter.java:52)
	at org.springframework.web.servlet.DispatcherServlet.doDispatch(DispatcherServlet.java:1089)
	at org.springframework.web.servlet.DispatcherServlet.doService(DispatcherServlet.java:979)
	at org.springframework.web.servlet.FrameworkServlet.processRequest(FrameworkServlet.java:1014)
	at org.springframework.web.servlet.FrameworkServlet.doGet(FrameworkServlet.java:903)
	at jakarta.servlet.http.HttpServlet.service(HttpServlet.java:564)
	at org.springframework.web.servlet.FrameworkServlet.service(FrameworkServlet.java:885)
	at jakarta.servlet.http.HttpServlet.service(HttpServlet.java:658)
	at org.apache.catalina.core.ApplicationFilterChain.internalDoFilter(ApplicationFilterChain.java:195)
	at org.apache.catalina.core.ApplicationFilterChain.doFilter(ApplicationFilterChain.java:140)
	at org.apache.tomcat.websocket.server.WsFilter.doFilter(WsFilter.java:51)
	at org.apache.catalina.core.ApplicationFilterChain.internalDoFilter(ApplicationFilterChain.java:164)
	at org.apache.catalina.core.ApplicationFilterChain.doFilter(ApplicationFilterChain.java:140)
	at org.springframework.web.filter.CompositeFilter$VirtualFilterChain.doFilter(CompositeFilter.java:108)
	at org.springframework.security.web.FilterChainProxy.lambda$doFilterInternal$3(FilterChainProxy.java:231)
	at org.springframework.security.web.FilterChainProxy$VirtualFilterChain.doFilter(FilterChainProxy.java:365)
	at org.springframework.security.web.access.intercept.AuthorizationFilter.doFilter(AuthorizationFilter.java:100)
	at org.springframework.security.web.FilterChainProxy$VirtualFilterChain.doFilter(FilterChainProxy.java:374)
	at org.springframework.security.web.access.ExceptionTranslationFilter.doFilter(ExceptionTranslationFilter.java:126)
	at org.springframework.security.web.access.ExceptionTranslationFilter.doFilter(ExceptionTranslationFilter.java:120)
	at org.springframework.security.web.FilterChainProxy$VirtualFilterChain.doFilter(FilterChainProxy.java:374)
	at org.springframework.security.web.session.SessionManagementFilter.doFilter(SessionManagementFilter.java:131)
	at org.springframework.security.web.session.SessionManagementFilter.doFilter(SessionManagementFilter.java:85)
	at org.springframework.security.web.FilterChainProxy$VirtualFilterChain.doFilter(FilterChainProxy.java:374)
	at org.springframework.security.web.authentication.AnonymousAuthenticationFilter.doFilter(AnonymousAuthenticationFilter.java:100)
	at org.springframework.security.web.FilterChainProxy$VirtualFilterChain.doFilter(FilterChainProxy.java:374)
	at org.springframework.security.web.servletapi.SecurityContextHolderAwareRequestFilter.doFilter(SecurityContextHolderAwareRequestFilter.java:179)
	at org.springframework.security.web.FilterChainProxy$VirtualFilterChain.doFilter(FilterChainProxy.java:374)
	at org.springframework.security.web.savedrequest.RequestCacheAwareFilter.doFilter(RequestCacheAwareFilter.java:63)
	at org.springframework.security.web.FilterChainProxy$VirtualFilterChain.doFilter(FilterChainProxy.java:374)
	at com.example.firstapp.filter.JwtAuthFilter.doFilterInternal(JwtAuthFilter.java:205)
	at org.springframework.web.filter.OncePerRequestFilter.doFilter(OncePerRequestFilter.java:116)
	at org.springframework.security.web.FilterChainProxy$VirtualFilterChain.doFilter(FilterChainProxy.java:374)
	at org.springframework.security.web.authentication.logout.LogoutFilter.doFilter(LogoutFilter.java:107)
	at org.springframework.security.web.authentication.logout.LogoutFilter.doFilter(LogoutFilter.java:93)
	at org.springframework.security.web.FilterChainProxy$VirtualFilterChain.doFilter(FilterChainProxy.java:374)
	at org.springframework.security.web.header.HeaderWriterFilter.doHeadersAfter(HeaderWriterFilter.java:90)
	at org.springframework.security.web.header.HeaderWriterFilter.doFilterInternal(HeaderWriterFilter.java:75)
	at org.springframework.web.filter.OncePerRequestFilter.doFilter(OncePerRequestFilter.java:116)
	at org.springframework.security.web.FilterChainProxy$VirtualFilterChain.doFilter(FilterChainProxy.java:374)
	at org.springframework.security.web.context.SecurityContextHolderFilter.doFilter(SecurityContextHolderFilter.java:82)
	at org.springframework.security.web.context.SecurityContextHolderFilter.doFilter(SecurityContextHolderFilter.java:69)
	at org.springframework.security.web.FilterChainProxy$VirtualFilterChain.doFilter(FilterChainProxy.java:374)
	at org.springframework.security.web.context.request.async.WebAsyncManagerIntegrationFilter.doFilterInternal(WebAsyncManagerIntegrationFilter.java:62)
	at org.springframework.web.filter.OncePerRequestFilter.doFilter(OncePerRequestFilter.java:116)
	at org.springframework.security.web.FilterChainProxy$VirtualFilterChain.doFilter(FilterChainProxy.java:374)
	at org.springframework.security.web.session.DisableEncodeUrlFilter.doFilterInternal(DisableEncodeUrlFilter.java:42)
	at org.springframework.web.filter.OncePerRequestFilter.doFilter(OncePerRequestFilter.java:116)
	at org.springframework.security.web.FilterChainProxy$VirtualFilterChain.doFilter(FilterChainProxy.java:374)
	at org.springframework.security.web.FilterChainProxy.doFilterInternal(FilterChainProxy.java:233)
	at org.springframework.security.web.FilterChainProxy.doFilter(FilterChainProxy.java:191)
	at org.springframework.web.filter.CompositeFilter$VirtualFilterChain.doFilter(CompositeFilter.java:113)
	at org.springframework.web.servlet.handler.HandlerMappingIntrospector.lambda$createCacheFilter$3(HandlerMappingIntrospector.java:195)
	at org.springframework.web.filter.CompositeFilter$VirtualFilterChain.doFilter(CompositeFilter.java:113)
	at org.springframework.web.filter.CompositeFilter.doFilter(CompositeFilter.java:74)
	at org.springframework.security.config.annotation.web.configuration.WebMvcSecurityConfiguration$CompositeFilterChainProxy.doFilter(WebMvcSecurityConfiguration.java:230)
	at org.springframework.web.filter.DelegatingFilterProxy.invokeDelegate(DelegatingFilterProxy.java:362)
	at org.springframework.web.filter.DelegatingFilterProxy.doFilter(DelegatingFilterProxy.java:278)
	at org.apache.catalina.core.ApplicationFilterChain.internalDoFilter(ApplicationFilterChain.java:164)
	at org.apache.catalina.core.ApplicationFilterChain.doFilter(ApplicationFilterChain.java:140)
	at org.springframework.web.filter.RequestContextFilter.doFilterInternal(RequestContextFilter.java:100)
	at org.springframework.web.filter.OncePerRequestFilter.doFilter(OncePerRequestFilter.java:116)
	at org.apache.catalina.core.ApplicationFilterChain.internalDoFilter(ApplicationFilterChain.java:164)
	at org.apache.catalina.core.ApplicationFilterChain.doFilter(ApplicationFilterChain.java:140)
	at org.springframework.web.filter.FormContentFilter.doFilterInternal(FormContentFilter.java:93)
	at org.springframework.web.filter.OncePerRequestFilter.doFilter(OncePerRequestFilter.java:116)
	at org.apache.catalina.core.ApplicationFilterChain.internalDoFilter(ApplicationFilterChain.java:164)
	at org.apache.catalina.core.ApplicationFilterChain.doFilter(ApplicationFilterChain.java:140)
	at org.springframework.web.filter.CharacterEncodingFilter.doFilterInternal(CharacterEncodingFilter.java:201)
	at org.springframework.web.filter.OncePerRequestFilter.doFilter(OncePerRequestFilter.java:116)
	at org.apache.catalina.core.ApplicationFilterChain.internalDoFilter(ApplicationFilterChain.java:164)
	at org.apache.catalina.core.ApplicationFilterChain.doFilter(ApplicationFilterChain.java:140)
	at com.example.firstapp.filter.RateLimitFilter.doFilterInternal(RateLimitFilter.java:161)
	at org.springframework.web.filter.OncePerRequestFilter.doFilter(OncePerRequestFilter.java:116)
	at org.apache.catalina.core.ApplicationFilterChain.internalDoFilter(ApplicationFilterChain.java:164)
	at org.apache.catalina.core.ApplicationFilterChain.doFilter(ApplicationFilterChain.java:140)
	at org.apache.catalina.core.StandardWrapperValve.invoke(StandardWrapperValve.java:167)
	at org.apache.catalina.core.StandardContextValve.invoke(StandardContextValve.java:90)
	at org.apache.catalina.authenticator.AuthenticatorBase.invoke(AuthenticatorBase.java:483)
	at org.apache.catalina.core.StandardHostValve.invoke(StandardHostValve.java:116)
	at org.apache.catalina.valves.ErrorReportValve.invoke(ErrorReportValve.java:93)
	at org.apache.catalina.core.StandardEngineValve.invoke(StandardEngineValve.java:74)
	at org.apache.catalina.connector.CoyoteAdapter.service(CoyoteAdapter.java:344)
	at org.apache.coyote.http11.Http11Processor.service(Http11Processor.java:398)
	at org.apache.coyote.AbstractProcessorLight.process(AbstractProcessorLight.java:63)
	at org.apache.coyote.AbstractProtocol$ConnectionHandler.process(AbstractProtocol.java:903)
	at org.apache.tomcat.util.net.NioEndpoint$SocketProcessor.doRun(NioEndpoint.java:1769)
	at org.apache.tomcat.util.net.SocketProcessorBase.run(SocketProcessorBase.java:52)
	at org.apache.tomcat.util.threads.ThreadPoolExecutor.runWorker(ThreadPoolExecutor.java:1189)
	at org.apache.tomcat.util.threads.ThreadPoolExecutor$Worker.run(ThreadPoolExecutor.java:658)
	at org.apache.tomcat.util.threads.TaskThread$WrappingRunnable.run(TaskThread.java:63)
	at java.base/java.lang.Thread.run(Thread.java:1474)
2026-09-15 15:59:46.322 ERROR 19848 --- [nio-8080-exec-9] c.e.f.handler.GlobalExceptionHandler     : Unexpected error at /api/v1/me: No static resource api/v1/me.
org.springframework.web.servlet.resource.NoResourceFoundException: No static resource api/v1/me.
	at org.springframework.web.servlet.resource.ResourceHttpRequestHandler.handleRequest(ResourceHttpRequestHandler.java:586)
	at org.springframework.web.servlet.mvc.HttpRequestHandlerAdapter.handle(HttpRequestHandlerAdapter.java:52)
	at org.springframework.web.servlet.DispatcherServlet.doDispatch(DispatcherServlet.java:1089)
	at org.springframework.web.servlet.DispatcherServlet.doService(DispatcherServlet.java:979)
	at org.springframework.web.servlet.FrameworkServlet.processRequest(FrameworkServlet.java:1014)
	at org.springframework.web.servlet.FrameworkServlet.doGet(FrameworkServlet.java:903)
	at jakarta.servlet.http.HttpServlet.service(HttpServlet.java:564)
	at org.springframework.web.servlet.FrameworkServlet.service(FrameworkServlet.java:885)
	at jakarta.servlet.http.HttpServlet.service(HttpServlet.java:658)
	at org.apache.catalina.core.ApplicationFilterChain.internalDoFilter(ApplicationFilterChain.java:195)
	at org.apache.catalina.core.ApplicationFilterChain.doFilter(ApplicationFilterChain.java:140)
	at org.apache.tomcat.websocket.server.WsFilter.doFilter(WsFilter.java:51)
	at org.apache.catalina.core.ApplicationFilterChain.internalDoFilter(ApplicationFilterChain.java:164)
	at org.apache.catalina.core.ApplicationFilterChain.doFilter(ApplicationFilterChain.java:140)
	at org.springframework.web.filter.CompositeFilter$VirtualFilterChain.doFilter(CompositeFilter.java:108)
	at org.springframework.security.web.FilterChainProxy.lambda$doFilterInternal$3(FilterChainProxy.java:231)
	at org.springframework.security.web.FilterChainProxy$VirtualFilterChain.doFilter(FilterChainProxy.java:365)
	at org.springframework.security.web.access.intercept.AuthorizationFilter.doFilter(AuthorizationFilter.java:100)
	at org.springframework.security.web.FilterChainProxy$VirtualFilterChain.doFilter(FilterChainProxy.java:374)
	at org.springframework.security.web.access.ExceptionTranslationFilter.doFilter(ExceptionTranslationFilter.java:126)
	at org.springframework.security.web.access.ExceptionTranslationFilter.doFilter(ExceptionTranslationFilter.java:120)
	at org.springframework.security.web.FilterChainProxy$VirtualFilterChain.doFilter(FilterChainProxy.java:374)
	at org.springframework.security.web.session.SessionManagementFilter.doFilter(SessionManagementFilter.java:131)
	at org.springframework.security.web.session.SessionManagementFilter.doFilter(SessionManagementFilter.java:85)
	at org.springframework.security.web.FilterChainProxy$VirtualFilterChain.doFilter(FilterChainProxy.java:374)
	at org.springframework.security.web.authentication.AnonymousAuthenticationFilter.doFilter(AnonymousAuthenticationFilter.java:100)
	at org.springframework.security.web.FilterChainProxy$VirtualFilterChain.doFilter(FilterChainProxy.java:374)
	at org.springframework.security.web.servletapi.SecurityContextHolderAwareRequestFilter.doFilter(SecurityContextHolderAwareRequestFilter.java:179)
	at org.springframework.security.web.FilterChainProxy$VirtualFilterChain.doFilter(FilterChainProxy.java:374)
	at org.springframework.security.web.savedrequest.RequestCacheAwareFilter.doFilter(RequestCacheAwareFilter.java:63)
	at org.springframework.security.web.FilterChainProxy$VirtualFilterChain.doFilter(FilterChainProxy.java:374)
	at com.example.firstapp.filter.JwtAuthFilter.doFilterInternal(JwtAuthFilter.java:205)
	at org.springframework.web.filter.OncePerRequestFilter.doFilter(OncePerRequestFilter.java:116)
	at org.springframework.security.web.FilterChainProxy$VirtualFilterChain.doFilter(FilterChainProxy.java:374)
	at org.springframework.security.web.authentication.logout.LogoutFilter.doFilter(LogoutFilter.java:107)
	at org.springframework.security.web.authentication.logout.LogoutFilter.doFilter(LogoutFilter.java:93)
	at org.springframework.security.web.FilterChainProxy$VirtualFilterChain.doFilter(FilterChainProxy.java:374)
	at org.springframework.security.web.header.HeaderWriterFilter.doHeadersAfter(HeaderWriterFilter.java:90)
	at org.springframework.security.web.header.HeaderWriterFilter.doFilterInternal(HeaderWriterFilter.java:75)
	at org.springframework.web.filter.OncePerRequestFilter.doFilter(OncePerRequestFilter.java:116)
	at org.springframework.security.web.FilterChainProxy$VirtualFilterChain.doFilter(FilterChainProxy.java:374)
	at org.springframework.security.web.context.SecurityContextHolderFilter.doFilter(SecurityContextHolderFilter.java:82)
	at org.springframework.security.web.context.SecurityContextHolderFilter.doFilter(SecurityContextHolderFilter.java:69)
	at org.springframework.security.web.FilterChainProxy$VirtualFilterChain.doFilter(FilterChainProxy.java:374)
	at org.springframework.security.web.context.request.async.WebAsyncManagerIntegrationFilter.doFilterInternal(WebAsyncManagerIntegrationFilter.java:62)
	at org.springframework.web.filter.OncePerRequestFilter.doFilter(OncePerRequestFilter.java:116)
	at org.springframework.security.web.FilterChainProxy$VirtualFilterChain.doFilter(FilterChainProxy.java:374)
	at org.springframework.security.web.session.DisableEncodeUrlFilter.doFilterInternal(DisableEncodeUrlFilter.java:42)
	at org.springframework.web.filter.OncePerRequestFilter.doFilter(OncePerRequestFilter.java:116)
	at org.springframework.security.web.FilterChainProxy$VirtualFilterChain.doFilter(FilterChainProxy.java:374)
	at org.springframework.security.web.FilterChainProxy.doFilterInternal(FilterChainProxy.java:233)
	at org.springframework.security.web.FilterChainProxy.doFilter(FilterChainProxy.java:191)
	at org.springframework.web.filter.CompositeFilter$VirtualFilterChain.doFilter(CompositeFilter.java:113)
	at org.springframework.web.servlet.handler.HandlerMappingIntrospector.lambda$createCacheFilter$3(HandlerMappingIntrospector.java:195)
	at org.springframework.web.filter.CompositeFilter$VirtualFilterChain.doFilter(CompositeFilter.java:113)
	at org.springframework.web.filter.CompositeFilter.doFilter(CompositeFilter.java:74)
	at org.springframework.security.config.annotation.web.configuration.WebMvcSecurityConfiguration$CompositeFilterChainProxy.doFilter(WebMvcSecurityConfiguration.java:230)
	at org.springframework.web.filter.DelegatingFilterProxy.invokeDelegate(DelegatingFilterProxy.java:362)
	at org.springframework.web.filter.DelegatingFilterProxy.doFilter(DelegatingFilterProxy.java:278)
	at org.apache.catalina.core.ApplicationFilterChain.internalDoFilter(ApplicationFilterChain.java:164)
	at org.apache.catalina.core.ApplicationFilterChain.doFilter(ApplicationFilterChain.java:140)
	at org.springframework.web.filter.RequestContextFilter.doFilterInternal(RequestContextFilter.java:100)
	at org.springframework.web.filter.OncePerRequestFilter.doFilter(OncePerRequestFilter.java:116)
	at org.apache.catalina.core.ApplicationFilterChain.internalDoFilter(ApplicationFilterChain.java:164)
	at org.apache.catalina.core.ApplicationFilterChain.doFilter(ApplicationFilterChain.java:140)
	at org.springframework.web.filter.FormContentFilter.doFilterInternal(FormContentFilter.java:93)
	at org.springframework.web.filter.OncePerRequestFilter.doFilter(OncePerRequestFilter.java:116)
	at org.apache.catalina.core.ApplicationFilterChain.internalDoFilter(ApplicationFilterChain.java:164)
	at org.apache.catalina.core.ApplicationFilterChain.doFilter(ApplicationFilterChain.java:140)
	at org.springframework.web.filter.CharacterEncodingFilter.doFilterInternal(CharacterEncodingFilter.java:201)
	at org.springframework.web.filter.OncePerRequestFilter.doFilter(OncePerRequestFilter.java:116)
	at org.apache.catalina.core.ApplicationFilterChain.internalDoFilter(ApplicationFilterChain.java:164)
	at org.apache.catalina.core.ApplicationFilterChain.doFilter(ApplicationFilterChain.java:140)
	at com.example.firstapp.filter.RateLimitFilter.doFilterInternal(RateLimitFilter.java:161)
	at org.springframework.web.filter.OncePerRequestFilter.doFilter(OncePerRequestFilter.java:116)
	at org.apache.catalina.core.ApplicationFilterChain.internalDoFilter(ApplicationFilterChain.java:164)
	at org.apache.catalina.core.ApplicationFilterChain.doFilter(ApplicationFilterChain.java:140)
	at org.apache.catalina.core.StandardWrapperValve.invoke(StandardWrapperValve.java:167)
	at org.apache.catalina.core.StandardContextValve.invoke(StandardContextValve.java:90)
	at org.apache.catalina.authenticator.AuthenticatorBase.invoke(AuthenticatorBase.java:483)
	at org.apache.catalina.core.StandardHostValve.invoke(StandardHostValve.java:116)
	at org.apache.catalina.valves.ErrorReportValve.invoke(ErrorReportValve.java:93)
	at org.apache.catalina.core.StandardEngineValve.invoke(StandardEngineValve.java:74)
	at org.apache.catalina.connector.CoyoteAdapter.service(CoyoteAdapter.java:344)
	at org.apache.coyote.http11.Http11Processor.service(Http11Processor.java:398)
	at org.apache.coyote.AbstractProcessorLight.process(AbstractProcessorLight.java:63)
	at org.apache.coyote.AbstractProtocol$ConnectionHandler.process(AbstractProtocol.java:903)
	at org.apache.tomcat.util.net.NioEndpoint$SocketProcessor.doRun(NioEndpoint.java:1769)
	at org.apache.tomcat.util.net.SocketProcessorBase.run(SocketProcessorBase.java:52)
	at org.apache.tomcat.util.threads.ThreadPoolExecutor.runWorker(ThreadPoolExecutor.java:1189)
	at org.apache.tomcat.util.threads.ThreadPoolExecutor$Worker.run(ThreadPoolExecutor.java:658)
	at org.apache.tomcat.util.threads.TaskThread$WrappingRunnable.run(TaskThread.java:63)
	at java.base/java.lang.Thread.run(Thread.java:1474)
2026-09-15 15:59:46.340  WARN 19848 --- [nio-8080-exec-4] .m.m.a.ExceptionHandlerExceptionResolver : Resolved [org.springframework.web.servlet.resource.NoResourceFoundException: No static resource api/v1/me/suggestions.]
2026-09-15 15:59:46.342  WARN 19848 --- [nio-8080-exec-3] .m.m.a.ExceptionHandlerExceptionResolver : Resolved [org.springframework.web.servlet.resource.NoResourceFoundException: No static resource api/v1/me/applications.]
2026-09-15 15:59:46.342  WARN 19848 --- [io-8080-exec-10] .m.m.a.ExceptionHandlerExceptionResolver : Resolved [org.springframework.web.servlet.resource.NoResourceFoundException: No static resource api/v1/me/advisory-sessions.]
2026-09-15 15:59:46.345  WARN 19848 --- [nio-8080-exec-9] .m.m.a.ExceptionHandlerExceptionResolver : Resolved [org.springframework.web.servlet.resource.NoResourceFoundException: No static resource api/v1/me.]
2026-09-15 15:59:46.346 DEBUG 19848 --- [nio-8080-exec-1] org.hibernate.SQL                        : 
    select
        count(o1_0.id) 
    from
        opportunities o1_0 
    where
        o1_0.status=?
2026-09-15 15:59:46.348 DEBUG 19848 --- [nio-8080-exec-1] org.hibernate.SQL                        : 
    select
        rs1_0.opportunity_id,
        rs1_0.skill 
    from
        opportunity_required_skills rs1_0 
    where
        rs1_0.opportunity_id in (?, ?, ?, ?, ?, ?, ?, ?, ?, ?, ?, ?, ?, ?, ?, ?, ?, ?, ?, ?, ?, ?, ?, ?, ?)
2026-09-15 15:59:46.352 DEBUG 19848 --- [nio-8080-exec-1] org.hibernate.SQL                        : 
    select
        q1_0.opportunity_id,
        q1_0.qualification 
    from
        opportunity_qualifications q1_0 
    where
        q1_0.opportunity_id in (?, ?, ?, ?, ?, ?, ?, ?, ?, ?, ?, ?, ?, ?, ?, ?, ?, ?, ?, ?, ?, ?, ?, ?, ?)
2026-09-15 16:00:51.423 DEBUG 19848 --- [nio-8080-exec-6] o.s.security.web.FilterChainProxy        : Securing POST /api/v1/auth/login
2026-09-15 16:00:51.424 DEBUG 19848 --- [nio-8080-exec-6] o.s.s.w.a.AnonymousAuthenticationFilter  : Set SecurityContextHolder to anonymous SecurityContext
2026-09-15 16:00:51.424 DEBUG 19848 --- [nio-8080-exec-6] o.s.security.web.FilterChainProxy        : Secured POST /api/v1/auth/login
2026-09-15 16:00:51.428  INFO 19848 --- [nio-8080-exec-6] c.e.f.controller.AuthController          : Login request received: khemrajjoshijk@gmail.com
2026-09-15 16:00:51.432  INFO 19848 --- [nio-8080-exec-6] c.e.firstapp.service.AuthService         : Login attempt for: khemrajjoshijk@gmail.com
2026-09-15 16:00:51.436 DEBUG 19848 --- [nio-8080-exec-6] org.hibernate.SQL                        : 
    select
        u1_0.id,
        u1_0.is_active,
        u1_0.created_at,
        u1_0.email,
        u1_0.failed_attempts,
        u1_0.last_login_at,
        u1_0.lock_time,
        u1_0.is_locked,
        u1_0.password,
        u1_0.role,
        u1_0.updated_at,
        u1_0.username 
    from
        users u1_0 
    where
        u1_0.email=?
2026-09-15 16:00:51.802 DEBUG 19848 --- [nio-8080-exec-6] o.s.s.a.d.DaoAuthenticationProvider      : Failed to authenticate since password does not match stored value
2026-09-15 16:00:51.804 DEBUG 19848 --- [nio-8080-exec-6] org.hibernate.SQL                        : 
    select
        u1_0.id,
        u1_0.is_active,
        u1_0.created_at,
        u1_0.email,
        u1_0.failed_attempts,
        u1_0.last_login_at,
        u1_0.lock_time,
        u1_0.is_locked,
        u1_0.password,
        u1_0.role,
        u1_0.updated_at,
        u1_0.username 
    from
        users u1_0 
    where
        u1_0.email=?
2026-09-15 16:00:51.806 DEBUG 19848 --- [nio-8080-exec-6] org.hibernate.SQL                        : 
    update
        users u1_0 
    set
        failed_attempts=(u1_0.failed_attempts+1) 
    where
        u1_0.email=?
2026-09-15 16:00:51.811  WARN 19848 --- [nio-8080-exec-6] c.e.firstapp.service.AuthService         : Failed login attempt #1 for: khemrajjoshijk@gmail.com
2026-09-15 16:00:51.828  WARN 19848 --- [nio-8080-exec-6] c.e.f.handler.GlobalExceptionHandler     : Bad request: Invalid email or password
2026-09-15 16:00:51.830  WARN 19848 --- [nio-8080-exec-6] .m.m.a.ExceptionHandlerExceptionResolver : Resolved [com.example.firstapp.exception.BadRequestException: Invalid email or password]
2026-09-15 16:04:06.716 DEBUG 19848 --- [nio-8080-exec-8] o.s.security.web.FilterChainProxy        : Securing POST /api/v1/auth/login
2026-09-15 16:04:06.717 DEBUG 19848 --- [nio-8080-exec-8] o.s.s.w.a.AnonymousAuthenticationFilter  : Set SecurityContextHolder to anonymous SecurityContext
2026-09-15 16:04:06.718 DEBUG 19848 --- [nio-8080-exec-8] o.s.security.web.FilterChainProxy        : Secured POST /api/v1/auth/login
2026-09-15 16:04:06.720  INFO 19848 --- [nio-8080-exec-8] c.e.f.controller.AuthController          : Login request received: ram@gmail.com
2026-09-15 16:04:06.722  INFO 19848 --- [nio-8080-exec-8] c.e.firstapp.service.AuthService         : Login attempt for: ram@gmail.com
2026-09-15 16:04:06.731 DEBUG 19848 --- [nio-8080-exec-8] org.hibernate.SQL                        : 
    select
        u1_0.id,
        u1_0.is_active,
        u1_0.created_at,
        u1_0.email,
        u1_0.failed_attempts,
        u1_0.last_login_at,
        u1_0.lock_time,
        u1_0.is_locked,
        u1_0.password,
        u1_0.role,
        u1_0.updated_at,
        u1_0.username 
    from
        users u1_0 
    where
        u1_0.email=?
2026-09-15 16:04:07.090 DEBUG 19848 --- [nio-8080-exec-8] o.s.s.a.d.DaoAuthenticationProvider      : Authenticated user
2026-09-15 16:04:07.092 DEBUG 19848 --- [nio-8080-exec-8] org.hibernate.SQL                        : 
    update
        users u1_0 
    set
        failed_attempts=0,
        is_locked=0,
        lock_time=null 
    where
        u1_0.email=?
2026-09-15 16:04:07.094 DEBUG 19848 --- [nio-8080-exec-8] org.hibernate.SQL                        : 
    update
        users u1_0 
    set
        last_login_at=? 
    where
        u1_0.email=?
2026-09-15 16:04:07.098 DEBUG 19848 --- [nio-8080-exec-8] org.hibernate.SQL                        : 
    select
        u1_0.id,
        u1_0.is_active,
        u1_0.created_at,
        u1_0.email,
        u1_0.failed_attempts,
        u1_0.last_login_at,
        u1_0.lock_time,
        u1_0.is_locked,
        u1_0.password,
        u1_0.role,
        u1_0.updated_at,
        u1_0.username 
    from
        users u1_0 
    where
        u1_0.email=?
2026-09-15 16:04:07.101  INFO 19848 --- [nio-8080-exec-8] c.e.firstapp.service.AuthService         : Login successful: ram@gmail.com
2026-09-15 16:04:07.329 DEBUG 19848 --- [nio-8080-exec-7] o.s.security.web.FilterChainProxy        : Securing GET /api/v1/admin/users?page=0&size=20&sortBy=id&ascending=true
2026-09-15 16:04:07.334 DEBUG 19848 --- [nio-8080-exec-7] org.hibernate.SQL                        : 
    select
        u1_0.id,
        u1_0.is_active,
        u1_0.created_at,
        u1_0.email,
        u1_0.failed_attempts,
        u1_0.last_login_at,
        u1_0.lock_time,
        u1_0.is_locked,
        u1_0.password,
        u1_0.role,
        u1_0.updated_at,
        u1_0.username 
    from
        users u1_0 
    where
        u1_0.email=?
2026-09-15 16:04:07.342 DEBUG 19848 --- [nio-8080-exec-7] o.s.security.web.FilterChainProxy        : Secured GET /api/v1/admin/users?page=0&size=20&sortBy=id&ascending=true
2026-09-15 16:04:07.370 DEBUG 19848 --- [nio-8080-exec-7] horizationManagerBeforeMethodInterceptor : Authorizing method invocation ReflectiveMethodInvocation: public org.springframework.data.domain.Page com.example.firstapp.controller.AdminUserController.listUsers(int,int,java.lang.String,boolean); target is of class [com.example.firstapp.controller.AdminUserController]
2026-09-15 16:04:07.427 DEBUG 19848 --- [nio-8080-exec-7] horizationManagerBeforeMethodInterceptor : Authorized method invocation ReflectiveMethodInvocation: public org.springframework.data.domain.Page com.example.firstapp.controller.AdminUserController.listUsers(int,int,java.lang.String,boolean); target is of class [com.example.firstapp.controller.AdminUserController]
2026-09-15 16:04:07.434 DEBUG 19848 --- [nio-8080-exec-7] org.hibernate.SQL                        : 
    select
        u1_0.id,
        u1_0.is_active,
        u1_0.created_at,
        u1_0.email,
        u1_0.failed_attempts,
        u1_0.last_login_at,
        u1_0.lock_time,
        u1_0.is_locked,
        u1_0.password,
        u1_0.role,
        u1_0.updated_at,
        u1_0.username 
    from
        users u1_0 
    order by
        u1_0.id,
        u1_0.id 
    limit
        ?, ?
2026-09-15 16:04:07.441 DEBUG 19848 --- [nio-8080-exec-7] org.hibernate.SQL                        : 
    select
        count(u1_0.id) 
    from
        users u1_0
2026-09-15 16:04:07.451  WARN 19848 --- [nio-8080-exec-7] ration$PageModule$WarningLoggingModifier : Serializing PageImpl instances as-is is not supported, meaning that there is no guarantee about the stability of the resulting JSON structure!
	For a stable JSON structure, please use Spring Data's PagedModel (globally via @EnableSpringDataWebSupport(pageSerializationMode = VIA_DTO))
	or Spring HATEOAS and Spring Data's PagedResourcesAssembler as documented in https://docs.spring.io/spring-data/commons/reference/repositories/core-extensions.html#core.web.pageables.

2026-09-15 16:04:08.699 DEBUG 19848 --- [nio-8080-exec-5] o.s.security.web.FilterChainProxy        : Securing GET /api/v1/admin/users?page=1&size=20&sortBy=id&ascending=true
2026-09-15 16:04:08.702 DEBUG 19848 --- [nio-8080-exec-5] org.hibernate.SQL                        : 
    select
        u1_0.id,
        u1_0.is_active,
        u1_0.created_at,
        u1_0.email,
        u1_0.failed_attempts,
        u1_0.last_login_at,
        u1_0.lock_time,
        u1_0.is_locked,
        u1_0.password,
        u1_0.role,
        u1_0.updated_at,
        u1_0.username 
    from
        users u1_0 
    where
        u1_0.email=?
2026-09-15 16:04:08.709 DEBUG 19848 --- [nio-8080-exec-5] o.s.security.web.FilterChainProxy        : Secured GET /api/v1/admin/users?page=1&size=20&sortBy=id&ascending=true
2026-09-15 16:04:08.711 DEBUG 19848 --- [nio-8080-exec-5] horizationManagerBeforeMethodInterceptor : Authorizing method invocation ReflectiveMethodInvocation: public org.springframework.data.domain.Page com.example.firstapp.controller.AdminUserController.listUsers(int,int,java.lang.String,boolean); target is of class [com.example.firstapp.controller.AdminUserController]
2026-09-15 16:04:08.711 DEBUG 19848 --- [nio-8080-exec-5] horizationManagerBeforeMethodInterceptor : Authorized method invocation ReflectiveMethodInvocation: public org.springframework.data.domain.Page com.example.firstapp.controller.AdminUserController.listUsers(int,int,java.lang.String,boolean); target is of class [com.example.firstapp.controller.AdminUserController]
2026-09-15 16:04:08.714 DEBUG 19848 --- [nio-8080-exec-5] org.hibernate.SQL                        : 
    select
        u1_0.id,
        u1_0.is_active,
        u1_0.created_at,
        u1_0.email,
        u1_0.failed_attempts,
        u1_0.last_login_at,
        u1_0.lock_time,
        u1_0.is_locked,
        u1_0.password,
        u1_0.role,
        u1_0.updated_at,
        u1_0.username 
    from
        users u1_0 
    order by
        u1_0.id,
        u1_0.id 
    limit
        ?, ?
2026-09-15 16:04:14.808 DEBUG 19848 --- [nio-8080-exec-3] o.s.security.web.FilterChainProxy        : Securing GET /api/v1/admin/users?page=0&size=20&sortBy=id&ascending=true
2026-09-15 16:04:14.813 DEBUG 19848 --- [nio-8080-exec-3] org.hibernate.SQL                        : 
    select
        u1_0.id,
        u1_0.is_active,
        u1_0.created_at,
        u1_0.email,
        u1_0.failed_attempts,
        u1_0.last_login_at,
        u1_0.lock_time,
        u1_0.is_locked,
        u1_0.password,
        u1_0.role,
        u1_0.updated_at,
        u1_0.username 
    from
        users u1_0 
    where
        u1_0.email=?
2026-09-15 16:04:14.819 DEBUG 19848 --- [nio-8080-exec-3] o.s.security.web.FilterChainProxy        : Secured GET /api/v1/admin/users?page=0&size=20&sortBy=id&ascending=true
2026-09-15 16:04:14.820 DEBUG 19848 --- [nio-8080-exec-3] horizationManagerBeforeMethodInterceptor : Authorizing method invocation ReflectiveMethodInvocation: public org.springframework.data.domain.Page com.example.firstapp.controller.AdminUserController.listUsers(int,int,java.lang.String,boolean); target is of class [com.example.firstapp.controller.AdminUserController]
2026-09-15 16:04:14.820 DEBUG 19848 --- [nio-8080-exec-3] horizationManagerBeforeMethodInterceptor : Authorized method invocation ReflectiveMethodInvocation: public org.springframework.data.domain.Page com.example.firstapp.controller.AdminUserController.listUsers(int,int,java.lang.String,boolean); target is of class [com.example.firstapp.controller.AdminUserController]
2026-09-15 16:04:14.823 DEBUG 19848 --- [nio-8080-exec-3] org.hibernate.SQL                        : 
    select
        u1_0.id,
        u1_0.is_active,
        u1_0.created_at,
        u1_0.email,
        u1_0.failed_attempts,
        u1_0.last_login_at,
        u1_0.lock_time,
        u1_0.is_locked,
        u1_0.password,
        u1_0.role,
        u1_0.updated_at,
        u1_0.username 
    from
        users u1_0 
    order by
        u1_0.id,
        u1_0.id 
    limit
        ?, ?
2026-09-15 16:04:14.827 DEBUG 19848 --- [nio-8080-exec-3] org.hibernate.SQL                        : 
    select
        count(u1_0.id) 
    from
        users u1_0
2026-09-15 16:04:16.360 DEBUG 19848 --- [io-8080-exec-10] o.s.security.web.FilterChainProxy        : Securing GET /api/v1/admin/users?page=1&size=20&sortBy=id&ascending=true
2026-09-15 16:04:16.364 DEBUG 19848 --- [io-8080-exec-10] org.hibernate.SQL                        : 
    select
        u1_0.id,
        u1_0.is_active,
        u1_0.created_at,
        u1_0.email,
        u1_0.failed_attempts,
        u1_0.last_login_at,
        u1_0.lock_time,
        u1_0.is_locked,
        u1_0.password,
        u1_0.role,
        u1_0.updated_at,
        u1_0.username 
    from
        users u1_0 
    where
        u1_0.email=?
2026-09-15 16:04:16.371 DEBUG 19848 --- [io-8080-exec-10] o.s.security.web.FilterChainProxy        : Secured GET /api/v1/admin/users?page=1&size=20&sortBy=id&ascending=true
2026-09-15 16:04:16.372 DEBUG 19848 --- [io-8080-exec-10] horizationManagerBeforeMethodInterceptor : Authorizing method invocation ReflectiveMethodInvocation: public org.springframework.data.domain.Page com.example.firstapp.controller.AdminUserController.listUsers(int,int,java.lang.String,boolean); target is of class [com.example.firstapp.controller.AdminUserController]
2026-09-15 16:04:16.373 DEBUG 19848 --- [io-8080-exec-10] horizationManagerBeforeMethodInterceptor : Authorized method invocation ReflectiveMethodInvocation: public org.springframework.data.domain.Page com.example.firstapp.controller.AdminUserController.listUsers(int,int,java.lang.String,boolean); target is of class [com.example.firstapp.controller.AdminUserController]
2026-09-15 16:04:16.376 DEBUG 19848 --- [io-8080-exec-10] org.hibernate.SQL                        : 
    select
        u1_0.id,
        u1_0.is_active,
        u1_0.created_at,
        u1_0.email,
        u1_0.failed_attempts,
        u1_0.last_login_at,
        u1_0.lock_time,
        u1_0.is_locked,
        u1_0.password,
        u1_0.role,
        u1_0.updated_at,
        u1_0.username 
    from
        users u1_0 
    order by
        u1_0.id,
        u1_0.id 
    limit
        ?, ?
2026-09-15 16:20:16.218  INFO 19848 --- [   File Watcher] rtingClassPathChangeChangedEventListener : Restarting due to 1 class path change (0 additions, 0 deletions, 1 modification)
2026-09-15 16:20:16.545  INFO 19848 --- [       Thread-5] j.LocalContainerEntityManagerFactoryBean : Closing JPA EntityManagerFactory for persistence unit 'default'
2026-09-15 16:20:16.638  INFO 19848 --- [       Thread-5] com.zaxxer.hikari.HikariDataSource       : BusinessAppHikariPool - Shutdown initiated...
2026-09-15 16:20:16.727  INFO 19848 --- [       Thread-5] com.zaxxer.hikari.HikariDataSource       : BusinessAppHikariPool - Shutdown completed.
2026-09-15 16:20:17.245  INFO 19848 --- [  restartedMain] c.e.firstapp.FirstappApplication         : Starting FirstappApplication using Java 25.0.3 with PID 19848 (E:\firstapp\firstapp\target\classes started by Dell in E:\firstapp\firstapp)
2026-09-15 16:20:17.246  INFO 19848 --- [  restartedMain] c.e.firstapp.FirstappApplication         : No active profile set, falling back to 1 default profile: "default"
2026-09-15 16:20:17.760  INFO 19848 --- [  restartedMain] .s.d.r.c.RepositoryConfigurationDelegate : Bootstrapping Spring Data JPA repositories in DEFAULT mode.
2026-09-15 16:20:17.791  INFO 19848 --- [  restartedMain] .s.d.r.c.RepositoryConfigurationDelegate : Finished Spring Data repository scanning in 31 ms. Found 8 JPA repository interfaces.
2026-09-15 16:20:17.969  INFO 19848 --- [  restartedMain] o.s.b.w.e.tomcat.TomcatWebServer         : Tomcat initialized with port 8080 (http)
2026-09-15 16:20:17.970  INFO 19848 --- [  restartedMain] o.a.catalina.core.StandardService        : Starting service [Tomcat]
2026-09-15 16:20:17.970  INFO 19848 --- [  restartedMain] o.a.catalina.core.StandardEngine         : Starting Servlet engine: [Apache Tomcat/10.1.42]
2026-09-15 16:20:18.008  INFO 19848 --- [  restartedMain] o.a.c.c.C.[Tomcat].[localhost].[/]       : Initializing Spring embedded WebApplicationContext
2026-09-15 16:20:18.008  INFO 19848 --- [  restartedMain] w.s.c.ServletWebServerApplicationContext : Root WebApplicationContext: initialization completed in 758 ms
2026-09-15 16:20:18.023 DEBUG 19848 --- [  restartedMain] com.zaxxer.hikari.HikariConfig           : Driver class com.mysql.cj.jdbc.Driver found in Thread context class loader TomcatEmbeddedWebappClassLoader
  context: ROOT
  delegate: true
----------> Parent Classloader:
org.springframework.boot.devtools.restart.classloader.RestartClassLoader@4de19e02

2026-09-15 16:20:18.050  INFO 19848 --- [  restartedMain] o.h.jpa.internal.util.LogHelper          : HHH000204: Processing PersistenceUnitInfo [name: default]
2026-09-15 16:20:18.054  INFO 19848 --- [  restartedMain] o.h.c.i.RegionFactoryInitiator           : HHH000026: Second-level cache disabled
2026-09-15 16:20:18.068  INFO 19848 --- [  restartedMain] o.s.o.j.p.SpringPersistenceUnitInfo      : No LoadTimeWeaver setup: ignoring JPA class transformer
2026-09-15 16:20:18.070 DEBUG 19848 --- [  restartedMain] com.zaxxer.hikari.HikariConfig           : BusinessAppHikariPool - configuration:
2026-09-15 16:20:18.072 DEBUG 19848 --- [  restartedMain] com.zaxxer.hikari.HikariConfig           : allowPoolSuspension.............false
2026-09-15 16:20:18.072 DEBUG 19848 --- [  restartedMain] com.zaxxer.hikari.HikariConfig           : autoCommit......................true
2026-09-15 16:20:18.072 DEBUG 19848 --- [  restartedMain] com.zaxxer.hikari.HikariConfig           : catalog.........................none
2026-09-15 16:20:18.072 DEBUG 19848 --- [  restartedMain] com.zaxxer.hikari.HikariConfig           : connectionInitSql...............none
2026-09-15 16:20:18.072 DEBUG 19848 --- [  restartedMain] com.zaxxer.hikari.HikariConfig           : connectionTestQuery............."SELECT 1"
2026-09-15 16:20:18.072 DEBUG 19848 --- [  restartedMain] com.zaxxer.hikari.HikariConfig           : connectionTimeout...............20000
2026-09-15 16:20:18.072 DEBUG 19848 --- [  restartedMain] com.zaxxer.hikari.HikariConfig           : dataSource......................none
2026-09-15 16:20:18.073 DEBUG 19848 --- [  restartedMain] com.zaxxer.hikari.HikariConfig           : dataSourceClassName.............none
2026-09-15 16:20:18.073 DEBUG 19848 --- [  restartedMain] com.zaxxer.hikari.HikariConfig           : dataSourceJNDI..................none
2026-09-15 16:20:18.073 DEBUG 19848 --- [  restartedMain] com.zaxxer.hikari.HikariConfig           : dataSourceProperties............{password=<masked>}
2026-09-15 16:20:18.073 DEBUG 19848 --- [  restartedMain] com.zaxxer.hikari.HikariConfig           : driverClassName................."com.mysql.cj.jdbc.Driver"
2026-09-15 16:20:18.073 DEBUG 19848 --- [  restartedMain] com.zaxxer.hikari.HikariConfig           : exceptionOverrideClassName......none
2026-09-15 16:20:18.073 DEBUG 19848 --- [  restartedMain] com.zaxxer.hikari.HikariConfig           : healthCheckProperties...........{}
2026-09-15 16:20:18.073 DEBUG 19848 --- [  restartedMain] com.zaxxer.hikari.HikariConfig           : healthCheckRegistry.............none
2026-09-15 16:20:18.073 DEBUG 19848 --- [  restartedMain] com.zaxxer.hikari.HikariConfig           : idleTimeout.....................600000
2026-09-15 16:20:18.073 DEBUG 19848 --- [  restartedMain] com.zaxxer.hikari.HikariConfig           : initializationFailTimeout.......1
2026-09-15 16:20:18.074 DEBUG 19848 --- [  restartedMain] com.zaxxer.hikari.HikariConfig           : isolateInternalQueries..........false
2026-09-15 16:20:18.074 DEBUG 19848 --- [  restartedMain] com.zaxxer.hikari.HikariConfig           : jdbcUrl.........................jdbc:mysql://localhost:3306/businessapp?createDatabaseIfNotExist=true&useSSL=false&serverTimezone=UTC&allowPublicKeyRetrieval=true
2026-09-15 16:20:18.074 DEBUG 19848 --- [  restartedMain] com.zaxxer.hikari.HikariConfig           : keepaliveTime...................0
2026-09-15 16:20:18.074 DEBUG 19848 --- [  restartedMain] com.zaxxer.hikari.HikariConfig           : leakDetectionThreshold..........0
2026-09-15 16:20:18.075 DEBUG 19848 --- [  restartedMain] com.zaxxer.hikari.HikariConfig           : maxLifetime.....................1800000
2026-09-15 16:20:18.075 DEBUG 19848 --- [  restartedMain] com.zaxxer.hikari.HikariConfig           : maximumPoolSize.................10
2026-09-15 16:20:18.075 DEBUG 19848 --- [  restartedMain] com.zaxxer.hikari.HikariConfig           : metricRegistry..................none
2026-09-15 16:20:18.075 DEBUG 19848 --- [  restartedMain] com.zaxxer.hikari.HikariConfig           : metricsTrackerFactory...........none
2026-09-15 16:20:18.075 DEBUG 19848 --- [  restartedMain] com.zaxxer.hikari.HikariConfig           : minimumIdle.....................5
2026-09-15 16:20:18.075 DEBUG 19848 --- [  restartedMain] com.zaxxer.hikari.HikariConfig           : password........................<masked>
2026-09-15 16:20:18.075 DEBUG 19848 --- [  restartedMain] com.zaxxer.hikari.HikariConfig           : poolName........................"BusinessAppHikariPool"
2026-09-15 16:20:18.075 DEBUG 19848 --- [  restartedMain] com.zaxxer.hikari.HikariConfig           : readOnly........................false
2026-09-15 16:20:18.076 DEBUG 19848 --- [  restartedMain] com.zaxxer.hikari.HikariConfig           : registerMbeans..................false
2026-09-15 16:20:18.076 DEBUG 19848 --- [  restartedMain] com.zaxxer.hikari.HikariConfig           : scheduledExecutor...............none
2026-09-15 16:20:18.076 DEBUG 19848 --- [  restartedMain] com.zaxxer.hikari.HikariConfig           : schema..........................none
2026-09-15 16:20:18.076 DEBUG 19848 --- [  restartedMain] com.zaxxer.hikari.HikariConfig           : threadFactory...................internal
2026-09-15 16:20:18.076 DEBUG 19848 --- [  restartedMain] com.zaxxer.hikari.HikariConfig           : transactionIsolation............default
2026-09-15 16:20:18.076 DEBUG 19848 --- [  restartedMain] com.zaxxer.hikari.HikariConfig           : username........................"root"
2026-09-15 16:20:18.076 DEBUG 19848 --- [  restartedMain] com.zaxxer.hikari.HikariConfig           : validationTimeout...............5000
2026-09-15 16:20:18.076  INFO 19848 --- [  restartedMain] com.zaxxer.hikari.HikariDataSource       : BusinessAppHikariPool - Starting...
2026-09-15 16:20:18.189  INFO 19848 --- [  restartedMain] com.zaxxer.hikari.pool.HikariPool        : BusinessAppHikariPool - Added connection com.mysql.cj.jdbc.ConnectionImpl@5b781bb3
2026-09-15 16:20:18.189  INFO 19848 --- [  restartedMain] com.zaxxer.hikari.HikariDataSource       : BusinessAppHikariPool - Start completed.
2026-09-15 16:20:18.464  INFO 19848 --- [  restartedMain] o.h.e.t.j.p.i.JtaPlatformInitiator       : HHH000489: No JTA platform available (set 'hibernate.transaction.jta.platform' to enable JTA platform integration)
2026-09-15 16:20:18.564 DEBUG 19848 --- [  restartedMain] org.hibernate.SQL                        : 
    alter table businesses 
       modify column description TEXT
2026-09-15 16:20:18.653 DEBUG 19848 --- [  restartedMain] org.hibernate.SQL                        : 
    alter table member_educations 
       modify column description TEXT
2026-09-15 16:20:18.667 DEBUG 19848 --- [  restartedMain] org.hibernate.SQL                        : 
    alter table member_experiences 
       modify column description TEXT
2026-09-15 16:20:18.683 DEBUG 19848 --- [  restartedMain] org.hibernate.SQL                        : 
    alter table members 
       modify column bio TEXT
2026-09-15 16:20:18.719 DEBUG 19848 --- [  restartedMain] org.hibernate.SQL                        : 
    alter table members 
       modify column profile_visibility enum ('CONNECTIONS_ONLY','PRIVATE','PUBLIC') not null
2026-09-15 16:20:18.761 DEBUG 19848 --- [  restartedMain] org.hibernate.SQL                        : 
    alter table members 
       modify column specialization enum ('ACCOUNTING_AUDIT','ASSET_WEALTH_MANAGEMENT','CORPORATE_FINANCE','FINTECH','INSURANCE','INVESTMENT_BANKING','OTHER','PRIVATE_EQUITY_VC','RISK_COMPLIANCE')
2026-09-15 16:20:18.792 DEBUG 19848 --- [  restartedMain] org.hibernate.SQL                        : 
    alter table opportunities 
       modify column description TEXT not null
2026-09-15 16:20:18.817 DEBUG 19848 --- [  restartedMain] org.hibernate.SQL                        : 
    alter table opportunities 
       modify column experience_level enum ('EXECUTIVE','GRADUATE','JUNIOR','MID','SENIOR') not null
2026-09-15 16:20:18.833 DEBUG 19848 --- [  restartedMain] org.hibernate.SQL                        : 
    alter table opportunities 
       modify column specialization enum ('ACCOUNTING_AUDIT','ASSET_WEALTH_MANAGEMENT','CORPORATE_FINANCE','FINTECH','INSURANCE','INVESTMENT_BANKING','OTHER','PRIVATE_EQUITY_VC','RISK_COMPLIANCE') not null
2026-09-15 16:20:18.850 DEBUG 19848 --- [  restartedMain] org.hibernate.SQL                        : 
    alter table opportunities 
       modify column status enum ('CLOSED','DRAFT','PUBLISHED') not null
2026-09-15 16:20:18.865 DEBUG 19848 --- [  restartedMain] org.hibernate.SQL                        : 
    alter table opportunities 
       modify column type enum ('CONTRACT','FULL_TIME','GIG','INTERNSHIP','PART_TIME') not null
2026-09-15 16:20:18.881 DEBUG 19848 --- [  restartedMain] org.hibernate.SQL                        : 
    alter table opportunities 
       modify column work_mode enum ('HYBRID','ONSITE','REMOTE') not null
2026-09-15 16:20:18.897 DEBUG 19848 --- [  restartedMain] org.hibernate.SQL                        : 
    alter table opportunity_qualifications 
       modify column qualification TEXT not null
2026-09-15 16:20:18.904 DEBUG 19848 --- [  restartedMain] org.hibernate.SQL                        : 
    alter table opportunity_responsibilities 
       modify column responsibility TEXT not null
2026-09-15 16:20:18.915 DEBUG 19848 --- [  restartedMain] org.hibernate.SQL                        : 
    alter table users 
       modify column role enum ('ROLE_ADMIN','ROLE_ADVISORY','ROLE_BUSINESS','ROLE_CUSTOMER','ROLE_MEMBERS') not null
2026-09-15 16:20:19.012  INFO 19848 --- [  restartedMain] j.LocalContainerEntityManagerFactoryBean : Initialized JPA EntityManagerFactory for persistence unit 'default'
2026-09-15 16:20:19.121  INFO 19848 --- [  restartedMain] o.s.b.web.servlet.RegistrationBean       : Filter disableJwtAuthFilterRegistration was not registered (disabled)
2026-09-15 16:20:19.170  INFO 19848 --- [  restartedMain] eAuthenticationProviderManagerConfigurer : Global AuthenticationManager configured with AuthenticationProvider bean with name authenticationProvider
2026-09-15 16:20:19.170  WARN 19848 --- [  restartedMain] r$InitializeUserDetailsManagerConfigurer : Global AuthenticationManager configured with an AuthenticationProvider bean. UserDetailsService beans will not be used for username/password login. Consider removing the AuthenticationProvider bean. Alternatively, consider using the UserDetailsService in a manually instantiated DaoAuthenticationProvider.
2026-09-15 16:20:19.365  INFO 19848 --- [  restartedMain] c.e.firstapp.config.AsyncConfig          : Email thread pool initialized: core=2 max=5 queue=50
2026-09-15 16:20:19.438 DEBUG 19848 --- [  restartedMain] o.s.s.web.DefaultSecurityFilterChain     : Will secure any request with filters: DisableEncodeUrlFilter, WebAsyncManagerIntegrationFilter, SecurityContextHolderFilter, HeaderWriterFilter, LogoutFilter, JwtAuthFilter, RequestCacheAwareFilter, SecurityContextHolderAwareRequestFilter, AnonymousAuthenticationFilter, SessionManagementFilter, ExceptionTranslationFilter, AuthorizationFilter
2026-09-15 16:20:19.501  INFO 19848 --- [  restartedMain] o.s.b.d.a.OptionalLiveReloadServer       : LiveReload server is running on port 35729
2026-09-15 16:20:19.517  INFO 19848 --- [  restartedMain] o.s.b.w.e.tomcat.TomcatWebServer         : Tomcat started on port 8080 (http) with context path '/'
2026-09-15 16:20:19.523  INFO 19848 --- [  restartedMain] c.e.firstapp.FirstappApplication         : Started FirstappApplication in 2.351 seconds (process running for 1720.825)
2026-09-15 16:20:19.525  INFO 19848 --- [  restartedMain] .ConditionEvaluationDeltaLoggingListener : Condition evaluation unchanged
2026-09-15 16:21:41.942  INFO 19848 --- [   File Watcher] rtingClassPathChangeChangedEventListener : Restarting due to 1 class path change (0 additions, 1 deletion, 0 modifications)
2026-09-15 16:21:41.961  INFO 19848 --- [       Thread-7] j.LocalContainerEntityManagerFactoryBean : Closing JPA EntityManagerFactory for persistence unit 'default'
2026-09-15 16:21:41.962  INFO 19848 --- [       Thread-7] com.zaxxer.hikari.HikariDataSource       : BusinessAppHikariPool - Shutdown initiated...
2026-09-15 16:21:41.964  INFO 19848 --- [       Thread-7] com.zaxxer.hikari.HikariDataSource       : BusinessAppHikariPool - Shutdown completed.
2026-09-15 16:21:42.053  INFO 19848 --- [  restartedMain] c.e.firstapp.FirstappApplication         : Starting FirstappApplication using Java 25.0.3 with PID 19848 (E:\firstapp\firstapp\target\classes started by Dell in E:\firstapp\firstapp)
2026-09-15 16:21:42.053  INFO 19848 --- [  restartedMain] c.e.firstapp.FirstappApplication         : No active profile set, falling back to 1 default profile: "default"
2026-09-15 16:21:42.650  INFO 19848 --- [  restartedMain] .s.d.r.c.RepositoryConfigurationDelegate : Bootstrapping Spring Data JPA repositories in DEFAULT mode.
2026-09-15 16:21:42.683  INFO 19848 --- [  restartedMain] .s.d.r.c.RepositoryConfigurationDelegate : Finished Spring Data repository scanning in 32 ms. Found 8 JPA repository interfaces.
2026-09-15 16:21:42.803  INFO 19848 --- [  restartedMain] o.s.b.w.e.tomcat.TomcatWebServer         : Tomcat initialized with port 8080 (http)
2026-09-15 16:21:42.806  INFO 19848 --- [  restartedMain] o.a.catalina.core.StandardService        : Starting service [Tomcat]
2026-09-15 16:21:42.806  INFO 19848 --- [  restartedMain] o.a.catalina.core.StandardEngine         : Starting Servlet engine: [Apache Tomcat/10.1.42]
2026-09-15 16:21:42.850  INFO 19848 --- [  restartedMain] o.a.c.c.C.[Tomcat].[localhost].[/]       : Initializing Spring embedded WebApplicationContext
2026-09-15 16:21:42.850  INFO 19848 --- [  restartedMain] w.s.c.ServletWebServerApplicationContext : Root WebApplicationContext: initialization completed in 794 ms
2026-09-15 16:21:42.865 DEBUG 19848 --- [  restartedMain] com.zaxxer.hikari.HikariConfig           : Driver class com.mysql.cj.jdbc.Driver found in Thread context class loader TomcatEmbeddedWebappClassLoader
  context: ROOT
  delegate: true
----------> Parent Classloader:
org.springframework.boot.devtools.restart.classloader.RestartClassLoader@2809fdf4

2026-09-15 16:21:42.914  INFO 19848 --- [  restartedMain] o.h.jpa.internal.util.LogHelper          : HHH000204: Processing PersistenceUnitInfo [name: default]
2026-09-15 16:21:42.916  INFO 19848 --- [  restartedMain] o.h.c.i.RegionFactoryInitiator           : HHH000026: Second-level cache disabled
2026-09-15 16:21:42.933  INFO 19848 --- [  restartedMain] o.s.o.j.p.SpringPersistenceUnitInfo      : No LoadTimeWeaver setup: ignoring JPA class transformer
2026-09-15 16:21:42.934 DEBUG 19848 --- [  restartedMain] com.zaxxer.hikari.HikariConfig           : BusinessAppHikariPool - configuration:
2026-09-15 16:21:42.934 DEBUG 19848 --- [  restartedMain] com.zaxxer.hikari.HikariConfig           : allowPoolSuspension.............false
2026-09-15 16:21:42.935 DEBUG 19848 --- [  restartedMain] com.zaxxer.hikari.HikariConfig           : autoCommit......................true
2026-09-15 16:21:42.935 DEBUG 19848 --- [  restartedMain] com.zaxxer.hikari.HikariConfig           : catalog.........................none
2026-09-15 16:21:42.935 DEBUG 19848 --- [  restartedMain] com.zaxxer.hikari.HikariConfig           : connectionInitSql...............none
2026-09-15 16:21:42.935 DEBUG 19848 --- [  restartedMain] com.zaxxer.hikari.HikariConfig           : connectionTestQuery............."SELECT 1"
2026-09-15 16:21:42.935 DEBUG 19848 --- [  restartedMain] com.zaxxer.hikari.HikariConfig           : connectionTimeout...............20000
2026-09-15 16:21:42.935 DEBUG 19848 --- [  restartedMain] com.zaxxer.hikari.HikariConfig           : dataSource......................none
2026-09-15 16:21:42.935 DEBUG 19848 --- [  restartedMain] com.zaxxer.hikari.HikariConfig           : dataSourceClassName.............none
2026-09-15 16:21:42.935 DEBUG 19848 --- [  restartedMain] com.zaxxer.hikari.HikariConfig           : dataSourceJNDI..................none
2026-09-15 16:21:42.935 DEBUG 19848 --- [  restartedMain] com.zaxxer.hikari.HikariConfig           : dataSourceProperties............{password=<masked>}
2026-09-15 16:21:42.936 DEBUG 19848 --- [  restartedMain] com.zaxxer.hikari.HikariConfig           : driverClassName................."com.mysql.cj.jdbc.Driver"
2026-09-15 16:21:42.936 DEBUG 19848 --- [  restartedMain] com.zaxxer.hikari.HikariConfig           : exceptionOverrideClassName......none
2026-09-15 16:21:42.936 DEBUG 19848 --- [  restartedMain] com.zaxxer.hikari.HikariConfig           : healthCheckProperties...........{}
2026-09-15 16:21:42.936 DEBUG 19848 --- [  restartedMain] com.zaxxer.hikari.HikariConfig           : healthCheckRegistry.............none
2026-09-15 16:21:42.936 DEBUG 19848 --- [  restartedMain] com.zaxxer.hikari.HikariConfig           : idleTimeout.....................600000
2026-09-15 16:21:42.936 DEBUG 19848 --- [  restartedMain] com.zaxxer.hikari.HikariConfig           : initializationFailTimeout.......1
2026-09-15 16:21:42.936 DEBUG 19848 --- [  restartedMain] com.zaxxer.hikari.HikariConfig           : isolateInternalQueries..........false
2026-09-15 16:21:42.943 DEBUG 19848 --- [  restartedMain] com.zaxxer.hikari.HikariConfig           : jdbcUrl.........................jdbc:mysql://localhost:3306/businessapp?createDatabaseIfNotExist=true&useSSL=false&serverTimezone=UTC&allowPublicKeyRetrieval=true
2026-09-15 16:21:42.945 DEBUG 19848 --- [  restartedMain] com.zaxxer.hikari.HikariConfig           : keepaliveTime...................0
2026-09-15 16:21:42.946 DEBUG 19848 --- [  restartedMain] com.zaxxer.hikari.HikariConfig           : leakDetectionThreshold..........0
2026-09-15 16:21:42.947 DEBUG 19848 --- [  restartedMain] com.zaxxer.hikari.HikariConfig           : maxLifetime.....................1800000
2026-09-15 16:21:42.947 DEBUG 19848 --- [  restartedMain] com.zaxxer.hikari.HikariConfig           : maximumPoolSize.................10
2026-09-15 16:21:42.947 DEBUG 19848 --- [  restartedMain] com.zaxxer.hikari.HikariConfig           : metricRegistry..................none
2026-09-15 16:21:42.948 DEBUG 19848 --- [  restartedMain] com.zaxxer.hikari.HikariConfig           : metricsTrackerFactory...........none
2026-09-15 16:21:42.948 DEBUG 19848 --- [  restartedMain] com.zaxxer.hikari.HikariConfig           : minimumIdle.....................5
2026-09-15 16:21:42.949 DEBUG 19848 --- [  restartedMain] com.zaxxer.hikari.HikariConfig           : password........................<masked>
2026-09-15 16:21:42.949 DEBUG 19848 --- [  restartedMain] com.zaxxer.hikari.HikariConfig           : poolName........................"BusinessAppHikariPool"
2026-09-15 16:21:42.950 DEBUG 19848 --- [  restartedMain] com.zaxxer.hikari.HikariConfig           : readOnly........................false
2026-09-15 16:21:42.950 DEBUG 19848 --- [  restartedMain] com.zaxxer.hikari.HikariConfig           : registerMbeans..................false
2026-09-15 16:21:42.950 DEBUG 19848 --- [  restartedMain] com.zaxxer.hikari.HikariConfig           : scheduledExecutor...............none
2026-09-15 16:21:42.951 DEBUG 19848 --- [  restartedMain] com.zaxxer.hikari.HikariConfig           : schema..........................none
2026-09-15 16:21:42.951 DEBUG 19848 --- [  restartedMain] com.zaxxer.hikari.HikariConfig           : threadFactory...................internal
2026-09-15 16:21:42.951 DEBUG 19848 --- [  restartedMain] com.zaxxer.hikari.HikariConfig           : transactionIsolation............default
2026-09-15 16:21:42.951 DEBUG 19848 --- [  restartedMain] com.zaxxer.hikari.HikariConfig           : username........................"root"
2026-09-15 16:21:42.952 DEBUG 19848 --- [  restartedMain] com.zaxxer.hikari.HikariConfig           : validationTimeout...............5000
2026-09-15 16:21:42.952  INFO 19848 --- [  restartedMain] com.zaxxer.hikari.HikariDataSource       : BusinessAppHikariPool - Starting...
2026-09-15 16:21:42.977  INFO 19848 --- [  restartedMain] com.zaxxer.hikari.pool.HikariPool        : BusinessAppHikariPool - Added connection com.mysql.cj.jdbc.ConnectionImpl@426c8e07
2026-09-15 16:21:42.978  INFO 19848 --- [  restartedMain] com.zaxxer.hikari.HikariDataSource       : BusinessAppHikariPool - Start completed.
2026-09-15 16:21:43.236  INFO 19848 --- [  restartedMain] o.h.e.t.j.p.i.JtaPlatformInitiator       : HHH000489: No JTA platform available (set 'hibernate.transaction.jta.platform' to enable JTA platform integration)
2026-09-15 16:21:43.257 DEBUG 19848 --- [  restartedMain] org.hibernate.SQL                        : 
    alter table businesses 
       modify column description TEXT
2026-09-15 16:21:43.400 DEBUG 19848 --- [  restartedMain] org.hibernate.SQL                        : 
    alter table member_educations 
       modify column description TEXT
2026-09-15 16:21:43.452 DEBUG 19848 --- [  restartedMain] org.hibernate.SQL                        : 
    alter table member_experiences 
       modify column description TEXT
2026-09-15 16:21:43.512 DEBUG 19848 --- [  restartedMain] org.hibernate.SQL                        : 
    alter table members 
       modify column bio TEXT
2026-09-15 16:21:43.776 DEBUG 19848 --- [  restartedMain] org.hibernate.SQL                        : 
    alter table members 
       modify column profile_visibility enum ('CONNECTIONS_ONLY','PRIVATE','PUBLIC') not null
2026-09-15 16:21:43.942 DEBUG 19848 --- [  restartedMain] org.hibernate.SQL                        : 
    alter table members 
       modify column specialization enum ('ACCOUNTING_AUDIT','ASSET_WEALTH_MANAGEMENT','CORPORATE_FINANCE','FINTECH','INSURANCE','INVESTMENT_BANKING','OTHER','PRIVATE_EQUITY_VC','RISK_COMPLIANCE')
2026-09-15 16:21:43.988 DEBUG 19848 --- [  restartedMain] org.hibernate.SQL                        : 
    alter table opportunities 
       modify column description TEXT not null
2026-09-15 16:21:44.024 DEBUG 19848 --- [  restartedMain] org.hibernate.SQL                        : 
    alter table opportunities 
       modify column experience_level enum ('EXECUTIVE','GRADUATE','JUNIOR','MID','SENIOR') not null
2026-09-15 16:21:44.057 DEBUG 19848 --- [  restartedMain] org.hibernate.SQL                        : 
    alter table opportunities 
       modify column specialization enum ('ACCOUNTING_AUDIT','ASSET_WEALTH_MANAGEMENT','CORPORATE_FINANCE','FINTECH','INSURANCE','INVESTMENT_BANKING','OTHER','PRIVATE_EQUITY_VC','RISK_COMPLIANCE') not null
2026-09-15 16:21:44.099 DEBUG 19848 --- [  restartedMain] org.hibernate.SQL                        : 
    alter table opportunities 
       modify column status enum ('CLOSED','DRAFT','PUBLISHED') not null
2026-09-15 16:21:44.141 DEBUG 19848 --- [  restartedMain] org.hibernate.SQL                        : 
    alter table opportunities 
       modify column type enum ('CONTRACT','FULL_TIME','GIG','INTERNSHIP','PART_TIME') not null
2026-09-15 16:21:44.177 DEBUG 19848 --- [  restartedMain] org.hibernate.SQL                        : 
    alter table opportunities 
       modify column work_mode enum ('HYBRID','ONSITE','REMOTE') not null
2026-09-15 16:21:44.206 DEBUG 19848 --- [  restartedMain] org.hibernate.SQL                        : 
    alter table opportunity_qualifications 
       modify column qualification TEXT not null
2026-09-15 16:21:44.244 DEBUG 19848 --- [  restartedMain] org.hibernate.SQL                        : 
    alter table opportunity_responsibilities 
       modify column responsibility TEXT not null
2026-09-15 16:21:44.268 DEBUG 19848 --- [  restartedMain] org.hibernate.SQL                        : 
    alter table users 
       modify column role enum ('ROLE_ADMIN','ROLE_ADVISORY','ROLE_BUSINESS','ROLE_CUSTOMER','ROLE_MEMBERS') not null
2026-09-15 16:21:44.366  INFO 19848 --- [  restartedMain] j.LocalContainerEntityManagerFactoryBean : Initialized JPA EntityManagerFactory for persistence unit 'default'
2026-09-15 16:21:44.443  INFO 19848 --- [  restartedMain] o.s.b.web.servlet.RegistrationBean       : Filter disableJwtAuthFilterRegistration was not registered (disabled)
2026-09-15 16:21:44.483  INFO 19848 --- [  restartedMain] eAuthenticationProviderManagerConfigurer : Global AuthenticationManager configured with AuthenticationProvider bean with name authenticationProvider
2026-09-15 16:21:44.484  WARN 19848 --- [  restartedMain] r$InitializeUserDetailsManagerConfigurer : Global AuthenticationManager configured with an AuthenticationProvider bean. UserDetailsService beans will not be used for username/password login. Consider removing the AuthenticationProvider bean. Alternatively, consider using the UserDetailsService in a manually instantiated DaoAuthenticationProvider.
2026-09-15 16:21:44.658  INFO 19848 --- [  restartedMain] c.e.firstapp.config.AsyncConfig          : Email thread pool initialized: core=2 max=5 queue=50
2026-09-15 16:21:44.727 DEBUG 19848 --- [  restartedMain] o.s.s.web.DefaultSecurityFilterChain     : Will secure any request with filters: DisableEncodeUrlFilter, WebAsyncManagerIntegrationFilter, SecurityContextHolderFilter, HeaderWriterFilter, LogoutFilter, JwtAuthFilter, RequestCacheAwareFilter, SecurityContextHolderAwareRequestFilter, AnonymousAuthenticationFilter, SessionManagementFilter, ExceptionTranslationFilter, AuthorizationFilter
2026-09-15 16:21:44.781  INFO 19848 --- [  restartedMain] o.s.b.d.a.OptionalLiveReloadServer       : LiveReload server is running on port 35729
2026-09-15 16:21:44.793  INFO 19848 --- [  restartedMain] o.s.b.w.e.tomcat.TomcatWebServer         : Tomcat started on port 8080 (http) with context path '/'
2026-09-15 16:21:44.796  INFO 19848 --- [  restartedMain] c.e.firstapp.FirstappApplication         : Started FirstappApplication in 2.768 seconds (process running for 1806.098)
2026-09-15 16:21:44.797  INFO 19848 --- [  restartedMain] .ConditionEvaluationDeltaLoggingListener : Condition evaluation unchanged
2026-09-15 16:24:10.467  INFO 19848 --- [   File Watcher] rtingClassPathChangeChangedEventListener : Restarting due to 2 class path changes (0 additions, 0 deletions, 2 modifications)
2026-09-15 16:24:10.486  INFO 19848 --- [      Thread-11] j.LocalContainerEntityManagerFactoryBean : Closing JPA EntityManagerFactory for persistence unit 'default'
2026-09-15 16:24:10.487  INFO 19848 --- [      Thread-11] com.zaxxer.hikari.HikariDataSource       : BusinessAppHikariPool - Shutdown initiated...
2026-09-15 16:24:10.490  INFO 19848 --- [      Thread-11] com.zaxxer.hikari.HikariDataSource       : BusinessAppHikariPool - Shutdown completed.
2026-09-15 16:24:10.579  INFO 19848 --- [  restartedMain] c.e.firstapp.FirstappApplication         : Starting FirstappApplication using Java 25.0.3 with PID 19848 (E:\firstapp\firstapp\target\classes started by Dell in E:\firstapp\firstapp)
2026-09-15 16:24:10.579  INFO 19848 --- [  restartedMain] c.e.firstapp.FirstappApplication         : No active profile set, falling back to 1 default profile: "default"
2026-09-15 16:24:10.766  INFO 19848 --- [  restartedMain] .s.d.r.c.RepositoryConfigurationDelegate : Bootstrapping Spring Data JPA repositories in DEFAULT mode.
2026-09-15 16:24:10.798  INFO 19848 --- [  restartedMain] .s.d.r.c.RepositoryConfigurationDelegate : Finished Spring Data repository scanning in 31 ms. Found 8 JPA repository interfaces.
2026-09-15 16:24:10.905  INFO 19848 --- [  restartedMain] o.s.b.w.e.tomcat.TomcatWebServer         : Tomcat initialized with port 8080 (http)
2026-09-15 16:24:10.906  INFO 19848 --- [  restartedMain] o.a.catalina.core.StandardService        : Starting service [Tomcat]
2026-09-15 16:24:10.906  INFO 19848 --- [  restartedMain] o.a.catalina.core.StandardEngine         : Starting Servlet engine: [Apache Tomcat/10.1.42]
2026-09-15 16:24:10.947  INFO 19848 --- [  restartedMain] o.a.c.c.C.[Tomcat].[localhost].[/]       : Initializing Spring embedded WebApplicationContext
2026-09-15 16:24:10.948  INFO 19848 --- [  restartedMain] w.s.c.ServletWebServerApplicationContext : Root WebApplicationContext: initialization completed in 368 ms
2026-09-15 16:24:10.964 DEBUG 19848 --- [  restartedMain] com.zaxxer.hikari.HikariConfig           : Driver class com.mysql.cj.jdbc.Driver found in Thread context class loader TomcatEmbeddedWebappClassLoader
  context: ROOT
  delegate: true
----------> Parent Classloader:
org.springframework.boot.devtools.restart.classloader.RestartClassLoader@7f4e4d3c

2026-09-15 16:24:10.995  INFO 19848 --- [  restartedMain] o.h.jpa.internal.util.LogHelper          : HHH000204: Processing PersistenceUnitInfo [name: default]
2026-09-15 16:24:10.998  INFO 19848 --- [  restartedMain] o.h.c.i.RegionFactoryInitiator           : HHH000026: Second-level cache disabled
2026-09-15 16:24:11.022  INFO 19848 --- [  restartedMain] o.s.o.j.p.SpringPersistenceUnitInfo      : No LoadTimeWeaver setup: ignoring JPA class transformer
2026-09-15 16:24:11.023 DEBUG 19848 --- [  restartedMain] com.zaxxer.hikari.HikariConfig           : BusinessAppHikariPool - configuration:
2026-09-15 16:24:11.024 DEBUG 19848 --- [  restartedMain] com.zaxxer.hikari.HikariConfig           : allowPoolSuspension.............false
2026-09-15 16:24:11.024 DEBUG 19848 --- [  restartedMain] com.zaxxer.hikari.HikariConfig           : autoCommit......................true
2026-09-15 16:24:11.025 DEBUG 19848 --- [  restartedMain] com.zaxxer.hikari.HikariConfig           : catalog.........................none
2026-09-15 16:24:11.025 DEBUG 19848 --- [  restartedMain] com.zaxxer.hikari.HikariConfig           : connectionInitSql...............none
2026-09-15 16:24:11.025 DEBUG 19848 --- [  restartedMain] com.zaxxer.hikari.HikariConfig           : connectionTestQuery............."SELECT 1"
2026-09-15 16:24:11.026 DEBUG 19848 --- [  restartedMain] com.zaxxer.hikari.HikariConfig           : connectionTimeout...............20000
2026-09-15 16:24:11.026 DEBUG 19848 --- [  restartedMain] com.zaxxer.hikari.HikariConfig           : dataSource......................none
2026-09-15 16:24:11.026 DEBUG 19848 --- [  restartedMain] com.zaxxer.hikari.HikariConfig           : dataSourceClassName.............none
2026-09-15 16:24:11.026 DEBUG 19848 --- [  restartedMain] com.zaxxer.hikari.HikariConfig           : dataSourceJNDI..................none
2026-09-15 16:24:11.026 DEBUG 19848 --- [  restartedMain] com.zaxxer.hikari.HikariConfig           : dataSourceProperties............{password=<masked>}
2026-09-15 16:24:11.026 DEBUG 19848 --- [  restartedMain] com.zaxxer.hikari.HikariConfig           : driverClassName................."com.mysql.cj.jdbc.Driver"
2026-09-15 16:24:11.027 DEBUG 19848 --- [  restartedMain] com.zaxxer.hikari.HikariConfig           : exceptionOverrideClassName......none
2026-09-15 16:24:11.027 DEBUG 19848 --- [  restartedMain] com.zaxxer.hikari.HikariConfig           : healthCheckProperties...........{}
2026-09-15 16:24:11.027 DEBUG 19848 --- [  restartedMain] com.zaxxer.hikari.HikariConfig           : healthCheckRegistry.............none
2026-09-15 16:24:11.027 DEBUG 19848 --- [  restartedMain] com.zaxxer.hikari.HikariConfig           : idleTimeout.....................600000
2026-09-15 16:24:11.027 DEBUG 19848 --- [  restartedMain] com.zaxxer.hikari.HikariConfig           : initializationFailTimeout.......1
2026-09-15 16:24:11.028 DEBUG 19848 --- [  restartedMain] com.zaxxer.hikari.HikariConfig           : isolateInternalQueries..........false
2026-09-15 16:24:11.031 DEBUG 19848 --- [  restartedMain] com.zaxxer.hikari.HikariConfig           : jdbcUrl.........................jdbc:mysql://localhost:3306/businessapp?createDatabaseIfNotExist=true&useSSL=false&serverTimezone=UTC&allowPublicKeyRetrieval=true
2026-09-15 16:24:11.032 DEBUG 19848 --- [  restartedMain] com.zaxxer.hikari.HikariConfig           : keepaliveTime...................0
2026-09-15 16:24:11.032 DEBUG 19848 --- [  restartedMain] com.zaxxer.hikari.HikariConfig           : leakDetectionThreshold..........0
2026-09-15 16:24:11.032 DEBUG 19848 --- [  restartedMain] com.zaxxer.hikari.HikariConfig           : maxLifetime.....................1800000
2026-09-15 16:24:11.032 DEBUG 19848 --- [  restartedMain] com.zaxxer.hikari.HikariConfig           : maximumPoolSize.................10
2026-09-15 16:24:11.032 DEBUG 19848 --- [  restartedMain] com.zaxxer.hikari.HikariConfig           : metricRegistry..................none
2026-09-15 16:24:11.032 DEBUG 19848 --- [  restartedMain] com.zaxxer.hikari.HikariConfig           : metricsTrackerFactory...........none
2026-09-15 16:24:11.032 DEBUG 19848 --- [  restartedMain] com.zaxxer.hikari.HikariConfig           : minimumIdle.....................5
2026-09-15 16:24:11.032 DEBUG 19848 --- [  restartedMain] com.zaxxer.hikari.HikariConfig           : password........................<masked>
2026-09-15 16:24:11.032 DEBUG 19848 --- [  restartedMain] com.zaxxer.hikari.HikariConfig           : poolName........................"BusinessAppHikariPool"
2026-09-15 16:24:11.033 DEBUG 19848 --- [  restartedMain] com.zaxxer.hikari.HikariConfig           : readOnly........................false
2026-09-15 16:24:11.033 DEBUG 19848 --- [  restartedMain] com.zaxxer.hikari.HikariConfig           : registerMbeans..................false
2026-09-15 16:24:11.033 DEBUG 19848 --- [  restartedMain] com.zaxxer.hikari.HikariConfig           : scheduledExecutor...............none
2026-09-15 16:24:11.033 DEBUG 19848 --- [  restartedMain] com.zaxxer.hikari.HikariConfig           : schema..........................none
2026-09-15 16:24:11.033 DEBUG 19848 --- [  restartedMain] com.zaxxer.hikari.HikariConfig           : threadFactory...................internal
2026-09-15 16:24:11.033 DEBUG 19848 --- [  restartedMain] com.zaxxer.hikari.HikariConfig           : transactionIsolation............default
2026-09-15 16:24:11.033 DEBUG 19848 --- [  restartedMain] com.zaxxer.hikari.HikariConfig           : username........................"root"
2026-09-15 16:24:11.033 DEBUG 19848 --- [  restartedMain] com.zaxxer.hikari.HikariConfig           : validationTimeout...............5000
2026-09-15 16:24:11.033  INFO 19848 --- [  restartedMain] com.zaxxer.hikari.HikariDataSource       : BusinessAppHikariPool - Starting...
2026-09-15 16:24:11.045  INFO 19848 --- [  restartedMain] com.zaxxer.hikari.pool.HikariPool        : BusinessAppHikariPool - Added connection com.mysql.cj.jdbc.ConnectionImpl@41d798fd
2026-09-15 16:24:11.046  INFO 19848 --- [  restartedMain] com.zaxxer.hikari.HikariDataSource       : BusinessAppHikariPool - Start completed.
2026-09-15 16:24:11.224  INFO 19848 --- [  restartedMain] o.h.e.t.j.p.i.JtaPlatformInitiator       : HHH000489: No JTA platform available (set 'hibernate.transaction.jta.platform' to enable JTA platform integration)
2026-09-15 16:24:11.247 DEBUG 19848 --- [  restartedMain] org.hibernate.SQL                        : 
    alter table businesses 
       modify column description TEXT
2026-09-15 16:24:11.273 DEBUG 19848 --- [  restartedMain] org.hibernate.SQL                        : 
    alter table member_educations 
       modify column description TEXT
2026-09-15 16:24:11.284 DEBUG 19848 --- [  restartedMain] org.hibernate.SQL                        : 
    alter table member_experiences 
       modify column description TEXT
2026-09-15 16:24:11.292 DEBUG 19848 --- [  restartedMain] org.hibernate.SQL                        : 
    alter table members 
       modify column bio TEXT
2026-09-15 16:24:11.315 DEBUG 19848 --- [  restartedMain] org.hibernate.SQL                        : 
    alter table members 
       modify column profile_visibility enum ('CONNECTIONS_ONLY','PRIVATE','PUBLIC') not null
2026-09-15 16:24:11.334 DEBUG 19848 --- [  restartedMain] org.hibernate.SQL                        : 
    alter table members 
       modify column specialization enum ('ACCOUNTING_AUDIT','ASSET_WEALTH_MANAGEMENT','CORPORATE_FINANCE','FINTECH','INSURANCE','INVESTMENT_BANKING','OTHER','PRIVATE_EQUITY_VC','RISK_COMPLIANCE')
2026-09-15 16:24:11.354 DEBUG 19848 --- [  restartedMain] org.hibernate.SQL                        : 
    alter table opportunities 
       modify column description TEXT not null
2026-09-15 16:24:11.372 DEBUG 19848 --- [  restartedMain] org.hibernate.SQL                        : 
    alter table opportunities 
       modify column experience_level enum ('EXECUTIVE','GRADUATE','JUNIOR','MID','SENIOR') not null
2026-09-15 16:24:11.460 DEBUG 19848 --- [  restartedMain] org.hibernate.SQL                        : 
    alter table opportunities 
       modify column specialization enum ('ACCOUNTING_AUDIT','ASSET_WEALTH_MANAGEMENT','CORPORATE_FINANCE','FINTECH','INSURANCE','INVESTMENT_BANKING','OTHER','PRIVATE_EQUITY_VC','RISK_COMPLIANCE') not null
2026-09-15 16:24:11.473 DEBUG 19848 --- [  restartedMain] org.hibernate.SQL                        : 
    alter table opportunities 
       modify column status enum ('CLOSED','DRAFT','PUBLISHED') not null
2026-09-15 16:24:11.492 DEBUG 19848 --- [  restartedMain] org.hibernate.SQL                        : 
    alter table opportunities 
       modify column type enum ('CONTRACT','FULL_TIME','GIG','INTERNSHIP','PART_TIME') not null
2026-09-15 16:24:11.508 DEBUG 19848 --- [  restartedMain] org.hibernate.SQL                        : 
    alter table opportunities 
       modify column work_mode enum ('HYBRID','ONSITE','REMOTE') not null
2026-09-15 16:24:11.536 DEBUG 19848 --- [  restartedMain] org.hibernate.SQL                        : 
    alter table opportunity_qualifications 
       modify column qualification TEXT not null
2026-09-15 16:24:11.551 DEBUG 19848 --- [  restartedMain] org.hibernate.SQL                        : 
    alter table opportunity_responsibilities 
       modify column responsibility TEXT not null
2026-09-15 16:24:11.560 DEBUG 19848 --- [  restartedMain] org.hibernate.SQL                        : 
    alter table users 
       modify column role enum ('ROLE_ADMIN','ROLE_ADVISORY','ROLE_BUSINESS','ROLE_CUSTOMER','ROLE_MEMBERS') not null
2026-09-15 16:24:11.644  INFO 19848 --- [  restartedMain] j.LocalContainerEntityManagerFactoryBean : Initialized JPA EntityManagerFactory for persistence unit 'default'
2026-09-15 16:24:11.712  INFO 19848 --- [  restartedMain] o.s.b.web.servlet.RegistrationBean       : Filter disableJwtAuthFilterRegistration was not registered (disabled)
2026-09-15 16:24:11.750  INFO 19848 --- [  restartedMain] eAuthenticationProviderManagerConfigurer : Global AuthenticationManager configured with AuthenticationProvider bean with name authenticationProvider
2026-09-15 16:24:11.750  WARN 19848 --- [  restartedMain] r$InitializeUserDetailsManagerConfigurer : Global AuthenticationManager configured with an AuthenticationProvider bean. UserDetailsService beans will not be used for username/password login. Consider removing the AuthenticationProvider bean. Alternatively, consider using the UserDetailsService in a manually instantiated DaoAuthenticationProvider.
2026-09-15 16:24:11.891  INFO 19848 --- [  restartedMain] c.e.firstapp.config.AsyncConfig          : Email thread pool initialized: core=2 max=5 queue=50
2026-09-15 16:24:11.946 DEBUG 19848 --- [  restartedMain] o.s.s.web.DefaultSecurityFilterChain     : Will secure any request with filters: DisableEncodeUrlFilter, WebAsyncManagerIntegrationFilter, SecurityContextHolderFilter, HeaderWriterFilter, LogoutFilter, JwtAuthFilter, RequestCacheAwareFilter, SecurityContextHolderAwareRequestFilter, AnonymousAuthenticationFilter, SessionManagementFilter, ExceptionTranslationFilter, AuthorizationFilter
2026-09-15 16:24:11.997  INFO 19848 --- [  restartedMain] o.s.b.d.a.OptionalLiveReloadServer       : LiveReload server is running on port 35729
2026-09-15 16:24:12.006  INFO 19848 --- [  restartedMain] o.s.b.w.e.tomcat.TomcatWebServer         : Tomcat started on port 8080 (http) with context path '/'
2026-09-15 16:24:12.010  INFO 19848 --- [  restartedMain] c.e.firstapp.FirstappApplication         : Started FirstappApplication in 1.453 seconds (process running for 1953.312)
2026-09-15 16:24:12.012  INFO 19848 --- [  restartedMain] .ConditionEvaluationDeltaLoggingListener : Condition evaluation unchanged
2026-09-15 16:24:59.022  INFO 19848 --- [   File Watcher] rtingClassPathChangeChangedEventListener : Restarting due to 1 class path change (0 additions, 0 deletions, 1 modification)
2026-09-15 16:24:59.063  INFO 19848 --- [      Thread-15] j.LocalContainerEntityManagerFactoryBean : Closing JPA EntityManagerFactory for persistence unit 'default'
2026-09-15 16:24:59.069  INFO 19848 --- [      Thread-15] com.zaxxer.hikari.HikariDataSource       : BusinessAppHikariPool - Shutdown initiated...
2026-09-15 16:24:59.075  INFO 19848 --- [      Thread-15] com.zaxxer.hikari.HikariDataSource       : BusinessAppHikariPool - Shutdown completed.
2026-09-15 16:24:59.232  INFO 19848 --- [  restartedMain] c.e.firstapp.FirstappApplication         : Starting FirstappApplication using Java 25.0.3 with PID 19848 (E:\firstapp\firstapp\target\classes started by Dell in E:\firstapp\firstapp)
2026-09-15 16:24:59.233  INFO 19848 --- [  restartedMain] c.e.firstapp.FirstappApplication         : No active profile set, falling back to 1 default profile: "default"
2026-09-15 16:24:59.488  INFO 19848 --- [  restartedMain] .s.d.r.c.RepositoryConfigurationDelegate : Bootstrapping Spring Data JPA repositories in DEFAULT mode.
2026-09-15 16:24:59.516  INFO 19848 --- [  restartedMain] .s.d.r.c.RepositoryConfigurationDelegate : Finished Spring Data repository scanning in 27 ms. Found 8 JPA repository interfaces.
2026-09-15 16:24:59.593  INFO 19848 --- [  restartedMain] o.s.b.w.e.tomcat.TomcatWebServer         : Tomcat initialized with port 8080 (http)
2026-09-15 16:24:59.594  INFO 19848 --- [  restartedMain] o.a.catalina.core.StandardService        : Starting service [Tomcat]
2026-09-15 16:24:59.594  INFO 19848 --- [  restartedMain] o.a.catalina.core.StandardEngine         : Starting Servlet engine: [Apache Tomcat/10.1.42]
2026-09-15 16:24:59.636  INFO 19848 --- [  restartedMain] o.a.c.c.C.[Tomcat].[localhost].[/]       : Initializing Spring embedded WebApplicationContext
2026-09-15 16:24:59.636  INFO 19848 --- [  restartedMain] w.s.c.ServletWebServerApplicationContext : Root WebApplicationContext: initialization completed in 395 ms
2026-09-15 16:24:59.654 DEBUG 19848 --- [  restartedMain] com.zaxxer.hikari.HikariConfig           : Driver class com.mysql.cj.jdbc.Driver found in Thread context class loader TomcatEmbeddedWebappClassLoader
  context: ROOT
  delegate: true
----------> Parent Classloader:
org.springframework.boot.devtools.restart.classloader.RestartClassLoader@1fa64a02

2026-09-15 16:24:59.686  INFO 19848 --- [  restartedMain] o.h.jpa.internal.util.LogHelper          : HHH000204: Processing PersistenceUnitInfo [name: default]
2026-09-15 16:24:59.688  INFO 19848 --- [  restartedMain] o.h.c.i.RegionFactoryInitiator           : HHH000026: Second-level cache disabled
2026-09-15 16:24:59.695  INFO 19848 --- [  restartedMain] o.s.o.j.p.SpringPersistenceUnitInfo      : No LoadTimeWeaver setup: ignoring JPA class transformer
2026-09-15 16:24:59.696 DEBUG 19848 --- [  restartedMain] com.zaxxer.hikari.HikariConfig           : BusinessAppHikariPool - configuration:
2026-09-15 16:24:59.697 DEBUG 19848 --- [  restartedMain] com.zaxxer.hikari.HikariConfig           : allowPoolSuspension.............false
2026-09-15 16:24:59.697 DEBUG 19848 --- [  restartedMain] com.zaxxer.hikari.HikariConfig           : autoCommit......................true
2026-09-15 16:24:59.697 DEBUG 19848 --- [  restartedMain] com.zaxxer.hikari.HikariConfig           : catalog.........................none
2026-09-15 16:24:59.697 DEBUG 19848 --- [  restartedMain] com.zaxxer.hikari.HikariConfig           : connectionInitSql...............none
2026-09-15 16:24:59.697 DEBUG 19848 --- [  restartedMain] com.zaxxer.hikari.HikariConfig           : connectionTestQuery............."SELECT 1"
2026-09-15 16:24:59.697 DEBUG 19848 --- [  restartedMain] com.zaxxer.hikari.HikariConfig           : connectionTimeout...............20000
2026-09-15 16:24:59.697 DEBUG 19848 --- [  restartedMain] com.zaxxer.hikari.HikariConfig           : dataSource......................none
2026-09-15 16:24:59.698 DEBUG 19848 --- [  restartedMain] com.zaxxer.hikari.HikariConfig           : dataSourceClassName.............none
2026-09-15 16:24:59.698 DEBUG 19848 --- [  restartedMain] com.zaxxer.hikari.HikariConfig           : dataSourceJNDI..................none
2026-09-15 16:24:59.698 DEBUG 19848 --- [  restartedMain] com.zaxxer.hikari.HikariConfig           : dataSourceProperties............{password=<masked>}
2026-09-15 16:24:59.698 DEBUG 19848 --- [  restartedMain] com.zaxxer.hikari.HikariConfig           : driverClassName................."com.mysql.cj.jdbc.Driver"
2026-09-15 16:24:59.698 DEBUG 19848 --- [  restartedMain] com.zaxxer.hikari.HikariConfig           : exceptionOverrideClassName......none
2026-09-15 16:24:59.698 DEBUG 19848 --- [  restartedMain] com.zaxxer.hikari.HikariConfig           : healthCheckProperties...........{}
2026-09-15 16:24:59.698 DEBUG 19848 --- [  restartedMain] com.zaxxer.hikari.HikariConfig           : healthCheckRegistry.............none
2026-09-15 16:24:59.698 DEBUG 19848 --- [  restartedMain] com.zaxxer.hikari.HikariConfig           : idleTimeout.....................600000
2026-09-15 16:24:59.698 DEBUG 19848 --- [  restartedMain] com.zaxxer.hikari.HikariConfig           : initializationFailTimeout.......1
2026-09-15 16:24:59.698 DEBUG 19848 --- [  restartedMain] com.zaxxer.hikari.HikariConfig           : isolateInternalQueries..........false
2026-09-15 16:24:59.698 DEBUG 19848 --- [  restartedMain] com.zaxxer.hikari.HikariConfig           : jdbcUrl.........................jdbc:mysql://localhost:3306/businessapp?createDatabaseIfNotExist=true&useSSL=false&serverTimezone=UTC&allowPublicKeyRetrieval=true
2026-09-15 16:24:59.698 DEBUG 19848 --- [  restartedMain] com.zaxxer.hikari.HikariConfig           : keepaliveTime...................0
2026-09-15 16:24:59.698 DEBUG 19848 --- [  restartedMain] com.zaxxer.hikari.HikariConfig           : leakDetectionThreshold..........0
2026-09-15 16:24:59.698 DEBUG 19848 --- [  restartedMain] com.zaxxer.hikari.HikariConfig           : maxLifetime.....................1800000
2026-09-15 16:24:59.699 DEBUG 19848 --- [  restartedMain] com.zaxxer.hikari.HikariConfig           : maximumPoolSize.................10
2026-09-15 16:24:59.699 DEBUG 19848 --- [  restartedMain] com.zaxxer.hikari.HikariConfig           : metricRegistry..................none
2026-09-15 16:24:59.699 DEBUG 19848 --- [  restartedMain] com.zaxxer.hikari.HikariConfig           : metricsTrackerFactory...........none
2026-09-15 16:24:59.699 DEBUG 19848 --- [  restartedMain] com.zaxxer.hikari.HikariConfig           : minimumIdle.....................5
2026-09-15 16:24:59.699 DEBUG 19848 --- [  restartedMain] com.zaxxer.hikari.HikariConfig           : password........................<masked>
2026-09-15 16:24:59.699 DEBUG 19848 --- [  restartedMain] com.zaxxer.hikari.HikariConfig           : poolName........................"BusinessAppHikariPool"
2026-09-15 16:24:59.700 DEBUG 19848 --- [  restartedMain] com.zaxxer.hikari.HikariConfig           : readOnly........................false
2026-09-15 16:24:59.700 DEBUG 19848 --- [  restartedMain] com.zaxxer.hikari.HikariConfig           : registerMbeans..................false
2026-09-15 16:24:59.701 DEBUG 19848 --- [  restartedMain] com.zaxxer.hikari.HikariConfig           : scheduledExecutor...............none
2026-09-15 16:24:59.701 DEBUG 19848 --- [  restartedMain] com.zaxxer.hikari.HikariConfig           : schema..........................none
2026-09-15 16:24:59.701 DEBUG 19848 --- [  restartedMain] com.zaxxer.hikari.HikariConfig           : threadFactory...................internal
2026-09-15 16:24:59.702 DEBUG 19848 --- [  restartedMain] com.zaxxer.hikari.HikariConfig           : transactionIsolation............default
2026-09-15 16:24:59.702 DEBUG 19848 --- [  restartedMain] com.zaxxer.hikari.HikariConfig           : username........................"root"
2026-09-15 16:24:59.702 DEBUG 19848 --- [  restartedMain] com.zaxxer.hikari.HikariConfig           : validationTimeout...............5000
2026-09-15 16:24:59.702  INFO 19848 --- [  restartedMain] com.zaxxer.hikari.HikariDataSource       : BusinessAppHikariPool - Starting...
2026-09-15 16:24:59.713  INFO 19848 --- [  restartedMain] com.zaxxer.hikari.pool.HikariPool        : BusinessAppHikariPool - Added connection com.mysql.cj.jdbc.ConnectionImpl@3361e27
2026-09-15 16:24:59.713  INFO 19848 --- [  restartedMain] com.zaxxer.hikari.HikariDataSource       : BusinessAppHikariPool - Start completed.
2026-09-15 16:24:59.905  INFO 19848 --- [  restartedMain] o.h.e.t.j.p.i.JtaPlatformInitiator       : HHH000489: No JTA platform available (set 'hibernate.transaction.jta.platform' to enable JTA platform integration)
2026-09-15 16:24:59.929 DEBUG 19848 --- [  restartedMain] org.hibernate.SQL                        : 
    alter table businesses 
       modify column description TEXT
2026-09-15 16:24:59.953 DEBUG 19848 --- [  restartedMain] org.hibernate.SQL                        : 
    alter table member_educations 
       modify column description TEXT
2026-09-15 16:24:59.967 DEBUG 19848 --- [  restartedMain] org.hibernate.SQL                        : 
    alter table member_experiences 
       modify column description TEXT
2026-09-15 16:24:59.980 DEBUG 19848 --- [  restartedMain] org.hibernate.SQL                        : 
    alter table members 
       modify column bio TEXT
2026-09-15 16:25:00.005 DEBUG 19848 --- [  restartedMain] org.hibernate.SQL                        : 
    alter table members 
       modify column profile_visibility enum ('CONNECTIONS_ONLY','PRIVATE','PUBLIC') not null
2026-09-15 16:25:00.039 DEBUG 19848 --- [  restartedMain] org.hibernate.SQL                        : 
    alter table members 
       modify column specialization enum ('ACCOUNTING_AUDIT','ASSET_WEALTH_MANAGEMENT','CORPORATE_FINANCE','FINTECH','INSURANCE','INVESTMENT_BANKING','OTHER','PRIVATE_EQUITY_VC','RISK_COMPLIANCE')
2026-09-15 16:25:00.072 DEBUG 19848 --- [  restartedMain] org.hibernate.SQL                        : 
    alter table opportunities 
       modify column description TEXT not null
2026-09-15 16:25:00.096 DEBUG 19848 --- [  restartedMain] org.hibernate.SQL                        : 
    alter table opportunities 
       modify column experience_level enum ('EXECUTIVE','GRADUATE','JUNIOR','MID','SENIOR') not null
2026-09-15 16:25:00.120 DEBUG 19848 --- [  restartedMain] org.hibernate.SQL                        : 
    alter table opportunities 
       modify column specialization enum ('ACCOUNTING_AUDIT','ASSET_WEALTH_MANAGEMENT','CORPORATE_FINANCE','FINTECH','INSURANCE','INVESTMENT_BANKING','OTHER','PRIVATE_EQUITY_VC','RISK_COMPLIANCE') not null
2026-09-15 16:25:00.139 DEBUG 19848 --- [  restartedMain] org.hibernate.SQL                        : 
    alter table opportunities 
       modify column status enum ('CLOSED','DRAFT','PUBLISHED') not null
2026-09-15 16:25:00.162 DEBUG 19848 --- [  restartedMain] org.hibernate.SQL                        : 
    alter table opportunities 
       modify column type enum ('CONTRACT','FULL_TIME','GIG','INTERNSHIP','PART_TIME') not null
2026-09-15 16:25:00.187 DEBUG 19848 --- [  restartedMain] org.hibernate.SQL                        : 
    alter table opportunities 
       modify column work_mode enum ('HYBRID','ONSITE','REMOTE') not null
2026-09-15 16:25:00.218 DEBUG 19848 --- [  restartedMain] org.hibernate.SQL                        : 
    alter table opportunity_qualifications 
       modify column qualification TEXT not null
2026-09-15 16:25:00.228 DEBUG 19848 --- [  restartedMain] org.hibernate.SQL                        : 
    alter table opportunity_responsibilities 
       modify column responsibility TEXT not null
2026-09-15 16:25:00.245 DEBUG 19848 --- [  restartedMain] org.hibernate.SQL                        : 
    alter table users 
       modify column role enum ('ROLE_ADMIN','ROLE_ADVISORY','ROLE_BUSINESS','ROLE_CUSTOMER','ROLE_MEMBERS') not null
2026-09-15 16:25:00.475  INFO 19848 --- [  restartedMain] j.LocalContainerEntityManagerFactoryBean : Initialized JPA EntityManagerFactory for persistence unit 'default'
2026-09-15 16:25:00.702  INFO 19848 --- [  restartedMain] o.s.b.web.servlet.RegistrationBean       : Filter disableJwtAuthFilterRegistration was not registered (disabled)
2026-09-15 16:25:00.804  INFO 19848 --- [  restartedMain] eAuthenticationProviderManagerConfigurer : Global AuthenticationManager configured with AuthenticationProvider bean with name authenticationProvider
2026-09-15 16:25:00.805  WARN 19848 --- [  restartedMain] r$InitializeUserDetailsManagerConfigurer : Global AuthenticationManager configured with an AuthenticationProvider bean. UserDetailsService beans will not be used for username/password login. Consider removing the AuthenticationProvider bean. Alternatively, consider using the UserDetailsService in a manually instantiated DaoAuthenticationProvider.
2026-09-15 16:25:01.007  INFO 19848 --- [  restartedMain] c.e.firstapp.config.AsyncConfig          : Email thread pool initialized: core=2 max=5 queue=50
2026-09-15 16:25:01.121 DEBUG 19848 --- [  restartedMain] o.s.s.web.DefaultSecurityFilterChain     : Will secure any request with filters: DisableEncodeUrlFilter, WebAsyncManagerIntegrationFilter, SecurityContextHolderFilter, HeaderWriterFilter, LogoutFilter, JwtAuthFilter, RequestCacheAwareFilter, SecurityContextHolderAwareRequestFilter, AnonymousAuthenticationFilter, SessionManagementFilter, ExceptionTranslationFilter, AuthorizationFilter
2026-09-15 16:25:01.251  INFO 19848 --- [  restartedMain] o.s.b.d.a.OptionalLiveReloadServer       : LiveReload server is running on port 35729
2026-09-15 16:25:01.262  INFO 19848 --- [  restartedMain] o.s.b.w.e.tomcat.TomcatWebServer         : Tomcat started on port 8080 (http) with context path '/'
2026-09-15 16:25:01.265  INFO 19848 --- [  restartedMain] c.e.firstapp.FirstappApplication         : Started FirstappApplication in 2.089 seconds (process running for 2002.566)
2026-09-15 16:25:01.267  INFO 19848 --- [  restartedMain] .ConditionEvaluationDeltaLoggingListener : Condition evaluation unchanged
2026-09-15 16:27:35.453  INFO 19848 --- [   File Watcher] rtingClassPathChangeChangedEventListener : Restarting due to 2 class path changes (0 additions, 0 deletions, 2 modifications)
2026-09-15 16:27:35.520  INFO 19848 --- [      Thread-19] j.LocalContainerEntityManagerFactoryBean : Closing JPA EntityManagerFactory for persistence unit 'default'
2026-09-15 16:27:35.525  INFO 19848 --- [      Thread-19] com.zaxxer.hikari.HikariDataSource       : BusinessAppHikariPool - Shutdown initiated...
2026-09-15 16:27:35.532  INFO 19848 --- [      Thread-19] com.zaxxer.hikari.HikariDataSource       : BusinessAppHikariPool - Shutdown completed.
2026-09-15 16:27:35.741  INFO 19848 --- [  restartedMain] c.e.firstapp.FirstappApplication         : Starting FirstappApplication using Java 25.0.3 with PID 19848 (E:\firstapp\firstapp\target\classes started by Dell in E:\firstapp\firstapp)
2026-09-15 16:27:35.742  INFO 19848 --- [  restartedMain] c.e.firstapp.FirstappApplication         : No active profile set, falling back to 1 default profile: "default"
2026-09-15 16:27:35.929  INFO 19848 --- [  restartedMain] .s.d.r.c.RepositoryConfigurationDelegate : Bootstrapping Spring Data JPA repositories in DEFAULT mode.
2026-09-15 16:27:35.956  INFO 19848 --- [  restartedMain] .s.d.r.c.RepositoryConfigurationDelegate : Finished Spring Data repository scanning in 26 ms. Found 8 JPA repository interfaces.
2026-09-15 16:27:36.047  INFO 19848 --- [  restartedMain] o.s.b.w.e.tomcat.TomcatWebServer         : Tomcat initialized with port 8080 (http)
2026-09-15 16:27:36.048  INFO 19848 --- [  restartedMain] o.a.catalina.core.StandardService        : Starting service [Tomcat]
2026-09-15 16:27:36.048  INFO 19848 --- [  restartedMain] o.a.catalina.core.StandardEngine         : Starting Servlet engine: [Apache Tomcat/10.1.42]
2026-09-15 16:27:36.096  INFO 19848 --- [  restartedMain] o.a.c.c.C.[Tomcat].[localhost].[/]       : Initializing Spring embedded WebApplicationContext
2026-09-15 16:27:36.099  INFO 19848 --- [  restartedMain] w.s.c.ServletWebServerApplicationContext : Root WebApplicationContext: initialization completed in 355 ms
2026-09-15 16:27:36.121 DEBUG 19848 --- [  restartedMain] com.zaxxer.hikari.HikariConfig           : Driver class com.mysql.cj.jdbc.Driver found in Thread context class loader TomcatEmbeddedWebappClassLoader
  context: ROOT
  delegate: true
----------> Parent Classloader:
org.springframework.boot.devtools.restart.classloader.RestartClassLoader@54400857

2026-09-15 16:27:36.162  INFO 19848 --- [  restartedMain] o.h.jpa.internal.util.LogHelper          : HHH000204: Processing PersistenceUnitInfo [name: default]
2026-09-15 16:27:36.166  INFO 19848 --- [  restartedMain] o.h.c.i.RegionFactoryInitiator           : HHH000026: Second-level cache disabled
2026-09-15 16:27:36.190  INFO 19848 --- [  restartedMain] o.s.o.j.p.SpringPersistenceUnitInfo      : No LoadTimeWeaver setup: ignoring JPA class transformer
2026-09-15 16:27:36.191 DEBUG 19848 --- [  restartedMain] com.zaxxer.hikari.HikariConfig           : BusinessAppHikariPool - configuration:
2026-09-15 16:27:36.191 DEBUG 19848 --- [  restartedMain] com.zaxxer.hikari.HikariConfig           : allowPoolSuspension.............false
2026-09-15 16:27:36.192 DEBUG 19848 --- [  restartedMain] com.zaxxer.hikari.HikariConfig           : autoCommit......................true
2026-09-15 16:27:36.192 DEBUG 19848 --- [  restartedMain] com.zaxxer.hikari.HikariConfig           : catalog.........................none
2026-09-15 16:27:36.192 DEBUG 19848 --- [  restartedMain] com.zaxxer.hikari.HikariConfig           : connectionInitSql...............none
2026-09-15 16:27:36.192 DEBUG 19848 --- [  restartedMain] com.zaxxer.hikari.HikariConfig           : connectionTestQuery............."SELECT 1"
2026-09-15 16:27:36.192 DEBUG 19848 --- [  restartedMain] com.zaxxer.hikari.HikariConfig           : connectionTimeout...............20000
2026-09-15 16:27:36.192 DEBUG 19848 --- [  restartedMain] com.zaxxer.hikari.HikariConfig           : dataSource......................none
2026-09-15 16:27:36.192 DEBUG 19848 --- [  restartedMain] com.zaxxer.hikari.HikariConfig           : dataSourceClassName.............none
2026-09-15 16:27:36.192 DEBUG 19848 --- [  restartedMain] com.zaxxer.hikari.HikariConfig           : dataSourceJNDI..................none
2026-09-15 16:27:36.192 DEBUG 19848 --- [  restartedMain] com.zaxxer.hikari.HikariConfig           : dataSourceProperties............{password=<masked>}
2026-09-15 16:27:36.192 DEBUG 19848 --- [  restartedMain] com.zaxxer.hikari.HikariConfig           : driverClassName................."com.mysql.cj.jdbc.Driver"
2026-09-15 16:27:36.192 DEBUG 19848 --- [  restartedMain] com.zaxxer.hikari.HikariConfig           : exceptionOverrideClassName......none
2026-09-15 16:27:36.192 DEBUG 19848 --- [  restartedMain] com.zaxxer.hikari.HikariConfig           : healthCheckProperties...........{}
2026-09-15 16:27:36.193 DEBUG 19848 --- [  restartedMain] com.zaxxer.hikari.HikariConfig           : healthCheckRegistry.............none
2026-09-15 16:27:36.193 DEBUG 19848 --- [  restartedMain] com.zaxxer.hikari.HikariConfig           : idleTimeout.....................600000
2026-09-15 16:27:36.193 DEBUG 19848 --- [  restartedMain] com.zaxxer.hikari.HikariConfig           : initializationFailTimeout.......1
2026-09-15 16:27:36.193 DEBUG 19848 --- [  restartedMain] com.zaxxer.hikari.HikariConfig           : isolateInternalQueries..........false
2026-09-15 16:27:36.193 DEBUG 19848 --- [  restartedMain] com.zaxxer.hikari.HikariConfig           : jdbcUrl.........................jdbc:mysql://localhost:3306/businessapp?createDatabaseIfNotExist=true&useSSL=false&serverTimezone=UTC&allowPublicKeyRetrieval=true
2026-09-15 16:27:36.193 DEBUG 19848 --- [  restartedMain] com.zaxxer.hikari.HikariConfig           : keepaliveTime...................0
2026-09-15 16:27:36.193 DEBUG 19848 --- [  restartedMain] com.zaxxer.hikari.HikariConfig           : leakDetectionThreshold..........0
2026-09-15 16:27:36.193 DEBUG 19848 --- [  restartedMain] com.zaxxer.hikari.HikariConfig           : maxLifetime.....................1800000
2026-09-15 16:27:36.193 DEBUG 19848 --- [  restartedMain] com.zaxxer.hikari.HikariConfig           : maximumPoolSize.................10
2026-09-15 16:27:36.194 DEBUG 19848 --- [  restartedMain] com.zaxxer.hikari.HikariConfig           : metricRegistry..................none
2026-09-15 16:27:36.194 DEBUG 19848 --- [  restartedMain] com.zaxxer.hikari.HikariConfig           : metricsTrackerFactory...........none
2026-09-15 16:27:36.194 DEBUG 19848 --- [  restartedMain] com.zaxxer.hikari.HikariConfig           : minimumIdle.....................5
2026-09-15 16:27:36.194 DEBUG 19848 --- [  restartedMain] com.zaxxer.hikari.HikariConfig           : password........................<masked>
2026-09-15 16:27:36.194 DEBUG 19848 --- [  restartedMain] com.zaxxer.hikari.HikariConfig           : poolName........................"BusinessAppHikariPool"
2026-09-15 16:27:36.194 DEBUG 19848 --- [  restartedMain] com.zaxxer.hikari.HikariConfig           : readOnly........................false
2026-09-15 16:27:36.194 DEBUG 19848 --- [  restartedMain] com.zaxxer.hikari.HikariConfig           : registerMbeans..................false
2026-09-15 16:27:36.194 DEBUG 19848 --- [  restartedMain] com.zaxxer.hikari.HikariConfig           : scheduledExecutor...............none
2026-09-15 16:27:36.194 DEBUG 19848 --- [  restartedMain] com.zaxxer.hikari.HikariConfig           : schema..........................none
2026-09-15 16:27:36.194 DEBUG 19848 --- [  restartedMain] com.zaxxer.hikari.HikariConfig           : threadFactory...................internal
2026-09-15 16:27:36.194 DEBUG 19848 --- [  restartedMain] com.zaxxer.hikari.HikariConfig           : transactionIsolation............default
2026-09-15 16:27:36.194 DEBUG 19848 --- [  restartedMain] com.zaxxer.hikari.HikariConfig           : username........................"root"
2026-09-15 16:27:36.194 DEBUG 19848 --- [  restartedMain] com.zaxxer.hikari.HikariConfig           : validationTimeout...............5000
2026-09-15 16:27:36.195  INFO 19848 --- [  restartedMain] com.zaxxer.hikari.HikariDataSource       : BusinessAppHikariPool - Starting...
2026-09-15 16:27:36.206  INFO 19848 --- [  restartedMain] com.zaxxer.hikari.pool.HikariPool        : BusinessAppHikariPool - Added connection com.mysql.cj.jdbc.ConnectionImpl@160b6e46
2026-09-15 16:27:36.206  INFO 19848 --- [  restartedMain] com.zaxxer.hikari.HikariDataSource       : BusinessAppHikariPool - Start completed.
2026-09-15 16:27:36.369  INFO 19848 --- [  restartedMain] o.h.e.t.j.p.i.JtaPlatformInitiator       : HHH000489: No JTA platform available (set 'hibernate.transaction.jta.platform' to enable JTA platform integration)
2026-09-15 16:27:36.386 DEBUG 19848 --- [  restartedMain] org.hibernate.SQL                        : 
    alter table businesses 
       modify column description TEXT
2026-09-15 16:27:36.412 DEBUG 19848 --- [  restartedMain] org.hibernate.SQL                        : 
    alter table member_educations 
       modify column description TEXT
2026-09-15 16:27:36.428 DEBUG 19848 --- [  restartedMain] org.hibernate.SQL                        : 
    alter table member_experiences 
       modify column description TEXT
2026-09-15 16:27:36.440 DEBUG 19848 --- [  restartedMain] org.hibernate.SQL                        : 
    alter table members 
       modify column bio TEXT
2026-09-15 16:27:36.459 DEBUG 19848 --- [  restartedMain] org.hibernate.SQL                        : 
    alter table members 
       modify column profile_visibility enum ('CONNECTIONS_ONLY','PRIVATE','PUBLIC') not null
2026-09-15 16:27:36.484 DEBUG 19848 --- [  restartedMain] org.hibernate.SQL                        : 
    alter table members 
       modify column specialization enum ('ACCOUNTING_AUDIT','ASSET_WEALTH_MANAGEMENT','CORPORATE_FINANCE','FINTECH','INSURANCE','INVESTMENT_BANKING','OTHER','PRIVATE_EQUITY_VC','RISK_COMPLIANCE')
2026-09-15 16:27:36.506 DEBUG 19848 --- [  restartedMain] org.hibernate.SQL                        : 
    alter table opportunities 
       modify column description TEXT not null
2026-09-15 16:27:36.525 DEBUG 19848 --- [  restartedMain] org.hibernate.SQL                        : 
    alter table opportunities 
       modify column experience_level enum ('EXECUTIVE','GRADUATE','JUNIOR','MID','SENIOR') not null
2026-09-15 16:27:36.543 DEBUG 19848 --- [  restartedMain] org.hibernate.SQL                        : 
    alter table opportunities 
       modify column specialization enum ('ACCOUNTING_AUDIT','ASSET_WEALTH_MANAGEMENT','CORPORATE_FINANCE','FINTECH','INSURANCE','INVESTMENT_BANKING','OTHER','PRIVATE_EQUITY_VC','RISK_COMPLIANCE') not null
2026-09-15 16:27:36.560 DEBUG 19848 --- [  restartedMain] org.hibernate.SQL                        : 
    alter table opportunities 
       modify column status enum ('CLOSED','DRAFT','PUBLISHED') not null
2026-09-15 16:27:36.577 DEBUG 19848 --- [  restartedMain] org.hibernate.SQL                        : 
    alter table opportunities 
       modify column type enum ('CONTRACT','FULL_TIME','GIG','INTERNSHIP','PART_TIME') not null
2026-09-15 16:27:36.596 DEBUG 19848 --- [  restartedMain] org.hibernate.SQL                        : 
    alter table opportunities 
       modify column work_mode enum ('HYBRID','ONSITE','REMOTE') not null
2026-09-15 16:27:36.611 DEBUG 19848 --- [  restartedMain] org.hibernate.SQL                        : 
    alter table opportunity_qualifications 
       modify column qualification TEXT not null
2026-09-15 16:27:36.621 DEBUG 19848 --- [  restartedMain] org.hibernate.SQL                        : 
    alter table opportunity_responsibilities 
       modify column responsibility TEXT not null
2026-09-15 16:27:36.628 DEBUG 19848 --- [  restartedMain] org.hibernate.SQL                        : 
    alter table users 
       modify column role enum ('ROLE_ADMIN','ROLE_ADVISORY','ROLE_BUSINESS','ROLE_CUSTOMER','ROLE_MEMBERS') not null
2026-09-15 16:27:36.723  INFO 19848 --- [  restartedMain] j.LocalContainerEntityManagerFactoryBean : Initialized JPA EntityManagerFactory for persistence unit 'default'
2026-09-15 16:27:36.799  INFO 19848 --- [  restartedMain] o.s.b.web.servlet.RegistrationBean       : Filter disableJwtAuthFilterRegistration was not registered (disabled)
2026-09-15 16:27:36.829  INFO 19848 --- [  restartedMain] eAuthenticationProviderManagerConfigurer : Global AuthenticationManager configured with AuthenticationProvider bean with name authenticationProvider
2026-09-15 16:27:36.829  WARN 19848 --- [  restartedMain] r$InitializeUserDetailsManagerConfigurer : Global AuthenticationManager configured with an AuthenticationProvider bean. UserDetailsService beans will not be used for username/password login. Consider removing the AuthenticationProvider bean. Alternatively, consider using the UserDetailsService in a manually instantiated DaoAuthenticationProvider.
2026-09-15 16:27:36.972  INFO 19848 --- [  restartedMain] c.e.firstapp.config.AsyncConfig          : Email thread pool initialized: core=2 max=5 queue=50
2026-09-15 16:27:37.043 DEBUG 19848 --- [  restartedMain] o.s.s.web.DefaultSecurityFilterChain     : Will secure any request with filters: DisableEncodeUrlFilter, WebAsyncManagerIntegrationFilter, SecurityContextHolderFilter, HeaderWriterFilter, LogoutFilter, JwtAuthFilter, RequestCacheAwareFilter, SecurityContextHolderAwareRequestFilter, AnonymousAuthenticationFilter, SessionManagementFilter, ExceptionTranslationFilter, AuthorizationFilter
2026-09-15 16:27:37.110  INFO 19848 --- [  restartedMain] o.s.b.d.a.OptionalLiveReloadServer       : LiveReload server is running on port 35729
2026-09-15 16:27:37.124  INFO 19848 --- [  restartedMain] o.s.b.w.e.tomcat.TomcatWebServer         : Tomcat started on port 8080 (http) with context path '/'
2026-09-15 16:27:37.127  INFO 19848 --- [  restartedMain] c.e.firstapp.FirstappApplication         : Started FirstappApplication in 1.439 seconds (process running for 2158.428)
2026-09-15 16:27:37.128  INFO 19848 --- [  restartedMain] .ConditionEvaluationDeltaLoggingListener : Condition evaluation unchanged
2026-09-15 16:28:00.837  INFO 19848 --- [   File Watcher] rtingClassPathChangeChangedEventListener : Restarting due to 1 class path change (0 additions, 0 deletions, 1 modification)
2026-09-15 16:28:00.852  INFO 19848 --- [      Thread-23] j.LocalContainerEntityManagerFactoryBean : Closing JPA EntityManagerFactory for persistence unit 'default'
2026-09-15 16:28:00.853  INFO 19848 --- [      Thread-23] com.zaxxer.hikari.HikariDataSource       : BusinessAppHikariPool - Shutdown initiated...
2026-09-15 16:28:00.855  INFO 19848 --- [      Thread-23] com.zaxxer.hikari.HikariDataSource       : BusinessAppHikariPool - Shutdown completed.
2026-09-15 16:28:00.935  INFO 19848 --- [  restartedMain] c.e.firstapp.FirstappApplication         : Starting FirstappApplication using Java 25.0.3 with PID 19848 (E:\firstapp\firstapp\target\classes started by Dell in E:\firstapp\firstapp)
2026-09-15 16:28:00.935  INFO 19848 --- [  restartedMain] c.e.firstapp.FirstappApplication         : No active profile set, falling back to 1 default profile: "default"
2026-09-15 16:28:01.070  INFO 19848 --- [  restartedMain] .s.d.r.c.RepositoryConfigurationDelegate : Bootstrapping Spring Data JPA repositories in DEFAULT mode.
2026-09-15 16:28:01.100  INFO 19848 --- [  restartedMain] .s.d.r.c.RepositoryConfigurationDelegate : Finished Spring Data repository scanning in 30 ms. Found 8 JPA repository interfaces.
2026-09-15 16:28:01.164  INFO 19848 --- [  restartedMain] o.s.b.w.e.tomcat.TomcatWebServer         : Tomcat initialized with port 8080 (http)
2026-09-15 16:28:01.165  INFO 19848 --- [  restartedMain] o.a.catalina.core.StandardService        : Starting service [Tomcat]
2026-09-15 16:28:01.166  INFO 19848 --- [  restartedMain] o.a.catalina.core.StandardEngine         : Starting Servlet engine: [Apache Tomcat/10.1.42]
2026-09-15 16:28:01.201  INFO 19848 --- [  restartedMain] o.a.c.c.C.[Tomcat].[localhost].[/]       : Initializing Spring embedded WebApplicationContext
2026-09-15 16:28:01.201  INFO 19848 --- [  restartedMain] w.s.c.ServletWebServerApplicationContext : Root WebApplicationContext: initialization completed in 265 ms
2026-09-15 16:28:01.216 DEBUG 19848 --- [  restartedMain] com.zaxxer.hikari.HikariConfig           : Driver class com.mysql.cj.jdbc.Driver found in Thread context class loader TomcatEmbeddedWebappClassLoader
  context: ROOT
  delegate: true
----------> Parent Classloader:
org.springframework.boot.devtools.restart.classloader.RestartClassLoader@dea0073

2026-09-15 16:28:01.239  INFO 19848 --- [  restartedMain] o.h.jpa.internal.util.LogHelper          : HHH000204: Processing PersistenceUnitInfo [name: default]
2026-09-15 16:28:01.254  INFO 19848 --- [  restartedMain] o.h.c.i.RegionFactoryInitiator           : HHH000026: Second-level cache disabled
2026-09-15 16:28:01.263  INFO 19848 --- [  restartedMain] o.s.o.j.p.SpringPersistenceUnitInfo      : No LoadTimeWeaver setup: ignoring JPA class transformer
2026-09-15 16:28:01.264 DEBUG 19848 --- [  restartedMain] com.zaxxer.hikari.HikariConfig           : BusinessAppHikariPool - configuration:
2026-09-15 16:28:01.265 DEBUG 19848 --- [  restartedMain] com.zaxxer.hikari.HikariConfig           : allowPoolSuspension.............false
2026-09-15 16:28:01.265 DEBUG 19848 --- [  restartedMain] com.zaxxer.hikari.HikariConfig           : autoCommit......................true
2026-09-15 16:28:01.266 DEBUG 19848 --- [  restartedMain] com.zaxxer.hikari.HikariConfig           : catalog.........................none
2026-09-15 16:28:01.266 DEBUG 19848 --- [  restartedMain] com.zaxxer.hikari.HikariConfig           : connectionInitSql...............none
2026-09-15 16:28:01.266 DEBUG 19848 --- [  restartedMain] com.zaxxer.hikari.HikariConfig           : connectionTestQuery............."SELECT 1"
2026-09-15 16:28:01.266 DEBUG 19848 --- [  restartedMain] com.zaxxer.hikari.HikariConfig           : connectionTimeout...............20000
2026-09-15 16:28:01.266 DEBUG 19848 --- [  restartedMain] com.zaxxer.hikari.HikariConfig           : dataSource......................none
2026-09-15 16:28:01.266 DEBUG 19848 --- [  restartedMain] com.zaxxer.hikari.HikariConfig           : dataSourceClassName.............none
2026-09-15 16:28:01.266 DEBUG 19848 --- [  restartedMain] com.zaxxer.hikari.HikariConfig           : dataSourceJNDI..................none
2026-09-15 16:28:01.266 DEBUG 19848 --- [  restartedMain] com.zaxxer.hikari.HikariConfig           : dataSourceProperties............{password=<masked>}
2026-09-15 16:28:01.266 DEBUG 19848 --- [  restartedMain] com.zaxxer.hikari.HikariConfig           : driverClassName................."com.mysql.cj.jdbc.Driver"
2026-09-15 16:28:01.267 DEBUG 19848 --- [  restartedMain] com.zaxxer.hikari.HikariConfig           : exceptionOverrideClassName......none
2026-09-15 16:28:01.267 DEBUG 19848 --- [  restartedMain] com.zaxxer.hikari.HikariConfig           : healthCheckProperties...........{}
2026-09-15 16:28:01.267 DEBUG 19848 --- [  restartedMain] com.zaxxer.hikari.HikariConfig           : healthCheckRegistry.............none
2026-09-15 16:28:01.267 DEBUG 19848 --- [  restartedMain] com.zaxxer.hikari.HikariConfig           : idleTimeout.....................600000
2026-09-15 16:28:01.267 DEBUG 19848 --- [  restartedMain] com.zaxxer.hikari.HikariConfig           : initializationFailTimeout.......1
2026-09-15 16:28:01.267 DEBUG 19848 --- [  restartedMain] com.zaxxer.hikari.HikariConfig           : isolateInternalQueries..........false
2026-09-15 16:28:01.267 DEBUG 19848 --- [  restartedMain] com.zaxxer.hikari.HikariConfig           : jdbcUrl.........................jdbc:mysql://localhost:3306/businessapp?createDatabaseIfNotExist=true&useSSL=false&serverTimezone=UTC&allowPublicKeyRetrieval=true
2026-09-15 16:28:01.267 DEBUG 19848 --- [  restartedMain] com.zaxxer.hikari.HikariConfig           : keepaliveTime...................0
2026-09-15 16:28:01.267 DEBUG 19848 --- [  restartedMain] com.zaxxer.hikari.HikariConfig           : leakDetectionThreshold..........0
2026-09-15 16:28:01.267 DEBUG 19848 --- [  restartedMain] com.zaxxer.hikari.HikariConfig           : maxLifetime.....................1800000
2026-09-15 16:28:01.268 DEBUG 19848 --- [  restartedMain] com.zaxxer.hikari.HikariConfig           : maximumPoolSize.................10
2026-09-15 16:28:01.268 DEBUG 19848 --- [  restartedMain] com.zaxxer.hikari.HikariConfig           : metricRegistry..................none
2026-09-15 16:28:01.268 DEBUG 19848 --- [  restartedMain] com.zaxxer.hikari.HikariConfig           : metricsTrackerFactory...........none
2026-09-15 16:28:01.268 DEBUG 19848 --- [  restartedMain] com.zaxxer.hikari.HikariConfig           : minimumIdle.....................5
2026-09-15 16:28:01.268 DEBUG 19848 --- [  restartedMain] com.zaxxer.hikari.HikariConfig           : password........................<masked>
2026-09-15 16:28:01.268 DEBUG 19848 --- [  restartedMain] com.zaxxer.hikari.HikariConfig           : poolName........................"BusinessAppHikariPool"
2026-09-15 16:28:01.268 DEBUG 19848 --- [  restartedMain] com.zaxxer.hikari.HikariConfig           : readOnly........................false
2026-09-15 16:28:01.268 DEBUG 19848 --- [  restartedMain] com.zaxxer.hikari.HikariConfig           : registerMbeans..................false
2026-09-15 16:28:01.268 DEBUG 19848 --- [  restartedMain] com.zaxxer.hikari.HikariConfig           : scheduledExecutor...............none
2026-09-15 16:28:01.268 DEBUG 19848 --- [  restartedMain] com.zaxxer.hikari.HikariConfig           : schema..........................none
2026-09-15 16:28:01.268 DEBUG 19848 --- [  restartedMain] com.zaxxer.hikari.HikariConfig           : threadFactory...................internal
2026-09-15 16:28:01.268 DEBUG 19848 --- [  restartedMain] com.zaxxer.hikari.HikariConfig           : transactionIsolation............default
2026-09-15 16:28:01.269 DEBUG 19848 --- [  restartedMain] com.zaxxer.hikari.HikariConfig           : username........................"root"
2026-09-15 16:28:01.269 DEBUG 19848 --- [  restartedMain] com.zaxxer.hikari.HikariConfig           : validationTimeout...............5000
2026-09-15 16:28:01.269  INFO 19848 --- [  restartedMain] com.zaxxer.hikari.HikariDataSource       : BusinessAppHikariPool - Starting...
2026-09-15 16:28:01.273  INFO 19848 --- [  restartedMain] com.zaxxer.hikari.pool.HikariPool        : BusinessAppHikariPool - Added connection com.mysql.cj.jdbc.ConnectionImpl@1970b2dc
2026-09-15 16:28:01.274  INFO 19848 --- [  restartedMain] com.zaxxer.hikari.HikariDataSource       : BusinessAppHikariPool - Start completed.
2026-09-15 16:28:01.418  INFO 19848 --- [  restartedMain] o.h.e.t.j.p.i.JtaPlatformInitiator       : HHH000489: No JTA platform available (set 'hibernate.transaction.jta.platform' to enable JTA platform integration)
2026-09-15 16:28:01.430 DEBUG 19848 --- [  restartedMain] org.hibernate.SQL                        : 
    alter table businesses 
       modify column description TEXT
2026-09-15 16:28:01.447 DEBUG 19848 --- [  restartedMain] org.hibernate.SQL                        : 
    alter table member_educations 
       modify column description TEXT
2026-09-15 16:28:01.455 DEBUG 19848 --- [  restartedMain] org.hibernate.SQL                        : 
    alter table member_experiences 
       modify column description TEXT
2026-09-15 16:28:01.464 DEBUG 19848 --- [  restartedMain] org.hibernate.SQL                        : 
    alter table members 
       modify column bio TEXT
2026-09-15 16:28:01.482 DEBUG 19848 --- [  restartedMain] org.hibernate.SQL                        : 
    alter table members 
       modify column profile_visibility enum ('CONNECTIONS_ONLY','PRIVATE','PUBLIC') not null
2026-09-15 16:28:01.499 DEBUG 19848 --- [  restartedMain] org.hibernate.SQL                        : 
    alter table members 
       modify column specialization enum ('ACCOUNTING_AUDIT','ASSET_WEALTH_MANAGEMENT','CORPORATE_FINANCE','FINTECH','INSURANCE','INVESTMENT_BANKING','OTHER','PRIVATE_EQUITY_VC','RISK_COMPLIANCE')
2026-09-15 16:28:01.517 DEBUG 19848 --- [  restartedMain] org.hibernate.SQL                        : 
    alter table opportunities 
       modify column description TEXT not null
2026-09-15 16:28:01.532 DEBUG 19848 --- [  restartedMain] org.hibernate.SQL                        : 
    alter table opportunities 
       modify column experience_level enum ('EXECUTIVE','GRADUATE','JUNIOR','MID','SENIOR') not null
2026-09-15 16:28:01.551 DEBUG 19848 --- [  restartedMain] org.hibernate.SQL                        : 
    alter table opportunities 
       modify column specialization enum ('ACCOUNTING_AUDIT','ASSET_WEALTH_MANAGEMENT','CORPORATE_FINANCE','FINTECH','INSURANCE','INVESTMENT_BANKING','OTHER','PRIVATE_EQUITY_VC','RISK_COMPLIANCE') not null
2026-09-15 16:28:01.565 DEBUG 19848 --- [  restartedMain] org.hibernate.SQL                        : 
    alter table opportunities 
       modify column status enum ('CLOSED','DRAFT','PUBLISHED') not null
2026-09-15 16:28:01.580 DEBUG 19848 --- [  restartedMain] org.hibernate.SQL                        : 
    alter table opportunities 
       modify column type enum ('CONTRACT','FULL_TIME','GIG','INTERNSHIP','PART_TIME') not null
2026-09-15 16:28:01.595 DEBUG 19848 --- [  restartedMain] org.hibernate.SQL                        : 
    alter table opportunities 
       modify column work_mode enum ('HYBRID','ONSITE','REMOTE') not null
2026-09-15 16:28:01.653 DEBUG 19848 --- [  restartedMain] org.hibernate.SQL                        : 
    alter table opportunity_qualifications 
       modify column qualification TEXT not null
2026-09-15 16:28:01.662 DEBUG 19848 --- [  restartedMain] org.hibernate.SQL                        : 
    alter table opportunity_responsibilities 
       modify column responsibility TEXT not null
2026-09-15 16:28:01.669 DEBUG 19848 --- [  restartedMain] org.hibernate.SQL                        : 
    alter table users 
       modify column role enum ('ROLE_ADMIN','ROLE_ADVISORY','ROLE_BUSINESS','ROLE_CUSTOMER','ROLE_MEMBERS') not null
2026-09-15 16:28:01.747  INFO 19848 --- [  restartedMain] j.LocalContainerEntityManagerFactoryBean : Initialized JPA EntityManagerFactory for persistence unit 'default'
2026-09-15 16:28:01.831  INFO 19848 --- [  restartedMain] o.s.b.web.servlet.RegistrationBean       : Filter disableJwtAuthFilterRegistration was not registered (disabled)
2026-09-15 16:28:01.875  INFO 19848 --- [  restartedMain] eAuthenticationProviderManagerConfigurer : Global AuthenticationManager configured with AuthenticationProvider bean with name authenticationProvider
2026-09-15 16:28:01.876  WARN 19848 --- [  restartedMain] r$InitializeUserDetailsManagerConfigurer : Global AuthenticationManager configured with an AuthenticationProvider bean. UserDetailsService beans will not be used for username/password login. Consider removing the AuthenticationProvider bean. Alternatively, consider using the UserDetailsService in a manually instantiated DaoAuthenticationProvider.
2026-09-15 16:28:02.034  INFO 19848 --- [  restartedMain] c.e.firstapp.config.AsyncConfig          : Email thread pool initialized: core=2 max=5 queue=50
2026-09-15 16:28:02.095 DEBUG 19848 --- [  restartedMain] o.s.s.web.DefaultSecurityFilterChain     : Will secure any request with filters: DisableEncodeUrlFilter, WebAsyncManagerIntegrationFilter, SecurityContextHolderFilter, HeaderWriterFilter, LogoutFilter, JwtAuthFilter, RequestCacheAwareFilter, SecurityContextHolderAwareRequestFilter, AnonymousAuthenticationFilter, SessionManagementFilter, ExceptionTranslationFilter, AuthorizationFilter
2026-09-15 16:28:02.147  INFO 19848 --- [  restartedMain] o.s.b.d.a.OptionalLiveReloadServer       : LiveReload server is running on port 35729
2026-09-15 16:28:02.163  INFO 19848 --- [  restartedMain] o.s.b.w.e.tomcat.TomcatWebServer         : Tomcat started on port 8080 (http) with context path '/'
2026-09-15 16:28:02.167  INFO 19848 --- [  restartedMain] c.e.firstapp.FirstappApplication         : Started FirstappApplication in 1.249 seconds (process running for 2183.468)
2026-09-15 16:28:02.168  INFO 19848 --- [  restartedMain] .ConditionEvaluationDeltaLoggingListener : Condition evaluation unchanged
2026-09-15 16:29:20.572  INFO 19848 --- [   File Watcher] rtingClassPathChangeChangedEventListener : Restarting due to 1 class path change (0 additions, 0 deletions, 1 modification)
2026-09-15 16:29:20.598  INFO 19848 --- [      Thread-27] j.LocalContainerEntityManagerFactoryBean : Closing JPA EntityManagerFactory for persistence unit 'default'
2026-09-15 16:29:20.599  INFO 19848 --- [      Thread-27] com.zaxxer.hikari.HikariDataSource       : BusinessAppHikariPool - Shutdown initiated...
2026-09-15 16:29:20.601  INFO 19848 --- [      Thread-27] com.zaxxer.hikari.HikariDataSource       : BusinessAppHikariPool - Shutdown completed.
2026-09-15 16:29:20.707  INFO 19848 --- [  restartedMain] c.e.firstapp.FirstappApplication         : Starting FirstappApplication using Java 25.0.3 with PID 19848 (E:\firstapp\firstapp\target\classes started by Dell in E:\firstapp\firstapp)
2026-09-15 16:29:20.707  INFO 19848 --- [  restartedMain] c.e.firstapp.FirstappApplication         : No active profile set, falling back to 1 default profile: "default"
2026-09-15 16:29:20.863  INFO 19848 --- [  restartedMain] .s.d.r.c.RepositoryConfigurationDelegate : Bootstrapping Spring Data JPA repositories in DEFAULT mode.
2026-09-15 16:29:20.910  INFO 19848 --- [  restartedMain] .s.d.r.c.RepositoryConfigurationDelegate : Finished Spring Data repository scanning in 45 ms. Found 8 JPA repository interfaces.
2026-09-15 16:29:21.040  INFO 19848 --- [  restartedMain] o.s.b.w.e.tomcat.TomcatWebServer         : Tomcat initialized with port 8080 (http)
2026-09-15 16:29:21.041  INFO 19848 --- [  restartedMain] o.a.catalina.core.StandardService        : Starting service [Tomcat]
2026-09-15 16:29:21.041  INFO 19848 --- [  restartedMain] o.a.catalina.core.StandardEngine         : Starting Servlet engine: [Apache Tomcat/10.1.42]
2026-09-15 16:29:21.087  INFO 19848 --- [  restartedMain] o.a.c.c.C.[Tomcat].[localhost].[/]       : Initializing Spring embedded WebApplicationContext
2026-09-15 16:29:21.088  INFO 19848 --- [  restartedMain] w.s.c.ServletWebServerApplicationContext : Root WebApplicationContext: initialization completed in 380 ms
2026-09-15 16:29:21.106 DEBUG 19848 --- [  restartedMain] com.zaxxer.hikari.HikariConfig           : Driver class com.mysql.cj.jdbc.Driver found in Thread context class loader TomcatEmbeddedWebappClassLoader
  context: ROOT
  delegate: true
----------> Parent Classloader:
org.springframework.boot.devtools.restart.classloader.RestartClassLoader@fdc17cd

2026-09-15 16:29:21.128  INFO 19848 --- [  restartedMain] o.h.jpa.internal.util.LogHelper          : HHH000204: Processing PersistenceUnitInfo [name: default]
2026-09-15 16:29:21.130  INFO 19848 --- [  restartedMain] o.h.c.i.RegionFactoryInitiator           : HHH000026: Second-level cache disabled
2026-09-15 16:29:21.136  INFO 19848 --- [  restartedMain] o.s.o.j.p.SpringPersistenceUnitInfo      : No LoadTimeWeaver setup: ignoring JPA class transformer
2026-09-15 16:29:21.137 DEBUG 19848 --- [  restartedMain] com.zaxxer.hikari.HikariConfig           : BusinessAppHikariPool - configuration:
2026-09-15 16:29:21.139 DEBUG 19848 --- [  restartedMain] com.zaxxer.hikari.HikariConfig           : allowPoolSuspension.............false
2026-09-15 16:29:21.139 DEBUG 19848 --- [  restartedMain] com.zaxxer.hikari.HikariConfig           : autoCommit......................true
2026-09-15 16:29:21.139 DEBUG 19848 --- [  restartedMain] com.zaxxer.hikari.HikariConfig           : catalog.........................none
2026-09-15 16:29:21.139 DEBUG 19848 --- [  restartedMain] com.zaxxer.hikari.HikariConfig           : connectionInitSql...............none
2026-09-15 16:29:21.139 DEBUG 19848 --- [  restartedMain] com.zaxxer.hikari.HikariConfig           : connectionTestQuery............."SELECT 1"
2026-09-15 16:29:21.139 DEBUG 19848 --- [  restartedMain] com.zaxxer.hikari.HikariConfig           : connectionTimeout...............20000
2026-09-15 16:29:21.139 DEBUG 19848 --- [  restartedMain] com.zaxxer.hikari.HikariConfig           : dataSource......................none
2026-09-15 16:29:21.139 DEBUG 19848 --- [  restartedMain] com.zaxxer.hikari.HikariConfig           : dataSourceClassName.............none
2026-09-15 16:29:21.140 DEBUG 19848 --- [  restartedMain] com.zaxxer.hikari.HikariConfig           : dataSourceJNDI..................none
2026-09-15 16:29:21.140 DEBUG 19848 --- [  restartedMain] com.zaxxer.hikari.HikariConfig           : dataSourceProperties............{password=<masked>}
2026-09-15 16:29:21.140 DEBUG 19848 --- [  restartedMain] com.zaxxer.hikari.HikariConfig           : driverClassName................."com.mysql.cj.jdbc.Driver"
2026-09-15 16:29:21.140 DEBUG 19848 --- [  restartedMain] com.zaxxer.hikari.HikariConfig           : exceptionOverrideClassName......none
2026-09-15 16:29:21.140 DEBUG 19848 --- [  restartedMain] com.zaxxer.hikari.HikariConfig           : healthCheckProperties...........{}
2026-09-15 16:29:21.140 DEBUG 19848 --- [  restartedMain] com.zaxxer.hikari.HikariConfig           : healthCheckRegistry.............none
2026-09-15 16:29:21.140 DEBUG 19848 --- [  restartedMain] com.zaxxer.hikari.HikariConfig           : idleTimeout.....................600000
2026-09-15 16:29:21.140 DEBUG 19848 --- [  restartedMain] com.zaxxer.hikari.HikariConfig           : initializationFailTimeout.......1
2026-09-15 16:29:21.141 DEBUG 19848 --- [  restartedMain] com.zaxxer.hikari.HikariConfig           : isolateInternalQueries..........false
2026-09-15 16:29:21.141 DEBUG 19848 --- [  restartedMain] com.zaxxer.hikari.HikariConfig           : jdbcUrl.........................jdbc:mysql://localhost:3306/businessapp?createDatabaseIfNotExist=true&useSSL=false&serverTimezone=UTC&allowPublicKeyRetrieval=true
2026-09-15 16:29:21.142 DEBUG 19848 --- [  restartedMain] com.zaxxer.hikari.HikariConfig           : keepaliveTime...................0
2026-09-15 16:29:21.143 DEBUG 19848 --- [  restartedMain] com.zaxxer.hikari.HikariConfig           : leakDetectionThreshold..........0
2026-09-15 16:29:21.145 DEBUG 19848 --- [  restartedMain] com.zaxxer.hikari.HikariConfig           : maxLifetime.....................1800000
2026-09-15 16:29:21.146 DEBUG 19848 --- [  restartedMain] com.zaxxer.hikari.HikariConfig           : maximumPoolSize.................10
2026-09-15 16:29:21.146 DEBUG 19848 --- [  restartedMain] com.zaxxer.hikari.HikariConfig           : metricRegistry..................none
2026-09-15 16:29:21.151 DEBUG 19848 --- [  restartedMain] com.zaxxer.hikari.HikariConfig           : metricsTrackerFactory...........none
2026-09-15 16:29:21.151 DEBUG 19848 --- [  restartedMain] com.zaxxer.hikari.HikariConfig           : minimumIdle.....................5
2026-09-15 16:29:21.151 DEBUG 19848 --- [  restartedMain] com.zaxxer.hikari.HikariConfig           : password........................<masked>
2026-09-15 16:29:21.151 DEBUG 19848 --- [  restartedMain] com.zaxxer.hikari.HikariConfig           : poolName........................"BusinessAppHikariPool"
2026-09-15 16:29:21.151 DEBUG 19848 --- [  restartedMain] com.zaxxer.hikari.HikariConfig           : readOnly........................false
2026-09-15 16:29:21.152 DEBUG 19848 --- [  restartedMain] com.zaxxer.hikari.HikariConfig           : registerMbeans..................false
2026-09-15 16:29:21.152 DEBUG 19848 --- [  restartedMain] com.zaxxer.hikari.HikariConfig           : scheduledExecutor...............none
2026-09-15 16:29:21.152 DEBUG 19848 --- [  restartedMain] com.zaxxer.hikari.HikariConfig           : schema..........................none
2026-09-15 16:29:21.152 DEBUG 19848 --- [  restartedMain] com.zaxxer.hikari.HikariConfig           : threadFactory...................internal
2026-09-15 16:29:21.152 DEBUG 19848 --- [  restartedMain] com.zaxxer.hikari.HikariConfig           : transactionIsolation............default
2026-09-15 16:29:21.152 DEBUG 19848 --- [  restartedMain] com.zaxxer.hikari.HikariConfig           : username........................"root"
2026-09-15 16:29:21.152 DEBUG 19848 --- [  restartedMain] com.zaxxer.hikari.HikariConfig           : validationTimeout...............5000
2026-09-15 16:29:21.152  INFO 19848 --- [  restartedMain] com.zaxxer.hikari.HikariDataSource       : BusinessAppHikariPool - Starting...
2026-09-15 16:29:21.165  INFO 19848 --- [  restartedMain] com.zaxxer.hikari.pool.HikariPool        : BusinessAppHikariPool - Added connection com.mysql.cj.jdbc.ConnectionImpl@49e8b503
2026-09-15 16:29:21.165  INFO 19848 --- [  restartedMain] com.zaxxer.hikari.HikariDataSource       : BusinessAppHikariPool - Start completed.
2026-09-15 16:29:21.288  INFO 19848 --- [  restartedMain] o.h.e.t.j.p.i.JtaPlatformInitiator       : HHH000489: No JTA platform available (set 'hibernate.transaction.jta.platform' to enable JTA platform integration)
2026-09-15 16:29:21.308 DEBUG 19848 --- [  restartedMain] org.hibernate.SQL                        : 
    alter table businesses 
       modify column description TEXT
2026-09-15 16:29:21.328 DEBUG 19848 --- [  restartedMain] org.hibernate.SQL                        : 
    alter table member_educations 
       modify column description TEXT
2026-09-15 16:29:21.337 DEBUG 19848 --- [  restartedMain] org.hibernate.SQL                        : 
    alter table member_experiences 
       modify column description TEXT
2026-09-15 16:29:21.348 DEBUG 19848 --- [  restartedMain] org.hibernate.SQL                        : 
    alter table members 
       modify column bio TEXT
2026-09-15 16:29:21.369 DEBUG 19848 --- [  restartedMain] org.hibernate.SQL                        : 
    alter table members 
       modify column profile_visibility enum ('CONNECTIONS_ONLY','PRIVATE','PUBLIC') not null
2026-09-15 16:29:21.390 DEBUG 19848 --- [  restartedMain] org.hibernate.SQL                        : 
    alter table members 
       modify column specialization enum ('ACCOUNTING_AUDIT','ASSET_WEALTH_MANAGEMENT','CORPORATE_FINANCE','FINTECH','INSURANCE','INVESTMENT_BANKING','OTHER','PRIVATE_EQUITY_VC','RISK_COMPLIANCE')
2026-09-15 16:29:21.408 DEBUG 19848 --- [  restartedMain] org.hibernate.SQL                        : 
    alter table opportunities 
       modify column description TEXT not null
2026-09-15 16:29:21.425 DEBUG 19848 --- [  restartedMain] org.hibernate.SQL                        : 
    alter table opportunities 
       modify column experience_level enum ('EXECUTIVE','GRADUATE','JUNIOR','MID','SENIOR') not null
2026-09-15 16:29:21.443 DEBUG 19848 --- [  restartedMain] org.hibernate.SQL                        : 
    alter table opportunities 
       modify column specialization enum ('ACCOUNTING_AUDIT','ASSET_WEALTH_MANAGEMENT','CORPORATE_FINANCE','FINTECH','INSURANCE','INVESTMENT_BANKING','OTHER','PRIVATE_EQUITY_VC','RISK_COMPLIANCE') not null
2026-09-15 16:29:21.458 DEBUG 19848 --- [  restartedMain] org.hibernate.SQL                        : 
    alter table opportunities 
       modify column status enum ('CLOSED','DRAFT','PUBLISHED') not null
2026-09-15 16:29:21.530 DEBUG 19848 --- [  restartedMain] org.hibernate.SQL                        : 
    alter table opportunities 
       modify column type enum ('CONTRACT','FULL_TIME','GIG','INTERNSHIP','PART_TIME') not null
2026-09-15 16:29:21.547 DEBUG 19848 --- [  restartedMain] org.hibernate.SQL                        : 
    alter table opportunities 
       modify column work_mode enum ('HYBRID','ONSITE','REMOTE') not null
2026-09-15 16:29:21.562 DEBUG 19848 --- [  restartedMain] org.hibernate.SQL                        : 
    alter table opportunity_qualifications 
       modify column qualification TEXT not null
2026-09-15 16:29:21.568 DEBUG 19848 --- [  restartedMain] org.hibernate.SQL                        : 
    alter table opportunity_responsibilities 
       modify column responsibility TEXT not null
2026-09-15 16:29:21.580 DEBUG 19848 --- [  restartedMain] org.hibernate.SQL                        : 
    alter table users 
       modify column role enum ('ROLE_ADMIN','ROLE_ADVISORY','ROLE_BUSINESS','ROLE_CUSTOMER','ROLE_MEMBERS') not null
2026-09-15 16:29:21.665  INFO 19848 --- [  restartedMain] j.LocalContainerEntityManagerFactoryBean : Initialized JPA EntityManagerFactory for persistence unit 'default'
2026-09-15 16:29:21.733  INFO 19848 --- [  restartedMain] o.s.b.web.servlet.RegistrationBean       : Filter disableJwtAuthFilterRegistration was not registered (disabled)
2026-09-15 16:29:21.766  INFO 19848 --- [  restartedMain] eAuthenticationProviderManagerConfigurer : Global AuthenticationManager configured with AuthenticationProvider bean with name authenticationProvider
2026-09-15 16:29:21.766  WARN 19848 --- [  restartedMain] r$InitializeUserDetailsManagerConfigurer : Global AuthenticationManager configured with an AuthenticationProvider bean. UserDetailsService beans will not be used for username/password login. Consider removing the AuthenticationProvider bean. Alternatively, consider using the UserDetailsService in a manually instantiated DaoAuthenticationProvider.
2026-09-15 16:29:21.899  INFO 19848 --- [  restartedMain] c.e.firstapp.config.AsyncConfig          : Email thread pool initialized: core=2 max=5 queue=50
2026-09-15 16:29:21.948 DEBUG 19848 --- [  restartedMain] o.s.s.web.DefaultSecurityFilterChain     : Will secure any request with filters: DisableEncodeUrlFilter, WebAsyncManagerIntegrationFilter, SecurityContextHolderFilter, HeaderWriterFilter, LogoutFilter, JwtAuthFilter, RequestCacheAwareFilter, SecurityContextHolderAwareRequestFilter, AnonymousAuthenticationFilter, SessionManagementFilter, ExceptionTranslationFilter, AuthorizationFilter
2026-09-15 16:29:22.005  INFO 19848 --- [  restartedMain] o.s.b.d.a.OptionalLiveReloadServer       : LiveReload server is running on port 35729
2026-09-15 16:29:22.013  INFO 19848 --- [  restartedMain] o.s.b.w.e.tomcat.TomcatWebServer         : Tomcat started on port 8080 (http) with context path '/'
2026-09-15 16:29:22.015  INFO 19848 --- [  restartedMain] c.e.firstapp.FirstappApplication         : Started FirstappApplication in 1.33 seconds (process running for 2263.317)
2026-09-15 16:29:22.016  INFO 19848 --- [  restartedMain] .ConditionEvaluationDeltaLoggingListener : Condition evaluation unchanged
2026-09-15 16:30:28.274  INFO 19848 --- [   File Watcher] rtingClassPathChangeChangedEventListener : Restarting due to 2 class path changes (0 additions, 0 deletions, 2 modifications)
2026-09-15 16:30:28.290  INFO 19848 --- [      Thread-31] j.LocalContainerEntityManagerFactoryBean : Closing JPA EntityManagerFactory for persistence unit 'default'
2026-09-15 16:30:28.290  INFO 19848 --- [      Thread-31] com.zaxxer.hikari.HikariDataSource       : BusinessAppHikariPool - Shutdown initiated...
2026-09-15 16:30:28.292  INFO 19848 --- [      Thread-31] com.zaxxer.hikari.HikariDataSource       : BusinessAppHikariPool - Shutdown completed.
2026-09-15 16:30:28.366  INFO 19848 --- [  restartedMain] c.e.firstapp.FirstappApplication         : Starting FirstappApplication using Java 25.0.3 with PID 19848 (E:\firstapp\firstapp\target\classes started by Dell in E:\firstapp\firstapp)
2026-09-15 16:30:28.368  INFO 19848 --- [  restartedMain] c.e.firstapp.FirstappApplication         : No active profile set, falling back to 1 default profile: "default"
2026-09-15 16:30:28.528  INFO 19848 --- [  restartedMain] .s.d.r.c.RepositoryConfigurationDelegate : Bootstrapping Spring Data JPA repositories in DEFAULT mode.
2026-09-15 16:30:28.553  INFO 19848 --- [  restartedMain] .s.d.r.c.RepositoryConfigurationDelegate : Finished Spring Data repository scanning in 25 ms. Found 8 JPA repository interfaces.
2026-09-15 16:30:28.624  INFO 19848 --- [  restartedMain] o.s.b.w.e.tomcat.TomcatWebServer         : Tomcat initialized with port 8080 (http)
2026-09-15 16:30:28.625  INFO 19848 --- [  restartedMain] o.a.catalina.core.StandardService        : Starting service [Tomcat]
2026-09-15 16:30:28.626  INFO 19848 --- [  restartedMain] o.a.catalina.core.StandardEngine         : Starting Servlet engine: [Apache Tomcat/10.1.42]
2026-09-15 16:30:28.660  INFO 19848 --- [  restartedMain] o.a.c.c.C.[Tomcat].[localhost].[/]       : Initializing Spring embedded WebApplicationContext
2026-09-15 16:30:28.661  INFO 19848 --- [  restartedMain] w.s.c.ServletWebServerApplicationContext : Root WebApplicationContext: initialization completed in 293 ms
2026-09-15 16:30:28.673 DEBUG 19848 --- [  restartedMain] com.zaxxer.hikari.HikariConfig           : Driver class com.mysql.cj.jdbc.Driver found in Thread context class loader TomcatEmbeddedWebappClassLoader
  context: ROOT
  delegate: true
----------> Parent Classloader:
org.springframework.boot.devtools.restart.classloader.RestartClassLoader@31385cb2

2026-09-15 16:30:28.693  INFO 19848 --- [  restartedMain] o.h.jpa.internal.util.LogHelper          : HHH000204: Processing PersistenceUnitInfo [name: default]
2026-09-15 16:30:28.707  INFO 19848 --- [  restartedMain] o.h.c.i.RegionFactoryInitiator           : HHH000026: Second-level cache disabled
2026-09-15 16:30:28.714  INFO 19848 --- [  restartedMain] o.s.o.j.p.SpringPersistenceUnitInfo      : No LoadTimeWeaver setup: ignoring JPA class transformer
2026-09-15 16:30:28.715 DEBUG 19848 --- [  restartedMain] com.zaxxer.hikari.HikariConfig           : BusinessAppHikariPool - configuration:
2026-09-15 16:30:28.716 DEBUG 19848 --- [  restartedMain] com.zaxxer.hikari.HikariConfig           : allowPoolSuspension.............false
2026-09-15 16:30:28.716 DEBUG 19848 --- [  restartedMain] com.zaxxer.hikari.HikariConfig           : autoCommit......................true
2026-09-15 16:30:28.716 DEBUG 19848 --- [  restartedMain] com.zaxxer.hikari.HikariConfig           : catalog.........................none
2026-09-15 16:30:28.716 DEBUG 19848 --- [  restartedMain] com.zaxxer.hikari.HikariConfig           : connectionInitSql...............none
2026-09-15 16:30:28.717 DEBUG 19848 --- [  restartedMain] com.zaxxer.hikari.HikariConfig           : connectionTestQuery............."SELECT 1"
2026-09-15 16:30:28.717 DEBUG 19848 --- [  restartedMain] com.zaxxer.hikari.HikariConfig           : connectionTimeout...............20000
2026-09-15 16:30:28.717 DEBUG 19848 --- [  restartedMain] com.zaxxer.hikari.HikariConfig           : dataSource......................none
2026-09-15 16:30:28.717 DEBUG 19848 --- [  restartedMain] com.zaxxer.hikari.HikariConfig           : dataSourceClassName.............none
2026-09-15 16:30:28.717 DEBUG 19848 --- [  restartedMain] com.zaxxer.hikari.HikariConfig           : dataSourceJNDI..................none
2026-09-15 16:30:28.717 DEBUG 19848 --- [  restartedMain] com.zaxxer.hikari.HikariConfig           : dataSourceProperties............{password=<masked>}
2026-09-15 16:30:28.717 DEBUG 19848 --- [  restartedMain] com.zaxxer.hikari.HikariConfig           : driverClassName................."com.mysql.cj.jdbc.Driver"
2026-09-15 16:30:28.717 DEBUG 19848 --- [  restartedMain] com.zaxxer.hikari.HikariConfig           : exceptionOverrideClassName......none
2026-09-15 16:30:28.717 DEBUG 19848 --- [  restartedMain] com.zaxxer.hikari.HikariConfig           : healthCheckProperties...........{}
2026-09-15 16:30:28.717 DEBUG 19848 --- [  restartedMain] com.zaxxer.hikari.HikariConfig           : healthCheckRegistry.............none
2026-09-15 16:30:28.717 DEBUG 19848 --- [  restartedMain] com.zaxxer.hikari.HikariConfig           : idleTimeout.....................600000
2026-09-15 16:30:28.718 DEBUG 19848 --- [  restartedMain] com.zaxxer.hikari.HikariConfig           : initializationFailTimeout.......1
2026-09-15 16:30:28.718 DEBUG 19848 --- [  restartedMain] com.zaxxer.hikari.HikariConfig           : isolateInternalQueries..........false
2026-09-15 16:30:28.718 DEBUG 19848 --- [  restartedMain] com.zaxxer.hikari.HikariConfig           : jdbcUrl.........................jdbc:mysql://localhost:3306/businessapp?createDatabaseIfNotExist=true&useSSL=false&serverTimezone=UTC&allowPublicKeyRetrieval=true
2026-09-15 16:30:28.718 DEBUG 19848 --- [  restartedMain] com.zaxxer.hikari.HikariConfig           : keepaliveTime...................0
2026-09-15 16:30:28.718 DEBUG 19848 --- [  restartedMain] com.zaxxer.hikari.HikariConfig           : leakDetectionThreshold..........0
2026-09-15 16:30:28.718 DEBUG 19848 --- [  restartedMain] com.zaxxer.hikari.HikariConfig           : maxLifetime.....................1800000
2026-09-15 16:30:28.718 DEBUG 19848 --- [  restartedMain] com.zaxxer.hikari.HikariConfig           : maximumPoolSize.................10
2026-09-15 16:30:28.718 DEBUG 19848 --- [  restartedMain] com.zaxxer.hikari.HikariConfig           : metricRegistry..................none
2026-09-15 16:30:28.718 DEBUG 19848 --- [  restartedMain] com.zaxxer.hikari.HikariConfig           : metricsTrackerFactory...........none
2026-09-15 16:30:28.718 DEBUG 19848 --- [  restartedMain] com.zaxxer.hikari.HikariConfig           : minimumIdle.....................5
2026-09-15 16:30:28.718 DEBUG 19848 --- [  restartedMain] com.zaxxer.hikari.HikariConfig           : password........................<masked>
2026-09-15 16:30:28.718 DEBUG 19848 --- [  restartedMain] com.zaxxer.hikari.HikariConfig           : poolName........................"BusinessAppHikariPool"
2026-09-15 16:30:28.718 DEBUG 19848 --- [  restartedMain] com.zaxxer.hikari.HikariConfig           : readOnly........................false
2026-09-15 16:30:28.718 DEBUG 19848 --- [  restartedMain] com.zaxxer.hikari.HikariConfig           : registerMbeans..................false
2026-09-15 16:30:28.718 DEBUG 19848 --- [  restartedMain] com.zaxxer.hikari.HikariConfig           : scheduledExecutor...............none
2026-09-15 16:30:28.718 DEBUG 19848 --- [  restartedMain] com.zaxxer.hikari.HikariConfig           : schema..........................none
2026-09-15 16:30:28.719 DEBUG 19848 --- [  restartedMain] com.zaxxer.hikari.HikariConfig           : threadFactory...................internal
2026-09-15 16:30:28.719 DEBUG 19848 --- [  restartedMain] com.zaxxer.hikari.HikariConfig           : transactionIsolation............default
2026-09-15 16:30:28.719 DEBUG 19848 --- [  restartedMain] com.zaxxer.hikari.HikariConfig           : username........................"root"
2026-09-15 16:30:28.719 DEBUG 19848 --- [  restartedMain] com.zaxxer.hikari.HikariConfig           : validationTimeout...............5000
2026-09-15 16:30:28.719  INFO 19848 --- [  restartedMain] com.zaxxer.hikari.HikariDataSource       : BusinessAppHikariPool - Starting...
2026-09-15 16:30:28.725  INFO 19848 --- [  restartedMain] com.zaxxer.hikari.pool.HikariPool        : BusinessAppHikariPool - Added connection com.mysql.cj.jdbc.ConnectionImpl@18dd5b7d
2026-09-15 16:30:28.725  INFO 19848 --- [  restartedMain] com.zaxxer.hikari.HikariDataSource       : BusinessAppHikariPool - Start completed.
2026-09-15 16:30:28.840  INFO 19848 --- [  restartedMain] o.h.e.t.j.p.i.JtaPlatformInitiator       : HHH000489: No JTA platform available (set 'hibernate.transaction.jta.platform' to enable JTA platform integration)
2026-09-15 16:30:28.852 DEBUG 19848 --- [  restartedMain] org.hibernate.SQL                        : 
    alter table businesses 
       modify column description TEXT
2026-09-15 16:30:28.875 DEBUG 19848 --- [  restartedMain] org.hibernate.SQL                        : 
    alter table member_educations 
       modify column description TEXT
2026-09-15 16:30:29.162 DEBUG 19848 --- [  restartedMain] org.hibernate.SQL                        : 
    alter table member_experiences 
       modify column description TEXT
2026-09-15 16:30:29.341 DEBUG 19848 --- [  restartedMain] org.hibernate.SQL                        : 
    alter table members 
       modify column bio TEXT
2026-09-15 16:30:29.368 DEBUG 19848 --- [  restartedMain] org.hibernate.SQL                        : 
    alter table members 
       modify column profile_visibility enum ('CONNECTIONS_ONLY','PRIVATE','PUBLIC') not null
2026-09-15 16:30:29.386 DEBUG 19848 --- [  restartedMain] org.hibernate.SQL                        : 
    alter table members 
       modify column specialization enum ('ACCOUNTING_AUDIT','ASSET_WEALTH_MANAGEMENT','CORPORATE_FINANCE','FINTECH','INSURANCE','INVESTMENT_BANKING','OTHER','PRIVATE_EQUITY_VC','RISK_COMPLIANCE')
2026-09-15 16:30:29.407 DEBUG 19848 --- [  restartedMain] org.hibernate.SQL                        : 
    alter table opportunities 
       modify column description TEXT not null
2026-09-15 16:30:29.434 DEBUG 19848 --- [  restartedMain] org.hibernate.SQL                        : 
    alter table opportunities 
       modify column experience_level enum ('EXECUTIVE','GRADUATE','JUNIOR','MID','SENIOR') not null
2026-09-15 16:30:29.451 DEBUG 19848 --- [  restartedMain] org.hibernate.SQL                        : 
    alter table opportunities 
       modify column specialization enum ('ACCOUNTING_AUDIT','ASSET_WEALTH_MANAGEMENT','CORPORATE_FINANCE','FINTECH','INSURANCE','INVESTMENT_BANKING','OTHER','PRIVATE_EQUITY_VC','RISK_COMPLIANCE') not null
2026-09-15 16:30:29.473 DEBUG 19848 --- [  restartedMain] org.hibernate.SQL                        : 
    alter table opportunities 
       modify column status enum ('CLOSED','DRAFT','PUBLISHED') not null
2026-09-15 16:30:29.499 DEBUG 19848 --- [  restartedMain] org.hibernate.SQL                        : 
    alter table opportunities 
       modify column type enum ('CONTRACT','FULL_TIME','GIG','INTERNSHIP','PART_TIME') not null
2026-09-15 16:30:29.519 DEBUG 19848 --- [  restartedMain] org.hibernate.SQL                        : 
    alter table opportunities 
       modify column work_mode enum ('HYBRID','ONSITE','REMOTE') not null
2026-09-15 16:30:29.542 DEBUG 19848 --- [  restartedMain] org.hibernate.SQL                        : 
    alter table opportunity_qualifications 
       modify column qualification TEXT not null
2026-09-15 16:30:29.552 DEBUG 19848 --- [  restartedMain] org.hibernate.SQL                        : 
    alter table opportunity_responsibilities 
       modify column responsibility TEXT not null
2026-09-15 16:30:29.566 DEBUG 19848 --- [  restartedMain] org.hibernate.SQL                        : 
    alter table users 
       modify column role enum ('ROLE_ADMIN','ROLE_ADVISORY','ROLE_BUSINESS','ROLE_CUSTOMER','ROLE_MEMBERS') not null
2026-09-15 16:30:29.687  INFO 19848 --- [  restartedMain] j.LocalContainerEntityManagerFactoryBean : Initialized JPA EntityManagerFactory for persistence unit 'default'
2026-09-15 16:30:29.745  INFO 19848 --- [  restartedMain] o.s.b.web.servlet.RegistrationBean       : Filter disableJwtAuthFilterRegistration was not registered (disabled)
2026-09-15 16:30:29.774  INFO 19848 --- [  restartedMain] eAuthenticationProviderManagerConfigurer : Global AuthenticationManager configured with AuthenticationProvider bean with name authenticationProvider
2026-09-15 16:30:29.774  WARN 19848 --- [  restartedMain] r$InitializeUserDetailsManagerConfigurer : Global AuthenticationManager configured with an AuthenticationProvider bean. UserDetailsService beans will not be used for username/password login. Consider removing the AuthenticationProvider bean. Alternatively, consider using the UserDetailsService in a manually instantiated DaoAuthenticationProvider.
2026-09-15 16:30:29.989  INFO 19848 --- [  restartedMain] c.e.firstapp.config.AsyncConfig          : Email thread pool initialized: core=2 max=5 queue=50
2026-09-15 16:30:30.076 DEBUG 19848 --- [  restartedMain] o.s.s.web.DefaultSecurityFilterChain     : Will secure any request with filters: DisableEncodeUrlFilter, WebAsyncManagerIntegrationFilter, SecurityContextHolderFilter, HeaderWriterFilter, LogoutFilter, JwtAuthFilter, RequestCacheAwareFilter, SecurityContextHolderAwareRequestFilter, AnonymousAuthenticationFilter, SessionManagementFilter, ExceptionTranslationFilter, AuthorizationFilter
2026-09-15 16:30:30.121  INFO 19848 --- [  restartedMain] o.s.b.d.a.OptionalLiveReloadServer       : LiveReload server is running on port 35729
2026-09-15 16:30:30.136  INFO 19848 --- [  restartedMain] o.s.b.w.e.tomcat.TomcatWebServer         : Tomcat started on port 8080 (http) with context path '/'
2026-09-15 16:30:30.140  INFO 19848 --- [  restartedMain] c.e.firstapp.FirstappApplication         : Started FirstappApplication in 1.787 seconds (process running for 2331.441)
2026-09-15 16:30:30.141  INFO 19848 --- [  restartedMain] .ConditionEvaluationDeltaLoggingListener : Condition evaluation unchanged
2026-09-15 16:31:34.275  INFO 19848 --- [   File Watcher] rtingClassPathChangeChangedEventListener : Restarting due to 2 class path changes (0 additions, 0 deletions, 2 modifications)
2026-09-15 16:31:34.349  INFO 19848 --- [      Thread-35] j.LocalContainerEntityManagerFactoryBean : Closing JPA EntityManagerFactory for persistence unit 'default'
2026-09-15 16:31:34.350  INFO 19848 --- [      Thread-35] com.zaxxer.hikari.HikariDataSource       : BusinessAppHikariPool - Shutdown initiated...
2026-09-15 16:31:34.352  INFO 19848 --- [      Thread-35] com.zaxxer.hikari.HikariDataSource       : BusinessAppHikariPool - Shutdown completed.
2026-09-15 16:31:34.450  INFO 19848 --- [  restartedMain] c.e.firstapp.FirstappApplication         : Starting FirstappApplication using Java 25.0.3 with PID 19848 (E:\firstapp\firstapp\target\classes started by Dell in E:\firstapp\firstapp)
2026-09-15 16:31:34.451  INFO 19848 --- [  restartedMain] c.e.firstapp.FirstappApplication         : No active profile set, falling back to 1 default profile: "default"
2026-09-15 16:31:34.679  INFO 19848 --- [  restartedMain] .s.d.r.c.RepositoryConfigurationDelegate : Bootstrapping Spring Data JPA repositories in DEFAULT mode.
2026-09-15 16:31:34.735  INFO 19848 --- [  restartedMain] .s.d.r.c.RepositoryConfigurationDelegate : Finished Spring Data repository scanning in 55 ms. Found 8 JPA repository interfaces.
2026-09-15 16:31:34.831  INFO 19848 --- [  restartedMain] o.s.b.w.e.tomcat.TomcatWebServer         : Tomcat initialized with port 8080 (http)
2026-09-15 16:31:34.832  INFO 19848 --- [  restartedMain] o.a.catalina.core.StandardService        : Starting service [Tomcat]
2026-09-15 16:31:34.832  INFO 19848 --- [  restartedMain] o.a.catalina.core.StandardEngine         : Starting Servlet engine: [Apache Tomcat/10.1.42]
2026-09-15 16:31:34.864  INFO 19848 --- [  restartedMain] o.a.c.c.C.[Tomcat].[localhost].[/]       : Initializing Spring embedded WebApplicationContext
2026-09-15 16:31:34.864  INFO 19848 --- [  restartedMain] w.s.c.ServletWebServerApplicationContext : Root WebApplicationContext: initialization completed in 412 ms
2026-09-15 16:31:34.877 DEBUG 19848 --- [  restartedMain] com.zaxxer.hikari.HikariConfig           : Driver class com.mysql.cj.jdbc.Driver found in Thread context class loader TomcatEmbeddedWebappClassLoader
  context: ROOT
  delegate: true
----------> Parent Classloader:
org.springframework.boot.devtools.restart.classloader.RestartClassLoader@3c3f3b8e

2026-09-15 16:31:34.895  INFO 19848 --- [  restartedMain] o.h.jpa.internal.util.LogHelper          : HHH000204: Processing PersistenceUnitInfo [name: default]
2026-09-15 16:31:34.896  INFO 19848 --- [  restartedMain] o.h.c.i.RegionFactoryInitiator           : HHH000026: Second-level cache disabled
2026-09-15 16:31:34.902  INFO 19848 --- [  restartedMain] o.s.o.j.p.SpringPersistenceUnitInfo      : No LoadTimeWeaver setup: ignoring JPA class transformer
2026-09-15 16:31:34.903 DEBUG 19848 --- [  restartedMain] com.zaxxer.hikari.HikariConfig           : BusinessAppHikariPool - configuration:
2026-09-15 16:31:34.903 DEBUG 19848 --- [  restartedMain] com.zaxxer.hikari.HikariConfig           : allowPoolSuspension.............false
2026-09-15 16:31:34.904 DEBUG 19848 --- [  restartedMain] com.zaxxer.hikari.HikariConfig           : autoCommit......................true
2026-09-15 16:31:34.904 DEBUG 19848 --- [  restartedMain] com.zaxxer.hikari.HikariConfig           : catalog.........................none
2026-09-15 16:31:34.905 DEBUG 19848 --- [  restartedMain] com.zaxxer.hikari.HikariConfig           : connectionInitSql...............none
2026-09-15 16:31:34.905 DEBUG 19848 --- [  restartedMain] com.zaxxer.hikari.HikariConfig           : connectionTestQuery............."SELECT 1"
2026-09-15 16:31:34.905 DEBUG 19848 --- [  restartedMain] com.zaxxer.hikari.HikariConfig           : connectionTimeout...............20000
2026-09-15 16:31:34.905 DEBUG 19848 --- [  restartedMain] com.zaxxer.hikari.HikariConfig           : dataSource......................none
2026-09-15 16:31:34.905 DEBUG 19848 --- [  restartedMain] com.zaxxer.hikari.HikariConfig           : dataSourceClassName.............none
2026-09-15 16:31:34.906 DEBUG 19848 --- [  restartedMain] com.zaxxer.hikari.HikariConfig           : dataSourceJNDI..................none
2026-09-15 16:31:34.906 DEBUG 19848 --- [  restartedMain] com.zaxxer.hikari.HikariConfig           : dataSourceProperties............{password=<masked>}
2026-09-15 16:31:34.906 DEBUG 19848 --- [  restartedMain] com.zaxxer.hikari.HikariConfig           : driverClassName................."com.mysql.cj.jdbc.Driver"
2026-09-15 16:31:34.906 DEBUG 19848 --- [  restartedMain] com.zaxxer.hikari.HikariConfig           : exceptionOverrideClassName......none
2026-09-15 16:31:34.906 DEBUG 19848 --- [  restartedMain] com.zaxxer.hikari.HikariConfig           : healthCheckProperties...........{}
2026-09-15 16:31:34.906 DEBUG 19848 --- [  restartedMain] com.zaxxer.hikari.HikariConfig           : healthCheckRegistry.............none
2026-09-15 16:31:34.906 DEBUG 19848 --- [  restartedMain] com.zaxxer.hikari.HikariConfig           : idleTimeout.....................600000
2026-09-15 16:31:34.906 DEBUG 19848 --- [  restartedMain] com.zaxxer.hikari.HikariConfig           : initializationFailTimeout.......1
2026-09-15 16:31:34.906 DEBUG 19848 --- [  restartedMain] com.zaxxer.hikari.HikariConfig           : isolateInternalQueries..........false
2026-09-15 16:31:34.907 DEBUG 19848 --- [  restartedMain] com.zaxxer.hikari.HikariConfig           : jdbcUrl.........................jdbc:mysql://localhost:3306/businessapp?createDatabaseIfNotExist=true&useSSL=false&serverTimezone=UTC&allowPublicKeyRetrieval=true
2026-09-15 16:31:34.907 DEBUG 19848 --- [  restartedMain] com.zaxxer.hikari.HikariConfig           : keepaliveTime...................0
2026-09-15 16:31:34.907 DEBUG 19848 --- [  restartedMain] com.zaxxer.hikari.HikariConfig           : leakDetectionThreshold..........0
2026-09-15 16:31:34.907 DEBUG 19848 --- [  restartedMain] com.zaxxer.hikari.HikariConfig           : maxLifetime.....................1800000
2026-09-15 16:31:34.907 DEBUG 19848 --- [  restartedMain] com.zaxxer.hikari.HikariConfig           : maximumPoolSize.................10
2026-09-15 16:31:34.907 DEBUG 19848 --- [  restartedMain] com.zaxxer.hikari.HikariConfig           : metricRegistry..................none
2026-09-15 16:31:34.907 DEBUG 19848 --- [  restartedMain] com.zaxxer.hikari.HikariConfig           : metricsTrackerFactory...........none
2026-09-15 16:31:34.907 DEBUG 19848 --- [  restartedMain] com.zaxxer.hikari.HikariConfig           : minimumIdle.....................5
2026-09-15 16:31:34.907 DEBUG 19848 --- [  restartedMain] com.zaxxer.hikari.HikariConfig           : password........................<masked>
2026-09-15 16:31:34.907 DEBUG 19848 --- [  restartedMain] com.zaxxer.hikari.HikariConfig           : poolName........................"BusinessAppHikariPool"
2026-09-15 16:31:34.908 DEBUG 19848 --- [  restartedMain] com.zaxxer.hikari.HikariConfig           : readOnly........................false
2026-09-15 16:31:34.908 DEBUG 19848 --- [  restartedMain] com.zaxxer.hikari.HikariConfig           : registerMbeans..................false
2026-09-15 16:31:34.908 DEBUG 19848 --- [  restartedMain] com.zaxxer.hikari.HikariConfig           : scheduledExecutor...............none
2026-09-15 16:31:34.908 DEBUG 19848 --- [  restartedMain] com.zaxxer.hikari.HikariConfig           : schema..........................none
2026-09-15 16:31:34.908 DEBUG 19848 --- [  restartedMain] com.zaxxer.hikari.HikariConfig           : threadFactory...................internal
2026-09-15 16:31:34.908 DEBUG 19848 --- [  restartedMain] com.zaxxer.hikari.HikariConfig           : transactionIsolation............default
2026-09-15 16:31:34.908 DEBUG 19848 --- [  restartedMain] com.zaxxer.hikari.HikariConfig           : username........................"root"
2026-09-15 16:31:34.908 DEBUG 19848 --- [  restartedMain] com.zaxxer.hikari.HikariConfig           : validationTimeout...............5000
2026-09-15 16:31:34.909  INFO 19848 --- [  restartedMain] com.zaxxer.hikari.HikariDataSource       : BusinessAppHikariPool - Starting...
2026-09-15 16:31:34.914  INFO 19848 --- [  restartedMain] com.zaxxer.hikari.pool.HikariPool        : BusinessAppHikariPool - Added connection com.mysql.cj.jdbc.ConnectionImpl@7fdc0c24
2026-09-15 16:31:34.915  INFO 19848 --- [  restartedMain] com.zaxxer.hikari.HikariDataSource       : BusinessAppHikariPool - Start completed.
2026-09-15 16:31:35.070  INFO 19848 --- [  restartedMain] o.h.e.t.j.p.i.JtaPlatformInitiator       : HHH000489: No JTA platform available (set 'hibernate.transaction.jta.platform' to enable JTA platform integration)
2026-09-15 16:31:35.093 DEBUG 19848 --- [  restartedMain] org.hibernate.SQL                        : 
    alter table businesses 
       modify column description TEXT
2026-09-15 16:31:35.110 DEBUG 19848 --- [  restartedMain] org.hibernate.SQL                        : 
    alter table member_educations 
       modify column description TEXT
2026-09-15 16:31:35.118 DEBUG 19848 --- [  restartedMain] org.hibernate.SQL                        : 
    alter table member_experiences 
       modify column description TEXT
2026-09-15 16:31:35.126 DEBUG 19848 --- [  restartedMain] org.hibernate.SQL                        : 
    alter table members 
       modify column bio TEXT
2026-09-15 16:31:35.144 DEBUG 19848 --- [  restartedMain] org.hibernate.SQL                        : 
    alter table members 
       modify column profile_visibility enum ('CONNECTIONS_ONLY','PRIVATE','PUBLIC') not null
2026-09-15 16:31:35.164 DEBUG 19848 --- [  restartedMain] org.hibernate.SQL                        : 
    alter table members 
       modify column specialization enum ('ACCOUNTING_AUDIT','ASSET_WEALTH_MANAGEMENT','CORPORATE_FINANCE','FINTECH','INSURANCE','INVESTMENT_BANKING','OTHER','PRIVATE_EQUITY_VC','RISK_COMPLIANCE')
2026-09-15 16:31:35.191 DEBUG 19848 --- [  restartedMain] org.hibernate.SQL                        : 
    alter table opportunities 
       modify column description TEXT not null
2026-09-15 16:31:35.209 DEBUG 19848 --- [  restartedMain] org.hibernate.SQL                        : 
    alter table opportunities 
       modify column experience_level enum ('EXECUTIVE','GRADUATE','JUNIOR','MID','SENIOR') not null
2026-09-15 16:31:35.222 DEBUG 19848 --- [  restartedMain] org.hibernate.SQL                        : 
    alter table opportunities 
       modify column specialization enum ('ACCOUNTING_AUDIT','ASSET_WEALTH_MANAGEMENT','CORPORATE_FINANCE','FINTECH','INSURANCE','INVESTMENT_BANKING','OTHER','PRIVATE_EQUITY_VC','RISK_COMPLIANCE') not null
2026-09-15 16:31:35.237 DEBUG 19848 --- [  restartedMain] org.hibernate.SQL                        : 
    alter table opportunities 
       modify column status enum ('CLOSED','DRAFT','PUBLISHED') not null
2026-09-15 16:31:35.250 DEBUG 19848 --- [  restartedMain] org.hibernate.SQL                        : 
    alter table opportunities 
       modify column type enum ('CONTRACT','FULL_TIME','GIG','INTERNSHIP','PART_TIME') not null
2026-09-15 16:31:35.267 DEBUG 19848 --- [  restartedMain] org.hibernate.SQL                        : 
    alter table opportunities 
       modify column work_mode enum ('HYBRID','ONSITE','REMOTE') not null
2026-09-15 16:31:35.282 DEBUG 19848 --- [  restartedMain] org.hibernate.SQL                        : 
    alter table opportunity_qualifications 
       modify column qualification TEXT not null
2026-09-15 16:31:35.289 DEBUG 19848 --- [  restartedMain] org.hibernate.SQL                        : 
    alter table opportunity_responsibilities 
       modify column responsibility TEXT not null
2026-09-15 16:31:35.298 DEBUG 19848 --- [  restartedMain] org.hibernate.SQL                        : 
    alter table users 
       modify column role enum ('ROLE_ADMIN','ROLE_ADVISORY','ROLE_BUSINESS','ROLE_CUSTOMER','ROLE_MEMBERS') not null
2026-09-15 16:31:35.375  INFO 19848 --- [  restartedMain] j.LocalContainerEntityManagerFactoryBean : Initialized JPA EntityManagerFactory for persistence unit 'default'
2026-09-15 16:31:35.426  INFO 19848 --- [  restartedMain] o.s.b.web.servlet.RegistrationBean       : Filter disableJwtAuthFilterRegistration was not registered (disabled)
2026-09-15 16:31:35.454  INFO 19848 --- [  restartedMain] eAuthenticationProviderManagerConfigurer : Global AuthenticationManager configured with AuthenticationProvider bean with name authenticationProvider
2026-09-15 16:31:35.455  WARN 19848 --- [  restartedMain] r$InitializeUserDetailsManagerConfigurer : Global AuthenticationManager configured with an AuthenticationProvider bean. UserDetailsService beans will not be used for username/password login. Consider removing the AuthenticationProvider bean. Alternatively, consider using the UserDetailsService in a manually instantiated DaoAuthenticationProvider.
2026-09-15 16:31:35.559  INFO 19848 --- [  restartedMain] c.e.firstapp.config.AsyncConfig          : Email thread pool initialized: core=2 max=5 queue=50
2026-09-15 16:31:35.600 DEBUG 19848 --- [  restartedMain] o.s.s.web.DefaultSecurityFilterChain     : Will secure any request with filters: DisableEncodeUrlFilter, WebAsyncManagerIntegrationFilter, SecurityContextHolderFilter, HeaderWriterFilter, LogoutFilter, JwtAuthFilter, RequestCacheAwareFilter, SecurityContextHolderAwareRequestFilter, AnonymousAuthenticationFilter, SessionManagementFilter, ExceptionTranslationFilter, AuthorizationFilter
2026-09-15 16:31:35.640  INFO 19848 --- [  restartedMain] o.s.b.d.a.OptionalLiveReloadServer       : LiveReload server is running on port 35729
2026-09-15 16:31:35.648  INFO 19848 --- [  restartedMain] o.s.b.w.e.tomcat.TomcatWebServer         : Tomcat started on port 8080 (http) with context path '/'
2026-09-15 16:31:35.650  INFO 19848 --- [  restartedMain] c.e.firstapp.FirstappApplication         : Started FirstappApplication in 1.219 seconds (process running for 2396.951)
2026-09-15 16:31:35.652  INFO 19848 --- [  restartedMain] .ConditionEvaluationDeltaLoggingListener : Condition evaluation unchanged
2026-09-15 16:38:42.585  INFO 19848 --- [   File Watcher] rtingClassPathChangeChangedEventListener : Restarting due to 1 class path change (0 additions, 0 deletions, 1 modification)
2026-09-15 16:38:42.622  INFO 19848 --- [      Thread-39] j.LocalContainerEntityManagerFactoryBean : Closing JPA EntityManagerFactory for persistence unit 'default'
2026-09-15 16:38:42.628  INFO 19848 --- [      Thread-39] com.zaxxer.hikari.HikariDataSource       : BusinessAppHikariPool - Shutdown initiated...
2026-09-15 16:38:42.637  INFO 19848 --- [      Thread-39] com.zaxxer.hikari.HikariDataSource       : BusinessAppHikariPool - Shutdown completed.
2026-09-15 16:38:42.778  INFO 19848 --- [  restartedMain] c.e.firstapp.FirstappApplication         : Starting FirstappApplication using Java 25.0.3 with PID 19848 (E:\firstapp\firstapp\target\classes started by Dell in E:\firstapp\firstapp)
2026-09-15 16:38:42.779  INFO 19848 --- [  restartedMain] c.e.firstapp.FirstappApplication         : No active profile set, falling back to 1 default profile: "default"
2026-09-15 16:38:42.916  INFO 19848 --- [  restartedMain] .s.d.r.c.RepositoryConfigurationDelegate : Bootstrapping Spring Data JPA repositories in DEFAULT mode.
2026-09-15 16:38:42.945  INFO 19848 --- [  restartedMain] .s.d.r.c.RepositoryConfigurationDelegate : Finished Spring Data repository scanning in 29 ms. Found 8 JPA repository interfaces.
2026-09-15 16:38:43.020  INFO 19848 --- [  restartedMain] o.s.b.w.e.tomcat.TomcatWebServer         : Tomcat initialized with port 8080 (http)
2026-09-15 16:38:43.021  INFO 19848 --- [  restartedMain] o.a.catalina.core.StandardService        : Starting service [Tomcat]
2026-09-15 16:38:43.021  INFO 19848 --- [  restartedMain] o.a.catalina.core.StandardEngine         : Starting Servlet engine: [Apache Tomcat/10.1.42]
2026-09-15 16:38:43.055  INFO 19848 --- [  restartedMain] o.a.c.c.C.[Tomcat].[localhost].[/]       : Initializing Spring embedded WebApplicationContext
2026-09-15 16:38:43.055  INFO 19848 --- [  restartedMain] w.s.c.ServletWebServerApplicationContext : Root WebApplicationContext: initialization completed in 275 ms
2026-09-15 16:38:43.064 DEBUG 19848 --- [  restartedMain] com.zaxxer.hikari.HikariConfig           : Driver class com.mysql.cj.jdbc.Driver found in Thread context class loader TomcatEmbeddedWebappClassLoader
  context: ROOT
  delegate: true
----------> Parent Classloader:
org.springframework.boot.devtools.restart.classloader.RestartClassLoader@112f8559

2026-09-15 16:38:43.085  INFO 19848 --- [  restartedMain] o.h.jpa.internal.util.LogHelper          : HHH000204: Processing PersistenceUnitInfo [name: default]
2026-09-15 16:38:43.087  INFO 19848 --- [  restartedMain] o.h.c.i.RegionFactoryInitiator           : HHH000026: Second-level cache disabled
2026-09-15 16:38:43.094  INFO 19848 --- [  restartedMain] o.s.o.j.p.SpringPersistenceUnitInfo      : No LoadTimeWeaver setup: ignoring JPA class transformer
2026-09-15 16:38:43.094 DEBUG 19848 --- [  restartedMain] com.zaxxer.hikari.HikariConfig           : BusinessAppHikariPool - configuration:
2026-09-15 16:38:43.095 DEBUG 19848 --- [  restartedMain] com.zaxxer.hikari.HikariConfig           : allowPoolSuspension.............false
2026-09-15 16:38:43.095 DEBUG 19848 --- [  restartedMain] com.zaxxer.hikari.HikariConfig           : autoCommit......................true
2026-09-15 16:38:43.095 DEBUG 19848 --- [  restartedMain] com.zaxxer.hikari.HikariConfig           : catalog.........................none
2026-09-15 16:38:43.096 DEBUG 19848 --- [  restartedMain] com.zaxxer.hikari.HikariConfig           : connectionInitSql...............none
2026-09-15 16:38:43.096 DEBUG 19848 --- [  restartedMain] com.zaxxer.hikari.HikariConfig           : connectionTestQuery............."SELECT 1"
2026-09-15 16:38:43.096 DEBUG 19848 --- [  restartedMain] com.zaxxer.hikari.HikariConfig           : connectionTimeout...............20000
2026-09-15 16:38:43.096 DEBUG 19848 --- [  restartedMain] com.zaxxer.hikari.HikariConfig           : dataSource......................none
2026-09-15 16:38:43.096 DEBUG 19848 --- [  restartedMain] com.zaxxer.hikari.HikariConfig           : dataSourceClassName.............none
2026-09-15 16:38:43.096 DEBUG 19848 --- [  restartedMain] com.zaxxer.hikari.HikariConfig           : dataSourceJNDI..................none
2026-09-15 16:38:43.096 DEBUG 19848 --- [  restartedMain] com.zaxxer.hikari.HikariConfig           : dataSourceProperties............{password=<masked>}
2026-09-15 16:38:43.096 DEBUG 19848 --- [  restartedMain] com.zaxxer.hikari.HikariConfig           : driverClassName................."com.mysql.cj.jdbc.Driver"
2026-09-15 16:38:43.096 DEBUG 19848 --- [  restartedMain] com.zaxxer.hikari.HikariConfig           : exceptionOverrideClassName......none
2026-09-15 16:38:43.096 DEBUG 19848 --- [  restartedMain] com.zaxxer.hikari.HikariConfig           : healthCheckProperties...........{}
2026-09-15 16:38:43.096 DEBUG 19848 --- [  restartedMain] com.zaxxer.hikari.HikariConfig           : healthCheckRegistry.............none
2026-09-15 16:38:43.097 DEBUG 19848 --- [  restartedMain] com.zaxxer.hikari.HikariConfig           : idleTimeout.....................600000
2026-09-15 16:38:43.097 DEBUG 19848 --- [  restartedMain] com.zaxxer.hikari.HikariConfig           : initializationFailTimeout.......1
2026-09-15 16:38:43.097 DEBUG 19848 --- [  restartedMain] com.zaxxer.hikari.HikariConfig           : isolateInternalQueries..........false
2026-09-15 16:38:43.097 DEBUG 19848 --- [  restartedMain] com.zaxxer.hikari.HikariConfig           : jdbcUrl.........................jdbc:mysql://localhost:3306/businessapp?createDatabaseIfNotExist=true&useSSL=false&serverTimezone=UTC&allowPublicKeyRetrieval=true
2026-09-15 16:38:43.097 DEBUG 19848 --- [  restartedMain] com.zaxxer.hikari.HikariConfig           : keepaliveTime...................0
2026-09-15 16:38:43.097 DEBUG 19848 --- [  restartedMain] com.zaxxer.hikari.HikariConfig           : leakDetectionThreshold..........0
2026-09-15 16:38:43.097 DEBUG 19848 --- [  restartedMain] com.zaxxer.hikari.HikariConfig           : maxLifetime.....................1800000
2026-09-15 16:38:43.097 DEBUG 19848 --- [  restartedMain] com.zaxxer.hikari.HikariConfig           : maximumPoolSize.................10
2026-09-15 16:38:43.097 DEBUG 19848 --- [  restartedMain] com.zaxxer.hikari.HikariConfig           : metricRegistry..................none
2026-09-15 16:38:43.097 DEBUG 19848 --- [  restartedMain] com.zaxxer.hikari.HikariConfig           : metricsTrackerFactory...........none
2026-09-15 16:38:43.097 DEBUG 19848 --- [  restartedMain] com.zaxxer.hikari.HikariConfig           : minimumIdle.....................5
2026-09-15 16:38:43.098 DEBUG 19848 --- [  restartedMain] com.zaxxer.hikari.HikariConfig           : password........................<masked>
2026-09-15 16:38:43.098 DEBUG 19848 --- [  restartedMain] com.zaxxer.hikari.HikariConfig           : poolName........................"BusinessAppHikariPool"
2026-09-15 16:38:43.098 DEBUG 19848 --- [  restartedMain] com.zaxxer.hikari.HikariConfig           : readOnly........................false
2026-09-15 16:38:43.098 DEBUG 19848 --- [  restartedMain] com.zaxxer.hikari.HikariConfig           : registerMbeans..................false
2026-09-15 16:38:43.098 DEBUG 19848 --- [  restartedMain] com.zaxxer.hikari.HikariConfig           : scheduledExecutor...............none
2026-09-15 16:38:43.098 DEBUG 19848 --- [  restartedMain] com.zaxxer.hikari.HikariConfig           : schema..........................none
2026-09-15 16:38:43.098 DEBUG 19848 --- [  restartedMain] com.zaxxer.hikari.HikariConfig           : threadFactory...................internal
2026-09-15 16:38:43.098 DEBUG 19848 --- [  restartedMain] com.zaxxer.hikari.HikariConfig           : transactionIsolation............default
2026-09-15 16:38:43.098 DEBUG 19848 --- [  restartedMain] com.zaxxer.hikari.HikariConfig           : username........................"root"
2026-09-15 16:38:43.098 DEBUG 19848 --- [  restartedMain] com.zaxxer.hikari.HikariConfig           : validationTimeout...............5000
2026-09-15 16:38:43.099  INFO 19848 --- [  restartedMain] com.zaxxer.hikari.HikariDataSource       : BusinessAppHikariPool - Starting...
2026-09-15 16:38:43.109  INFO 19848 --- [  restartedMain] com.zaxxer.hikari.pool.HikariPool        : BusinessAppHikariPool - Added connection com.mysql.cj.jdbc.ConnectionImpl@4bea39f2
2026-09-15 16:38:43.110  INFO 19848 --- [  restartedMain] com.zaxxer.hikari.HikariDataSource       : BusinessAppHikariPool - Start completed.
2026-09-15 16:38:43.413  INFO 19848 --- [  restartedMain] o.h.e.t.j.p.i.JtaPlatformInitiator       : HHH000489: No JTA platform available (set 'hibernate.transaction.jta.platform' to enable JTA platform integration)
2026-09-15 16:38:43.438 DEBUG 19848 --- [  restartedMain] org.hibernate.SQL                        : 
    alter table businesses 
       modify column description TEXT
2026-09-15 16:38:43.480 DEBUG 19848 --- [  restartedMain] org.hibernate.SQL                        : 
    alter table member_educations 
       modify column description TEXT
2026-09-15 16:38:43.497 DEBUG 19848 --- [  restartedMain] org.hibernate.SQL                        : 
    alter table member_experiences 
       modify column description TEXT
2026-09-15 16:38:43.512 DEBUG 19848 --- [  restartedMain] org.hibernate.SQL                        : 
    alter table members 
       modify column bio TEXT
2026-09-15 16:38:43.549 DEBUG 19848 --- [  restartedMain] org.hibernate.SQL                        : 
    alter table members 
       modify column profile_visibility enum ('CONNECTIONS_ONLY','PRIVATE','PUBLIC') not null
2026-09-15 16:38:43.576 DEBUG 19848 --- [  restartedMain] org.hibernate.SQL                        : 
    alter table members 
       modify column specialization enum ('ACCOUNTING_AUDIT','ASSET_WEALTH_MANAGEMENT','CORPORATE_FINANCE','FINTECH','INSURANCE','INVESTMENT_BANKING','OTHER','PRIVATE_EQUITY_VC','RISK_COMPLIANCE')
2026-09-15 16:38:43.600 DEBUG 19848 --- [  restartedMain] org.hibernate.SQL                        : 
    alter table opportunities 
       modify column description TEXT not null
2026-09-15 16:38:43.620 DEBUG 19848 --- [  restartedMain] org.hibernate.SQL                        : 
    alter table opportunities 
       modify column experience_level enum ('EXECUTIVE','GRADUATE','JUNIOR','MID','SENIOR') not null
2026-09-15 16:38:43.649 DEBUG 19848 --- [  restartedMain] org.hibernate.SQL                        : 
    alter table opportunities 
       modify column specialization enum ('ACCOUNTING_AUDIT','ASSET_WEALTH_MANAGEMENT','CORPORATE_FINANCE','FINTECH','INSURANCE','INVESTMENT_BANKING','OTHER','PRIVATE_EQUITY_VC','RISK_COMPLIANCE') not null
2026-09-15 16:38:43.685 DEBUG 19848 --- [  restartedMain] org.hibernate.SQL                        : 
    alter table opportunities 
       modify column status enum ('CLOSED','DRAFT','PUBLISHED') not null
2026-09-15 16:38:43.711 DEBUG 19848 --- [  restartedMain] org.hibernate.SQL                        : 
    alter table opportunities 
       modify column type enum ('CONTRACT','FULL_TIME','GIG','INTERNSHIP','PART_TIME') not null
2026-09-15 16:38:43.746 DEBUG 19848 --- [  restartedMain] org.hibernate.SQL                        : 
    alter table opportunities 
       modify column work_mode enum ('HYBRID','ONSITE','REMOTE') not null
2026-09-15 16:38:43.779 DEBUG 19848 --- [  restartedMain] org.hibernate.SQL                        : 
    alter table opportunity_qualifications 
       modify column qualification TEXT not null
2026-09-15 16:38:43.793 DEBUG 19848 --- [  restartedMain] org.hibernate.SQL                        : 
    alter table opportunity_responsibilities 
       modify column responsibility TEXT not null
2026-09-15 16:38:43.803 DEBUG 19848 --- [  restartedMain] org.hibernate.SQL                        : 
    alter table users 
       modify column role enum ('ROLE_ADMIN','ROLE_ADVISORY','ROLE_BUSINESS','ROLE_CUSTOMER','ROLE_MEMBERS') not null
2026-09-15 16:38:43.967  INFO 19848 --- [  restartedMain] j.LocalContainerEntityManagerFactoryBean : Initialized JPA EntityManagerFactory for persistence unit 'default'
2026-09-15 16:38:44.081  INFO 19848 --- [  restartedMain] o.s.b.web.servlet.RegistrationBean       : Filter disableJwtAuthFilterRegistration was not registered (disabled)
2026-09-15 16:38:44.117  INFO 19848 --- [  restartedMain] eAuthenticationProviderManagerConfigurer : Global AuthenticationManager configured with AuthenticationProvider bean with name authenticationProvider
2026-09-15 16:38:44.118  WARN 19848 --- [  restartedMain] r$InitializeUserDetailsManagerConfigurer : Global AuthenticationManager configured with an AuthenticationProvider bean. UserDetailsService beans will not be used for username/password login. Consider removing the AuthenticationProvider bean. Alternatively, consider using the UserDetailsService in a manually instantiated DaoAuthenticationProvider.
2026-09-15 16:38:44.309  INFO 19848 --- [  restartedMain] c.e.firstapp.config.AsyncConfig          : Email thread pool initialized: core=2 max=5 queue=50
2026-09-15 16:38:44.377 DEBUG 19848 --- [  restartedMain] o.s.s.web.DefaultSecurityFilterChain     : Will secure any request with filters: DisableEncodeUrlFilter, WebAsyncManagerIntegrationFilter, SecurityContextHolderFilter, HeaderWriterFilter, LogoutFilter, JwtAuthFilter, RequestCacheAwareFilter, SecurityContextHolderAwareRequestFilter, AnonymousAuthenticationFilter, SessionManagementFilter, ExceptionTranslationFilter, AuthorizationFilter
2026-09-15 16:38:44.506  INFO 19848 --- [  restartedMain] o.s.b.d.a.OptionalLiveReloadServer       : LiveReload server is running on port 35729
2026-09-15 16:38:44.525  INFO 19848 --- [  restartedMain] o.s.b.w.e.tomcat.TomcatWebServer         : Tomcat started on port 8080 (http) with context path '/'
2026-09-15 16:38:44.528  INFO 19848 --- [  restartedMain] c.e.firstapp.FirstappApplication         : Started FirstappApplication in 1.766 seconds (process running for 2825.829)
2026-09-15 16:38:44.532  INFO 19848 --- [  restartedMain] .ConditionEvaluationDeltaLoggingListener : Condition evaluation unchanged
2026-09-15 16:40:59.477  INFO 19848 --- [   File Watcher] rtingClassPathChangeChangedEventListener : Restarting due to 1 class path change (0 additions, 0 deletions, 1 modification)
2026-09-15 16:40:59.498  INFO 19848 --- [      Thread-43] j.LocalContainerEntityManagerFactoryBean : Closing JPA EntityManagerFactory for persistence unit 'default'
2026-09-15 16:40:59.499  INFO 19848 --- [      Thread-43] com.zaxxer.hikari.HikariDataSource       : BusinessAppHikariPool - Shutdown initiated...
2026-09-15 16:40:59.500  INFO 19848 --- [      Thread-43] com.zaxxer.hikari.HikariDataSource       : BusinessAppHikariPool - Shutdown completed.
2026-09-15 16:40:59.596  INFO 19848 --- [  restartedMain] c.e.firstapp.FirstappApplication         : Starting FirstappApplication using Java 25.0.3 with PID 19848 (E:\firstapp\firstapp\target\classes started by Dell in E:\firstapp\firstapp)
2026-09-15 16:40:59.597  INFO 19848 --- [  restartedMain] c.e.firstapp.FirstappApplication         : No active profile set, falling back to 1 default profile: "default"
2026-09-15 16:40:59.777  INFO 19848 --- [  restartedMain] .s.d.r.c.RepositoryConfigurationDelegate : Bootstrapping Spring Data JPA repositories in DEFAULT mode.
2026-09-15 16:40:59.805  INFO 19848 --- [  restartedMain] .s.d.r.c.RepositoryConfigurationDelegate : Finished Spring Data repository scanning in 28 ms. Found 8 JPA repository interfaces.
2026-09-15 16:40:59.876  INFO 19848 --- [  restartedMain] o.s.b.w.e.tomcat.TomcatWebServer         : Tomcat initialized with port 8080 (http)
2026-09-15 16:40:59.877  INFO 19848 --- [  restartedMain] o.a.catalina.core.StandardService        : Starting service [Tomcat]
2026-09-15 16:40:59.877  INFO 19848 --- [  restartedMain] o.a.catalina.core.StandardEngine         : Starting Servlet engine: [Apache Tomcat/10.1.42]
2026-09-15 16:40:59.904  INFO 19848 --- [  restartedMain] o.a.c.c.C.[Tomcat].[localhost].[/]       : Initializing Spring embedded WebApplicationContext
2026-09-15 16:40:59.904  INFO 19848 --- [  restartedMain] w.s.c.ServletWebServerApplicationContext : Root WebApplicationContext: initialization completed in 305 ms
2026-09-15 16:40:59.911 DEBUG 19848 --- [  restartedMain] com.zaxxer.hikari.HikariConfig           : Driver class com.mysql.cj.jdbc.Driver found in Thread context class loader TomcatEmbeddedWebappClassLoader
  context: ROOT
  delegate: true
----------> Parent Classloader:
org.springframework.boot.devtools.restart.classloader.RestartClassLoader@7c74fc8d

2026-09-15 16:40:59.929  INFO 19848 --- [  restartedMain] o.h.jpa.internal.util.LogHelper          : HHH000204: Processing PersistenceUnitInfo [name: default]
2026-09-15 16:40:59.932  INFO 19848 --- [  restartedMain] o.h.c.i.RegionFactoryInitiator           : HHH000026: Second-level cache disabled
2026-09-15 16:40:59.937  INFO 19848 --- [  restartedMain] o.s.o.j.p.SpringPersistenceUnitInfo      : No LoadTimeWeaver setup: ignoring JPA class transformer
2026-09-15 16:40:59.939 DEBUG 19848 --- [  restartedMain] com.zaxxer.hikari.HikariConfig           : BusinessAppHikariPool - configuration:
2026-09-15 16:40:59.939 DEBUG 19848 --- [  restartedMain] com.zaxxer.hikari.HikariConfig           : allowPoolSuspension.............false
2026-09-15 16:40:59.939 DEBUG 19848 --- [  restartedMain] com.zaxxer.hikari.HikariConfig           : autoCommit......................true
2026-09-15 16:40:59.939 DEBUG 19848 --- [  restartedMain] com.zaxxer.hikari.HikariConfig           : catalog.........................none
2026-09-15 16:40:59.940 DEBUG 19848 --- [  restartedMain] com.zaxxer.hikari.HikariConfig           : connectionInitSql...............none
2026-09-15 16:40:59.940 DEBUG 19848 --- [  restartedMain] com.zaxxer.hikari.HikariConfig           : connectionTestQuery............."SELECT 1"
2026-09-15 16:40:59.940 DEBUG 19848 --- [  restartedMain] com.zaxxer.hikari.HikariConfig           : connectionTimeout...............20000
2026-09-15 16:40:59.940 DEBUG 19848 --- [  restartedMain] com.zaxxer.hikari.HikariConfig           : dataSource......................none
2026-09-15 16:40:59.940 DEBUG 19848 --- [  restartedMain] com.zaxxer.hikari.HikariConfig           : dataSourceClassName.............none
2026-09-15 16:40:59.940 DEBUG 19848 --- [  restartedMain] com.zaxxer.hikari.HikariConfig           : dataSourceJNDI..................none
2026-09-15 16:40:59.940 DEBUG 19848 --- [  restartedMain] com.zaxxer.hikari.HikariConfig           : dataSourceProperties............{password=<masked>}
2026-09-15 16:40:59.940 DEBUG 19848 --- [  restartedMain] com.zaxxer.hikari.HikariConfig           : driverClassName................."com.mysql.cj.jdbc.Driver"
2026-09-15 16:40:59.940 DEBUG 19848 --- [  restartedMain] com.zaxxer.hikari.HikariConfig           : exceptionOverrideClassName......none
2026-09-15 16:40:59.940 DEBUG 19848 --- [  restartedMain] com.zaxxer.hikari.HikariConfig           : healthCheckProperties...........{}
2026-09-15 16:40:59.940 DEBUG 19848 --- [  restartedMain] com.zaxxer.hikari.HikariConfig           : healthCheckRegistry.............none
2026-09-15 16:40:59.940 DEBUG 19848 --- [  restartedMain] com.zaxxer.hikari.HikariConfig           : idleTimeout.....................600000
2026-09-15 16:40:59.941 DEBUG 19848 --- [  restartedMain] com.zaxxer.hikari.HikariConfig           : initializationFailTimeout.......1
2026-09-15 16:40:59.941 DEBUG 19848 --- [  restartedMain] com.zaxxer.hikari.HikariConfig           : isolateInternalQueries..........false
2026-09-15 16:40:59.941 DEBUG 19848 --- [  restartedMain] com.zaxxer.hikari.HikariConfig           : jdbcUrl.........................jdbc:mysql://localhost:3306/businessapp?createDatabaseIfNotExist=true&useSSL=false&serverTimezone=UTC&allowPublicKeyRetrieval=true
2026-09-15 16:40:59.941 DEBUG 19848 --- [  restartedMain] com.zaxxer.hikari.HikariConfig           : keepaliveTime...................0
2026-09-15 16:40:59.941 DEBUG 19848 --- [  restartedMain] com.zaxxer.hikari.HikariConfig           : leakDetectionThreshold..........0
2026-09-15 16:40:59.941 DEBUG 19848 --- [  restartedMain] com.zaxxer.hikari.HikariConfig           : maxLifetime.....................1800000
2026-09-15 16:40:59.941 DEBUG 19848 --- [  restartedMain] com.zaxxer.hikari.HikariConfig           : maximumPoolSize.................10
2026-09-15 16:40:59.941 DEBUG 19848 --- [  restartedMain] com.zaxxer.hikari.HikariConfig           : metricRegistry..................none
2026-09-15 16:40:59.941 DEBUG 19848 --- [  restartedMain] com.zaxxer.hikari.HikariConfig           : metricsTrackerFactory...........none
2026-09-15 16:40:59.941 DEBUG 19848 --- [  restartedMain] com.zaxxer.hikari.HikariConfig           : minimumIdle.....................5
2026-09-15 16:40:59.941 DEBUG 19848 --- [  restartedMain] com.zaxxer.hikari.HikariConfig           : password........................<masked>
2026-09-15 16:40:59.941 DEBUG 19848 --- [  restartedMain] com.zaxxer.hikari.HikariConfig           : poolName........................"BusinessAppHikariPool"
2026-09-15 16:40:59.941 DEBUG 19848 --- [  restartedMain] com.zaxxer.hikari.HikariConfig           : readOnly........................false
2026-09-15 16:40:59.941 DEBUG 19848 --- [  restartedMain] com.zaxxer.hikari.HikariConfig           : registerMbeans..................false
2026-09-15 16:40:59.941 DEBUG 19848 --- [  restartedMain] com.zaxxer.hikari.HikariConfig           : scheduledExecutor...............none
2026-09-15 16:40:59.941 DEBUG 19848 --- [  restartedMain] com.zaxxer.hikari.HikariConfig           : schema..........................none
2026-09-15 16:40:59.942 DEBUG 19848 --- [  restartedMain] com.zaxxer.hikari.HikariConfig           : threadFactory...................internal
2026-09-15 16:40:59.942 DEBUG 19848 --- [  restartedMain] com.zaxxer.hikari.HikariConfig           : transactionIsolation............default
2026-09-15 16:40:59.942 DEBUG 19848 --- [  restartedMain] com.zaxxer.hikari.HikariConfig           : username........................"root"
2026-09-15 16:40:59.942 DEBUG 19848 --- [  restartedMain] com.zaxxer.hikari.HikariConfig           : validationTimeout...............5000
2026-09-15 16:40:59.942  INFO 19848 --- [  restartedMain] com.zaxxer.hikari.HikariDataSource       : BusinessAppHikariPool - Starting...
2026-09-15 16:40:59.953  INFO 19848 --- [  restartedMain] com.zaxxer.hikari.pool.HikariPool        : BusinessAppHikariPool - Added connection com.mysql.cj.jdbc.ConnectionImpl@77792bc3
2026-09-15 16:40:59.953  INFO 19848 --- [  restartedMain] com.zaxxer.hikari.HikariDataSource       : BusinessAppHikariPool - Start completed.
2026-09-15 16:41:00.113  INFO 19848 --- [  restartedMain] o.h.e.t.j.p.i.JtaPlatformInitiator       : HHH000489: No JTA platform available (set 'hibernate.transaction.jta.platform' to enable JTA platform integration)
2026-09-15 16:41:00.138 DEBUG 19848 --- [  restartedMain] org.hibernate.SQL                        : 
    alter table businesses 
       modify column description TEXT
2026-09-15 16:41:00.164 DEBUG 19848 --- [  restartedMain] org.hibernate.SQL                        : 
    alter table member_educations 
       modify column description TEXT
2026-09-15 16:41:00.175 DEBUG 19848 --- [  restartedMain] org.hibernate.SQL                        : 
    alter table member_experiences 
       modify column description TEXT
2026-09-15 16:41:00.188 DEBUG 19848 --- [  restartedMain] org.hibernate.SQL                        : 
    alter table members 
       modify column bio TEXT
2026-09-15 16:41:00.207 DEBUG 19848 --- [  restartedMain] org.hibernate.SQL                        : 
    alter table members 
       modify column profile_visibility enum ('CONNECTIONS_ONLY','PRIVATE','PUBLIC') not null
2026-09-15 16:41:00.256 DEBUG 19848 --- [  restartedMain] org.hibernate.SQL                        : 
    alter table members 
       modify column specialization enum ('ACCOUNTING_AUDIT','ASSET_WEALTH_MANAGEMENT','CORPORATE_FINANCE','FINTECH','INSURANCE','INVESTMENT_BANKING','OTHER','PRIVATE_EQUITY_VC','RISK_COMPLIANCE')
2026-09-15 16:41:00.303 DEBUG 19848 --- [  restartedMain] org.hibernate.SQL                        : 
    alter table opportunities 
       modify column description TEXT not null
2026-09-15 16:41:00.323 DEBUG 19848 --- [  restartedMain] org.hibernate.SQL                        : 
    alter table opportunities 
       modify column experience_level enum ('EXECUTIVE','GRADUATE','JUNIOR','MID','SENIOR') not null
2026-09-15 16:41:00.338 DEBUG 19848 --- [  restartedMain] org.hibernate.SQL                        : 
    alter table opportunities 
       modify column specialization enum ('ACCOUNTING_AUDIT','ASSET_WEALTH_MANAGEMENT','CORPORATE_FINANCE','FINTECH','INSURANCE','INVESTMENT_BANKING','OTHER','PRIVATE_EQUITY_VC','RISK_COMPLIANCE') not null
2026-09-15 16:41:00.354 DEBUG 19848 --- [  restartedMain] org.hibernate.SQL                        : 
    alter table opportunities 
       modify column status enum ('CLOSED','DRAFT','PUBLISHED') not null
2026-09-15 16:41:00.373 DEBUG 19848 --- [  restartedMain] org.hibernate.SQL                        : 
    alter table opportunities 
       modify column type enum ('CONTRACT','FULL_TIME','GIG','INTERNSHIP','PART_TIME') not null
2026-09-15 16:41:00.390 DEBUG 19848 --- [  restartedMain] org.hibernate.SQL                        : 
    alter table opportunities 
       modify column work_mode enum ('HYBRID','ONSITE','REMOTE') not null
2026-09-15 16:41:00.456 DEBUG 19848 --- [  restartedMain] org.hibernate.SQL                        : 
    alter table opportunity_qualifications 
       modify column qualification TEXT not null
2026-09-15 16:41:00.464 DEBUG 19848 --- [  restartedMain] org.hibernate.SQL                        : 
    alter table opportunity_responsibilities 
       modify column responsibility TEXT not null
2026-09-15 16:41:00.472 DEBUG 19848 --- [  restartedMain] org.hibernate.SQL                        : 
    alter table users 
       modify column role enum ('ROLE_ADMIN','ROLE_ADVISORY','ROLE_BUSINESS','ROLE_CUSTOMER','ROLE_MEMBERS') not null
2026-09-15 16:41:00.561  INFO 19848 --- [  restartedMain] j.LocalContainerEntityManagerFactoryBean : Initialized JPA EntityManagerFactory for persistence unit 'default'
2026-09-15 16:41:00.638  INFO 19848 --- [  restartedMain] o.s.b.web.servlet.RegistrationBean       : Filter disableJwtAuthFilterRegistration was not registered (disabled)
2026-09-15 16:41:00.687  INFO 19848 --- [  restartedMain] eAuthenticationProviderManagerConfigurer : Global AuthenticationManager configured with AuthenticationProvider bean with name authenticationProvider
2026-09-15 16:41:00.687  WARN 19848 --- [  restartedMain] r$InitializeUserDetailsManagerConfigurer : Global AuthenticationManager configured with an AuthenticationProvider bean. UserDetailsService beans will not be used for username/password login. Consider removing the AuthenticationProvider bean. Alternatively, consider using the UserDetailsService in a manually instantiated DaoAuthenticationProvider.
2026-09-15 16:41:00.738  WARN 19848 --- [  restartedMain] ConfigServletWebServerApplicationContext : Exception encountered during context initialization - cancelling refresh attempt: org.springframework.beans.factory.UnsatisfiedDependencyException: Error creating bean with name 'memberProfileController' defined in file [E:\firstapp\firstapp\target\classes\com\example\firstapp\controller\MemberProfileController.class]: Unsatisfied dependency expressed through constructor parameter 0: Error creating bean with name 'memberService': Lookup method resolution failed
2026-09-15 16:41:00.739  INFO 19848 --- [  restartedMain] j.LocalContainerEntityManagerFactoryBean : Closing JPA EntityManagerFactory for persistence unit 'default'
2026-09-15 16:41:00.739  INFO 19848 --- [  restartedMain] com.zaxxer.hikari.HikariDataSource       : BusinessAppHikariPool - Shutdown initiated...
2026-09-15 16:41:00.742  INFO 19848 --- [  restartedMain] com.zaxxer.hikari.HikariDataSource       : BusinessAppHikariPool - Shutdown completed.
2026-09-15 16:41:00.742  INFO 19848 --- [  restartedMain] o.a.catalina.core.StandardService        : Stopping service [Tomcat]
2026-09-15 16:41:00.753  INFO 19848 --- [  restartedMain] .s.b.a.l.ConditionEvaluationReportLogger : 

Error starting ApplicationContext. To display the condition evaluation report re-run your application with 'debug' enabled.
2026-09-15 16:41:00.783 ERROR 19848 --- [  restartedMain] o.s.boot.SpringApplication               : Application run failed
org.springframework.beans.factory.UnsatisfiedDependencyException: Error creating bean with name 'memberProfileController' defined in file [E:\firstapp\firstapp\target\classes\com\example\firstapp\controller\MemberProfileController.class]: Unsatisfied dependency expressed through constructor parameter 0: Error creating bean with name 'memberService': Lookup method resolution failed
	at org.springframework.beans.factory.support.ConstructorResolver.createArgumentArray(ConstructorResolver.java:795) ~[spring-beans-6.1.21.jar:6.1.21]
	at org.springframework.beans.factory.support.ConstructorResolver.autowireConstructor(ConstructorResolver.java:237) ~[spring-beans-6.1.21.jar:6.1.21]
	at org.springframework.beans.factory.support.AbstractAutowireCapableBeanFactory.autowireConstructor(AbstractAutowireCapableBeanFactory.java:1375) ~[spring-beans-6.1.21.jar:6.1.21]
	at org.springframework.beans.factory.support.AbstractAutowireCapableBeanFactory.createBeanInstance(AbstractAutowireCapableBeanFactory.java:1212) ~[spring-beans-6.1.21.jar:6.1.21]
	at org.springframework.beans.factory.support.AbstractAutowireCapableBeanFactory.doCreateBean(AbstractAutowireCapableBeanFactory.java:562) ~[spring-beans-6.1.21.jar:6.1.21]
	at org.springframework.beans.factory.support.AbstractAutowireCapableBeanFactory.createBean(AbstractAutowireCapableBeanFactory.java:522) ~[spring-beans-6.1.21.jar:6.1.21]
	at org.springframework.beans.factory.support.AbstractBeanFactory.lambda$doGetBean$0(AbstractBeanFactory.java:337) ~[spring-beans-6.1.21.jar:6.1.21]
	at org.springframework.beans.factory.support.DefaultSingletonBeanRegistry.getSingleton(DefaultSingletonBeanRegistry.java:234) ~[spring-beans-6.1.21.jar:6.1.21]
	at org.springframework.beans.factory.support.AbstractBeanFactory.doGetBean(AbstractBeanFactory.java:335) ~[spring-beans-6.1.21.jar:6.1.21]
	at org.springframework.beans.factory.support.AbstractBeanFactory.getBean(AbstractBeanFactory.java:200) ~[spring-beans-6.1.21.jar:6.1.21]
	at org.springframework.beans.factory.support.DefaultListableBeanFactory.preInstantiateSingletons(DefaultListableBeanFactory.java:975) ~[spring-beans-6.1.21.jar:6.1.21]
	at org.springframework.context.support.AbstractApplicationContext.finishBeanFactoryInitialization(AbstractApplicationContext.java:971) ~[spring-context-6.1.21.jar:6.1.21]
	at org.springframework.context.support.AbstractApplicationContext.refresh(AbstractApplicationContext.java:625) ~[spring-context-6.1.21.jar:6.1.21]
	at org.springframework.boot.web.servlet.context.ServletWebServerApplicationContext.refresh(ServletWebServerApplicationContext.java:146) ~[spring-boot-3.3.13.jar:3.3.13]
	at org.springframework.boot.SpringApplication.refresh(SpringApplication.java:754) ~[spring-boot-3.3.13.jar:3.3.13]
	at org.springframework.boot.SpringApplication.refreshContext(SpringApplication.java:456) ~[spring-boot-3.3.13.jar:3.3.13]
	at org.springframework.boot.SpringApplication.run(SpringApplication.java:335) ~[spring-boot-3.3.13.jar:3.3.13]
	at org.springframework.boot.SpringApplication.run(SpringApplication.java:1363) ~[spring-boot-3.3.13.jar:3.3.13]
	at org.springframework.boot.SpringApplication.run(SpringApplication.java:1352) ~[spring-boot-3.3.13.jar:3.3.13]
	at com.example.firstapp.FirstappApplication.main(FirstappApplication.java:10) ~[classes/:na]
	at java.base/jdk.internal.reflect.DirectMethodHandleAccessor.invoke(DirectMethodHandleAccessor.java:104) ~[na:na]
	at java.base/java.lang.reflect.Method.invoke(Method.java:565) ~[na:na]
	at org.springframework.boot.devtools.restart.RestartLauncher.run(RestartLauncher.java:50) ~[spring-boot-devtools-3.3.13.jar:3.3.13]
Caused by: org.springframework.beans.factory.BeanCreationException: Error creating bean with name 'memberService': Lookup method resolution failed
	at org.springframework.beans.factory.annotation.AutowiredAnnotationBeanPostProcessor.checkLookupMethods(AutowiredAnnotationBeanPostProcessor.java:498) ~[spring-beans-6.1.21.jar:6.1.21]
	at org.springframework.beans.factory.annotation.AutowiredAnnotationBeanPostProcessor.determineCandidateConstructors(AutowiredAnnotationBeanPostProcessor.java:368) ~[spring-beans-6.1.21.jar:6.1.21]
	at org.springframework.beans.factory.support.AbstractAutowireCapableBeanFactory.determineConstructorsFromBeanPostProcessors(AbstractAutowireCapableBeanFactory.java:1314) ~[spring-beans-6.1.21.jar:6.1.21]
	at org.springframework.beans.factory.support.AbstractAutowireCapableBeanFactory.createBeanInstance(AbstractAutowireCapableBeanFactory.java:1209) ~[spring-beans-6.1.21.jar:6.1.21]
	at org.springframework.beans.factory.support.AbstractAutowireCapableBeanFactory.doCreateBean(AbstractAutowireCapableBeanFactory.java:562) ~[spring-beans-6.1.21.jar:6.1.21]
	at org.springframework.beans.factory.support.AbstractAutowireCapableBeanFactory.createBean(AbstractAutowireCapableBeanFactory.java:522) ~[spring-beans-6.1.21.jar:6.1.21]
	at org.springframework.beans.factory.support.AbstractBeanFactory.lambda$doGetBean$0(AbstractBeanFactory.java:337) ~[spring-beans-6.1.21.jar:6.1.21]
	at org.springframework.beans.factory.support.DefaultSingletonBeanRegistry.getSingleton(DefaultSingletonBeanRegistry.java:234) ~[spring-beans-6.1.21.jar:6.1.21]
	at org.springframework.beans.factory.support.AbstractBeanFactory.doGetBean(AbstractBeanFactory.java:335) ~[spring-beans-6.1.21.jar:6.1.21]
	at org.springframework.beans.factory.support.AbstractBeanFactory.getBean(AbstractBeanFactory.java:200) ~[spring-beans-6.1.21.jar:6.1.21]
	at org.springframework.beans.factory.config.DependencyDescriptor.resolveCandidate(DependencyDescriptor.java:254) ~[spring-beans-6.1.21.jar:6.1.21]
	at org.springframework.beans.factory.support.DefaultListableBeanFactory.doResolveDependency(DefaultListableBeanFactory.java:1448) ~[spring-beans-6.1.21.jar:6.1.21]
	at org.springframework.beans.factory.support.DefaultListableBeanFactory.resolveDependency(DefaultListableBeanFactory.java:1358) ~[spring-beans-6.1.21.jar:6.1.21]
	at org.springframework.beans.factory.support.ConstructorResolver.resolveAutowiredArgument(ConstructorResolver.java:904) ~[spring-beans-6.1.21.jar:6.1.21]
	at org.springframework.beans.factory.support.ConstructorResolver.createArgumentArray(ConstructorResolver.java:782) ~[spring-beans-6.1.21.jar:6.1.21]
	... 22 common frames omitted
Caused by: java.lang.IllegalStateException: Failed to introspect Class [com.example.firstapp.service.Member.MemberService] from ClassLoader [org.springframework.boot.devtools.restart.classloader.RestartClassLoader@7c74fc8d]
	at org.springframework.util.ReflectionUtils.getDeclaredMethods(ReflectionUtils.java:483) ~[spring-core-6.1.21.jar:6.1.21]
	at org.springframework.util.ReflectionUtils.doWithLocalMethods(ReflectionUtils.java:320) ~[spring-core-6.1.21.jar:6.1.21]
	at org.springframework.beans.factory.annotation.AutowiredAnnotationBeanPostProcessor.checkLookupMethods(AutowiredAnnotationBeanPostProcessor.java:476) ~[spring-beans-6.1.21.jar:6.1.21]
	... 36 common frames omitted
Caused by: java.lang.NoClassDefFoundError: MemberResponse
	at java.base/java.lang.Class.getDeclaredMethods0(Native Method) ~[na:na]
	at java.base/java.lang.Class.privateGetDeclaredMethods(Class.java:3010) ~[na:na]
	at java.base/java.lang.Class.getDeclaredMethods(Class.java:2329) ~[na:na]
	at org.springframework.util.ReflectionUtils.getDeclaredMethods(ReflectionUtils.java:465) ~[spring-core-6.1.21.jar:6.1.21]
	... 38 common frames omitted
Caused by: java.lang.ClassNotFoundException: MemberResponse
	at java.base/jdk.internal.loader.BuiltinClassLoader.loadClass(BuiltinClassLoader.java:580) ~[na:na]
	at java.base/java.lang.ClassLoader.loadClass(ClassLoader.java:490) ~[na:na]
	at java.base/java.lang.Class.forName0(Native Method) ~[na:na]
	at java.base/java.lang.Class.forName(Class.java:547) ~[na:na]
	at org.springframework.boot.devtools.restart.classloader.RestartClassLoader.loadClass(RestartClassLoader.java:121) ~[spring-boot-devtools-3.3.13.jar:3.3.13]
	at java.base/java.lang.ClassLoader.loadClass(ClassLoader.java:490) ~[na:na]
	... 42 common frames omitted
2026-09-15 16:44:45.019  INFO 19848 --- [  restartedMain] c.e.firstapp.FirstappApplication         : Starting FirstappApplication using Java 25.0.3 with PID 19848 (E:\firstapp\firstapp\target\classes started by Dell in E:\firstapp\firstapp)
2026-09-15 16:44:45.021  INFO 19848 --- [  restartedMain] c.e.firstapp.FirstappApplication         : No active profile set, falling back to 1 default profile: "default"
2026-09-15 16:44:45.278  INFO 19848 --- [  restartedMain] .s.d.r.c.RepositoryConfigurationDelegate : Bootstrapping Spring Data JPA repositories in DEFAULT mode.
2026-09-15 16:44:45.314  INFO 19848 --- [  restartedMain] .s.d.r.c.RepositoryConfigurationDelegate : Finished Spring Data repository scanning in 35 ms. Found 8 JPA repository interfaces.
2026-09-15 16:44:45.422  INFO 19848 --- [  restartedMain] o.s.b.w.e.tomcat.TomcatWebServer         : Tomcat initialized with port 8080 (http)
2026-09-15 16:44:45.430  INFO 19848 --- [  restartedMain] o.a.catalina.core.StandardService        : Starting service [Tomcat]
2026-09-15 16:44:45.430  INFO 19848 --- [  restartedMain] o.a.catalina.core.StandardEngine         : Starting Servlet engine: [Apache Tomcat/10.1.42]
2026-09-15 16:44:45.502  INFO 19848 --- [  restartedMain] o.a.c.c.C.[Tomcat-1].[localhost].[/]     : Initializing Spring embedded WebApplicationContext
2026-09-15 16:44:45.503  INFO 19848 --- [  restartedMain] w.s.c.ServletWebServerApplicationContext : Root WebApplicationContext: initialization completed in 477 ms
2026-09-15 16:44:45.535 DEBUG 19848 --- [  restartedMain] com.zaxxer.hikari.HikariConfig           : Driver class com.mysql.cj.jdbc.Driver found in Thread context class loader TomcatEmbeddedWebappClassLoader
  context: ROOT
  delegate: true
----------> Parent Classloader:
org.springframework.boot.devtools.restart.classloader.RestartClassLoader@666a47c3

2026-09-15 16:44:45.557  INFO 19848 --- [  restartedMain] o.h.jpa.internal.util.LogHelper          : HHH000204: Processing PersistenceUnitInfo [name: default]
2026-09-15 16:44:45.560  INFO 19848 --- [  restartedMain] o.h.c.i.RegionFactoryInitiator           : HHH000026: Second-level cache disabled
2026-09-15 16:44:45.571  INFO 19848 --- [  restartedMain] o.s.o.j.p.SpringPersistenceUnitInfo      : No LoadTimeWeaver setup: ignoring JPA class transformer
2026-09-15 16:44:45.571 DEBUG 19848 --- [  restartedMain] com.zaxxer.hikari.HikariConfig           : BusinessAppHikariPool - configuration:
2026-09-15 16:44:45.572 DEBUG 19848 --- [  restartedMain] com.zaxxer.hikari.HikariConfig           : allowPoolSuspension.............false
2026-09-15 16:44:45.573 DEBUG 19848 --- [  restartedMain] com.zaxxer.hikari.HikariConfig           : autoCommit......................true
2026-09-15 16:44:45.573 DEBUG 19848 --- [  restartedMain] com.zaxxer.hikari.HikariConfig           : catalog.........................none
2026-09-15 16:44:45.573 DEBUG 19848 --- [  restartedMain] com.zaxxer.hikari.HikariConfig           : connectionInitSql...............none
2026-09-15 16:44:45.573 DEBUG 19848 --- [  restartedMain] com.zaxxer.hikari.HikariConfig           : connectionTestQuery............."SELECT 1"
2026-09-15 16:44:45.573 DEBUG 19848 --- [  restartedMain] com.zaxxer.hikari.HikariConfig           : connectionTimeout...............20000
2026-09-15 16:44:45.573 DEBUG 19848 --- [  restartedMain] com.zaxxer.hikari.HikariConfig           : dataSource......................none
2026-09-15 16:44:45.573 DEBUG 19848 --- [  restartedMain] com.zaxxer.hikari.HikariConfig           : dataSourceClassName.............none
2026-09-15 16:44:45.573 DEBUG 19848 --- [  restartedMain] com.zaxxer.hikari.HikariConfig           : dataSourceJNDI..................none
2026-09-15 16:44:45.573 DEBUG 19848 --- [  restartedMain] com.zaxxer.hikari.HikariConfig           : dataSourceProperties............{password=<masked>}
2026-09-15 16:44:45.573 DEBUG 19848 --- [  restartedMain] com.zaxxer.hikari.HikariConfig           : driverClassName................."com.mysql.cj.jdbc.Driver"
2026-09-15 16:44:45.573 DEBUG 19848 --- [  restartedMain] com.zaxxer.hikari.HikariConfig           : exceptionOverrideClassName......none
2026-09-15 16:44:45.573 DEBUG 19848 --- [  restartedMain] com.zaxxer.hikari.HikariConfig           : healthCheckProperties...........{}
2026-09-15 16:44:45.573 DEBUG 19848 --- [  restartedMain] com.zaxxer.hikari.HikariConfig           : healthCheckRegistry.............none
2026-09-15 16:44:45.573 DEBUG 19848 --- [  restartedMain] com.zaxxer.hikari.HikariConfig           : idleTimeout.....................600000
2026-09-15 16:44:45.573 DEBUG 19848 --- [  restartedMain] com.zaxxer.hikari.HikariConfig           : initializationFailTimeout.......1
2026-09-15 16:44:45.574 DEBUG 19848 --- [  restartedMain] com.zaxxer.hikari.HikariConfig           : isolateInternalQueries..........false
2026-09-15 16:44:45.574 DEBUG 19848 --- [  restartedMain] com.zaxxer.hikari.HikariConfig           : jdbcUrl.........................jdbc:mysql://localhost:3306/businessapp?createDatabaseIfNotExist=true&useSSL=false&serverTimezone=UTC&allowPublicKeyRetrieval=true
2026-09-15 16:44:45.574 DEBUG 19848 --- [  restartedMain] com.zaxxer.hikari.HikariConfig           : keepaliveTime...................0
2026-09-15 16:44:45.574 DEBUG 19848 --- [  restartedMain] com.zaxxer.hikari.HikariConfig           : leakDetectionThreshold..........0
2026-09-15 16:44:45.574 DEBUG 19848 --- [  restartedMain] com.zaxxer.hikari.HikariConfig           : maxLifetime.....................1800000
2026-09-15 16:44:45.574 DEBUG 19848 --- [  restartedMain] com.zaxxer.hikari.HikariConfig           : maximumPoolSize.................10
2026-09-15 16:44:45.574 DEBUG 19848 --- [  restartedMain] com.zaxxer.hikari.HikariConfig           : metricRegistry..................none
2026-09-15 16:44:45.574 DEBUG 19848 --- [  restartedMain] com.zaxxer.hikari.HikariConfig           : metricsTrackerFactory...........none
2026-09-15 16:44:45.574 DEBUG 19848 --- [  restartedMain] com.zaxxer.hikari.HikariConfig           : minimumIdle.....................5
2026-09-15 16:44:45.574 DEBUG 19848 --- [  restartedMain] com.zaxxer.hikari.HikariConfig           : password........................<masked>
2026-09-15 16:44:45.574 DEBUG 19848 --- [  restartedMain] com.zaxxer.hikari.HikariConfig           : poolName........................"BusinessAppHikariPool"
2026-09-15 16:44:45.574 DEBUG 19848 --- [  restartedMain] com.zaxxer.hikari.HikariConfig           : readOnly........................false
2026-09-15 16:44:45.574 DEBUG 19848 --- [  restartedMain] com.zaxxer.hikari.HikariConfig           : registerMbeans..................false
2026-09-15 16:44:45.574 DEBUG 19848 --- [  restartedMain] com.zaxxer.hikari.HikariConfig           : scheduledExecutor...............none
2026-09-15 16:44:45.574 DEBUG 19848 --- [  restartedMain] com.zaxxer.hikari.HikariConfig           : schema..........................none
2026-09-15 16:44:45.574 DEBUG 19848 --- [  restartedMain] com.zaxxer.hikari.HikariConfig           : threadFactory...................internal
2026-09-15 16:44:45.574 DEBUG 19848 --- [  restartedMain] com.zaxxer.hikari.HikariConfig           : transactionIsolation............default
2026-09-15 16:44:45.574 DEBUG 19848 --- [  restartedMain] com.zaxxer.hikari.HikariConfig           : username........................"root"
2026-09-15 16:44:45.574 DEBUG 19848 --- [  restartedMain] com.zaxxer.hikari.HikariConfig           : validationTimeout...............5000
2026-09-15 16:44:45.574  INFO 19848 --- [  restartedMain] com.zaxxer.hikari.HikariDataSource       : BusinessAppHikariPool - Starting...
2026-09-15 16:44:45.587  INFO 19848 --- [  restartedMain] com.zaxxer.hikari.pool.HikariPool        : BusinessAppHikariPool - Added connection com.mysql.cj.jdbc.ConnectionImpl@7d962946
2026-09-15 16:44:45.588  INFO 19848 --- [  restartedMain] com.zaxxer.hikari.HikariDataSource       : BusinessAppHikariPool - Start completed.
2026-09-15 16:44:45.755  INFO 19848 --- [  restartedMain] o.h.e.t.j.p.i.JtaPlatformInitiator       : HHH000489: No JTA platform available (set 'hibernate.transaction.jta.platform' to enable JTA platform integration)
2026-09-15 16:44:45.779 DEBUG 19848 --- [  restartedMain] org.hibernate.SQL                        : 
    alter table businesses 
       modify column description TEXT
2026-09-15 16:44:45.828 DEBUG 19848 --- [  restartedMain] org.hibernate.SQL                        : 
    alter table member_educations 
       modify column description TEXT
2026-09-15 16:44:45.840 DEBUG 19848 --- [  restartedMain] org.hibernate.SQL                        : 
    alter table member_experiences 
       modify column description TEXT
2026-09-15 16:44:45.853 DEBUG 19848 --- [  restartedMain] org.hibernate.SQL                        : 
    alter table members 
       modify column bio TEXT
2026-09-15 16:44:45.876 DEBUG 19848 --- [  restartedMain] org.hibernate.SQL                        : 
    alter table members 
       modify column profile_visibility enum ('CONNECTIONS_ONLY','PRIVATE','PUBLIC') not null
2026-09-15 16:44:45.903 DEBUG 19848 --- [  restartedMain] org.hibernate.SQL                        : 
    alter table members 
       modify column specialization enum ('ACCOUNTING_AUDIT','ASSET_WEALTH_MANAGEMENT','CORPORATE_FINANCE','FINTECH','INSURANCE','INVESTMENT_BANKING','OTHER','PRIVATE_EQUITY_VC','RISK_COMPLIANCE')
2026-09-15 16:44:45.930 DEBUG 19848 --- [  restartedMain] org.hibernate.SQL                        : 
    alter table opportunities 
       modify column description TEXT not null
2026-09-15 16:44:45.954 DEBUG 19848 --- [  restartedMain] org.hibernate.SQL                        : 
    alter table opportunities 
       modify column experience_level enum ('EXECUTIVE','GRADUATE','JUNIOR','MID','SENIOR') not null
2026-09-15 16:44:45.980 DEBUG 19848 --- [  restartedMain] org.hibernate.SQL                        : 
    alter table opportunities 
       modify column specialization enum ('ACCOUNTING_AUDIT','ASSET_WEALTH_MANAGEMENT','CORPORATE_FINANCE','FINTECH','INSURANCE','INVESTMENT_BANKING','OTHER','PRIVATE_EQUITY_VC','RISK_COMPLIANCE') not null
2026-09-15 16:44:46.011 DEBUG 19848 --- [  restartedMain] org.hibernate.SQL                        : 
    alter table opportunities 
       modify column status enum ('CLOSED','DRAFT','PUBLISHED') not null
2026-09-15 16:44:46.040 DEBUG 19848 --- [  restartedMain] org.hibernate.SQL                        : 
    alter table opportunities 
       modify column type enum ('CONTRACT','FULL_TIME','GIG','INTERNSHIP','PART_TIME') not null
2026-09-15 16:44:46.071 DEBUG 19848 --- [  restartedMain] org.hibernate.SQL                        : 
    alter table opportunities 
       modify column work_mode enum ('HYBRID','ONSITE','REMOTE') not null
2026-09-15 16:44:46.101 DEBUG 19848 --- [  restartedMain] org.hibernate.SQL                        : 
    alter table opportunity_qualifications 
       modify column qualification TEXT not null
2026-09-15 16:44:46.112 DEBUG 19848 --- [  restartedMain] org.hibernate.SQL                        : 
    alter table opportunity_responsibilities 
       modify column responsibility TEXT not null
2026-09-15 16:44:46.124 DEBUG 19848 --- [  restartedMain] org.hibernate.SQL                        : 
    alter table users 
       modify column role enum ('ROLE_ADMIN','ROLE_ADVISORY','ROLE_BUSINESS','ROLE_CUSTOMER','ROLE_MEMBERS') not null
2026-09-15 16:44:46.229  INFO 19848 --- [  restartedMain] j.LocalContainerEntityManagerFactoryBean : Initialized JPA EntityManagerFactory for persistence unit 'default'
2026-09-15 16:44:46.321  INFO 19848 --- [  restartedMain] o.s.b.web.servlet.RegistrationBean       : Filter disableJwtAuthFilterRegistration was not registered (disabled)
2026-09-15 16:44:46.403  INFO 19848 --- [  restartedMain] eAuthenticationProviderManagerConfigurer : Global AuthenticationManager configured with AuthenticationProvider bean with name authenticationProvider
2026-09-15 16:44:46.404  WARN 19848 --- [  restartedMain] r$InitializeUserDetailsManagerConfigurer : Global AuthenticationManager configured with an AuthenticationProvider bean. UserDetailsService beans will not be used for username/password login. Consider removing the AuthenticationProvider bean. Alternatively, consider using the UserDetailsService in a manually instantiated DaoAuthenticationProvider.
2026-09-15 16:44:46.508  INFO 19848 --- [  restartedMain] c.e.firstapp.config.AsyncConfig          : Email thread pool initialized: core=2 max=5 queue=50
2026-09-15 16:44:46.559 DEBUG 19848 --- [  restartedMain] o.s.s.web.DefaultSecurityFilterChain     : Will secure any request with filters: DisableEncodeUrlFilter, WebAsyncManagerIntegrationFilter, SecurityContextHolderFilter, HeaderWriterFilter, LogoutFilter, JwtAuthFilter, RequestCacheAwareFilter, SecurityContextHolderAwareRequestFilter, AnonymousAuthenticationFilter, SessionManagementFilter, ExceptionTranslationFilter, AuthorizationFilter
2026-09-15 16:44:46.596  INFO 19848 --- [  restartedMain] o.s.b.d.a.OptionalLiveReloadServer       : LiveReload server is running on port 35729
2026-09-15 16:44:46.607  INFO 19848 --- [  restartedMain] o.s.b.w.e.tomcat.TomcatWebServer         : Tomcat started on port 8080 (http) with context path '/'
2026-09-15 16:44:46.610  INFO 19848 --- [  restartedMain] c.e.firstapp.FirstappApplication         : Started FirstappApplication in 1.667 seconds (process running for 3187.912)
2026-09-15 16:44:46.611  INFO 19848 --- [  restartedMain] .ConditionEvaluationDeltaLoggingListener : Condition evaluation unchanged
2026-09-15 16:45:01.189  INFO 19848 --- [   File Watcher] rtingClassPathChangeChangedEventListener : Restarting due to 1 class path change (0 additions, 0 deletions, 1 modification)
2026-09-15 16:45:01.209  INFO 19848 --- [      Thread-47] j.LocalContainerEntityManagerFactoryBean : Closing JPA EntityManagerFactory for persistence unit 'default'
2026-09-15 16:45:01.209  INFO 19848 --- [      Thread-47] com.zaxxer.hikari.HikariDataSource       : BusinessAppHikariPool - Shutdown initiated...
2026-09-15 16:45:01.212  INFO 19848 --- [      Thread-47] com.zaxxer.hikari.HikariDataSource       : BusinessAppHikariPool - Shutdown completed.
2026-09-15 16:45:01.335  INFO 19848 --- [  restartedMain] c.e.firstapp.FirstappApplication         : Starting FirstappApplication using Java 25.0.3 with PID 19848 (E:\firstapp\firstapp\target\classes started by Dell in E:\firstapp\firstapp)
2026-09-15 16:45:01.335  INFO 19848 --- [  restartedMain] c.e.firstapp.FirstappApplication         : No active profile set, falling back to 1 default profile: "default"
2026-09-15 16:45:01.505  INFO 19848 --- [  restartedMain] .s.d.r.c.RepositoryConfigurationDelegate : Bootstrapping Spring Data JPA repositories in DEFAULT mode.
2026-09-15 16:45:01.531  INFO 19848 --- [  restartedMain] .s.d.r.c.RepositoryConfigurationDelegate : Finished Spring Data repository scanning in 25 ms. Found 8 JPA repository interfaces.
2026-09-15 16:45:01.611  INFO 19848 --- [  restartedMain] o.s.b.w.e.tomcat.TomcatWebServer         : Tomcat initialized with port 8080 (http)
2026-09-15 16:45:01.611  INFO 19848 --- [  restartedMain] o.a.catalina.core.StandardService        : Starting service [Tomcat]
2026-09-15 16:45:01.611  INFO 19848 --- [  restartedMain] o.a.catalina.core.StandardEngine         : Starting Servlet engine: [Apache Tomcat/10.1.42]
2026-09-15 16:45:01.644  INFO 19848 --- [  restartedMain] o.a.c.c.C.[Tomcat-1].[localhost].[/]     : Initializing Spring embedded WebApplicationContext
2026-09-15 16:45:01.644  INFO 19848 --- [  restartedMain] w.s.c.ServletWebServerApplicationContext : Root WebApplicationContext: initialization completed in 303 ms
2026-09-15 16:45:01.659 DEBUG 19848 --- [  restartedMain] com.zaxxer.hikari.HikariConfig           : Driver class com.mysql.cj.jdbc.Driver found in Thread context class loader TomcatEmbeddedWebappClassLoader
  context: ROOT
  delegate: true
----------> Parent Classloader:
org.springframework.boot.devtools.restart.classloader.RestartClassLoader@226c02b6

2026-09-15 16:45:01.695  INFO 19848 --- [  restartedMain] o.h.jpa.internal.util.LogHelper          : HHH000204: Processing PersistenceUnitInfo [name: default]
2026-09-15 16:45:01.697  INFO 19848 --- [  restartedMain] o.h.c.i.RegionFactoryInitiator           : HHH000026: Second-level cache disabled
2026-09-15 16:45:01.712  INFO 19848 --- [  restartedMain] o.s.o.j.p.SpringPersistenceUnitInfo      : No LoadTimeWeaver setup: ignoring JPA class transformer
2026-09-15 16:45:01.713 DEBUG 19848 --- [  restartedMain] com.zaxxer.hikari.HikariConfig           : BusinessAppHikariPool - configuration:
2026-09-15 16:45:01.713 DEBUG 19848 --- [  restartedMain] com.zaxxer.hikari.HikariConfig           : allowPoolSuspension.............false
2026-09-15 16:45:01.714 DEBUG 19848 --- [  restartedMain] com.zaxxer.hikari.HikariConfig           : autoCommit......................true
2026-09-15 16:45:01.714 DEBUG 19848 --- [  restartedMain] com.zaxxer.hikari.HikariConfig           : catalog.........................none
2026-09-15 16:45:01.714 DEBUG 19848 --- [  restartedMain] com.zaxxer.hikari.HikariConfig           : connectionInitSql...............none
2026-09-15 16:45:01.714 DEBUG 19848 --- [  restartedMain] com.zaxxer.hikari.HikariConfig           : connectionTestQuery............."SELECT 1"
2026-09-15 16:45:01.714 DEBUG 19848 --- [  restartedMain] com.zaxxer.hikari.HikariConfig           : connectionTimeout...............20000
2026-09-15 16:45:01.714 DEBUG 19848 --- [  restartedMain] com.zaxxer.hikari.HikariConfig           : dataSource......................none
2026-09-15 16:45:01.714 DEBUG 19848 --- [  restartedMain] com.zaxxer.hikari.HikariConfig           : dataSourceClassName.............none
2026-09-15 16:45:01.714 DEBUG 19848 --- [  restartedMain] com.zaxxer.hikari.HikariConfig           : dataSourceJNDI..................none
2026-09-15 16:45:01.714 DEBUG 19848 --- [  restartedMain] com.zaxxer.hikari.HikariConfig           : dataSourceProperties............{password=<masked>}
2026-09-15 16:45:01.714 DEBUG 19848 --- [  restartedMain] com.zaxxer.hikari.HikariConfig           : driverClassName................."com.mysql.cj.jdbc.Driver"
2026-09-15 16:45:01.714 DEBUG 19848 --- [  restartedMain] com.zaxxer.hikari.HikariConfig           : exceptionOverrideClassName......none
2026-09-15 16:45:01.715 DEBUG 19848 --- [  restartedMain] com.zaxxer.hikari.HikariConfig           : healthCheckProperties...........{}
2026-09-15 16:45:01.715 DEBUG 19848 --- [  restartedMain] com.zaxxer.hikari.HikariConfig           : healthCheckRegistry.............none
2026-09-15 16:45:01.715 DEBUG 19848 --- [  restartedMain] com.zaxxer.hikari.HikariConfig           : idleTimeout.....................600000
2026-09-15 16:45:01.715 DEBUG 19848 --- [  restartedMain] com.zaxxer.hikari.HikariConfig           : initializationFailTimeout.......1
2026-09-15 16:45:01.715 DEBUG 19848 --- [  restartedMain] com.zaxxer.hikari.HikariConfig           : isolateInternalQueries..........false
2026-09-15 16:45:01.716 DEBUG 19848 --- [  restartedMain] com.zaxxer.hikari.HikariConfig           : jdbcUrl.........................jdbc:mysql://localhost:3306/businessapp?createDatabaseIfNotExist=true&useSSL=false&serverTimezone=UTC&allowPublicKeyRetrieval=true
2026-09-15 16:45:01.716 DEBUG 19848 --- [  restartedMain] com.zaxxer.hikari.HikariConfig           : keepaliveTime...................0
2026-09-15 16:45:01.716 DEBUG 19848 --- [  restartedMain] com.zaxxer.hikari.HikariConfig           : leakDetectionThreshold..........0
2026-09-15 16:45:01.717 DEBUG 19848 --- [  restartedMain] com.zaxxer.hikari.HikariConfig           : maxLifetime.....................1800000
2026-09-15 16:45:01.717 DEBUG 19848 --- [  restartedMain] com.zaxxer.hikari.HikariConfig           : maximumPoolSize.................10
2026-09-15 16:45:01.717 DEBUG 19848 --- [  restartedMain] com.zaxxer.hikari.HikariConfig           : metricRegistry..................none
2026-09-15 16:45:01.717 DEBUG 19848 --- [  restartedMain] com.zaxxer.hikari.HikariConfig           : metricsTrackerFactory...........none
2026-09-15 16:45:01.718 DEBUG 19848 --- [  restartedMain] com.zaxxer.hikari.HikariConfig           : minimumIdle.....................5
2026-09-15 16:45:01.724 DEBUG 19848 --- [  restartedMain] com.zaxxer.hikari.HikariConfig           : password........................<masked>
2026-09-15 16:45:01.724 DEBUG 19848 --- [  restartedMain] com.zaxxer.hikari.HikariConfig           : poolName........................"BusinessAppHikariPool"
2026-09-15 16:45:01.724 DEBUG 19848 --- [  restartedMain] com.zaxxer.hikari.HikariConfig           : readOnly........................false
2026-09-15 16:45:01.724 DEBUG 19848 --- [  restartedMain] com.zaxxer.hikari.HikariConfig           : registerMbeans..................false
2026-09-15 16:45:01.724 DEBUG 19848 --- [  restartedMain] com.zaxxer.hikari.HikariConfig           : scheduledExecutor...............none
2026-09-15 16:45:01.724 DEBUG 19848 --- [  restartedMain] com.zaxxer.hikari.HikariConfig           : schema..........................none
2026-09-15 16:45:01.725 DEBUG 19848 --- [  restartedMain] com.zaxxer.hikari.HikariConfig           : threadFactory...................internal
2026-09-15 16:45:01.725 DEBUG 19848 --- [  restartedMain] com.zaxxer.hikari.HikariConfig           : transactionIsolation............default
2026-09-15 16:45:01.725 DEBUG 19848 --- [  restartedMain] com.zaxxer.hikari.HikariConfig           : username........................"root"
2026-09-15 16:45:01.725 DEBUG 19848 --- [  restartedMain] com.zaxxer.hikari.HikariConfig           : validationTimeout...............5000
2026-09-15 16:45:01.725  INFO 19848 --- [  restartedMain] com.zaxxer.hikari.HikariDataSource       : BusinessAppHikariPool - Starting...
2026-09-15 16:45:01.730  INFO 19848 --- [  restartedMain] com.zaxxer.hikari.pool.HikariPool        : BusinessAppHikariPool - Added connection com.mysql.cj.jdbc.ConnectionImpl@706d53f3
2026-09-15 16:45:01.731  INFO 19848 --- [  restartedMain] com.zaxxer.hikari.HikariDataSource       : BusinessAppHikariPool - Start completed.
2026-09-15 16:45:01.958  INFO 19848 --- [  restartedMain] o.h.e.t.j.p.i.JtaPlatformInitiator       : HHH000489: No JTA platform available (set 'hibernate.transaction.jta.platform' to enable JTA platform integration)
2026-09-15 16:45:01.977 DEBUG 19848 --- [  restartedMain] org.hibernate.SQL                        : 
    alter table businesses 
       modify column description TEXT
2026-09-15 16:45:01.995 DEBUG 19848 --- [  restartedMain] org.hibernate.SQL                        : 
    alter table member_educations 
       modify column description TEXT
2026-09-15 16:45:02.008 DEBUG 19848 --- [  restartedMain] org.hibernate.SQL                        : 
    alter table member_experiences 
       modify column description TEXT
2026-09-15 16:45:02.017 DEBUG 19848 --- [  restartedMain] org.hibernate.SQL                        : 
    alter table members 
       modify column bio TEXT
2026-09-15 16:45:02.045 DEBUG 19848 --- [  restartedMain] org.hibernate.SQL                        : 
    alter table members 
       modify column profile_visibility enum ('CONNECTIONS_ONLY','PRIVATE','PUBLIC') not null
2026-09-15 16:45:02.070 DEBUG 19848 --- [  restartedMain] org.hibernate.SQL                        : 
    alter table members 
       modify column specialization enum ('ACCOUNTING_AUDIT','ASSET_WEALTH_MANAGEMENT','CORPORATE_FINANCE','FINTECH','INSURANCE','INVESTMENT_BANKING','OTHER','PRIVATE_EQUITY_VC','RISK_COMPLIANCE')
2026-09-15 16:45:02.088 DEBUG 19848 --- [  restartedMain] org.hibernate.SQL                        : 
    alter table opportunities 
       modify column description TEXT not null
2026-09-15 16:45:02.103 DEBUG 19848 --- [  restartedMain] org.hibernate.SQL                        : 
    alter table opportunities 
       modify column experience_level enum ('EXECUTIVE','GRADUATE','JUNIOR','MID','SENIOR') not null
2026-09-15 16:45:02.118 DEBUG 19848 --- [  restartedMain] org.hibernate.SQL                        : 
    alter table opportunities 
       modify column specialization enum ('ACCOUNTING_AUDIT','ASSET_WEALTH_MANAGEMENT','CORPORATE_FINANCE','FINTECH','INSURANCE','INVESTMENT_BANKING','OTHER','PRIVATE_EQUITY_VC','RISK_COMPLIANCE') not null
2026-09-15 16:45:02.132 DEBUG 19848 --- [  restartedMain] org.hibernate.SQL                        : 
    alter table opportunities 
       modify column status enum ('CLOSED','DRAFT','PUBLISHED') not null
2026-09-15 16:45:02.150 DEBUG 19848 --- [  restartedMain] org.hibernate.SQL                        : 
    alter table opportunities 
       modify column type enum ('CONTRACT','FULL_TIME','GIG','INTERNSHIP','PART_TIME') not null
2026-09-15 16:45:02.166 DEBUG 19848 --- [  restartedMain] org.hibernate.SQL                        : 
    alter table opportunities 
       modify column work_mode enum ('HYBRID','ONSITE','REMOTE') not null
2026-09-15 16:45:02.181 DEBUG 19848 --- [  restartedMain] org.hibernate.SQL                        : 
    alter table opportunity_qualifications 
       modify column qualification TEXT not null
2026-09-15 16:45:02.191 DEBUG 19848 --- [  restartedMain] org.hibernate.SQL                        : 
    alter table opportunity_responsibilities 
       modify column responsibility TEXT not null
2026-09-15 16:45:02.202 DEBUG 19848 --- [  restartedMain] org.hibernate.SQL                        : 
    alter table users 
       modify column role enum ('ROLE_ADMIN','ROLE_ADVISORY','ROLE_BUSINESS','ROLE_CUSTOMER','ROLE_MEMBERS') not null
2026-09-15 16:45:02.280  INFO 19848 --- [  restartedMain] j.LocalContainerEntityManagerFactoryBean : Initialized JPA EntityManagerFactory for persistence unit 'default'
2026-09-15 16:45:02.337  INFO 19848 --- [  restartedMain] o.s.b.web.servlet.RegistrationBean       : Filter disableJwtAuthFilterRegistration was not registered (disabled)
2026-09-15 16:45:02.364  INFO 19848 --- [  restartedMain] eAuthenticationProviderManagerConfigurer : Global AuthenticationManager configured with AuthenticationProvider bean with name authenticationProvider
2026-09-15 16:45:02.365  WARN 19848 --- [  restartedMain] r$InitializeUserDetailsManagerConfigurer : Global AuthenticationManager configured with an AuthenticationProvider bean. UserDetailsService beans will not be used for username/password login. Consider removing the AuthenticationProvider bean. Alternatively, consider using the UserDetailsService in a manually instantiated DaoAuthenticationProvider.
2026-09-15 16:45:02.502  INFO 19848 --- [  restartedMain] c.e.firstapp.config.AsyncConfig          : Email thread pool initialized: core=2 max=5 queue=50
2026-09-15 16:45:02.546 DEBUG 19848 --- [  restartedMain] o.s.s.web.DefaultSecurityFilterChain     : Will secure any request with filters: DisableEncodeUrlFilter, WebAsyncManagerIntegrationFilter, SecurityContextHolderFilter, HeaderWriterFilter, LogoutFilter, JwtAuthFilter, RequestCacheAwareFilter, SecurityContextHolderAwareRequestFilter, AnonymousAuthenticationFilter, SessionManagementFilter, ExceptionTranslationFilter, AuthorizationFilter
2026-09-15 16:45:02.582  INFO 19848 --- [  restartedMain] o.s.b.d.a.OptionalLiveReloadServer       : LiveReload server is running on port 35729
2026-09-15 16:45:02.594  INFO 19848 --- [  restartedMain] o.s.b.w.e.tomcat.TomcatWebServer         : Tomcat started on port 8080 (http) with context path '/'
2026-09-15 16:45:02.596  INFO 19848 --- [  restartedMain] c.e.firstapp.FirstappApplication         : Started FirstappApplication in 1.282 seconds (process running for 3203.897)
2026-09-15 16:45:02.597  INFO 19848 --- [  restartedMain] .ConditionEvaluationDeltaLoggingListener : Condition evaluation unchanged
2026-09-15 17:08:50.554  WARN 19848 --- [ool housekeeper] com.zaxxer.hikari.pool.HikariPool        : BusinessAppHikariPool - Thread starvation or clock leap detected (housekeeper delta=46s250ms121µs300ns).
2026-09-15 18:56:33.152  WARN 19848 --- [ool housekeeper] com.zaxxer.hikari.pool.HikariPool        : BusinessAppHikariPool - Thread starvation or clock leap detected (housekeeper delta=12m41s642ms65µs700ns).
2026-09-15 20:20:08.117  WARN 19848 --- [ool housekeeper] com.zaxxer.hikari.pool.HikariPool        : BusinessAppHikariPool - Thread starvation or clock leap detected (housekeeper delta=56m4s615ms573µs400ns).
2026-09-15 20:57:15.349  WARN 19848 --- [ool housekeeper] com.zaxxer.hikari.pool.HikariPool        : BusinessAppHikariPool - Thread starvation or clock leap detected (housekeeper delta=4m6s482ms720µs900ns).
