2026-09-11 18:02:15.377  INFO 6592 --- [  restartedMain] c.e.firstapp.FirstappApplication         : Starting FirstappApplication using Java 21.0.12.1 with PID 6592 (E:\firstapp\firstapp\target\classes started by Dell in E:\firstapp\firstapp)
2026-09-11 18:02:15.377  INFO 6592 --- [  restartedMain] c.e.firstapp.FirstappApplication         : No active profile set, falling back to 1 default profile: "default"
2026-09-11 18:02:15.441  INFO 6592 --- [  restartedMain] .e.DevToolsPropertyDefaultsPostProcessor : Devtools property defaults active! Set 'spring.devtools.add-properties' to 'false' to disable
2026-09-11 18:02:15.442  INFO 6592 --- [  restartedMain] .e.DevToolsPropertyDefaultsPostProcessor : For additional web related logging consider setting the 'logging.level.web' property to 'DEBUG'
2026-09-11 18:02:16.786  INFO 6592 --- [  restartedMain] .s.d.r.c.RepositoryConfigurationDelegate : Bootstrapping Spring Data JPA repositories in DEFAULT mode.
2026-09-11 18:02:16.891  INFO 6592 --- [  restartedMain] .s.d.r.c.RepositoryConfigurationDelegate : Finished Spring Data repository scanning in 82 ms. Found 8 JPA repository interfaces.
2026-09-11 18:02:17.748  INFO 6592 --- [  restartedMain] o.s.b.w.e.tomcat.TomcatWebServer         : Tomcat initialized with port 8080 (http)
2026-09-11 18:02:17.790  INFO 6592 --- [  restartedMain] o.a.catalina.core.StandardService        : Starting service [Tomcat]
2026-09-11 18:02:17.791  INFO 6592 --- [  restartedMain] o.a.catalina.core.StandardEngine         : Starting Servlet engine: [Apache Tomcat/10.1.42]
2026-09-11 18:02:17.907  INFO 6592 --- [  restartedMain] o.a.c.c.C.[Tomcat].[localhost].[/]       : Initializing Spring embedded WebApplicationContext
2026-09-11 18:02:17.908  INFO 6592 --- [  restartedMain] w.s.c.ServletWebServerApplicationContext : Root WebApplicationContext: initialization completed in 2465 ms
2026-09-11 18:02:18.019 DEBUG 6592 --- [  restartedMain] com.zaxxer.hikari.HikariConfig           : Driver class com.mysql.cj.jdbc.Driver found in Thread context class loader TomcatEmbeddedWebappClassLoader
  context: ROOT
  delegate: true
----------> Parent Classloader:
org.springframework.boot.devtools.restart.classloader.RestartClassLoader@2db52090

2026-09-11 18:02:18.213  INFO 6592 --- [  restartedMain] o.h.jpa.internal.util.LogHelper          : HHH000204: Processing PersistenceUnitInfo [name: default]
2026-09-11 18:02:18.312  INFO 6592 --- [  restartedMain] org.hibernate.Version                    : HHH000412: Hibernate ORM core version 6.5.3.Final
2026-09-11 18:02:18.357  INFO 6592 --- [  restartedMain] o.h.c.i.RegionFactoryInitiator           : HHH000026: Second-level cache disabled
2026-09-11 18:02:18.722  INFO 6592 --- [  restartedMain] o.s.o.j.p.SpringPersistenceUnitInfo      : No LoadTimeWeaver setup: ignoring JPA class transformer
2026-09-11 18:02:18.762 DEBUG 6592 --- [  restartedMain] com.zaxxer.hikari.HikariConfig           : BusinessAppHikariPool - configuration:
2026-09-11 18:02:18.762 DEBUG 6592 --- [  restartedMain] com.zaxxer.hikari.HikariConfig           : allowPoolSuspension.............false
2026-09-11 18:02:18.762 DEBUG 6592 --- [  restartedMain] com.zaxxer.hikari.HikariConfig           : autoCommit......................true
2026-09-11 18:02:18.762 DEBUG 6592 --- [  restartedMain] com.zaxxer.hikari.HikariConfig           : catalog.........................none
2026-09-11 18:02:18.762 DEBUG 6592 --- [  restartedMain] com.zaxxer.hikari.HikariConfig           : connectionInitSql...............none
2026-09-11 18:02:18.762 DEBUG 6592 --- [  restartedMain] com.zaxxer.hikari.HikariConfig           : connectionTestQuery............."SELECT 1"
2026-09-11 18:02:18.762 DEBUG 6592 --- [  restartedMain] com.zaxxer.hikari.HikariConfig           : connectionTimeout...............20000
2026-09-11 18:02:18.762 DEBUG 6592 --- [  restartedMain] com.zaxxer.hikari.HikariConfig           : dataSource......................none
2026-09-11 18:02:18.762 DEBUG 6592 --- [  restartedMain] com.zaxxer.hikari.HikariConfig           : dataSourceClassName.............none
2026-09-11 18:02:18.762 DEBUG 6592 --- [  restartedMain] com.zaxxer.hikari.HikariConfig           : dataSourceJNDI..................none
2026-09-11 18:02:18.762 DEBUG 6592 --- [  restartedMain] com.zaxxer.hikari.HikariConfig           : dataSourceProperties............{password=<masked>}
2026-09-11 18:02:18.762 DEBUG 6592 --- [  restartedMain] com.zaxxer.hikari.HikariConfig           : driverClassName................."com.mysql.cj.jdbc.Driver"
2026-09-11 18:02:18.762 DEBUG 6592 --- [  restartedMain] com.zaxxer.hikari.HikariConfig           : exceptionOverrideClassName......none
2026-09-11 18:02:18.762 DEBUG 6592 --- [  restartedMain] com.zaxxer.hikari.HikariConfig           : healthCheckProperties...........{}
2026-09-11 18:02:18.762 DEBUG 6592 --- [  restartedMain] com.zaxxer.hikari.HikariConfig           : healthCheckRegistry.............none
2026-09-11 18:02:18.762 DEBUG 6592 --- [  restartedMain] com.zaxxer.hikari.HikariConfig           : idleTimeout.....................600000
2026-09-11 18:02:18.762 DEBUG 6592 --- [  restartedMain] com.zaxxer.hikari.HikariConfig           : initializationFailTimeout.......1
2026-09-11 18:02:18.762 DEBUG 6592 --- [  restartedMain] com.zaxxer.hikari.HikariConfig           : isolateInternalQueries..........false
2026-09-11 18:02:18.762 DEBUG 6592 --- [  restartedMain] com.zaxxer.hikari.HikariConfig           : jdbcUrl.........................jdbc:mysql://localhost:3306/businessapp?createDatabaseIfNotExist=true&useSSL=false&serverTimezone=UTC&allowPublicKeyRetrieval=true
2026-09-11 18:02:18.772 DEBUG 6592 --- [  restartedMain] com.zaxxer.hikari.HikariConfig           : keepaliveTime...................0
2026-09-11 18:02:18.772 DEBUG 6592 --- [  restartedMain] com.zaxxer.hikari.HikariConfig           : leakDetectionThreshold..........0
2026-09-11 18:02:18.772 DEBUG 6592 --- [  restartedMain] com.zaxxer.hikari.HikariConfig           : maxLifetime.....................1800000
2026-09-11 18:02:18.772 DEBUG 6592 --- [  restartedMain] com.zaxxer.hikari.HikariConfig           : maximumPoolSize.................10
2026-09-11 18:02:18.772 DEBUG 6592 --- [  restartedMain] com.zaxxer.hikari.HikariConfig           : metricRegistry..................none
2026-09-11 18:02:18.772 DEBUG 6592 --- [  restartedMain] com.zaxxer.hikari.HikariConfig           : metricsTrackerFactory...........none
2026-09-11 18:02:18.773 DEBUG 6592 --- [  restartedMain] com.zaxxer.hikari.HikariConfig           : minimumIdle.....................5
2026-09-11 18:02:18.773 DEBUG 6592 --- [  restartedMain] com.zaxxer.hikari.HikariConfig           : password........................<masked>
2026-09-11 18:02:18.773 DEBUG 6592 --- [  restartedMain] com.zaxxer.hikari.HikariConfig           : poolName........................"BusinessAppHikariPool"
2026-09-11 18:02:18.774 DEBUG 6592 --- [  restartedMain] com.zaxxer.hikari.HikariConfig           : readOnly........................false
2026-09-11 18:02:18.774 DEBUG 6592 --- [  restartedMain] com.zaxxer.hikari.HikariConfig           : registerMbeans..................false
2026-09-11 18:02:18.775 DEBUG 6592 --- [  restartedMain] com.zaxxer.hikari.HikariConfig           : scheduledExecutor...............none
2026-09-11 18:02:18.776 DEBUG 6592 --- [  restartedMain] com.zaxxer.hikari.HikariConfig           : schema..........................none
2026-09-11 18:02:18.776 DEBUG 6592 --- [  restartedMain] com.zaxxer.hikari.HikariConfig           : threadFactory...................internal
2026-09-11 18:02:18.776 DEBUG 6592 --- [  restartedMain] com.zaxxer.hikari.HikariConfig           : transactionIsolation............default
2026-09-11 18:02:18.777 DEBUG 6592 --- [  restartedMain] com.zaxxer.hikari.HikariConfig           : username........................"root"
2026-09-11 18:02:18.777 DEBUG 6592 --- [  restartedMain] com.zaxxer.hikari.HikariConfig           : validationTimeout...............5000
2026-09-11 18:02:18.777  INFO 6592 --- [  restartedMain] com.zaxxer.hikari.HikariDataSource       : BusinessAppHikariPool - Starting...
2026-09-11 18:02:18.953  INFO 6592 --- [  restartedMain] com.zaxxer.hikari.pool.HikariPool        : BusinessAppHikariPool - Added connection com.mysql.cj.jdbc.ConnectionImpl@42502a26
2026-09-11 18:02:18.953  INFO 6592 --- [  restartedMain] com.zaxxer.hikari.HikariDataSource       : BusinessAppHikariPool - Start completed.
2026-09-11 18:02:20.156  INFO 6592 --- [  restartedMain] o.h.e.t.j.p.i.JtaPlatformInitiator       : HHH000489: No JTA platform available (set 'hibernate.transaction.jta.platform' to enable JTA platform integration)
2026-09-11 18:02:20.240 DEBUG 6592 --- [  restartedMain] org.hibernate.SQL                        : 
    alter table businesses 
       modify column description TEXT
2026-09-11 18:02:20.386 DEBUG 6592 --- [  restartedMain] org.hibernate.SQL                        : 
    create table member_certifications (
        id bigint not null auto_increment,
        credential_id varchar(150),
        credential_url varchar(500),
        expiration_date date,
        issue_date date,
        issuing_organization varchar(150) not null,
        title varchar(150) not null,
        member_id bigint not null,
        primary key (id)
    ) engine=InnoDB
2026-09-11 18:02:20.421 DEBUG 6592 --- [  restartedMain] org.hibernate.SQL                        : 
    create table member_educations (
        id bigint not null auto_increment,
        degree varchar(150) not null,
        description TEXT,
        end_date date,
        field_of_study varchar(150),
        institution_name varchar(150) not null,
        start_date date,
        member_id bigint not null,
        primary key (id)
    ) engine=InnoDB
2026-09-11 18:02:20.443 DEBUG 6592 --- [  restartedMain] org.hibernate.SQL                        : 
    create table member_experiences (
        id bigint not null auto_increment,
        company_name varchar(150) not null,
        is_current_role bit not null,
        description TEXT,
        end_date date,
        job_title varchar(150) not null,
        start_date date not null,
        member_id bigint not null,
        primary key (id)
    ) engine=InnoDB
2026-09-11 18:02:20.462 DEBUG 6592 --- [  restartedMain] org.hibernate.SQL                        : 
    create table member_skills (
        member_id bigint not null,
        skill varchar(100) not null,
        constraint uk_member_skill primary key (member_id, skill)
    ) engine=InnoDB
2026-09-11 18:02:20.488 DEBUG 6592 --- [  restartedMain] org.hibernate.SQL                        : 
    create table members (
        id bigint not null auto_increment,
        bio TEXT,
        contact_email varchar(254),
        cover_photo_url varchar(500),
        created_at datetime(6) not null,
        first_name varchar(100) not null,
        github_url varchar(500),
        headline varchar(255),
        last_name varchar(100) not null,
        linkedin_url varchar(500),
        city varchar(100),
        country varchar(100),
        postal_code varchar(20),
        state varchar(100),
        street varchar(200),
        open_to_work bit not null,
        phone varchar(30),
        profile_picture_url varchar(500),
        profile_slug varchar(100) not null,
        profile_visibility enum ('CONNECTIONS_ONLY','PRIVATE','PUBLIC') not null,
        resume_url varchar(500),
        specialization enum ('ACCOUNTING_AUDIT','ASSET_WEALTH_MANAGEMENT','CORPORATE_FINANCE','FINTECH','INSURANCE','INVESTMENT_BANKING','OTHER','PRIVATE_EQUITY_VC','RISK_COMPLIANCE'),
        updated_at datetime(6) not null,
        version bigint not null,
        website_url varchar(500),
        years_of_experience integer,
        user_id bigint not null,
        primary key (id)
    ) engine=InnoDB
2026-09-11 18:02:20.510 DEBUG 6592 --- [  restartedMain] org.hibernate.SQL                        : 
    alter table opportunities 
       modify column description TEXT not null
2026-09-11 18:02:20.555 DEBUG 6592 --- [  restartedMain] org.hibernate.SQL                        : 
    alter table opportunities 
       modify column experience_level enum ('EXECUTIVE','GRADUATE','JUNIOR','MID','SENIOR') not null
2026-09-11 18:02:20.578 DEBUG 6592 --- [  restartedMain] org.hibernate.SQL                        : 
    alter table opportunities 
       modify column specialization enum ('ACCOUNTING_AUDIT','ASSET_WEALTH_MANAGEMENT','CORPORATE_FINANCE','FINTECH','INSURANCE','INVESTMENT_BANKING','OTHER','PRIVATE_EQUITY_VC','RISK_COMPLIANCE') not null
2026-09-11 18:02:20.596 DEBUG 6592 --- [  restartedMain] org.hibernate.SQL                        : 
    alter table opportunities 
       modify column status enum ('CLOSED','DRAFT','PUBLISHED') not null
2026-09-11 18:02:20.617 DEBUG 6592 --- [  restartedMain] org.hibernate.SQL                        : 
    alter table opportunities 
       modify column type enum ('CONTRACT','FULL_TIME','GIG','INTERNSHIP','PART_TIME') not null
2026-09-11 18:02:20.626 DEBUG 6592 --- [  restartedMain] org.hibernate.SQL                        : 
    alter table opportunities 
       modify column work_mode enum ('HYBRID','ONSITE','REMOTE') not null
2026-09-11 18:02:20.646 DEBUG 6592 --- [  restartedMain] org.hibernate.SQL                        : 
    alter table opportunity_qualifications 
       modify column qualification TEXT not null
2026-09-11 18:02:20.663 DEBUG 6592 --- [  restartedMain] org.hibernate.SQL                        : 
    alter table opportunity_responsibilities 
       modify column responsibility TEXT not null
2026-09-11 18:02:20.673 DEBUG 6592 --- [  restartedMain] org.hibernate.SQL                        : 
    alter table users 
       modify column email varchar(254) not null
2026-09-11 18:02:20.698 DEBUG 6592 --- [  restartedMain] org.hibernate.SQL                        : 
    alter table users 
       modify column password varchar(255) not null
2026-09-11 18:02:20.771 DEBUG 6592 --- [  restartedMain] org.hibernate.SQL                        : 
    alter table users 
       modify column role enum ('ROLE_ADMIN','ROLE_ADVISORY','ROLE_BUSINESS','ROLE_CUSTOMER','ROLE_MEMBERS') not null
2026-09-11 18:02:20.782 DEBUG 6592 --- [  restartedMain] org.hibernate.SQL                        : 
    create index idx_certification_member 
       on member_certifications (member_id)
2026-09-11 18:02:20.791 DEBUG 6592 --- [  restartedMain] org.hibernate.SQL                        : 
    create index idx_education_member 
       on member_educations (member_id)
2026-09-11 18:02:20.810 DEBUG 6592 --- [  restartedMain] org.hibernate.SQL                        : 
    create index idx_experience_member 
       on member_experiences (member_id)
2026-09-11 18:02:20.821 DEBUG 6592 --- [  restartedMain] org.hibernate.SQL                        : 
    create index idx_member_user_id 
       on members (user_id)
2026-09-11 18:02:20.839 DEBUG 6592 --- [  restartedMain] org.hibernate.SQL                        : 
    create index idx_member_profile_slug 
       on members (profile_slug)
2026-09-11 18:02:20.863 DEBUG 6592 --- [  restartedMain] org.hibernate.SQL                        : 
    alter table members 
       drop index uk_member_user_id
2026-09-11 18:02:20.878 DEBUG 6592 --- [  restartedMain] org.hibernate.SQL                        : 
    alter table members 
       add constraint uk_member_user_id unique (user_id)
2026-09-11 18:02:20.938 DEBUG 6592 --- [  restartedMain] org.hibernate.SQL                        : 
    alter table members 
       drop index uk_member_profile_slug
2026-09-11 18:02:20.938 DEBUG 6592 --- [  restartedMain] org.hibernate.SQL                        : 
    alter table members 
       add constraint uk_member_profile_slug unique (profile_slug)
2026-09-11 18:02:21.003 DEBUG 6592 --- [  restartedMain] org.hibernate.SQL                        : 
    alter table member_certifications 
       add constraint FKco5s7ch5ikwgp8bbuuss5xt6c 
       foreign key (member_id) 
       references members (id)
2026-09-11 18:02:21.121 DEBUG 6592 --- [  restartedMain] org.hibernate.SQL                        : 
    alter table member_educations 
       add constraint FKlodo6kj05booljsmfjd1lidpg 
       foreign key (member_id) 
       references members (id)
2026-09-11 18:02:21.188 DEBUG 6592 --- [  restartedMain] org.hibernate.SQL                        : 
    alter table member_experiences 
       add constraint FKjpyo8hbug5bc5tuvwnrh60107 
       foreign key (member_id) 
       references members (id)
2026-09-11 18:02:21.248 DEBUG 6592 --- [  restartedMain] org.hibernate.SQL                        : 
    alter table member_skills 
       add constraint FKswu7d37sgdr68g68u797if4r 
       foreign key (member_id) 
       references members (id)
2026-09-11 18:02:21.288 DEBUG 6592 --- [  restartedMain] org.hibernate.SQL                        : 
    alter table members 
       add constraint FKpj3n6wh5muoeakc485whgs3x5 
       foreign key (user_id) 
       references users (id)
2026-09-11 18:02:21.371  INFO 6592 --- [  restartedMain] j.LocalContainerEntityManagerFactoryBean : Initialized JPA EntityManagerFactory for persistence unit 'default'
2026-09-11 18:02:21.630  INFO 6592 --- [  restartedMain] o.s.d.j.r.query.QueryEnhancerFactory     : Hibernate is in classpath; If applicable, HQL parser will be used.
2026-09-11 18:02:22.043 ERROR 6592 --- [  restartedMain] o.s.b.w.e.tomcat.TomcatStarter           : Error starting Tomcat context. Exception: org.springframework.beans.factory.UnsatisfiedDependencyException. Message: Error creating bean with name 'securityConfig' defined in file [E:\firstapp\firstapp\target\classes\com\example\firstapp\config\SecurityConfig.class]: Unsatisfied dependency expressed through constructor parameter 0: Error creating bean with name 'jwtAuthFilter' defined in file [E:\firstapp\firstapp\target\classes\com\example\firstapp\filter\JwtAuthFilter.class]: Unsatisfied dependency expressed through constructor parameter 1: Error creating bean with name 'userDetailsServiceImpl' defined in file [E:\firstapp\firstapp\target\classes\com\example\firstapp\security\UserDetailsServiceImpl.class]: Unsatisfied dependency expressed through constructor parameter 0: Error creating bean with name 'userRepository' defined in com.example.firstapp.repository.UserRepository defined in @EnableJpaRepositories declared on JpaRepositoriesRegistrar.EnableJpaRepositoriesConfiguration: Could not create query for public abstract void com.example.firstapp.repository.UserRepository.resetFailedAttempts(java.lang.String); Reason: Validation failed for query for method public abstract void com.example.firstapp.repository.UserRepository.resetFailedAttempts(java.lang.String)
2026-09-11 18:02:22.090  INFO 6592 --- [  restartedMain] o.a.catalina.core.StandardService        : Stopping service [Tomcat]
2026-09-11 18:02:22.094  WARN 6592 --- [  restartedMain] o.a.c.loader.WebappClassLoaderBase       : The web application [ROOT] appears to have started a thread named [BusinessAppHikariPool housekeeper] but has failed to stop it. This is very likely to create a memory leak. Stack trace of thread:
 java.base/jdk.internal.misc.Unsafe.park(Native Method)
 java.base/java.util.concurrent.locks.LockSupport.parkNanos(Unknown Source)
 java.base/java.util.concurrent.locks.AbstractQueuedSynchronizer$ConditionObject.awaitNanos(Unknown Source)
 java.base/java.util.concurrent.ScheduledThreadPoolExecutor$DelayedWorkQueue.take(Unknown Source)
 java.base/java.util.concurrent.ScheduledThreadPoolExecutor$DelayedWorkQueue.take(Unknown Source)
 java.base/java.util.concurrent.ThreadPoolExecutor.getTask(Unknown Source)
 java.base/java.util.concurrent.ThreadPoolExecutor.runWorker(Unknown Source)
 java.base/java.util.concurrent.ThreadPoolExecutor$Worker.run(Unknown Source)
 java.base/java.lang.Thread.run(Unknown Source)
2026-09-11 18:02:22.094  WARN 6592 --- [  restartedMain] o.a.c.loader.WebappClassLoaderBase       : The web application [ROOT] appears to have started a thread named [BusinessAppHikariPool connection adder] but has failed to stop it. This is very likely to create a memory leak. Stack trace of thread:
 java.base/jdk.internal.misc.Unsafe.park(Native Method)
 java.base/java.util.concurrent.locks.LockSupport.parkNanos(Unknown Source)
 java.base/java.util.concurrent.locks.AbstractQueuedSynchronizer$ConditionObject.awaitNanos(Unknown Source)
 java.base/java.util.concurrent.LinkedBlockingQueue.poll(Unknown Source)
 java.base/java.util.concurrent.ThreadPoolExecutor.getTask(Unknown Source)
 java.base/java.util.concurrent.ThreadPoolExecutor.runWorker(Unknown Source)
 java.base/java.util.concurrent.ThreadPoolExecutor$Worker.run(Unknown Source)
 java.base/java.lang.Thread.run(Unknown Source)
2026-09-11 18:02:22.098  WARN 6592 --- [  restartedMain] ConfigServletWebServerApplicationContext : Exception encountered during context initialization - cancelling refresh attempt: org.springframework.context.ApplicationContextException: Unable to start web server
2026-09-11 18:02:22.099  INFO 6592 --- [  restartedMain] j.LocalContainerEntityManagerFactoryBean : Closing JPA EntityManagerFactory for persistence unit 'default'
2026-09-11 18:02:22.105  INFO 6592 --- [  restartedMain] com.zaxxer.hikari.HikariDataSource       : BusinessAppHikariPool - Shutdown initiated...
2026-09-11 18:02:22.116  INFO 6592 --- [  restartedMain] com.zaxxer.hikari.HikariDataSource       : BusinessAppHikariPool - Shutdown completed.
2026-09-11 18:02:22.123  INFO 6592 --- [  restartedMain] .s.b.a.l.ConditionEvaluationReportLogger : 

Error starting ApplicationContext. To display the condition evaluation report re-run your application with 'debug' enabled.
2026-09-11 18:02:22.152 ERROR 6592 --- [  restartedMain] o.s.boot.SpringApplication               : Application run failed
org.springframework.context.ApplicationContextException: Unable to start web server
	at org.springframework.boot.web.servlet.context.ServletWebServerApplicationContext.onRefresh(ServletWebServerApplicationContext.java:170)
	at org.springframework.context.support.AbstractApplicationContext.refresh(AbstractApplicationContext.java:619)
	at org.springframework.boot.web.servlet.context.ServletWebServerApplicationContext.refresh(ServletWebServerApplicationContext.java:146)
	at org.springframework.boot.SpringApplication.refresh(SpringApplication.java:754)
	at org.springframework.boot.SpringApplication.refreshContext(SpringApplication.java:456)
	at org.springframework.boot.SpringApplication.run(SpringApplication.java:335)
	at org.springframework.boot.SpringApplication.run(SpringApplication.java:1363)
	at org.springframework.boot.SpringApplication.run(SpringApplication.java:1352)
	at com.example.firstapp.FirstappApplication.main(FirstappApplication.java:10)
	at java.base/jdk.internal.reflect.DirectMethodHandleAccessor.invoke(Unknown Source)
	at java.base/java.lang.reflect.Method.invoke(Unknown Source)
	at org.springframework.boot.devtools.restart.RestartLauncher.run(RestartLauncher.java:50)
Caused by: org.springframework.boot.web.server.WebServerException: Unable to start embedded Tomcat
	at org.springframework.boot.web.embedded.tomcat.TomcatWebServer.initialize(TomcatWebServer.java:147)
	at org.springframework.boot.web.embedded.tomcat.TomcatWebServer.<init>(TomcatWebServer.java:107)
	at org.springframework.boot.web.embedded.tomcat.TomcatServletWebServerFactory.getTomcatWebServer(TomcatServletWebServerFactory.java:520)
	at org.springframework.boot.web.embedded.tomcat.TomcatServletWebServerFactory.getWebServer(TomcatServletWebServerFactory.java:222)
	at org.springframework.boot.web.servlet.context.ServletWebServerApplicationContext.createWebServer(ServletWebServerApplicationContext.java:193)
	at org.springframework.boot.web.servlet.context.ServletWebServerApplicationContext.onRefresh(ServletWebServerApplicationContext.java:167)
	... 11 common frames omitted
Caused by: org.springframework.beans.factory.UnsatisfiedDependencyException: Error creating bean with name 'securityConfig' defined in file [E:\firstapp\firstapp\target\classes\com\example\firstapp\config\SecurityConfig.class]: Unsatisfied dependency expressed through constructor parameter 0: Error creating bean with name 'jwtAuthFilter' defined in file [E:\firstapp\firstapp\target\classes\com\example\firstapp\filter\JwtAuthFilter.class]: Unsatisfied dependency expressed through constructor parameter 1: Error creating bean with name 'userDetailsServiceImpl' defined in file [E:\firstapp\firstapp\target\classes\com\example\firstapp\security\UserDetailsServiceImpl.class]: Unsatisfied dependency expressed through constructor parameter 0: Error creating bean with name 'userRepository' defined in com.example.firstapp.repository.UserRepository defined in @EnableJpaRepositories declared on JpaRepositoriesRegistrar.EnableJpaRepositoriesConfiguration: Could not create query for public abstract void com.example.firstapp.repository.UserRepository.resetFailedAttempts(java.lang.String); Reason: Validation failed for query for method public abstract void com.example.firstapp.repository.UserRepository.resetFailedAttempts(java.lang.String)
	at org.springframework.beans.factory.support.ConstructorResolver.createArgumentArray(ConstructorResolver.java:795)
	at org.springframework.beans.factory.support.ConstructorResolver.autowireConstructor(ConstructorResolver.java:237)
	at org.springframework.beans.factory.support.AbstractAutowireCapableBeanFactory.autowireConstructor(AbstractAutowireCapableBeanFactory.java:1375)
	at org.springframework.beans.factory.support.AbstractAutowireCapableBeanFactory.createBeanInstance(AbstractAutowireCapableBeanFactory.java:1212)
	at org.springframework.beans.factory.support.AbstractAutowireCapableBeanFactory.doCreateBean(AbstractAutowireCapableBeanFactory.java:562)
	at org.springframework.beans.factory.support.AbstractAutowireCapableBeanFactory.createBean(AbstractAutowireCapableBeanFactory.java:522)
	at org.springframework.beans.factory.support.AbstractBeanFactory.lambda$doGetBean$0(AbstractBeanFactory.java:337)
	at org.springframework.beans.factory.support.DefaultSingletonBeanRegistry.getSingleton(DefaultSingletonBeanRegistry.java:234)
	at org.springframework.beans.factory.support.AbstractBeanFactory.doGetBean(AbstractBeanFactory.java:335)
	at org.springframework.beans.factory.support.AbstractBeanFactory.getBean(AbstractBeanFactory.java:200)
	at org.springframework.beans.factory.support.ConstructorResolver.instantiateUsingFactoryMethod(ConstructorResolver.java:409)
	at org.springframework.beans.factory.support.AbstractAutowireCapableBeanFactory.instantiateUsingFactoryMethod(AbstractAutowireCapableBeanFactory.java:1355)
	at org.springframework.beans.factory.support.AbstractAutowireCapableBeanFactory.createBeanInstance(AbstractAutowireCapableBeanFactory.java:1185)
	at org.springframework.beans.factory.support.AbstractAutowireCapableBeanFactory.doCreateBean(AbstractAutowireCapableBeanFactory.java:562)
	at org.springframework.beans.factory.support.AbstractAutowireCapableBeanFactory.createBean(AbstractAutowireCapableBeanFactory.java:522)
	at org.springframework.beans.factory.support.AbstractBeanFactory.lambda$doGetBean$0(AbstractBeanFactory.java:337)
	at org.springframework.beans.factory.support.DefaultSingletonBeanRegistry.getSingleton(DefaultSingletonBeanRegistry.java:234)
	at org.springframework.beans.factory.support.AbstractBeanFactory.doGetBean(AbstractBeanFactory.java:335)
	at org.springframework.beans.factory.support.AbstractBeanFactory.getBean(AbstractBeanFactory.java:205)
	at org.springframework.boot.web.servlet.ServletContextInitializerBeans.getOrderedBeansOfType(ServletContextInitializerBeans.java:211)
	at org.springframework.boot.web.servlet.ServletContextInitializerBeans.getOrderedBeansOfType(ServletContextInitializerBeans.java:202)
	at org.springframework.boot.web.servlet.ServletContextInitializerBeans.addServletContextInitializerBeans(ServletContextInitializerBeans.java:97)
	at org.springframework.boot.web.servlet.ServletContextInitializerBeans.<init>(ServletContextInitializerBeans.java:86)
	at org.springframework.boot.web.servlet.context.ServletWebServerApplicationContext.getServletContextInitializerBeans(ServletWebServerApplicationContext.java:271)
	at org.springframework.boot.web.servlet.context.ServletWebServerApplicationContext.selfInitialize(ServletWebServerApplicationContext.java:245)
	at org.springframework.boot.web.embedded.tomcat.TomcatStarter.onStartup(TomcatStarter.java:52)
	at org.apache.catalina.core.StandardContext.startInternal(StandardContext.java:4464)
	at org.apache.catalina.util.LifecycleBase.start(LifecycleBase.java:164)
	at org.apache.catalina.core.ContainerBase$StartChild.call(ContainerBase.java:1203)
	at org.apache.catalina.core.ContainerBase$StartChild.call(ContainerBase.java:1193)
	at java.base/java.util.concurrent.FutureTask.run(Unknown Source)
	at org.apache.tomcat.util.threads.InlineExecutorService.execute(InlineExecutorService.java:75)
	at java.base/java.util.concurrent.AbstractExecutorService.submit(Unknown Source)
	at org.apache.catalina.core.ContainerBase.startInternal(ContainerBase.java:749)
	at org.apache.catalina.core.StandardHost.startInternal(StandardHost.java:772)
	at org.apache.catalina.util.LifecycleBase.start(LifecycleBase.java:164)
	at org.apache.catalina.core.ContainerBase$StartChild.call(ContainerBase.java:1203)
	at org.apache.catalina.core.ContainerBase$StartChild.call(ContainerBase.java:1193)
	at java.base/java.util.concurrent.FutureTask.run(Unknown Source)
	at org.apache.tomcat.util.threads.InlineExecutorService.execute(InlineExecutorService.java:75)
	at java.base/java.util.concurrent.AbstractExecutorService.submit(Unknown Source)
	at org.apache.catalina.core.ContainerBase.startInternal(ContainerBase.java:749)
	at org.apache.catalina.core.StandardEngine.startInternal(StandardEngine.java:203)
	at org.apache.catalina.util.LifecycleBase.start(LifecycleBase.java:164)
	at org.apache.catalina.core.StandardService.startInternal(StandardService.java:412)
	at org.apache.catalina.util.LifecycleBase.start(LifecycleBase.java:164)
	at org.apache.catalina.core.StandardServer.startInternal(StandardServer.java:870)
	at org.apache.catalina.util.LifecycleBase.start(LifecycleBase.java:164)
	at org.apache.catalina.startup.Tomcat.start(Tomcat.java:438)
	at org.springframework.boot.web.embedded.tomcat.TomcatWebServer.initialize(TomcatWebServer.java:128)
	... 16 common frames omitted
Caused by: org.springframework.beans.factory.UnsatisfiedDependencyException: Error creating bean with name 'jwtAuthFilter' defined in file [E:\firstapp\firstapp\target\classes\com\example\firstapp\filter\JwtAuthFilter.class]: Unsatisfied dependency expressed through constructor parameter 1: Error creating bean with name 'userDetailsServiceImpl' defined in file [E:\firstapp\firstapp\target\classes\com\example\firstapp\security\UserDetailsServiceImpl.class]: Unsatisfied dependency expressed through constructor parameter 0: Error creating bean with name 'userRepository' defined in com.example.firstapp.repository.UserRepository defined in @EnableJpaRepositories declared on JpaRepositoriesRegistrar.EnableJpaRepositoriesConfiguration: Could not create query for public abstract void com.example.firstapp.repository.UserRepository.resetFailedAttempts(java.lang.String); Reason: Validation failed for query for method public abstract void com.example.firstapp.repository.UserRepository.resetFailedAttempts(java.lang.String)
	at org.springframework.beans.factory.support.ConstructorResolver.createArgumentArray(ConstructorResolver.java:795)
	at org.springframework.beans.factory.support.ConstructorResolver.autowireConstructor(ConstructorResolver.java:237)
	at org.springframework.beans.factory.support.AbstractAutowireCapableBeanFactory.autowireConstructor(AbstractAutowireCapableBeanFactory.java:1375)
	at org.springframework.beans.factory.support.AbstractAutowireCapableBeanFactory.createBeanInstance(AbstractAutowireCapableBeanFactory.java:1212)
	at org.springframework.beans.factory.support.AbstractAutowireCapableBeanFactory.doCreateBean(AbstractAutowireCapableBeanFactory.java:562)
	at org.springframework.beans.factory.support.AbstractAutowireCapableBeanFactory.createBean(AbstractAutowireCapableBeanFactory.java:522)
	at org.springframework.beans.factory.support.AbstractBeanFactory.lambda$doGetBean$0(AbstractBeanFactory.java:337)
	at org.springframework.beans.factory.support.DefaultSingletonBeanRegistry.getSingleton(DefaultSingletonBeanRegistry.java:234)
	at org.springframework.beans.factory.support.AbstractBeanFactory.doGetBean(AbstractBeanFactory.java:335)
	at org.springframework.beans.factory.support.AbstractBeanFactory.getBean(AbstractBeanFactory.java:200)
	at org.springframework.beans.factory.config.DependencyDescriptor.resolveCandidate(DependencyDescriptor.java:254)
	at org.springframework.beans.factory.support.DefaultListableBeanFactory.doResolveDependency(DefaultListableBeanFactory.java:1448)
	at org.springframework.beans.factory.support.DefaultListableBeanFactory.resolveDependency(DefaultListableBeanFactory.java:1358)
	at org.springframework.beans.factory.support.ConstructorResolver.resolveAutowiredArgument(ConstructorResolver.java:904)
	at org.springframework.beans.factory.support.ConstructorResolver.createArgumentArray(ConstructorResolver.java:782)
	... 65 common frames omitted
Caused by: org.springframework.beans.factory.UnsatisfiedDependencyException: Error creating bean with name 'userDetailsServiceImpl' defined in file [E:\firstapp\firstapp\target\classes\com\example\firstapp\security\UserDetailsServiceImpl.class]: Unsatisfied dependency expressed through constructor parameter 0: Error creating bean with name 'userRepository' defined in com.example.firstapp.repository.UserRepository defined in @EnableJpaRepositories declared on JpaRepositoriesRegistrar.EnableJpaRepositoriesConfiguration: Could not create query for public abstract void com.example.firstapp.repository.UserRepository.resetFailedAttempts(java.lang.String); Reason: Validation failed for query for method public abstract void com.example.firstapp.repository.UserRepository.resetFailedAttempts(java.lang.String)
	at org.springframework.beans.factory.support.ConstructorResolver.createArgumentArray(ConstructorResolver.java:795)
	at org.springframework.beans.factory.support.ConstructorResolver.autowireConstructor(ConstructorResolver.java:237)
	at org.springframework.beans.factory.support.AbstractAutowireCapableBeanFactory.autowireConstructor(AbstractAutowireCapableBeanFactory.java:1375)
	at org.springframework.beans.factory.support.AbstractAutowireCapableBeanFactory.createBeanInstance(AbstractAutowireCapableBeanFactory.java:1212)
	at org.springframework.beans.factory.support.AbstractAutowireCapableBeanFactory.doCreateBean(AbstractAutowireCapableBeanFactory.java:562)
	at org.springframework.beans.factory.support.AbstractAutowireCapableBeanFactory.createBean(AbstractAutowireCapableBeanFactory.java:522)
	at org.springframework.beans.factory.support.AbstractBeanFactory.lambda$doGetBean$0(AbstractBeanFactory.java:337)
	at org.springframework.beans.factory.support.DefaultSingletonBeanRegistry.getSingleton(DefaultSingletonBeanRegistry.java:234)
	at org.springframework.beans.factory.support.AbstractBeanFactory.doGetBean(AbstractBeanFactory.java:335)
	at org.springframework.beans.factory.support.AbstractBeanFactory.getBean(AbstractBeanFactory.java:200)
	at org.springframework.beans.factory.config.DependencyDescriptor.resolveCandidate(DependencyDescriptor.java:254)
	at org.springframework.beans.factory.support.DefaultListableBeanFactory.doResolveDependency(DefaultListableBeanFactory.java:1448)
	at org.springframework.beans.factory.support.DefaultListableBeanFactory.resolveDependency(DefaultListableBeanFactory.java:1358)
	at org.springframework.beans.factory.support.ConstructorResolver.resolveAutowiredArgument(ConstructorResolver.java:904)
	at org.springframework.beans.factory.support.ConstructorResolver.createArgumentArray(ConstructorResolver.java:782)
	... 79 common frames omitted
Caused by: org.springframework.beans.factory.BeanCreationException: Error creating bean with name 'userRepository' defined in com.example.firstapp.repository.UserRepository defined in @EnableJpaRepositories declared on JpaRepositoriesRegistrar.EnableJpaRepositoriesConfiguration: Could not create query for public abstract void com.example.firstapp.repository.UserRepository.resetFailedAttempts(java.lang.String); Reason: Validation failed for query for method public abstract void com.example.firstapp.repository.UserRepository.resetFailedAttempts(java.lang.String)
	at org.springframework.beans.factory.support.AbstractAutowireCapableBeanFactory.initializeBean(AbstractAutowireCapableBeanFactory.java:1806)
	at org.springframework.beans.factory.support.AbstractAutowireCapableBeanFactory.doCreateBean(AbstractAutowireCapableBeanFactory.java:600)
	at org.springframework.beans.factory.support.AbstractAutowireCapableBeanFactory.createBean(AbstractAutowireCapableBeanFactory.java:522)
	at org.springframework.beans.factory.support.AbstractBeanFactory.lambda$doGetBean$0(AbstractBeanFactory.java:337)
	at org.springframework.beans.factory.support.DefaultSingletonBeanRegistry.getSingleton(DefaultSingletonBeanRegistry.java:234)
	at org.springframework.beans.factory.support.AbstractBeanFactory.doGetBean(AbstractBeanFactory.java:335)
	at org.springframework.beans.factory.support.AbstractBeanFactory.getBean(AbstractBeanFactory.java:200)
	at org.springframework.beans.factory.config.DependencyDescriptor.resolveCandidate(DependencyDescriptor.java:254)
	at org.springframework.beans.factory.support.DefaultListableBeanFactory.doResolveDependency(DefaultListableBeanFactory.java:1448)
	at org.springframework.beans.factory.support.DefaultListableBeanFactory.resolveDependency(DefaultListableBeanFactory.java:1358)
	at org.springframework.beans.factory.support.ConstructorResolver.resolveAutowiredArgument(ConstructorResolver.java:904)
	at org.springframework.beans.factory.support.ConstructorResolver.createArgumentArray(ConstructorResolver.java:782)
	... 93 common frames omitted
Caused by: org.springframework.data.repository.query.QueryCreationException: Could not create query for public abstract void com.example.firstapp.repository.UserRepository.resetFailedAttempts(java.lang.String); Reason: Validation failed for query for method public abstract void com.example.firstapp.repository.UserRepository.resetFailedAttempts(java.lang.String)
	at org.springframework.data.repository.query.QueryCreationException.create(QueryCreationException.java:101)
	at org.springframework.data.repository.core.support.QueryExecutorMethodInterceptor.lookupQuery(QueryExecutorMethodInterceptor.java:119)
	at org.springframework.data.repository.core.support.QueryExecutorMethodInterceptor.mapMethodsToQuery(QueryExecutorMethodInterceptor.java:103)
	at org.springframework.data.repository.core.support.QueryExecutorMethodInterceptor.lambda$new$0(QueryExecutorMethodInterceptor.java:92)
	at java.base/java.util.Optional.map(Unknown Source)
	at org.springframework.data.repository.core.support.QueryExecutorMethodInterceptor.<init>(QueryExecutorMethodInterceptor.java:92)
	at org.springframework.data.repository.core.support.RepositoryFactorySupport.getRepository(RepositoryFactorySupport.java:357)
	at org.springframework.data.repository.core.support.RepositoryFactoryBeanSupport.lambda$afterPropertiesSet$5(RepositoryFactoryBeanSupport.java:290)
	at org.springframework.data.util.Lazy.getNullable(Lazy.java:135)
	at org.springframework.data.util.Lazy.get(Lazy.java:113)
	at org.springframework.data.repository.core.support.RepositoryFactoryBeanSupport.afterPropertiesSet(RepositoryFactoryBeanSupport.java:296)
	at org.springframework.data.jpa.repository.support.JpaRepositoryFactoryBean.afterPropertiesSet(JpaRepositoryFactoryBean.java:132)
	at org.springframework.beans.factory.support.AbstractAutowireCapableBeanFactory.invokeInitMethods(AbstractAutowireCapableBeanFactory.java:1853)
	at org.springframework.beans.factory.support.AbstractAutowireCapableBeanFactory.initializeBean(AbstractAutowireCapableBeanFactory.java:1802)
	... 104 common frames omitted
Caused by: java.lang.IllegalArgumentException: Validation failed for query for method public abstract void com.example.firstapp.repository.UserRepository.resetFailedAttempts(java.lang.String)
	at org.springframework.data.jpa.repository.query.SimpleJpaQuery.validateQuery(SimpleJpaQuery.java:100)
	at org.springframework.data.jpa.repository.query.SimpleJpaQuery.<init>(SimpleJpaQuery.java:70)
	at org.springframework.data.jpa.repository.query.JpaQueryFactory.fromMethodWithQueryString(JpaQueryFactory.java:60)
	at org.springframework.data.jpa.repository.query.JpaQueryLookupStrategy$DeclaredQueryLookupStrategy.resolveQuery(JpaQueryLookupStrategy.java:170)
	at org.springframework.data.jpa.repository.query.JpaQueryLookupStrategy$CreateIfNotFoundQueryLookupStrategy.resolveQuery(JpaQueryLookupStrategy.java:252)
	at org.springframework.data.jpa.repository.query.JpaQueryLookupStrategy$AbstractQueryLookupStrategy.resolveQuery(JpaQueryLookupStrategy.java:95)
	at org.springframework.data.repository.core.support.QueryExecutorMethodInterceptor.lookupQuery(QueryExecutorMethodInterceptor.java:115)
	... 116 common frames omitted
Caused by: java.lang.IllegalArgumentException: org.hibernate.query.sqm.UnknownPathException: Could not resolve attribute 'isLocked' of 'com.example.firstapp.entity.User' [UPDATE User u SET u.failedAttempts = 0, u.isLocked = false, u.lockTime = null WHERE u.email = :email]
	at org.hibernate.internal.ExceptionConverterImpl.convert(ExceptionConverterImpl.java:143)
	at org.hibernate.internal.ExceptionConverterImpl.convert(ExceptionConverterImpl.java:167)
	at org.hibernate.internal.ExceptionConverterImpl.convert(ExceptionConverterImpl.java:173)
	at org.hibernate.internal.AbstractSharedSessionContract.createQuery(AbstractSharedSessionContract.java:860)
	at org.hibernate.internal.AbstractSharedSessionContract.createQuery(AbstractSharedSessionContract.java:765)
	at org.hibernate.internal.AbstractSharedSessionContract.createQuery(AbstractSharedSessionContract.java:140)
	at java.base/jdk.internal.reflect.DirectMethodHandleAccessor.invoke(Unknown Source)
	at java.base/java.lang.reflect.Method.invoke(Unknown Source)
	at org.springframework.orm.jpa.ExtendedEntityManagerCreator$ExtendedEntityManagerInvocationHandler.invoke(ExtendedEntityManagerCreator.java:364)
	at jdk.proxy4/jdk.proxy4.$Proxy149.createQuery(Unknown Source)
	at org.springframework.data.jpa.repository.query.SimpleJpaQuery.validateQuery(SimpleJpaQuery.java:94)
	... 122 common frames omitted
Caused by: org.hibernate.query.sqm.UnknownPathException: Could not resolve attribute 'isLocked' of 'com.example.firstapp.entity.User' [UPDATE User u SET u.failedAttempts = 0, u.isLocked = false, u.lockTime = null WHERE u.email = :email]
	at org.hibernate.query.hql.internal.StandardHqlTranslator.translate(StandardHqlTranslator.java:88)
	at org.hibernate.query.internal.QueryInterpretationCacheStandardImpl.createHqlInterpretation(QueryInterpretationCacheStandardImpl.java:145)
	at org.hibernate.query.internal.QueryInterpretationCacheStandardImpl.resolveHqlInterpretation(QueryInterpretationCacheStandardImpl.java:132)
	at org.hibernate.internal.AbstractSharedSessionContract.interpretHql(AbstractSharedSessionContract.java:802)
	at org.hibernate.internal.AbstractSharedSessionContract.createQuery(AbstractSharedSessionContract.java:852)
	... 129 common frames omitted
Caused by: org.hibernate.query.sqm.PathElementException: Could not resolve attribute 'isLocked' of 'com.example.firstapp.entity.User'
	at org.hibernate.query.sqm.SqmPathSource.getSubPathSource(SqmPathSource.java:95)
	at org.hibernate.query.sqm.tree.domain.AbstractSqmPath.get(AbstractSqmPath.java:196)
	at org.hibernate.query.sqm.tree.domain.AbstractSqmFrom.resolvePathPart(AbstractSqmFrom.java:198)
	at org.hibernate.query.hql.internal.DomainPathPart.resolvePathPart(DomainPathPart.java:42)
	at org.hibernate.query.hql.internal.BasicDotIdentifierConsumer.consumeIdentifier(BasicDotIdentifierConsumer.java:92)
	at org.hibernate.query.hql.internal.SemanticQueryBuilder.visitSimplePath(SemanticQueryBuilder.java:5269)
	at org.hibernate.query.hql.internal.SemanticQueryBuilder.visitSimplePath(SemanticQueryBuilder.java:275)
	at org.hibernate.grammars.hql.HqlParser$SimplePathContext.accept(HqlParser.java:4398)
	at org.hibernate.query.hql.internal.SemanticQueryBuilder.consumeDomainPath(SemanticQueryBuilder.java:5516)
	at org.hibernate.query.hql.internal.SemanticQueryBuilder.visitAssignment(SemanticQueryBuilder.java:695)
	at org.hibernate.query.hql.internal.SemanticQueryBuilder.visitUpdateStatement(SemanticQueryBuilder.java:676)
	at org.hibernate.query.hql.internal.SemanticQueryBuilder.visitStatement(SemanticQueryBuilder.java:457)
	at org.hibernate.query.hql.internal.SemanticQueryBuilder.buildSemanticModel(SemanticQueryBuilder.java:322)
	at org.hibernate.query.hql.internal.StandardHqlTranslator.translate(StandardHqlTranslator.java:71)
	... 133 common frames omitted
2026-09-11 18:07:22.028  INFO 3168 --- [  restartedMain] c.e.firstapp.FirstappApplication         : Starting FirstappApplication using Java 21.0.12.1 with PID 3168 (E:\firstapp\firstapp\target\classes started by Dell in E:\firstapp\firstapp)
2026-09-11 18:07:22.031  INFO 3168 --- [  restartedMain] c.e.firstapp.FirstappApplication         : No active profile set, falling back to 1 default profile: "default"
2026-09-11 18:07:22.081  INFO 3168 --- [  restartedMain] .e.DevToolsPropertyDefaultsPostProcessor : Devtools property defaults active! Set 'spring.devtools.add-properties' to 'false' to disable
2026-09-11 18:07:22.081  INFO 3168 --- [  restartedMain] .e.DevToolsPropertyDefaultsPostProcessor : For additional web related logging consider setting the 'logging.level.web' property to 'DEBUG'
2026-09-11 18:07:22.964  INFO 3168 --- [  restartedMain] .s.d.r.c.RepositoryConfigurationDelegate : Bootstrapping Spring Data JPA repositories in DEFAULT mode.
2026-09-11 18:07:23.058  INFO 3168 --- [  restartedMain] .s.d.r.c.RepositoryConfigurationDelegate : Finished Spring Data repository scanning in 79 ms. Found 8 JPA repository interfaces.
2026-09-11 18:07:23.886  INFO 3168 --- [  restartedMain] o.s.b.w.e.tomcat.TomcatWebServer         : Tomcat initialized with port 8080 (http)
2026-09-11 18:07:23.907  INFO 3168 --- [  restartedMain] o.a.catalina.core.StandardService        : Starting service [Tomcat]
2026-09-11 18:07:23.910  INFO 3168 --- [  restartedMain] o.a.catalina.core.StandardEngine         : Starting Servlet engine: [Apache Tomcat/10.1.42]
2026-09-11 18:07:23.990  INFO 3168 --- [  restartedMain] o.a.c.c.C.[Tomcat].[localhost].[/]       : Initializing Spring embedded WebApplicationContext
2026-09-11 18:07:23.992  INFO 3168 --- [  restartedMain] w.s.c.ServletWebServerApplicationContext : Root WebApplicationContext: initialization completed in 1906 ms
2026-09-11 18:07:24.054 DEBUG 3168 --- [  restartedMain] com.zaxxer.hikari.HikariConfig           : Driver class com.mysql.cj.jdbc.Driver found in Thread context class loader TomcatEmbeddedWebappClassLoader
  context: ROOT
  delegate: true
----------> Parent Classloader:
org.springframework.boot.devtools.restart.classloader.RestartClassLoader@12aa12e4

2026-09-11 18:07:24.197  INFO 3168 --- [  restartedMain] o.h.jpa.internal.util.LogHelper          : HHH000204: Processing PersistenceUnitInfo [name: default]
2026-09-11 18:07:24.289  INFO 3168 --- [  restartedMain] org.hibernate.Version                    : HHH000412: Hibernate ORM core version 6.5.3.Final
2026-09-11 18:07:24.341  INFO 3168 --- [  restartedMain] o.h.c.i.RegionFactoryInitiator           : HHH000026: Second-level cache disabled
2026-09-11 18:07:24.644  INFO 3168 --- [  restartedMain] o.s.o.j.p.SpringPersistenceUnitInfo      : No LoadTimeWeaver setup: ignoring JPA class transformer
2026-09-11 18:07:24.683 DEBUG 3168 --- [  restartedMain] com.zaxxer.hikari.HikariConfig           : BusinessAppHikariPool - configuration:
2026-09-11 18:07:24.690 DEBUG 3168 --- [  restartedMain] com.zaxxer.hikari.HikariConfig           : allowPoolSuspension.............false
2026-09-11 18:07:24.690 DEBUG 3168 --- [  restartedMain] com.zaxxer.hikari.HikariConfig           : autoCommit......................true
2026-09-11 18:07:24.690 DEBUG 3168 --- [  restartedMain] com.zaxxer.hikari.HikariConfig           : catalog.........................none
2026-09-11 18:07:24.690 DEBUG 3168 --- [  restartedMain] com.zaxxer.hikari.HikariConfig           : connectionInitSql...............none
2026-09-11 18:07:24.690 DEBUG 3168 --- [  restartedMain] com.zaxxer.hikari.HikariConfig           : connectionTestQuery............."SELECT 1"
2026-09-11 18:07:24.690 DEBUG 3168 --- [  restartedMain] com.zaxxer.hikari.HikariConfig           : connectionTimeout...............20000
2026-09-11 18:07:24.694 DEBUG 3168 --- [  restartedMain] com.zaxxer.hikari.HikariConfig           : dataSource......................none
2026-09-11 18:07:24.694 DEBUG 3168 --- [  restartedMain] com.zaxxer.hikari.HikariConfig           : dataSourceClassName.............none
2026-09-11 18:07:24.694 DEBUG 3168 --- [  restartedMain] com.zaxxer.hikari.HikariConfig           : dataSourceJNDI..................none
2026-09-11 18:07:24.695 DEBUG 3168 --- [  restartedMain] com.zaxxer.hikari.HikariConfig           : dataSourceProperties............{password=<masked>}
2026-09-11 18:07:24.695 DEBUG 3168 --- [  restartedMain] com.zaxxer.hikari.HikariConfig           : driverClassName................."com.mysql.cj.jdbc.Driver"
2026-09-11 18:07:24.695 DEBUG 3168 --- [  restartedMain] com.zaxxer.hikari.HikariConfig           : exceptionOverrideClassName......none
2026-09-11 18:07:24.695 DEBUG 3168 --- [  restartedMain] com.zaxxer.hikari.HikariConfig           : healthCheckProperties...........{}
2026-09-11 18:07:24.696 DEBUG 3168 --- [  restartedMain] com.zaxxer.hikari.HikariConfig           : healthCheckRegistry.............none
2026-09-11 18:07:24.696 DEBUG 3168 --- [  restartedMain] com.zaxxer.hikari.HikariConfig           : idleTimeout.....................600000
2026-09-11 18:07:24.696 DEBUG 3168 --- [  restartedMain] com.zaxxer.hikari.HikariConfig           : initializationFailTimeout.......1
2026-09-11 18:07:24.696 DEBUG 3168 --- [  restartedMain] com.zaxxer.hikari.HikariConfig           : isolateInternalQueries..........false
2026-09-11 18:07:24.697 DEBUG 3168 --- [  restartedMain] com.zaxxer.hikari.HikariConfig           : jdbcUrl.........................jdbc:mysql://localhost:3306/businessapp?createDatabaseIfNotExist=true&useSSL=false&serverTimezone=UTC&allowPublicKeyRetrieval=true
2026-09-11 18:07:24.697 DEBUG 3168 --- [  restartedMain] com.zaxxer.hikari.HikariConfig           : keepaliveTime...................0
2026-09-11 18:07:24.697 DEBUG 3168 --- [  restartedMain] com.zaxxer.hikari.HikariConfig           : leakDetectionThreshold..........0
2026-09-11 18:07:24.698 DEBUG 3168 --- [  restartedMain] com.zaxxer.hikari.HikariConfig           : maxLifetime.....................1800000
2026-09-11 18:07:24.698 DEBUG 3168 --- [  restartedMain] com.zaxxer.hikari.HikariConfig           : maximumPoolSize.................10
2026-09-11 18:07:24.698 DEBUG 3168 --- [  restartedMain] com.zaxxer.hikari.HikariConfig           : metricRegistry..................none
2026-09-11 18:07:24.698 DEBUG 3168 --- [  restartedMain] com.zaxxer.hikari.HikariConfig           : metricsTrackerFactory...........none
2026-09-11 18:07:24.698 DEBUG 3168 --- [  restartedMain] com.zaxxer.hikari.HikariConfig           : minimumIdle.....................5
2026-09-11 18:07:24.698 DEBUG 3168 --- [  restartedMain] com.zaxxer.hikari.HikariConfig           : password........................<masked>
2026-09-11 18:07:24.698 DEBUG 3168 --- [  restartedMain] com.zaxxer.hikari.HikariConfig           : poolName........................"BusinessAppHikariPool"
2026-09-11 18:07:24.698 DEBUG 3168 --- [  restartedMain] com.zaxxer.hikari.HikariConfig           : readOnly........................false
2026-09-11 18:07:24.698 DEBUG 3168 --- [  restartedMain] com.zaxxer.hikari.HikariConfig           : registerMbeans..................false
2026-09-11 18:07:24.698 DEBUG 3168 --- [  restartedMain] com.zaxxer.hikari.HikariConfig           : scheduledExecutor...............none
2026-09-11 18:07:24.698 DEBUG 3168 --- [  restartedMain] com.zaxxer.hikari.HikariConfig           : schema..........................none
2026-09-11 18:07:24.698 DEBUG 3168 --- [  restartedMain] com.zaxxer.hikari.HikariConfig           : threadFactory...................internal
2026-09-11 18:07:24.698 DEBUG 3168 --- [  restartedMain] com.zaxxer.hikari.HikariConfig           : transactionIsolation............default
2026-09-11 18:07:24.698 DEBUG 3168 --- [  restartedMain] com.zaxxer.hikari.HikariConfig           : username........................"root"
2026-09-11 18:07:24.698 DEBUG 3168 --- [  restartedMain] com.zaxxer.hikari.HikariConfig           : validationTimeout...............5000
2026-09-11 18:07:24.698  INFO 3168 --- [  restartedMain] com.zaxxer.hikari.HikariDataSource       : BusinessAppHikariPool - Starting...
2026-09-11 18:07:24.837  INFO 3168 --- [  restartedMain] com.zaxxer.hikari.pool.HikariPool        : BusinessAppHikariPool - Added connection com.mysql.cj.jdbc.ConnectionImpl@30005bc7
2026-09-11 18:07:24.837  INFO 3168 --- [  restartedMain] com.zaxxer.hikari.HikariDataSource       : BusinessAppHikariPool - Start completed.
2026-09-11 18:07:25.968  INFO 3168 --- [  restartedMain] o.h.e.t.j.p.i.JtaPlatformInitiator       : HHH000489: No JTA platform available (set 'hibernate.transaction.jta.platform' to enable JTA platform integration)
2026-09-11 18:07:26.027 DEBUG 3168 --- [  restartedMain] org.hibernate.SQL                        : 
    alter table businesses 
       modify column description TEXT
2026-09-11 18:07:26.047 DEBUG 3168 --- [  restartedMain] org.hibernate.SQL                        : 
    alter table member_educations 
       modify column description TEXT
2026-09-11 18:07:26.058 DEBUG 3168 --- [  restartedMain] org.hibernate.SQL                        : 
    alter table member_experiences 
       modify column description TEXT
2026-09-11 18:07:26.062 DEBUG 3168 --- [  restartedMain] org.hibernate.SQL                        : 
    alter table members 
       modify column bio TEXT
2026-09-11 18:07:26.074 DEBUG 3168 --- [  restartedMain] org.hibernate.SQL                        : 
    alter table members 
       modify column profile_visibility enum ('CONNECTIONS_ONLY','PRIVATE','PUBLIC') not null
2026-09-11 18:07:26.092 DEBUG 3168 --- [  restartedMain] org.hibernate.SQL                        : 
    alter table members 
       modify column specialization enum ('ACCOUNTING_AUDIT','ASSET_WEALTH_MANAGEMENT','CORPORATE_FINANCE','FINTECH','INSURANCE','INVESTMENT_BANKING','OTHER','PRIVATE_EQUITY_VC','RISK_COMPLIANCE')
2026-09-11 18:07:26.108 DEBUG 3168 --- [  restartedMain] org.hibernate.SQL                        : 
    alter table opportunities 
       modify column description TEXT not null
2026-09-11 18:07:26.125 DEBUG 3168 --- [  restartedMain] org.hibernate.SQL                        : 
    alter table opportunities 
       modify column experience_level enum ('EXECUTIVE','GRADUATE','JUNIOR','MID','SENIOR') not null
2026-09-11 18:07:26.147 DEBUG 3168 --- [  restartedMain] org.hibernate.SQL                        : 
    alter table opportunities 
       modify column specialization enum ('ACCOUNTING_AUDIT','ASSET_WEALTH_MANAGEMENT','CORPORATE_FINANCE','FINTECH','INSURANCE','INVESTMENT_BANKING','OTHER','PRIVATE_EQUITY_VC','RISK_COMPLIANCE') not null
2026-09-11 18:07:26.165 DEBUG 3168 --- [  restartedMain] org.hibernate.SQL                        : 
    alter table opportunities 
       modify column status enum ('CLOSED','DRAFT','PUBLISHED') not null
2026-09-11 18:07:26.178 DEBUG 3168 --- [  restartedMain] org.hibernate.SQL                        : 
    alter table opportunities 
       modify column type enum ('CONTRACT','FULL_TIME','GIG','INTERNSHIP','PART_TIME') not null
2026-09-11 18:07:26.196 DEBUG 3168 --- [  restartedMain] org.hibernate.SQL                        : 
    alter table opportunities 
       modify column work_mode enum ('HYBRID','ONSITE','REMOTE') not null
2026-09-11 18:07:26.213 DEBUG 3168 --- [  restartedMain] org.hibernate.SQL                        : 
    alter table opportunity_qualifications 
       modify column qualification TEXT not null
2026-09-11 18:07:26.213 DEBUG 3168 --- [  restartedMain] org.hibernate.SQL                        : 
    alter table opportunity_responsibilities 
       modify column responsibility TEXT not null
2026-09-11 18:07:26.229 DEBUG 3168 --- [  restartedMain] org.hibernate.SQL                        : 
    alter table users 
       modify column role enum ('ROLE_ADMIN','ROLE_ADVISORY','ROLE_BUSINESS','ROLE_CUSTOMER','ROLE_MEMBERS') not null
2026-09-11 18:07:26.347  INFO 3168 --- [  restartedMain] j.LocalContainerEntityManagerFactoryBean : Initialized JPA EntityManagerFactory for persistence unit 'default'
2026-09-11 18:07:26.573  INFO 3168 --- [  restartedMain] o.s.d.j.r.query.QueryEnhancerFactory     : Hibernate is in classpath; If applicable, HQL parser will be used.
2026-09-11 18:07:27.016 ERROR 3168 --- [  restartedMain] o.s.b.w.e.tomcat.TomcatStarter           : Error starting Tomcat context. Exception: org.springframework.beans.factory.UnsatisfiedDependencyException. Message: Error creating bean with name 'securityConfig' defined in file [E:\firstapp\firstapp\target\classes\com\example\firstapp\config\SecurityConfig.class]: Unsatisfied dependency expressed through constructor parameter 0: Error creating bean with name 'jwtAuthFilter' defined in file [E:\firstapp\firstapp\target\classes\com\example\firstapp\filter\JwtAuthFilter.class]: Unsatisfied dependency expressed through constructor parameter 1: Error creating bean with name 'userDetailsServiceImpl' defined in file [E:\firstapp\firstapp\target\classes\com\example\firstapp\security\UserDetailsServiceImpl.class]: Unsatisfied dependency expressed through constructor parameter 0: Error creating bean with name 'userRepository' defined in com.example.firstapp.repository.UserRepository defined in @EnableJpaRepositories declared on JpaRepositoriesRegistrar.EnableJpaRepositoriesConfiguration: Could not create query for public abstract void com.example.firstapp.repository.UserRepository.lockAccount(java.lang.String,java.time.LocalDateTime); Reason: Validation failed for query for method public abstract void com.example.firstapp.repository.UserRepository.lockAccount(java.lang.String,java.time.LocalDateTime)
2026-09-11 18:07:27.048  INFO 3168 --- [  restartedMain] o.a.catalina.core.StandardService        : Stopping service [Tomcat]
2026-09-11 18:07:27.048  WARN 3168 --- [  restartedMain] o.a.c.loader.WebappClassLoaderBase       : The web application [ROOT] appears to have started a thread named [BusinessAppHikariPool housekeeper] but has failed to stop it. This is very likely to create a memory leak. Stack trace of thread:
 java.base/jdk.internal.misc.Unsafe.park(Native Method)
 java.base/java.util.concurrent.locks.LockSupport.parkNanos(Unknown Source)
 java.base/java.util.concurrent.locks.AbstractQueuedSynchronizer$ConditionObject.awaitNanos(Unknown Source)
 java.base/java.util.concurrent.ScheduledThreadPoolExecutor$DelayedWorkQueue.take(Unknown Source)
 java.base/java.util.concurrent.ScheduledThreadPoolExecutor$DelayedWorkQueue.take(Unknown Source)
 java.base/java.util.concurrent.ThreadPoolExecutor.getTask(Unknown Source)
 java.base/java.util.concurrent.ThreadPoolExecutor.runWorker(Unknown Source)
 java.base/java.util.concurrent.ThreadPoolExecutor$Worker.run(Unknown Source)
 java.base/java.lang.Thread.run(Unknown Source)
2026-09-11 18:07:27.048  WARN 3168 --- [  restartedMain] o.a.c.loader.WebappClassLoaderBase       : The web application [ROOT] appears to have started a thread named [BusinessAppHikariPool connection adder] but has failed to stop it. This is very likely to create a memory leak. Stack trace of thread:
 java.base/jdk.internal.misc.Unsafe.park(Native Method)
 java.base/java.util.concurrent.locks.LockSupport.parkNanos(Unknown Source)
 java.base/java.util.concurrent.locks.AbstractQueuedSynchronizer$ConditionObject.awaitNanos(Unknown Source)
 java.base/java.util.concurrent.LinkedBlockingQueue.poll(Unknown Source)
 java.base/java.util.concurrent.ThreadPoolExecutor.getTask(Unknown Source)
 java.base/java.util.concurrent.ThreadPoolExecutor.runWorker(Unknown Source)
 java.base/java.util.concurrent.ThreadPoolExecutor$Worker.run(Unknown Source)
 java.base/java.lang.Thread.run(Unknown Source)
2026-09-11 18:07:27.058  WARN 3168 --- [  restartedMain] ConfigServletWebServerApplicationContext : Exception encountered during context initialization - cancelling refresh attempt: org.springframework.context.ApplicationContextException: Unable to start web server
2026-09-11 18:07:27.058  INFO 3168 --- [  restartedMain] j.LocalContainerEntityManagerFactoryBean : Closing JPA EntityManagerFactory for persistence unit 'default'
2026-09-11 18:07:27.061  INFO 3168 --- [  restartedMain] com.zaxxer.hikari.HikariDataSource       : BusinessAppHikariPool - Shutdown initiated...
2026-09-11 18:07:27.072  INFO 3168 --- [  restartedMain] com.zaxxer.hikari.HikariDataSource       : BusinessAppHikariPool - Shutdown completed.
2026-09-11 18:07:27.073  INFO 3168 --- [  restartedMain] .s.b.a.l.ConditionEvaluationReportLogger : 

Error starting ApplicationContext. To display the condition evaluation report re-run your application with 'debug' enabled.
2026-09-11 18:07:27.098 ERROR 3168 --- [  restartedMain] o.s.boot.SpringApplication               : Application run failed
org.springframework.context.ApplicationContextException: Unable to start web server
	at org.springframework.boot.web.servlet.context.ServletWebServerApplicationContext.onRefresh(ServletWebServerApplicationContext.java:170)
	at org.springframework.context.support.AbstractApplicationContext.refresh(AbstractApplicationContext.java:619)
	at org.springframework.boot.web.servlet.context.ServletWebServerApplicationContext.refresh(ServletWebServerApplicationContext.java:146)
	at org.springframework.boot.SpringApplication.refresh(SpringApplication.java:754)
	at org.springframework.boot.SpringApplication.refreshContext(SpringApplication.java:456)
	at org.springframework.boot.SpringApplication.run(SpringApplication.java:335)
	at org.springframework.boot.SpringApplication.run(SpringApplication.java:1363)
	at org.springframework.boot.SpringApplication.run(SpringApplication.java:1352)
	at com.example.firstapp.FirstappApplication.main(FirstappApplication.java:10)
	at java.base/jdk.internal.reflect.DirectMethodHandleAccessor.invoke(Unknown Source)
	at java.base/java.lang.reflect.Method.invoke(Unknown Source)
	at org.springframework.boot.devtools.restart.RestartLauncher.run(RestartLauncher.java:50)
Caused by: org.springframework.boot.web.server.WebServerException: Unable to start embedded Tomcat
	at org.springframework.boot.web.embedded.tomcat.TomcatWebServer.initialize(TomcatWebServer.java:147)
	at org.springframework.boot.web.embedded.tomcat.TomcatWebServer.<init>(TomcatWebServer.java:107)
	at org.springframework.boot.web.embedded.tomcat.TomcatServletWebServerFactory.getTomcatWebServer(TomcatServletWebServerFactory.java:520)
	at org.springframework.boot.web.embedded.tomcat.TomcatServletWebServerFactory.getWebServer(TomcatServletWebServerFactory.java:222)
	at org.springframework.boot.web.servlet.context.ServletWebServerApplicationContext.createWebServer(ServletWebServerApplicationContext.java:193)
	at org.springframework.boot.web.servlet.context.ServletWebServerApplicationContext.onRefresh(ServletWebServerApplicationContext.java:167)
	... 11 common frames omitted
Caused by: org.springframework.beans.factory.UnsatisfiedDependencyException: Error creating bean with name 'securityConfig' defined in file [E:\firstapp\firstapp\target\classes\com\example\firstapp\config\SecurityConfig.class]: Unsatisfied dependency expressed through constructor parameter 0: Error creating bean with name 'jwtAuthFilter' defined in file [E:\firstapp\firstapp\target\classes\com\example\firstapp\filter\JwtAuthFilter.class]: Unsatisfied dependency expressed through constructor parameter 1: Error creating bean with name 'userDetailsServiceImpl' defined in file [E:\firstapp\firstapp\target\classes\com\example\firstapp\security\UserDetailsServiceImpl.class]: Unsatisfied dependency expressed through constructor parameter 0: Error creating bean with name 'userRepository' defined in com.example.firstapp.repository.UserRepository defined in @EnableJpaRepositories declared on JpaRepositoriesRegistrar.EnableJpaRepositoriesConfiguration: Could not create query for public abstract void com.example.firstapp.repository.UserRepository.lockAccount(java.lang.String,java.time.LocalDateTime); Reason: Validation failed for query for method public abstract void com.example.firstapp.repository.UserRepository.lockAccount(java.lang.String,java.time.LocalDateTime)
	at org.springframework.beans.factory.support.ConstructorResolver.createArgumentArray(ConstructorResolver.java:795)
	at org.springframework.beans.factory.support.ConstructorResolver.autowireConstructor(ConstructorResolver.java:237)
	at org.springframework.beans.factory.support.AbstractAutowireCapableBeanFactory.autowireConstructor(AbstractAutowireCapableBeanFactory.java:1375)
	at org.springframework.beans.factory.support.AbstractAutowireCapableBeanFactory.createBeanInstance(AbstractAutowireCapableBeanFactory.java:1212)
	at org.springframework.beans.factory.support.AbstractAutowireCapableBeanFactory.doCreateBean(AbstractAutowireCapableBeanFactory.java:562)
	at org.springframework.beans.factory.support.AbstractAutowireCapableBeanFactory.createBean(AbstractAutowireCapableBeanFactory.java:522)
	at org.springframework.beans.factory.support.AbstractBeanFactory.lambda$doGetBean$0(AbstractBeanFactory.java:337)
	at org.springframework.beans.factory.support.DefaultSingletonBeanRegistry.getSingleton(DefaultSingletonBeanRegistry.java:234)
	at org.springframework.beans.factory.support.AbstractBeanFactory.doGetBean(AbstractBeanFactory.java:335)
	at org.springframework.beans.factory.support.AbstractBeanFactory.getBean(AbstractBeanFactory.java:200)
	at org.springframework.beans.factory.support.ConstructorResolver.instantiateUsingFactoryMethod(ConstructorResolver.java:409)
	at org.springframework.beans.factory.support.AbstractAutowireCapableBeanFactory.instantiateUsingFactoryMethod(AbstractAutowireCapableBeanFactory.java:1355)
	at org.springframework.beans.factory.support.AbstractAutowireCapableBeanFactory.createBeanInstance(AbstractAutowireCapableBeanFactory.java:1185)
	at org.springframework.beans.factory.support.AbstractAutowireCapableBeanFactory.doCreateBean(AbstractAutowireCapableBeanFactory.java:562)
	at org.springframework.beans.factory.support.AbstractAutowireCapableBeanFactory.createBean(AbstractAutowireCapableBeanFactory.java:522)
	at org.springframework.beans.factory.support.AbstractBeanFactory.lambda$doGetBean$0(AbstractBeanFactory.java:337)
	at org.springframework.beans.factory.support.DefaultSingletonBeanRegistry.getSingleton(DefaultSingletonBeanRegistry.java:234)
	at org.springframework.beans.factory.support.AbstractBeanFactory.doGetBean(AbstractBeanFactory.java:335)
	at org.springframework.beans.factory.support.AbstractBeanFactory.getBean(AbstractBeanFactory.java:205)
	at org.springframework.boot.web.servlet.ServletContextInitializerBeans.getOrderedBeansOfType(ServletContextInitializerBeans.java:211)
	at org.springframework.boot.web.servlet.ServletContextInitializerBeans.getOrderedBeansOfType(ServletContextInitializerBeans.java:202)
	at org.springframework.boot.web.servlet.ServletContextInitializerBeans.addServletContextInitializerBeans(ServletContextInitializerBeans.java:97)
	at org.springframework.boot.web.servlet.ServletContextInitializerBeans.<init>(ServletContextInitializerBeans.java:86)
	at org.springframework.boot.web.servlet.context.ServletWebServerApplicationContext.getServletContextInitializerBeans(ServletWebServerApplicationContext.java:271)
	at org.springframework.boot.web.servlet.context.ServletWebServerApplicationContext.selfInitialize(ServletWebServerApplicationContext.java:245)
	at org.springframework.boot.web.embedded.tomcat.TomcatStarter.onStartup(TomcatStarter.java:52)
	at org.apache.catalina.core.StandardContext.startInternal(StandardContext.java:4464)
	at org.apache.catalina.util.LifecycleBase.start(LifecycleBase.java:164)
	at org.apache.catalina.core.ContainerBase$StartChild.call(ContainerBase.java:1203)
	at org.apache.catalina.core.ContainerBase$StartChild.call(ContainerBase.java:1193)
	at java.base/java.util.concurrent.FutureTask.run(Unknown Source)
	at org.apache.tomcat.util.threads.InlineExecutorService.execute(InlineExecutorService.java:75)
	at java.base/java.util.concurrent.AbstractExecutorService.submit(Unknown Source)
	at org.apache.catalina.core.ContainerBase.startInternal(ContainerBase.java:749)
	at org.apache.catalina.core.StandardHost.startInternal(StandardHost.java:772)
	at org.apache.catalina.util.LifecycleBase.start(LifecycleBase.java:164)
	at org.apache.catalina.core.ContainerBase$StartChild.call(ContainerBase.java:1203)
	at org.apache.catalina.core.ContainerBase$StartChild.call(ContainerBase.java:1193)
	at java.base/java.util.concurrent.FutureTask.run(Unknown Source)
	at org.apache.tomcat.util.threads.InlineExecutorService.execute(InlineExecutorService.java:75)
	at java.base/java.util.concurrent.AbstractExecutorService.submit(Unknown Source)
	at org.apache.catalina.core.ContainerBase.startInternal(ContainerBase.java:749)
	at org.apache.catalina.core.StandardEngine.startInternal(StandardEngine.java:203)
	at org.apache.catalina.util.LifecycleBase.start(LifecycleBase.java:164)
	at org.apache.catalina.core.StandardService.startInternal(StandardService.java:412)
	at org.apache.catalina.util.LifecycleBase.start(LifecycleBase.java:164)
	at org.apache.catalina.core.StandardServer.startInternal(StandardServer.java:870)
	at org.apache.catalina.util.LifecycleBase.start(LifecycleBase.java:164)
	at org.apache.catalina.startup.Tomcat.start(Tomcat.java:438)
	at org.springframework.boot.web.embedded.tomcat.TomcatWebServer.initialize(TomcatWebServer.java:128)
	... 16 common frames omitted
Caused by: org.springframework.beans.factory.UnsatisfiedDependencyException: Error creating bean with name 'jwtAuthFilter' defined in file [E:\firstapp\firstapp\target\classes\com\example\firstapp\filter\JwtAuthFilter.class]: Unsatisfied dependency expressed through constructor parameter 1: Error creating bean with name 'userDetailsServiceImpl' defined in file [E:\firstapp\firstapp\target\classes\com\example\firstapp\security\UserDetailsServiceImpl.class]: Unsatisfied dependency expressed through constructor parameter 0: Error creating bean with name 'userRepository' defined in com.example.firstapp.repository.UserRepository defined in @EnableJpaRepositories declared on JpaRepositoriesRegistrar.EnableJpaRepositoriesConfiguration: Could not create query for public abstract void com.example.firstapp.repository.UserRepository.lockAccount(java.lang.String,java.time.LocalDateTime); Reason: Validation failed for query for method public abstract void com.example.firstapp.repository.UserRepository.lockAccount(java.lang.String,java.time.LocalDateTime)
	at org.springframework.beans.factory.support.ConstructorResolver.createArgumentArray(ConstructorResolver.java:795)
	at org.springframework.beans.factory.support.ConstructorResolver.autowireConstructor(ConstructorResolver.java:237)
	at org.springframework.beans.factory.support.AbstractAutowireCapableBeanFactory.autowireConstructor(AbstractAutowireCapableBeanFactory.java:1375)
	at org.springframework.beans.factory.support.AbstractAutowireCapableBeanFactory.createBeanInstance(AbstractAutowireCapableBeanFactory.java:1212)
	at org.springframework.beans.factory.support.AbstractAutowireCapableBeanFactory.doCreateBean(AbstractAutowireCapableBeanFactory.java:562)
	at org.springframework.beans.factory.support.AbstractAutowireCapableBeanFactory.createBean(AbstractAutowireCapableBeanFactory.java:522)
	at org.springframework.beans.factory.support.AbstractBeanFactory.lambda$doGetBean$0(AbstractBeanFactory.java:337)
	at org.springframework.beans.factory.support.DefaultSingletonBeanRegistry.getSingleton(DefaultSingletonBeanRegistry.java:234)
	at org.springframework.beans.factory.support.AbstractBeanFactory.doGetBean(AbstractBeanFactory.java:335)
	at org.springframework.beans.factory.support.AbstractBeanFactory.getBean(AbstractBeanFactory.java:200)
	at org.springframework.beans.factory.config.DependencyDescriptor.resolveCandidate(DependencyDescriptor.java:254)
	at org.springframework.beans.factory.support.DefaultListableBeanFactory.doResolveDependency(DefaultListableBeanFactory.java:1448)
	at org.springframework.beans.factory.support.DefaultListableBeanFactory.resolveDependency(DefaultListableBeanFactory.java:1358)
	at org.springframework.beans.factory.support.ConstructorResolver.resolveAutowiredArgument(ConstructorResolver.java:904)
	at org.springframework.beans.factory.support.ConstructorResolver.createArgumentArray(ConstructorResolver.java:782)
	... 65 common frames omitted
Caused by: org.springframework.beans.factory.UnsatisfiedDependencyException: Error creating bean with name 'userDetailsServiceImpl' defined in file [E:\firstapp\firstapp\target\classes\com\example\firstapp\security\UserDetailsServiceImpl.class]: Unsatisfied dependency expressed through constructor parameter 0: Error creating bean with name 'userRepository' defined in com.example.firstapp.repository.UserRepository defined in @EnableJpaRepositories declared on JpaRepositoriesRegistrar.EnableJpaRepositoriesConfiguration: Could not create query for public abstract void com.example.firstapp.repository.UserRepository.lockAccount(java.lang.String,java.time.LocalDateTime); Reason: Validation failed for query for method public abstract void com.example.firstapp.repository.UserRepository.lockAccount(java.lang.String,java.time.LocalDateTime)
	at org.springframework.beans.factory.support.ConstructorResolver.createArgumentArray(ConstructorResolver.java:795)
	at org.springframework.beans.factory.support.ConstructorResolver.autowireConstructor(ConstructorResolver.java:237)
	at org.springframework.beans.factory.support.AbstractAutowireCapableBeanFactory.autowireConstructor(AbstractAutowireCapableBeanFactory.java:1375)
	at org.springframework.beans.factory.support.AbstractAutowireCapableBeanFactory.createBeanInstance(AbstractAutowireCapableBeanFactory.java:1212)
	at org.springframework.beans.factory.support.AbstractAutowireCapableBeanFactory.doCreateBean(AbstractAutowireCapableBeanFactory.java:562)
	at org.springframework.beans.factory.support.AbstractAutowireCapableBeanFactory.createBean(AbstractAutowireCapableBeanFactory.java:522)
	at org.springframework.beans.factory.support.AbstractBeanFactory.lambda$doGetBean$0(AbstractBeanFactory.java:337)
	at org.springframework.beans.factory.support.DefaultSingletonBeanRegistry.getSingleton(DefaultSingletonBeanRegistry.java:234)
	at org.springframework.beans.factory.support.AbstractBeanFactory.doGetBean(AbstractBeanFactory.java:335)
	at org.springframework.beans.factory.support.AbstractBeanFactory.getBean(AbstractBeanFactory.java:200)
	at org.springframework.beans.factory.config.DependencyDescriptor.resolveCandidate(DependencyDescriptor.java:254)
	at org.springframework.beans.factory.support.DefaultListableBeanFactory.doResolveDependency(DefaultListableBeanFactory.java:1448)
	at org.springframework.beans.factory.support.DefaultListableBeanFactory.resolveDependency(DefaultListableBeanFactory.java:1358)
	at org.springframework.beans.factory.support.ConstructorResolver.resolveAutowiredArgument(ConstructorResolver.java:904)
	at org.springframework.beans.factory.support.ConstructorResolver.createArgumentArray(ConstructorResolver.java:782)
	... 79 common frames omitted
Caused by: org.springframework.beans.factory.BeanCreationException: Error creating bean with name 'userRepository' defined in com.example.firstapp.repository.UserRepository defined in @EnableJpaRepositories declared on JpaRepositoriesRegistrar.EnableJpaRepositoriesConfiguration: Could not create query for public abstract void com.example.firstapp.repository.UserRepository.lockAccount(java.lang.String,java.time.LocalDateTime); Reason: Validation failed for query for method public abstract void com.example.firstapp.repository.UserRepository.lockAccount(java.lang.String,java.time.LocalDateTime)
	at org.springframework.beans.factory.support.AbstractAutowireCapableBeanFactory.initializeBean(AbstractAutowireCapableBeanFactory.java:1806)
	at org.springframework.beans.factory.support.AbstractAutowireCapableBeanFactory.doCreateBean(AbstractAutowireCapableBeanFactory.java:600)
	at org.springframework.beans.factory.support.AbstractAutowireCapableBeanFactory.createBean(AbstractAutowireCapableBeanFactory.java:522)
	at org.springframework.beans.factory.support.AbstractBeanFactory.lambda$doGetBean$0(AbstractBeanFactory.java:337)
	at org.springframework.beans.factory.support.DefaultSingletonBeanRegistry.getSingleton(DefaultSingletonBeanRegistry.java:234)
	at org.springframework.beans.factory.support.AbstractBeanFactory.doGetBean(AbstractBeanFactory.java:335)
	at org.springframework.beans.factory.support.AbstractBeanFactory.getBean(AbstractBeanFactory.java:200)
	at org.springframework.beans.factory.config.DependencyDescriptor.resolveCandidate(DependencyDescriptor.java:254)
	at org.springframework.beans.factory.support.DefaultListableBeanFactory.doResolveDependency(DefaultListableBeanFactory.java:1448)
	at org.springframework.beans.factory.support.DefaultListableBeanFactory.resolveDependency(DefaultListableBeanFactory.java:1358)
	at org.springframework.beans.factory.support.ConstructorResolver.resolveAutowiredArgument(ConstructorResolver.java:904)
	at org.springframework.beans.factory.support.ConstructorResolver.createArgumentArray(ConstructorResolver.java:782)
	... 93 common frames omitted
Caused by: org.springframework.data.repository.query.QueryCreationException: Could not create query for public abstract void com.example.firstapp.repository.UserRepository.lockAccount(java.lang.String,java.time.LocalDateTime); Reason: Validation failed for query for method public abstract void com.example.firstapp.repository.UserRepository.lockAccount(java.lang.String,java.time.LocalDateTime)
	at org.springframework.data.repository.query.QueryCreationException.create(QueryCreationException.java:101)
	at org.springframework.data.repository.core.support.QueryExecutorMethodInterceptor.lookupQuery(QueryExecutorMethodInterceptor.java:119)
	at org.springframework.data.repository.core.support.QueryExecutorMethodInterceptor.mapMethodsToQuery(QueryExecutorMethodInterceptor.java:103)
	at org.springframework.data.repository.core.support.QueryExecutorMethodInterceptor.lambda$new$0(QueryExecutorMethodInterceptor.java:92)
	at java.base/java.util.Optional.map(Unknown Source)
	at org.springframework.data.repository.core.support.QueryExecutorMethodInterceptor.<init>(QueryExecutorMethodInterceptor.java:92)
	at org.springframework.data.repository.core.support.RepositoryFactorySupport.getRepository(RepositoryFactorySupport.java:357)
	at org.springframework.data.repository.core.support.RepositoryFactoryBeanSupport.lambda$afterPropertiesSet$5(RepositoryFactoryBeanSupport.java:290)
	at org.springframework.data.util.Lazy.getNullable(Lazy.java:135)
	at org.springframework.data.util.Lazy.get(Lazy.java:113)
	at org.springframework.data.repository.core.support.RepositoryFactoryBeanSupport.afterPropertiesSet(RepositoryFactoryBeanSupport.java:296)
	at org.springframework.data.jpa.repository.support.JpaRepositoryFactoryBean.afterPropertiesSet(JpaRepositoryFactoryBean.java:132)
	at org.springframework.beans.factory.support.AbstractAutowireCapableBeanFactory.invokeInitMethods(AbstractAutowireCapableBeanFactory.java:1853)
	at org.springframework.beans.factory.support.AbstractAutowireCapableBeanFactory.initializeBean(AbstractAutowireCapableBeanFactory.java:1802)
	... 104 common frames omitted
Caused by: java.lang.IllegalArgumentException: Validation failed for query for method public abstract void com.example.firstapp.repository.UserRepository.lockAccount(java.lang.String,java.time.LocalDateTime)
	at org.springframework.data.jpa.repository.query.SimpleJpaQuery.validateQuery(SimpleJpaQuery.java:100)
	at org.springframework.data.jpa.repository.query.SimpleJpaQuery.<init>(SimpleJpaQuery.java:70)
	at org.springframework.data.jpa.repository.query.JpaQueryFactory.fromMethodWithQueryString(JpaQueryFactory.java:60)
	at org.springframework.data.jpa.repository.query.JpaQueryLookupStrategy$DeclaredQueryLookupStrategy.resolveQuery(JpaQueryLookupStrategy.java:170)
	at org.springframework.data.jpa.repository.query.JpaQueryLookupStrategy$CreateIfNotFoundQueryLookupStrategy.resolveQuery(JpaQueryLookupStrategy.java:252)
	at org.springframework.data.jpa.repository.query.JpaQueryLookupStrategy$AbstractQueryLookupStrategy.resolveQuery(JpaQueryLookupStrategy.java:95)
	at org.springframework.data.repository.core.support.QueryExecutorMethodInterceptor.lookupQuery(QueryExecutorMethodInterceptor.java:115)
	... 116 common frames omitted
Caused by: java.lang.IllegalArgumentException: org.hibernate.query.sqm.UnknownPathException: Could not resolve attribute 'Locked' of 'com.example.firstapp.entity.User' [UPDATE User u SET u.Locked = true, u.lockTime = :lockTime WHERE u.email = :email]
	at org.hibernate.internal.ExceptionConverterImpl.convert(ExceptionConverterImpl.java:143)
	at org.hibernate.internal.ExceptionConverterImpl.convert(ExceptionConverterImpl.java:167)
	at org.hibernate.internal.ExceptionConverterImpl.convert(ExceptionConverterImpl.java:173)
	at org.hibernate.internal.AbstractSharedSessionContract.createQuery(AbstractSharedSessionContract.java:860)
	at org.hibernate.internal.AbstractSharedSessionContract.createQuery(AbstractSharedSessionContract.java:765)
	at org.hibernate.internal.AbstractSharedSessionContract.createQuery(AbstractSharedSessionContract.java:140)
	at java.base/jdk.internal.reflect.DirectMethodHandleAccessor.invoke(Unknown Source)
	at java.base/java.lang.reflect.Method.invoke(Unknown Source)
	at org.springframework.orm.jpa.ExtendedEntityManagerCreator$ExtendedEntityManagerInvocationHandler.invoke(ExtendedEntityManagerCreator.java:364)
	at jdk.proxy4/jdk.proxy4.$Proxy149.createQuery(Unknown Source)
	at org.springframework.data.jpa.repository.query.SimpleJpaQuery.validateQuery(SimpleJpaQuery.java:94)
	... 122 common frames omitted
Caused by: org.hibernate.query.sqm.UnknownPathException: Could not resolve attribute 'Locked' of 'com.example.firstapp.entity.User' [UPDATE User u SET u.Locked = true, u.lockTime = :lockTime WHERE u.email = :email]
	at org.hibernate.query.hql.internal.StandardHqlTranslator.translate(StandardHqlTranslator.java:88)
	at org.hibernate.query.internal.QueryInterpretationCacheStandardImpl.createHqlInterpretation(QueryInterpretationCacheStandardImpl.java:145)
	at org.hibernate.query.internal.QueryInterpretationCacheStandardImpl.resolveHqlInterpretation(QueryInterpretationCacheStandardImpl.java:132)
	at org.hibernate.internal.AbstractSharedSessionContract.interpretHql(AbstractSharedSessionContract.java:802)
	at org.hibernate.internal.AbstractSharedSessionContract.createQuery(AbstractSharedSessionContract.java:852)
	... 129 common frames omitted
Caused by: org.hibernate.query.sqm.PathElementException: Could not resolve attribute 'Locked' of 'com.example.firstapp.entity.User'
	at org.hibernate.query.sqm.SqmPathSource.getSubPathSource(SqmPathSource.java:95)
	at org.hibernate.query.sqm.tree.domain.AbstractSqmPath.get(AbstractSqmPath.java:196)
	at org.hibernate.query.sqm.tree.domain.AbstractSqmFrom.resolvePathPart(AbstractSqmFrom.java:198)
	at org.hibernate.query.hql.internal.DomainPathPart.resolvePathPart(DomainPathPart.java:42)
	at org.hibernate.query.hql.internal.BasicDotIdentifierConsumer.consumeIdentifier(BasicDotIdentifierConsumer.java:92)
	at org.hibernate.query.hql.internal.SemanticQueryBuilder.visitSimplePath(SemanticQueryBuilder.java:5269)
	at org.hibernate.query.hql.internal.SemanticQueryBuilder.visitSimplePath(SemanticQueryBuilder.java:275)
	at org.hibernate.grammars.hql.HqlParser$SimplePathContext.accept(HqlParser.java:4398)
	at org.hibernate.query.hql.internal.SemanticQueryBuilder.consumeDomainPath(SemanticQueryBuilder.java:5516)
	at org.hibernate.query.hql.internal.SemanticQueryBuilder.visitAssignment(SemanticQueryBuilder.java:695)
	at org.hibernate.query.hql.internal.SemanticQueryBuilder.visitUpdateStatement(SemanticQueryBuilder.java:676)
	at org.hibernate.query.hql.internal.SemanticQueryBuilder.visitStatement(SemanticQueryBuilder.java:457)
	at org.hibernate.query.hql.internal.SemanticQueryBuilder.buildSemanticModel(SemanticQueryBuilder.java:322)
	at org.hibernate.query.hql.internal.StandardHqlTranslator.translate(StandardHqlTranslator.java:71)
	... 133 common frames omitted
2026-09-11 18:08:48.383  INFO 12488 --- [  restartedMain] c.e.firstapp.FirstappApplication         : Starting FirstappApplication using Java 21.0.12.1 with PID 12488 (E:\firstapp\firstapp\target\classes started by Dell in E:\firstapp\firstapp)
2026-09-11 18:08:48.383  INFO 12488 --- [  restartedMain] c.e.firstapp.FirstappApplication         : No active profile set, falling back to 1 default profile: "default"
2026-09-11 18:08:48.447  INFO 12488 --- [  restartedMain] .e.DevToolsPropertyDefaultsPostProcessor : Devtools property defaults active! Set 'spring.devtools.add-properties' to 'false' to disable
2026-09-11 18:08:48.447  INFO 12488 --- [  restartedMain] .e.DevToolsPropertyDefaultsPostProcessor : For additional web related logging consider setting the 'logging.level.web' property to 'DEBUG'
2026-09-11 18:08:49.349  INFO 12488 --- [  restartedMain] .s.d.r.c.RepositoryConfigurationDelegate : Bootstrapping Spring Data JPA repositories in DEFAULT mode.
2026-09-11 18:08:49.435  INFO 12488 --- [  restartedMain] .s.d.r.c.RepositoryConfigurationDelegate : Finished Spring Data repository scanning in 80 ms. Found 8 JPA repository interfaces.
2026-09-11 18:08:50.134  INFO 12488 --- [  restartedMain] o.s.b.w.e.tomcat.TomcatWebServer         : Tomcat initialized with port 8080 (http)
2026-09-11 18:08:50.154  INFO 12488 --- [  restartedMain] o.a.catalina.core.StandardService        : Starting service [Tomcat]
2026-09-11 18:08:50.155  INFO 12488 --- [  restartedMain] o.a.catalina.core.StandardEngine         : Starting Servlet engine: [Apache Tomcat/10.1.42]
2026-09-11 18:08:50.225  INFO 12488 --- [  restartedMain] o.a.c.c.C.[Tomcat].[localhost].[/]       : Initializing Spring embedded WebApplicationContext
2026-09-11 18:08:50.226  INFO 12488 --- [  restartedMain] w.s.c.ServletWebServerApplicationContext : Root WebApplicationContext: initialization completed in 1776 ms
2026-09-11 18:08:50.284 DEBUG 12488 --- [  restartedMain] com.zaxxer.hikari.HikariConfig           : Driver class com.mysql.cj.jdbc.Driver found in Thread context class loader TomcatEmbeddedWebappClassLoader
  context: ROOT
  delegate: true
----------> Parent Classloader:
org.springframework.boot.devtools.restart.classloader.RestartClassLoader@2db52090

2026-09-11 18:08:50.422  INFO 12488 --- [  restartedMain] o.h.jpa.internal.util.LogHelper          : HHH000204: Processing PersistenceUnitInfo [name: default]
2026-09-11 18:08:50.484  INFO 12488 --- [  restartedMain] org.hibernate.Version                    : HHH000412: Hibernate ORM core version 6.5.3.Final
2026-09-11 18:08:50.515  INFO 12488 --- [  restartedMain] o.h.c.i.RegionFactoryInitiator           : HHH000026: Second-level cache disabled
2026-09-11 18:08:50.779  INFO 12488 --- [  restartedMain] o.s.o.j.p.SpringPersistenceUnitInfo      : No LoadTimeWeaver setup: ignoring JPA class transformer
2026-09-11 18:08:50.824 DEBUG 12488 --- [  restartedMain] com.zaxxer.hikari.HikariConfig           : BusinessAppHikariPool - configuration:
2026-09-11 18:08:50.827 DEBUG 12488 --- [  restartedMain] com.zaxxer.hikari.HikariConfig           : allowPoolSuspension.............false
2026-09-11 18:08:50.827 DEBUG 12488 --- [  restartedMain] com.zaxxer.hikari.HikariConfig           : autoCommit......................true
2026-09-11 18:08:50.827 DEBUG 12488 --- [  restartedMain] com.zaxxer.hikari.HikariConfig           : catalog.........................none
2026-09-11 18:08:50.827 DEBUG 12488 --- [  restartedMain] com.zaxxer.hikari.HikariConfig           : connectionInitSql...............none
2026-09-11 18:08:50.829 DEBUG 12488 --- [  restartedMain] com.zaxxer.hikari.HikariConfig           : connectionTestQuery............."SELECT 1"
2026-09-11 18:08:50.830 DEBUG 12488 --- [  restartedMain] com.zaxxer.hikari.HikariConfig           : connectionTimeout...............20000
2026-09-11 18:08:50.830 DEBUG 12488 --- [  restartedMain] com.zaxxer.hikari.HikariConfig           : dataSource......................none
2026-09-11 18:08:50.830 DEBUG 12488 --- [  restartedMain] com.zaxxer.hikari.HikariConfig           : dataSourceClassName.............none
2026-09-11 18:08:50.830 DEBUG 12488 --- [  restartedMain] com.zaxxer.hikari.HikariConfig           : dataSourceJNDI..................none
2026-09-11 18:08:50.833 DEBUG 12488 --- [  restartedMain] com.zaxxer.hikari.HikariConfig           : dataSourceProperties............{password=<masked>}
2026-09-11 18:08:50.834 DEBUG 12488 --- [  restartedMain] com.zaxxer.hikari.HikariConfig           : driverClassName................."com.mysql.cj.jdbc.Driver"
2026-09-11 18:08:50.834 DEBUG 12488 --- [  restartedMain] com.zaxxer.hikari.HikariConfig           : exceptionOverrideClassName......none
2026-09-11 18:08:50.834 DEBUG 12488 --- [  restartedMain] com.zaxxer.hikari.HikariConfig           : healthCheckProperties...........{}
2026-09-11 18:08:50.834 DEBUG 12488 --- [  restartedMain] com.zaxxer.hikari.HikariConfig           : healthCheckRegistry.............none
2026-09-11 18:08:50.835 DEBUG 12488 --- [  restartedMain] com.zaxxer.hikari.HikariConfig           : idleTimeout.....................600000
2026-09-11 18:08:50.836 DEBUG 12488 --- [  restartedMain] com.zaxxer.hikari.HikariConfig           : initializationFailTimeout.......1
2026-09-11 18:08:50.836 DEBUG 12488 --- [  restartedMain] com.zaxxer.hikari.HikariConfig           : isolateInternalQueries..........false
2026-09-11 18:08:50.836 DEBUG 12488 --- [  restartedMain] com.zaxxer.hikari.HikariConfig           : jdbcUrl.........................jdbc:mysql://localhost:3306/businessapp?createDatabaseIfNotExist=true&useSSL=false&serverTimezone=UTC&allowPublicKeyRetrieval=true
2026-09-11 18:08:50.837 DEBUG 12488 --- [  restartedMain] com.zaxxer.hikari.HikariConfig           : keepaliveTime...................0
2026-09-11 18:08:50.837 DEBUG 12488 --- [  restartedMain] com.zaxxer.hikari.HikariConfig           : leakDetectionThreshold..........0
2026-09-11 18:08:50.837 DEBUG 12488 --- [  restartedMain] com.zaxxer.hikari.HikariConfig           : maxLifetime.....................1800000
2026-09-11 18:08:50.838 DEBUG 12488 --- [  restartedMain] com.zaxxer.hikari.HikariConfig           : maximumPoolSize.................10
2026-09-11 18:08:50.838 DEBUG 12488 --- [  restartedMain] com.zaxxer.hikari.HikariConfig           : metricRegistry..................none
2026-09-11 18:08:50.838 DEBUG 12488 --- [  restartedMain] com.zaxxer.hikari.HikariConfig           : metricsTrackerFactory...........none
2026-09-11 18:08:50.838 DEBUG 12488 --- [  restartedMain] com.zaxxer.hikari.HikariConfig           : minimumIdle.....................5
2026-09-11 18:08:50.838 DEBUG 12488 --- [  restartedMain] com.zaxxer.hikari.HikariConfig           : password........................<masked>
2026-09-11 18:08:50.838 DEBUG 12488 --- [  restartedMain] com.zaxxer.hikari.HikariConfig           : poolName........................"BusinessAppHikariPool"
2026-09-11 18:08:50.838 DEBUG 12488 --- [  restartedMain] com.zaxxer.hikari.HikariConfig           : readOnly........................false
2026-09-11 18:08:50.840 DEBUG 12488 --- [  restartedMain] com.zaxxer.hikari.HikariConfig           : registerMbeans..................false
2026-09-11 18:08:50.840 DEBUG 12488 --- [  restartedMain] com.zaxxer.hikari.HikariConfig           : scheduledExecutor...............none
2026-09-11 18:08:50.840 DEBUG 12488 --- [  restartedMain] com.zaxxer.hikari.HikariConfig           : schema..........................none
2026-09-11 18:08:50.840 DEBUG 12488 --- [  restartedMain] com.zaxxer.hikari.HikariConfig           : threadFactory...................internal
2026-09-11 18:08:50.840 DEBUG 12488 --- [  restartedMain] com.zaxxer.hikari.HikariConfig           : transactionIsolation............default
2026-09-11 18:08:50.840 DEBUG 12488 --- [  restartedMain] com.zaxxer.hikari.HikariConfig           : username........................"root"
2026-09-11 18:08:50.840 DEBUG 12488 --- [  restartedMain] com.zaxxer.hikari.HikariConfig           : validationTimeout...............5000
2026-09-11 18:08:50.840  INFO 12488 --- [  restartedMain] com.zaxxer.hikari.HikariDataSource       : BusinessAppHikariPool - Starting...
2026-09-11 18:08:50.997  INFO 12488 --- [  restartedMain] com.zaxxer.hikari.pool.HikariPool        : BusinessAppHikariPool - Added connection com.mysql.cj.jdbc.ConnectionImpl@57efed2c
2026-09-11 18:08:50.997  INFO 12488 --- [  restartedMain] com.zaxxer.hikari.HikariDataSource       : BusinessAppHikariPool - Start completed.
2026-09-11 18:08:51.996  INFO 12488 --- [  restartedMain] o.h.e.t.j.p.i.JtaPlatformInitiator       : HHH000489: No JTA platform available (set 'hibernate.transaction.jta.platform' to enable JTA platform integration)
2026-09-11 18:08:52.050 DEBUG 12488 --- [  restartedMain] org.hibernate.SQL                        : 
    alter table businesses 
       modify column description TEXT
2026-09-11 18:08:52.070 DEBUG 12488 --- [  restartedMain] org.hibernate.SQL                        : 
    alter table member_educations 
       modify column description TEXT
2026-09-11 18:08:52.085 DEBUG 12488 --- [  restartedMain] org.hibernate.SQL                        : 
    alter table member_experiences 
       modify column description TEXT
2026-09-11 18:08:52.092 DEBUG 12488 --- [  restartedMain] org.hibernate.SQL                        : 
    alter table members 
       modify column bio TEXT
2026-09-11 18:08:52.103 DEBUG 12488 --- [  restartedMain] org.hibernate.SQL                        : 
    alter table members 
       modify column profile_visibility enum ('CONNECTIONS_ONLY','PRIVATE','PUBLIC') not null
2026-09-11 18:08:52.131 DEBUG 12488 --- [  restartedMain] org.hibernate.SQL                        : 
    alter table members 
       modify column specialization enum ('ACCOUNTING_AUDIT','ASSET_WEALTH_MANAGEMENT','CORPORATE_FINANCE','FINTECH','INSURANCE','INVESTMENT_BANKING','OTHER','PRIVATE_EQUITY_VC','RISK_COMPLIANCE')
2026-09-11 18:08:52.148 DEBUG 12488 --- [  restartedMain] org.hibernate.SQL                        : 
    alter table opportunities 
       modify column description TEXT not null
2026-09-11 18:08:52.166 DEBUG 12488 --- [  restartedMain] org.hibernate.SQL                        : 
    alter table opportunities 
       modify column experience_level enum ('EXECUTIVE','GRADUATE','JUNIOR','MID','SENIOR') not null
2026-09-11 18:08:52.179 DEBUG 12488 --- [  restartedMain] org.hibernate.SQL                        : 
    alter table opportunities 
       modify column specialization enum ('ACCOUNTING_AUDIT','ASSET_WEALTH_MANAGEMENT','CORPORATE_FINANCE','FINTECH','INSURANCE','INVESTMENT_BANKING','OTHER','PRIVATE_EQUITY_VC','RISK_COMPLIANCE') not null
2026-09-11 18:08:52.187 DEBUG 12488 --- [  restartedMain] org.hibernate.SQL                        : 
    alter table opportunities 
       modify column status enum ('CLOSED','DRAFT','PUBLISHED') not null
2026-09-11 18:08:52.201 DEBUG 12488 --- [  restartedMain] org.hibernate.SQL                        : 
    alter table opportunities 
       modify column type enum ('CONTRACT','FULL_TIME','GIG','INTERNSHIP','PART_TIME') not null
2026-09-11 18:08:52.216 DEBUG 12488 --- [  restartedMain] org.hibernate.SQL                        : 
    alter table opportunities 
       modify column work_mode enum ('HYBRID','ONSITE','REMOTE') not null
2026-09-11 18:08:52.231 DEBUG 12488 --- [  restartedMain] org.hibernate.SQL                        : 
    alter table opportunity_qualifications 
       modify column qualification TEXT not null
2026-09-11 18:08:52.252 DEBUG 12488 --- [  restartedMain] org.hibernate.SQL                        : 
    alter table opportunity_responsibilities 
       modify column responsibility TEXT not null
2026-09-11 18:08:52.254 DEBUG 12488 --- [  restartedMain] org.hibernate.SQL                        : 
    alter table users 
       modify column role enum ('ROLE_ADMIN','ROLE_ADVISORY','ROLE_BUSINESS','ROLE_CUSTOMER','ROLE_MEMBERS') not null
2026-09-11 18:08:52.363  INFO 12488 --- [  restartedMain] j.LocalContainerEntityManagerFactoryBean : Initialized JPA EntityManagerFactory for persistence unit 'default'
2026-09-11 18:08:52.574  INFO 12488 --- [  restartedMain] o.s.d.j.r.query.QueryEnhancerFactory     : Hibernate is in classpath; If applicable, HQL parser will be used.
2026-09-11 18:08:53.248  INFO 12488 --- [  restartedMain] o.s.b.web.servlet.RegistrationBean       : Filter disableJwtAuthFilterRegistration was not registered (disabled)
2026-09-11 18:08:53.517  INFO 12488 --- [  restartedMain] eAuthenticationProviderManagerConfigurer : Global AuthenticationManager configured with AuthenticationProvider bean with name authenticationProvider
2026-09-11 18:08:53.519  WARN 12488 --- [  restartedMain] r$InitializeUserDetailsManagerConfigurer : Global AuthenticationManager configured with an AuthenticationProvider bean. UserDetailsService beans will not be used for username/password login. Consider removing the AuthenticationProvider bean. Alternatively, consider using the UserDetailsService in a manually instantiated DaoAuthenticationProvider.
2026-09-11 18:08:53.689  WARN 12488 --- [  restartedMain] ConfigServletWebServerApplicationContext : Exception encountered during context initialization - cancelling refresh attempt: org.springframework.beans.factory.UnsatisfiedDependencyException: Error creating bean with name 'memberProfileController' defined in file [E:\firstapp\firstapp\target\classes\com\example\firstapp\controller\MemberProfileController.class]: Unsatisfied dependency expressed through constructor parameter 0: Error creating bean with name 'memberService' defined in file [E:\firstapp\firstapp\target\classes\com\example\firstapp\service\Member\MemberService.class]: Unsatisfied dependency expressed through constructor parameter 0: Error creating bean with name 'memberRepository' defined in com.example.firstapp.repository.MemberRepository defined in @EnableJpaRepositories declared on JpaRepositoriesRegistrar.EnableJpaRepositoriesConfiguration: Could not create query for public abstract java.util.List com.example.firstapp.repository.MemberRepository.findCertificationsByMemberId(java.lang.Long); Reason: Validation failed for query for method public abstract java.util.List com.example.firstapp.repository.MemberRepository.findCertificationsByMemberId(java.lang.Long)
2026-09-11 18:08:53.689  INFO 12488 --- [  restartedMain] j.LocalContainerEntityManagerFactoryBean : Closing JPA EntityManagerFactory for persistence unit 'default'
2026-09-11 18:08:53.694  INFO 12488 --- [  restartedMain] com.zaxxer.hikari.HikariDataSource       : BusinessAppHikariPool - Shutdown initiated...
2026-09-11 18:08:53.703  INFO 12488 --- [  restartedMain] com.zaxxer.hikari.HikariDataSource       : BusinessAppHikariPool - Shutdown completed.
2026-09-11 18:08:53.703  INFO 12488 --- [  restartedMain] o.a.catalina.core.StandardService        : Stopping service [Tomcat]
2026-09-11 18:08:53.719  INFO 12488 --- [  restartedMain] .s.b.a.l.ConditionEvaluationReportLogger : 

Error starting ApplicationContext. To display the condition evaluation report re-run your application with 'debug' enabled.
2026-09-11 18:08:53.746 ERROR 12488 --- [  restartedMain] o.s.boot.SpringApplication               : Application run failed
org.springframework.beans.factory.UnsatisfiedDependencyException: Error creating bean with name 'memberProfileController' defined in file [E:\firstapp\firstapp\target\classes\com\example\firstapp\controller\MemberProfileController.class]: Unsatisfied dependency expressed through constructor parameter 0: Error creating bean with name 'memberService' defined in file [E:\firstapp\firstapp\target\classes\com\example\firstapp\service\Member\MemberService.class]: Unsatisfied dependency expressed through constructor parameter 0: Error creating bean with name 'memberRepository' defined in com.example.firstapp.repository.MemberRepository defined in @EnableJpaRepositories declared on JpaRepositoriesRegistrar.EnableJpaRepositoriesConfiguration: Could not create query for public abstract java.util.List com.example.firstapp.repository.MemberRepository.findCertificationsByMemberId(java.lang.Long); Reason: Validation failed for query for method public abstract java.util.List com.example.firstapp.repository.MemberRepository.findCertificationsByMemberId(java.lang.Long)
	at org.springframework.beans.factory.support.ConstructorResolver.createArgumentArray(ConstructorResolver.java:795)
	at org.springframework.beans.factory.support.ConstructorResolver.autowireConstructor(ConstructorResolver.java:237)
	at org.springframework.beans.factory.support.AbstractAutowireCapableBeanFactory.autowireConstructor(AbstractAutowireCapableBeanFactory.java:1375)
	at org.springframework.beans.factory.support.AbstractAutowireCapableBeanFactory.createBeanInstance(AbstractAutowireCapableBeanFactory.java:1212)
	at org.springframework.beans.factory.support.AbstractAutowireCapableBeanFactory.doCreateBean(AbstractAutowireCapableBeanFactory.java:562)
	at org.springframework.beans.factory.support.AbstractAutowireCapableBeanFactory.createBean(AbstractAutowireCapableBeanFactory.java:522)
	at org.springframework.beans.factory.support.AbstractBeanFactory.lambda$doGetBean$0(AbstractBeanFactory.java:337)
	at org.springframework.beans.factory.support.DefaultSingletonBeanRegistry.getSingleton(DefaultSingletonBeanRegistry.java:234)
	at org.springframework.beans.factory.support.AbstractBeanFactory.doGetBean(AbstractBeanFactory.java:335)
	at org.springframework.beans.factory.support.AbstractBeanFactory.getBean(AbstractBeanFactory.java:200)
	at org.springframework.beans.factory.support.DefaultListableBeanFactory.preInstantiateSingletons(DefaultListableBeanFactory.java:975)
	at org.springframework.context.support.AbstractApplicationContext.finishBeanFactoryInitialization(AbstractApplicationContext.java:971)
	at org.springframework.context.support.AbstractApplicationContext.refresh(AbstractApplicationContext.java:625)
	at org.springframework.boot.web.servlet.context.ServletWebServerApplicationContext.refresh(ServletWebServerApplicationContext.java:146)
	at org.springframework.boot.SpringApplication.refresh(SpringApplication.java:754)
	at org.springframework.boot.SpringApplication.refreshContext(SpringApplication.java:456)
	at org.springframework.boot.SpringApplication.run(SpringApplication.java:335)
	at org.springframework.boot.SpringApplication.run(SpringApplication.java:1363)
	at org.springframework.boot.SpringApplication.run(SpringApplication.java:1352)
	at com.example.firstapp.FirstappApplication.main(FirstappApplication.java:10)
	at java.base/jdk.internal.reflect.DirectMethodHandleAccessor.invoke(Unknown Source)
	at java.base/java.lang.reflect.Method.invoke(Unknown Source)
	at org.springframework.boot.devtools.restart.RestartLauncher.run(RestartLauncher.java:50)
Caused by: org.springframework.beans.factory.UnsatisfiedDependencyException: Error creating bean with name 'memberService' defined in file [E:\firstapp\firstapp\target\classes\com\example\firstapp\service\Member\MemberService.class]: Unsatisfied dependency expressed through constructor parameter 0: Error creating bean with name 'memberRepository' defined in com.example.firstapp.repository.MemberRepository defined in @EnableJpaRepositories declared on JpaRepositoriesRegistrar.EnableJpaRepositoriesConfiguration: Could not create query for public abstract java.util.List com.example.firstapp.repository.MemberRepository.findCertificationsByMemberId(java.lang.Long); Reason: Validation failed for query for method public abstract java.util.List com.example.firstapp.repository.MemberRepository.findCertificationsByMemberId(java.lang.Long)
	at org.springframework.beans.factory.support.ConstructorResolver.createArgumentArray(ConstructorResolver.java:795)
	at org.springframework.beans.factory.support.ConstructorResolver.autowireConstructor(ConstructorResolver.java:237)
	at org.springframework.beans.factory.support.AbstractAutowireCapableBeanFactory.autowireConstructor(AbstractAutowireCapableBeanFactory.java:1375)
	at org.springframework.beans.factory.support.AbstractAutowireCapableBeanFactory.createBeanInstance(AbstractAutowireCapableBeanFactory.java:1212)
	at org.springframework.beans.factory.support.AbstractAutowireCapableBeanFactory.doCreateBean(AbstractAutowireCapableBeanFactory.java:562)
	at org.springframework.beans.factory.support.AbstractAutowireCapableBeanFactory.createBean(AbstractAutowireCapableBeanFactory.java:522)
	at org.springframework.beans.factory.support.AbstractBeanFactory.lambda$doGetBean$0(AbstractBeanFactory.java:337)
	at org.springframework.beans.factory.support.DefaultSingletonBeanRegistry.getSingleton(DefaultSingletonBeanRegistry.java:234)
	at org.springframework.beans.factory.support.AbstractBeanFactory.doGetBean(AbstractBeanFactory.java:335)
	at org.springframework.beans.factory.support.AbstractBeanFactory.getBean(AbstractBeanFactory.java:200)
	at org.springframework.beans.factory.config.DependencyDescriptor.resolveCandidate(DependencyDescriptor.java:254)
	at org.springframework.beans.factory.support.DefaultListableBeanFactory.doResolveDependency(DefaultListableBeanFactory.java:1448)
	at org.springframework.beans.factory.support.DefaultListableBeanFactory.resolveDependency(DefaultListableBeanFactory.java:1358)
	at org.springframework.beans.factory.support.ConstructorResolver.resolveAutowiredArgument(ConstructorResolver.java:904)
	at org.springframework.beans.factory.support.ConstructorResolver.createArgumentArray(ConstructorResolver.java:782)
	... 22 common frames omitted
Caused by: org.springframework.beans.factory.BeanCreationException: Error creating bean with name 'memberRepository' defined in com.example.firstapp.repository.MemberRepository defined in @EnableJpaRepositories declared on JpaRepositoriesRegistrar.EnableJpaRepositoriesConfiguration: Could not create query for public abstract java.util.List com.example.firstapp.repository.MemberRepository.findCertificationsByMemberId(java.lang.Long); Reason: Validation failed for query for method public abstract java.util.List com.example.firstapp.repository.MemberRepository.findCertificationsByMemberId(java.lang.Long)
	at org.springframework.beans.factory.support.AbstractAutowireCapableBeanFactory.initializeBean(AbstractAutowireCapableBeanFactory.java:1806)
	at org.springframework.beans.factory.support.AbstractAutowireCapableBeanFactory.doCreateBean(AbstractAutowireCapableBeanFactory.java:600)
	at org.springframework.beans.factory.support.AbstractAutowireCapableBeanFactory.createBean(AbstractAutowireCapableBeanFactory.java:522)
	at org.springframework.beans.factory.support.AbstractBeanFactory.lambda$doGetBean$0(AbstractBeanFactory.java:337)
	at org.springframework.beans.factory.support.DefaultSingletonBeanRegistry.getSingleton(DefaultSingletonBeanRegistry.java:234)
	at org.springframework.beans.factory.support.AbstractBeanFactory.doGetBean(AbstractBeanFactory.java:335)
	at org.springframework.beans.factory.support.AbstractBeanFactory.getBean(AbstractBeanFactory.java:200)
	at org.springframework.beans.factory.config.DependencyDescriptor.resolveCandidate(DependencyDescriptor.java:254)
	at org.springframework.beans.factory.support.DefaultListableBeanFactory.doResolveDependency(DefaultListableBeanFactory.java:1448)
	at org.springframework.beans.factory.support.DefaultListableBeanFactory.resolveDependency(DefaultListableBeanFactory.java:1358)
	at org.springframework.beans.factory.support.ConstructorResolver.resolveAutowiredArgument(ConstructorResolver.java:904)
	at org.springframework.beans.factory.support.ConstructorResolver.createArgumentArray(ConstructorResolver.java:782)
	... 36 common frames omitted
Caused by: org.springframework.data.repository.query.QueryCreationException: Could not create query for public abstract java.util.List com.example.firstapp.repository.MemberRepository.findCertificationsByMemberId(java.lang.Long); Reason: Validation failed for query for method public abstract java.util.List com.example.firstapp.repository.MemberRepository.findCertificationsByMemberId(java.lang.Long)
	at org.springframework.data.repository.query.QueryCreationException.create(QueryCreationException.java:101)
	at org.springframework.data.repository.core.support.QueryExecutorMethodInterceptor.lookupQuery(QueryExecutorMethodInterceptor.java:119)
	at org.springframework.data.repository.core.support.QueryExecutorMethodInterceptor.mapMethodsToQuery(QueryExecutorMethodInterceptor.java:103)
	at org.springframework.data.repository.core.support.QueryExecutorMethodInterceptor.lambda$new$0(QueryExecutorMethodInterceptor.java:92)
	at java.base/java.util.Optional.map(Unknown Source)
	at org.springframework.data.repository.core.support.QueryExecutorMethodInterceptor.<init>(QueryExecutorMethodInterceptor.java:92)
	at org.springframework.data.repository.core.support.RepositoryFactorySupport.getRepository(RepositoryFactorySupport.java:357)
	at org.springframework.data.repository.core.support.RepositoryFactoryBeanSupport.lambda$afterPropertiesSet$5(RepositoryFactoryBeanSupport.java:290)
	at org.springframework.data.util.Lazy.getNullable(Lazy.java:135)
	at org.springframework.data.util.Lazy.get(Lazy.java:113)
	at org.springframework.data.repository.core.support.RepositoryFactoryBeanSupport.afterPropertiesSet(RepositoryFactoryBeanSupport.java:296)
	at org.springframework.data.jpa.repository.support.JpaRepositoryFactoryBean.afterPropertiesSet(JpaRepositoryFactoryBean.java:132)
	at org.springframework.beans.factory.support.AbstractAutowireCapableBeanFactory.invokeInitMethods(AbstractAutowireCapableBeanFactory.java:1853)
	at org.springframework.beans.factory.support.AbstractAutowireCapableBeanFactory.initializeBean(AbstractAutowireCapableBeanFactory.java:1802)
	... 47 common frames omitted
Caused by: java.lang.IllegalArgumentException: Validation failed for query for method public abstract java.util.List com.example.firstapp.repository.MemberRepository.findCertificationsByMemberId(java.lang.Long)
	at org.springframework.data.jpa.repository.query.SimpleJpaQuery.validateQuery(SimpleJpaQuery.java:100)
	at org.springframework.data.jpa.repository.query.SimpleJpaQuery.<init>(SimpleJpaQuery.java:70)
	at org.springframework.data.jpa.repository.query.JpaQueryFactory.fromMethodWithQueryString(JpaQueryFactory.java:60)
	at org.springframework.data.jpa.repository.query.JpaQueryLookupStrategy$DeclaredQueryLookupStrategy.resolveQuery(JpaQueryLookupStrategy.java:170)
	at org.springframework.data.jpa.repository.query.JpaQueryLookupStrategy$CreateIfNotFoundQueryLookupStrategy.resolveQuery(JpaQueryLookupStrategy.java:252)
	at org.springframework.data.jpa.repository.query.JpaQueryLookupStrategy$AbstractQueryLookupStrategy.resolveQuery(JpaQueryLookupStrategy.java:95)
	at org.springframework.data.repository.core.support.QueryExecutorMethodInterceptor.lookupQuery(QueryExecutorMethodInterceptor.java:115)
	... 59 common frames omitted
Caused by: java.lang.IllegalArgumentException: org.hibernate.query.sqm.UnknownPathException: Could not resolve attribute 'issuedDate' of 'com.example.firstapp.entity.MemberCertification' [SELECT c FROM MemberCertification c WHERE c.member.id = :memberId ORDER BY c.issuedDate DESC]
	at org.hibernate.internal.ExceptionConverterImpl.convert(ExceptionConverterImpl.java:143)
	at org.hibernate.internal.ExceptionConverterImpl.convert(ExceptionConverterImpl.java:167)
	at org.hibernate.internal.ExceptionConverterImpl.convert(ExceptionConverterImpl.java:173)
	at org.hibernate.internal.AbstractSharedSessionContract.createQuery(AbstractSharedSessionContract.java:860)
	at org.hibernate.internal.AbstractSharedSessionContract.createQuery(AbstractSharedSessionContract.java:765)
	at org.hibernate.internal.AbstractSharedSessionContract.createQuery(AbstractSharedSessionContract.java:140)
	at java.base/jdk.internal.reflect.DirectMethodHandleAccessor.invoke(Unknown Source)
	at java.base/java.lang.reflect.Method.invoke(Unknown Source)
	at org.springframework.orm.jpa.ExtendedEntityManagerCreator$ExtendedEntityManagerInvocationHandler.invoke(ExtendedEntityManagerCreator.java:364)
	at jdk.proxy4/jdk.proxy4.$Proxy149.createQuery(Unknown Source)
	at org.springframework.data.jpa.repository.query.SimpleJpaQuery.validateQuery(SimpleJpaQuery.java:94)
	... 65 common frames omitted
Caused by: org.hibernate.query.sqm.UnknownPathException: Could not resolve attribute 'issuedDate' of 'com.example.firstapp.entity.MemberCertification' [SELECT c FROM MemberCertification c WHERE c.member.id = :memberId ORDER BY c.issuedDate DESC]
	at org.hibernate.query.hql.internal.StandardHqlTranslator.translate(StandardHqlTranslator.java:88)
	at org.hibernate.query.internal.QueryInterpretationCacheStandardImpl.createHqlInterpretation(QueryInterpretationCacheStandardImpl.java:145)
	at org.hibernate.query.internal.QueryInterpretationCacheStandardImpl.resolveHqlInterpretation(QueryInterpretationCacheStandardImpl.java:132)
	at org.hibernate.internal.AbstractSharedSessionContract.interpretHql(AbstractSharedSessionContract.java:802)
	at org.hibernate.internal.AbstractSharedSessionContract.createQuery(AbstractSharedSessionContract.java:852)
	... 72 common frames omitted
Caused by: org.hibernate.query.sqm.PathElementException: Could not resolve attribute 'issuedDate' of 'com.example.firstapp.entity.MemberCertification'
	at org.hibernate.query.sqm.SqmPathSource.getSubPathSource(SqmPathSource.java:95)
	at org.hibernate.query.sqm.tree.domain.AbstractSqmPath.get(AbstractSqmPath.java:196)
	at org.hibernate.query.sqm.tree.domain.AbstractSqmFrom.resolvePathPart(AbstractSqmFrom.java:198)
	at org.hibernate.query.hql.internal.DomainPathPart.resolvePathPart(DomainPathPart.java:42)
	at org.hibernate.query.hql.internal.BasicDotIdentifierConsumer.consumeIdentifier(BasicDotIdentifierConsumer.java:92)
	at org.hibernate.query.hql.internal.SemanticQueryBuilder.visitSimplePath(SemanticQueryBuilder.java:5269)
	at org.hibernate.query.hql.internal.SemanticQueryBuilder.visitIndexedPathAccessFragment(SemanticQueryBuilder.java:5218)
	at org.hibernate.query.hql.internal.SemanticQueryBuilder.visitGeneralPathFragment(SemanticQueryBuilder.java:5193)
	at org.hibernate.query.hql.internal.SemanticQueryBuilder.visitGeneralPathExpression(SemanticQueryBuilder.java:1886)
	at org.hibernate.grammars.hql.HqlParser$GeneralPathExpressionContext.accept(HqlParser.java:7967)
	at org.antlr.v4.runtime.tree.AbstractParseTreeVisitor.visitChildren(AbstractParseTreeVisitor.java:46)
	at org.hibernate.grammars.hql.HqlParserBaseVisitor.visitBarePrimaryExpression(HqlParserBaseVisitor.java:777)
	at org.hibernate.grammars.hql.HqlParser$BarePrimaryExpressionContext.accept(HqlParser.java:7425)
	at org.hibernate.query.hql.internal.SemanticQueryBuilder.resolveOrderByOrGroupByExpression(SemanticQueryBuilder.java:1707)
	at org.hibernate.query.hql.internal.SemanticQueryBuilder.visitSortExpression(SemanticQueryBuilder.java:1791)
	at org.hibernate.query.hql.internal.SemanticQueryBuilder.visitSortSpecification(SemanticQueryBuilder.java:1750)
	at org.hibernate.query.hql.internal.SemanticQueryBuilder.visitOrderByClause(SemanticQueryBuilder.java:1733)
	at org.hibernate.query.hql.internal.SemanticQueryBuilder.visitOrderByClause(SemanticQueryBuilder.java:1722)
	at org.hibernate.query.hql.internal.SemanticQueryBuilder.visitQueryOrder(SemanticQueryBuilder.java:1189)
	at org.hibernate.query.hql.internal.SemanticQueryBuilder.visitQuerySpecExpression(SemanticQueryBuilder.java:1038)
	at org.hibernate.query.hql.internal.SemanticQueryBuilder.visitQuerySpecExpression(SemanticQueryBuilder.java:275)
	at org.hibernate.grammars.hql.HqlParser$QuerySpecExpressionContext.accept(HqlParser.java:2132)
	at org.hibernate.query.hql.internal.SemanticQueryBuilder.visitSimpleQueryGroup(SemanticQueryBuilder.java:1020)
	at org.hibernate.query.hql.internal.SemanticQueryBuilder.visitSimpleQueryGroup(SemanticQueryBuilder.java:275)
	at org.hibernate.grammars.hql.HqlParser$SimpleQueryGroupContext.accept(HqlParser.java:2003)
	at org.hibernate.query.hql.internal.SemanticQueryBuilder.visitSelectStatement(SemanticQueryBuilder.java:490)
	at org.hibernate.query.hql.internal.SemanticQueryBuilder.visitStatement(SemanticQueryBuilder.java:449)
	at org.hibernate.query.hql.internal.SemanticQueryBuilder.buildSemanticModel(SemanticQueryBuilder.java:322)
	at org.hibernate.query.hql.internal.StandardHqlTranslator.translate(StandardHqlTranslator.java:71)
	... 76 common frames omitted
2026-09-11 18:14:47.355  INFO 8812 --- [  restartedMain] c.e.firstapp.FirstappApplication         : Starting FirstappApplication using Java 21.0.12.1 with PID 8812 (E:\firstapp\firstapp\target\classes started by Dell in E:\firstapp\firstapp)
2026-09-11 18:14:47.355  INFO 8812 --- [  restartedMain] c.e.firstapp.FirstappApplication         : No active profile set, falling back to 1 default profile: "default"
2026-09-11 18:14:47.409  INFO 8812 --- [  restartedMain] .e.DevToolsPropertyDefaultsPostProcessor : Devtools property defaults active! Set 'spring.devtools.add-properties' to 'false' to disable
2026-09-11 18:14:47.409  INFO 8812 --- [  restartedMain] .e.DevToolsPropertyDefaultsPostProcessor : For additional web related logging consider setting the 'logging.level.web' property to 'DEBUG'
2026-09-11 18:14:48.410  INFO 8812 --- [  restartedMain] .s.d.r.c.RepositoryConfigurationDelegate : Bootstrapping Spring Data JPA repositories in DEFAULT mode.
2026-09-11 18:14:48.556  INFO 8812 --- [  restartedMain] .s.d.r.c.RepositoryConfigurationDelegate : Finished Spring Data repository scanning in 130 ms. Found 8 JPA repository interfaces.
2026-09-11 18:14:49.517  INFO 8812 --- [  restartedMain] o.s.b.w.e.tomcat.TomcatWebServer         : Tomcat initialized with port 8080 (http)
2026-09-11 18:14:49.534  INFO 8812 --- [  restartedMain] o.a.catalina.core.StandardService        : Starting service [Tomcat]
2026-09-11 18:14:49.534  INFO 8812 --- [  restartedMain] o.a.catalina.core.StandardEngine         : Starting Servlet engine: [Apache Tomcat/10.1.42]
2026-09-11 18:14:49.617  INFO 8812 --- [  restartedMain] o.a.c.c.C.[Tomcat].[localhost].[/]       : Initializing Spring embedded WebApplicationContext
2026-09-11 18:14:49.617  INFO 8812 --- [  restartedMain] w.s.c.ServletWebServerApplicationContext : Root WebApplicationContext: initialization completed in 2208 ms
2026-09-11 18:14:49.672 DEBUG 8812 --- [  restartedMain] com.zaxxer.hikari.HikariConfig           : Driver class com.mysql.cj.jdbc.Driver found in Thread context class loader TomcatEmbeddedWebappClassLoader
  context: ROOT
  delegate: true
----------> Parent Classloader:
org.springframework.boot.devtools.restart.classloader.RestartClassLoader@7074f4bf

2026-09-11 18:14:49.807  INFO 8812 --- [  restartedMain] o.h.jpa.internal.util.LogHelper          : HHH000204: Processing PersistenceUnitInfo [name: default]
2026-09-11 18:14:49.874  INFO 8812 --- [  restartedMain] org.hibernate.Version                    : HHH000412: Hibernate ORM core version 6.5.3.Final
2026-09-11 18:14:49.902  INFO 8812 --- [  restartedMain] o.h.c.i.RegionFactoryInitiator           : HHH000026: Second-level cache disabled
2026-09-11 18:14:50.171  INFO 8812 --- [  restartedMain] o.s.o.j.p.SpringPersistenceUnitInfo      : No LoadTimeWeaver setup: ignoring JPA class transformer
2026-09-11 18:14:50.206 DEBUG 8812 --- [  restartedMain] com.zaxxer.hikari.HikariConfig           : BusinessAppHikariPool - configuration:
2026-09-11 18:14:50.206 DEBUG 8812 --- [  restartedMain] com.zaxxer.hikari.HikariConfig           : allowPoolSuspension.............false
2026-09-11 18:14:50.206 DEBUG 8812 --- [  restartedMain] com.zaxxer.hikari.HikariConfig           : autoCommit......................true
2026-09-11 18:14:50.206 DEBUG 8812 --- [  restartedMain] com.zaxxer.hikari.HikariConfig           : catalog.........................none
2026-09-11 18:14:50.206 DEBUG 8812 --- [  restartedMain] com.zaxxer.hikari.HikariConfig           : connectionInitSql...............none
2026-09-11 18:14:50.206 DEBUG 8812 --- [  restartedMain] com.zaxxer.hikari.HikariConfig           : connectionTestQuery............."SELECT 1"
2026-09-11 18:14:50.206 DEBUG 8812 --- [  restartedMain] com.zaxxer.hikari.HikariConfig           : connectionTimeout...............20000
2026-09-11 18:14:50.206 DEBUG 8812 --- [  restartedMain] com.zaxxer.hikari.HikariConfig           : dataSource......................none
2026-09-11 18:14:50.206 DEBUG 8812 --- [  restartedMain] com.zaxxer.hikari.HikariConfig           : dataSourceClassName.............none
2026-09-11 18:14:50.206 DEBUG 8812 --- [  restartedMain] com.zaxxer.hikari.HikariConfig           : dataSourceJNDI..................none
2026-09-11 18:14:50.217 DEBUG 8812 --- [  restartedMain] com.zaxxer.hikari.HikariConfig           : dataSourceProperties............{password=<masked>}
2026-09-11 18:14:50.217 DEBUG 8812 --- [  restartedMain] com.zaxxer.hikari.HikariConfig           : driverClassName................."com.mysql.cj.jdbc.Driver"
2026-09-11 18:14:50.218 DEBUG 8812 --- [  restartedMain] com.zaxxer.hikari.HikariConfig           : exceptionOverrideClassName......none
2026-09-11 18:14:50.218 DEBUG 8812 --- [  restartedMain] com.zaxxer.hikari.HikariConfig           : healthCheckProperties...........{}
2026-09-11 18:14:50.218 DEBUG 8812 --- [  restartedMain] com.zaxxer.hikari.HikariConfig           : healthCheckRegistry.............none
2026-09-11 18:14:50.218 DEBUG 8812 --- [  restartedMain] com.zaxxer.hikari.HikariConfig           : idleTimeout.....................600000
2026-09-11 18:14:50.219 DEBUG 8812 --- [  restartedMain] com.zaxxer.hikari.HikariConfig           : initializationFailTimeout.......1
2026-09-11 18:14:50.219 DEBUG 8812 --- [  restartedMain] com.zaxxer.hikari.HikariConfig           : isolateInternalQueries..........false
2026-09-11 18:14:50.220 DEBUG 8812 --- [  restartedMain] com.zaxxer.hikari.HikariConfig           : jdbcUrl.........................jdbc:mysql://localhost:3306/businessapp?createDatabaseIfNotExist=true&useSSL=false&serverTimezone=UTC&allowPublicKeyRetrieval=true
2026-09-11 18:14:50.220 DEBUG 8812 --- [  restartedMain] com.zaxxer.hikari.HikariConfig           : keepaliveTime...................0
2026-09-11 18:14:50.220 DEBUG 8812 --- [  restartedMain] com.zaxxer.hikari.HikariConfig           : leakDetectionThreshold..........0
2026-09-11 18:14:50.221 DEBUG 8812 --- [  restartedMain] com.zaxxer.hikari.HikariConfig           : maxLifetime.....................1800000
2026-09-11 18:14:50.221 DEBUG 8812 --- [  restartedMain] com.zaxxer.hikari.HikariConfig           : maximumPoolSize.................10
2026-09-11 18:14:50.221 DEBUG 8812 --- [  restartedMain] com.zaxxer.hikari.HikariConfig           : metricRegistry..................none
2026-09-11 18:14:50.222 DEBUG 8812 --- [  restartedMain] com.zaxxer.hikari.HikariConfig           : metricsTrackerFactory...........none
2026-09-11 18:14:50.222 DEBUG 8812 --- [  restartedMain] com.zaxxer.hikari.HikariConfig           : minimumIdle.....................5
2026-09-11 18:14:50.222 DEBUG 8812 --- [  restartedMain] com.zaxxer.hikari.HikariConfig           : password........................<masked>
2026-09-11 18:14:50.222 DEBUG 8812 --- [  restartedMain] com.zaxxer.hikari.HikariConfig           : poolName........................"BusinessAppHikariPool"
2026-09-11 18:14:50.223 DEBUG 8812 --- [  restartedMain] com.zaxxer.hikari.HikariConfig           : readOnly........................false
2026-09-11 18:14:50.223 DEBUG 8812 --- [  restartedMain] com.zaxxer.hikari.HikariConfig           : registerMbeans..................false
2026-09-11 18:14:50.223 DEBUG 8812 --- [  restartedMain] com.zaxxer.hikari.HikariConfig           : scheduledExecutor...............none
2026-09-11 18:14:50.226 DEBUG 8812 --- [  restartedMain] com.zaxxer.hikari.HikariConfig           : schema..........................none
2026-09-11 18:14:50.226 DEBUG 8812 --- [  restartedMain] com.zaxxer.hikari.HikariConfig           : threadFactory...................internal
2026-09-11 18:14:50.226 DEBUG 8812 --- [  restartedMain] com.zaxxer.hikari.HikariConfig           : transactionIsolation............default
2026-09-11 18:14:50.226 DEBUG 8812 --- [  restartedMain] com.zaxxer.hikari.HikariConfig           : username........................"root"
2026-09-11 18:14:50.226 DEBUG 8812 --- [  restartedMain] com.zaxxer.hikari.HikariConfig           : validationTimeout...............5000
2026-09-11 18:14:50.226  INFO 8812 --- [  restartedMain] com.zaxxer.hikari.HikariDataSource       : BusinessAppHikariPool - Starting...
2026-09-11 18:14:50.348  INFO 8812 --- [  restartedMain] com.zaxxer.hikari.pool.HikariPool        : BusinessAppHikariPool - Added connection com.mysql.cj.jdbc.ConnectionImpl@43bd8e12
2026-09-11 18:14:50.348  INFO 8812 --- [  restartedMain] com.zaxxer.hikari.HikariDataSource       : BusinessAppHikariPool - Start completed.
2026-09-11 18:14:51.314  INFO 8812 --- [  restartedMain] o.h.e.t.j.p.i.JtaPlatformInitiator       : HHH000489: No JTA platform available (set 'hibernate.transaction.jta.platform' to enable JTA platform integration)
2026-09-11 18:14:51.353 DEBUG 8812 --- [  restartedMain] org.hibernate.SQL                        : 
    alter table businesses 
       modify column description TEXT
2026-09-11 18:14:51.376 DEBUG 8812 --- [  restartedMain] org.hibernate.SQL                        : 
    alter table member_educations 
       modify column description TEXT
2026-09-11 18:14:51.389 DEBUG 8812 --- [  restartedMain] org.hibernate.SQL                        : 
    alter table member_experiences 
       modify column description TEXT
2026-09-11 18:14:51.404 DEBUG 8812 --- [  restartedMain] org.hibernate.SQL                        : 
    alter table members 
       modify column bio TEXT
2026-09-11 18:14:51.419 DEBUG 8812 --- [  restartedMain] org.hibernate.SQL                        : 
    alter table members 
       modify column profile_visibility enum ('CONNECTIONS_ONLY','PRIVATE','PUBLIC') not null
2026-09-11 18:14:51.436 DEBUG 8812 --- [  restartedMain] org.hibernate.SQL                        : 
    alter table members 
       modify column specialization enum ('ACCOUNTING_AUDIT','ASSET_WEALTH_MANAGEMENT','CORPORATE_FINANCE','FINTECH','INSURANCE','INVESTMENT_BANKING','OTHER','PRIVATE_EQUITY_VC','RISK_COMPLIANCE')
2026-09-11 18:14:51.453 DEBUG 8812 --- [  restartedMain] org.hibernate.SQL                        : 
    alter table opportunities 
       modify column description TEXT not null
2026-09-11 18:14:51.470 DEBUG 8812 --- [  restartedMain] org.hibernate.SQL                        : 
    alter table opportunities 
       modify column experience_level enum ('EXECUTIVE','GRADUATE','JUNIOR','MID','SENIOR') not null
2026-09-11 18:14:51.489 DEBUG 8812 --- [  restartedMain] org.hibernate.SQL                        : 
    alter table opportunities 
       modify column specialization enum ('ACCOUNTING_AUDIT','ASSET_WEALTH_MANAGEMENT','CORPORATE_FINANCE','FINTECH','INSURANCE','INVESTMENT_BANKING','OTHER','PRIVATE_EQUITY_VC','RISK_COMPLIANCE') not null
2026-09-11 18:14:51.501 DEBUG 8812 --- [  restartedMain] org.hibernate.SQL                        : 
    alter table opportunities 
       modify column status enum ('CLOSED','DRAFT','PUBLISHED') not null
2026-09-11 18:14:51.516 DEBUG 8812 --- [  restartedMain] org.hibernate.SQL                        : 
    alter table opportunities 
       modify column type enum ('CONTRACT','FULL_TIME','GIG','INTERNSHIP','PART_TIME') not null
2026-09-11 18:14:51.523 DEBUG 8812 --- [  restartedMain] org.hibernate.SQL                        : 
    alter table opportunities 
       modify column work_mode enum ('HYBRID','ONSITE','REMOTE') not null
2026-09-11 18:14:51.540 DEBUG 8812 --- [  restartedMain] org.hibernate.SQL                        : 
    alter table opportunity_qualifications 
       modify column qualification TEXT not null
2026-09-11 18:14:51.556 DEBUG 8812 --- [  restartedMain] org.hibernate.SQL                        : 
    alter table opportunity_responsibilities 
       modify column responsibility TEXT not null
2026-09-11 18:14:51.567 DEBUG 8812 --- [  restartedMain] org.hibernate.SQL                        : 
    alter table users 
       modify column role enum ('ROLE_ADMIN','ROLE_ADVISORY','ROLE_BUSINESS','ROLE_CUSTOMER','ROLE_MEMBERS') not null
2026-09-11 18:14:51.665  INFO 8812 --- [  restartedMain] j.LocalContainerEntityManagerFactoryBean : Initialized JPA EntityManagerFactory for persistence unit 'default'
2026-09-11 18:14:51.888  INFO 8812 --- [  restartedMain] o.s.d.j.r.query.QueryEnhancerFactory     : Hibernate is in classpath; If applicable, HQL parser will be used.
2026-09-11 18:14:52.411  INFO 8812 --- [  restartedMain] o.s.b.web.servlet.RegistrationBean       : Filter disableJwtAuthFilterRegistration was not registered (disabled)
2026-09-11 18:14:52.594  INFO 8812 --- [  restartedMain] eAuthenticationProviderManagerConfigurer : Global AuthenticationManager configured with AuthenticationProvider bean with name authenticationProvider
2026-09-11 18:14:52.594  WARN 8812 --- [  restartedMain] r$InitializeUserDetailsManagerConfigurer : Global AuthenticationManager configured with an AuthenticationProvider bean. UserDetailsService beans will not be used for username/password login. Consider removing the AuthenticationProvider bean. Alternatively, consider using the UserDetailsService in a manually instantiated DaoAuthenticationProvider.
2026-09-11 18:14:52.744  WARN 8812 --- [  restartedMain] ConfigServletWebServerApplicationContext : Exception encountered during context initialization - cancelling refresh attempt: org.springframework.beans.factory.UnsatisfiedDependencyException: Error creating bean with name 'memberProfileController' defined in file [E:\firstapp\firstapp\target\classes\com\example\firstapp\controller\MemberProfileController.class]: Unsatisfied dependency expressed through constructor parameter 0: Error creating bean with name 'memberService' defined in file [E:\firstapp\firstapp\target\classes\com\example\firstapp\service\Member\MemberService.class]: Unsatisfied dependency expressed through constructor parameter 0: Error creating bean with name 'memberRepository' defined in com.example.firstapp.repository.MemberRepository defined in @EnableJpaRepositories declared on JpaRepositoriesRegistrar.EnableJpaRepositoriesConfiguration: Could not create query for public abstract java.util.List com.example.firstapp.repository.MemberRepository.findEducationsByMemberId(java.lang.Long); Reason: Validation failed for query for method public abstract java.util.List com.example.firstapp.repository.MemberRepository.findEducationsByMemberId(java.lang.Long)
2026-09-11 18:14:52.744  INFO 8812 --- [  restartedMain] j.LocalContainerEntityManagerFactoryBean : Closing JPA EntityManagerFactory for persistence unit 'default'
2026-09-11 18:14:52.744  INFO 8812 --- [  restartedMain] com.zaxxer.hikari.HikariDataSource       : BusinessAppHikariPool - Shutdown initiated...
2026-09-11 18:14:52.759  INFO 8812 --- [  restartedMain] com.zaxxer.hikari.HikariDataSource       : BusinessAppHikariPool - Shutdown completed.
2026-09-11 18:14:52.763  INFO 8812 --- [  restartedMain] o.a.catalina.core.StandardService        : Stopping service [Tomcat]
2026-09-11 18:14:52.774  INFO 8812 --- [  restartedMain] .s.b.a.l.ConditionEvaluationReportLogger : 

Error starting ApplicationContext. To display the condition evaluation report re-run your application with 'debug' enabled.
2026-09-11 18:14:52.794 ERROR 8812 --- [  restartedMain] o.s.boot.SpringApplication               : Application run failed
org.springframework.beans.factory.UnsatisfiedDependencyException: Error creating bean with name 'memberProfileController' defined in file [E:\firstapp\firstapp\target\classes\com\example\firstapp\controller\MemberProfileController.class]: Unsatisfied dependency expressed through constructor parameter 0: Error creating bean with name 'memberService' defined in file [E:\firstapp\firstapp\target\classes\com\example\firstapp\service\Member\MemberService.class]: Unsatisfied dependency expressed through constructor parameter 0: Error creating bean with name 'memberRepository' defined in com.example.firstapp.repository.MemberRepository defined in @EnableJpaRepositories declared on JpaRepositoriesRegistrar.EnableJpaRepositoriesConfiguration: Could not create query for public abstract java.util.List com.example.firstapp.repository.MemberRepository.findEducationsByMemberId(java.lang.Long); Reason: Validation failed for query for method public abstract java.util.List com.example.firstapp.repository.MemberRepository.findEducationsByMemberId(java.lang.Long)
	at org.springframework.beans.factory.support.ConstructorResolver.createArgumentArray(ConstructorResolver.java:795)
	at org.springframework.beans.factory.support.ConstructorResolver.autowireConstructor(ConstructorResolver.java:237)
	at org.springframework.beans.factory.support.AbstractAutowireCapableBeanFactory.autowireConstructor(AbstractAutowireCapableBeanFactory.java:1375)
	at org.springframework.beans.factory.support.AbstractAutowireCapableBeanFactory.createBeanInstance(AbstractAutowireCapableBeanFactory.java:1212)
	at org.springframework.beans.factory.support.AbstractAutowireCapableBeanFactory.doCreateBean(AbstractAutowireCapableBeanFactory.java:562)
	at org.springframework.beans.factory.support.AbstractAutowireCapableBeanFactory.createBean(AbstractAutowireCapableBeanFactory.java:522)
	at org.springframework.beans.factory.support.AbstractBeanFactory.lambda$doGetBean$0(AbstractBeanFactory.java:337)
	at org.springframework.beans.factory.support.DefaultSingletonBeanRegistry.getSingleton(DefaultSingletonBeanRegistry.java:234)
	at org.springframework.beans.factory.support.AbstractBeanFactory.doGetBean(AbstractBeanFactory.java:335)
	at org.springframework.beans.factory.support.AbstractBeanFactory.getBean(AbstractBeanFactory.java:200)
	at org.springframework.beans.factory.support.DefaultListableBeanFactory.preInstantiateSingletons(DefaultListableBeanFactory.java:975)
	at org.springframework.context.support.AbstractApplicationContext.finishBeanFactoryInitialization(AbstractApplicationContext.java:971)
	at org.springframework.context.support.AbstractApplicationContext.refresh(AbstractApplicationContext.java:625)
	at org.springframework.boot.web.servlet.context.ServletWebServerApplicationContext.refresh(ServletWebServerApplicationContext.java:146)
	at org.springframework.boot.SpringApplication.refresh(SpringApplication.java:754)
	at org.springframework.boot.SpringApplication.refreshContext(SpringApplication.java:456)
	at org.springframework.boot.SpringApplication.run(SpringApplication.java:335)
	at org.springframework.boot.SpringApplication.run(SpringApplication.java:1363)
	at org.springframework.boot.SpringApplication.run(SpringApplication.java:1352)
	at com.example.firstapp.FirstappApplication.main(FirstappApplication.java:10)
	at java.base/jdk.internal.reflect.DirectMethodHandleAccessor.invoke(Unknown Source)
	at java.base/java.lang.reflect.Method.invoke(Unknown Source)
	at org.springframework.boot.devtools.restart.RestartLauncher.run(RestartLauncher.java:50)
Caused by: org.springframework.beans.factory.UnsatisfiedDependencyException: Error creating bean with name 'memberService' defined in file [E:\firstapp\firstapp\target\classes\com\example\firstapp\service\Member\MemberService.class]: Unsatisfied dependency expressed through constructor parameter 0: Error creating bean with name 'memberRepository' defined in com.example.firstapp.repository.MemberRepository defined in @EnableJpaRepositories declared on JpaRepositoriesRegistrar.EnableJpaRepositoriesConfiguration: Could not create query for public abstract java.util.List com.example.firstapp.repository.MemberRepository.findEducationsByMemberId(java.lang.Long); Reason: Validation failed for query for method public abstract java.util.List com.example.firstapp.repository.MemberRepository.findEducationsByMemberId(java.lang.Long)
	at org.springframework.beans.factory.support.ConstructorResolver.createArgumentArray(ConstructorResolver.java:795)
	at org.springframework.beans.factory.support.ConstructorResolver.autowireConstructor(ConstructorResolver.java:237)
	at org.springframework.beans.factory.support.AbstractAutowireCapableBeanFactory.autowireConstructor(AbstractAutowireCapableBeanFactory.java:1375)
	at org.springframework.beans.factory.support.AbstractAutowireCapableBeanFactory.createBeanInstance(AbstractAutowireCapableBeanFactory.java:1212)
	at org.springframework.beans.factory.support.AbstractAutowireCapableBeanFactory.doCreateBean(AbstractAutowireCapableBeanFactory.java:562)
	at org.springframework.beans.factory.support.AbstractAutowireCapableBeanFactory.createBean(AbstractAutowireCapableBeanFactory.java:522)
	at org.springframework.beans.factory.support.AbstractBeanFactory.lambda$doGetBean$0(AbstractBeanFactory.java:337)
	at org.springframework.beans.factory.support.DefaultSingletonBeanRegistry.getSingleton(DefaultSingletonBeanRegistry.java:234)
	at org.springframework.beans.factory.support.AbstractBeanFactory.doGetBean(AbstractBeanFactory.java:335)
	at org.springframework.beans.factory.support.AbstractBeanFactory.getBean(AbstractBeanFactory.java:200)
	at org.springframework.beans.factory.config.DependencyDescriptor.resolveCandidate(DependencyDescriptor.java:254)
	at org.springframework.beans.factory.support.DefaultListableBeanFactory.doResolveDependency(DefaultListableBeanFactory.java:1448)
	at org.springframework.beans.factory.support.DefaultListableBeanFactory.resolveDependency(DefaultListableBeanFactory.java:1358)
	at org.springframework.beans.factory.support.ConstructorResolver.resolveAutowiredArgument(ConstructorResolver.java:904)
	at org.springframework.beans.factory.support.ConstructorResolver.createArgumentArray(ConstructorResolver.java:782)
	... 22 common frames omitted
Caused by: org.springframework.beans.factory.BeanCreationException: Error creating bean with name 'memberRepository' defined in com.example.firstapp.repository.MemberRepository defined in @EnableJpaRepositories declared on JpaRepositoriesRegistrar.EnableJpaRepositoriesConfiguration: Could not create query for public abstract java.util.List com.example.firstapp.repository.MemberRepository.findEducationsByMemberId(java.lang.Long); Reason: Validation failed for query for method public abstract java.util.List com.example.firstapp.repository.MemberRepository.findEducationsByMemberId(java.lang.Long)
	at org.springframework.beans.factory.support.AbstractAutowireCapableBeanFactory.initializeBean(AbstractAutowireCapableBeanFactory.java:1806)
	at org.springframework.beans.factory.support.AbstractAutowireCapableBeanFactory.doCreateBean(AbstractAutowireCapableBeanFactory.java:600)
	at org.springframework.beans.factory.support.AbstractAutowireCapableBeanFactory.createBean(AbstractAutowireCapableBeanFactory.java:522)
	at org.springframework.beans.factory.support.AbstractBeanFactory.lambda$doGetBean$0(AbstractBeanFactory.java:337)
	at org.springframework.beans.factory.support.DefaultSingletonBeanRegistry.getSingleton(DefaultSingletonBeanRegistry.java:234)
	at org.springframework.beans.factory.support.AbstractBeanFactory.doGetBean(AbstractBeanFactory.java:335)
	at org.springframework.beans.factory.support.AbstractBeanFactory.getBean(AbstractBeanFactory.java:200)
	at org.springframework.beans.factory.config.DependencyDescriptor.resolveCandidate(DependencyDescriptor.java:254)
	at org.springframework.beans.factory.support.DefaultListableBeanFactory.doResolveDependency(DefaultListableBeanFactory.java:1448)
	at org.springframework.beans.factory.support.DefaultListableBeanFactory.resolveDependency(DefaultListableBeanFactory.java:1358)
	at org.springframework.beans.factory.support.ConstructorResolver.resolveAutowiredArgument(ConstructorResolver.java:904)
	at org.springframework.beans.factory.support.ConstructorResolver.createArgumentArray(ConstructorResolver.java:782)
	... 36 common frames omitted
Caused by: org.springframework.data.repository.query.QueryCreationException: Could not create query for public abstract java.util.List com.example.firstapp.repository.MemberRepository.findEducationsByMemberId(java.lang.Long); Reason: Validation failed for query for method public abstract java.util.List com.example.firstapp.repository.MemberRepository.findEducationsByMemberId(java.lang.Long)
	at org.springframework.data.repository.query.QueryCreationException.create(QueryCreationException.java:101)
	at org.springframework.data.repository.core.support.QueryExecutorMethodInterceptor.lookupQuery(QueryExecutorMethodInterceptor.java:119)
	at org.springframework.data.repository.core.support.QueryExecutorMethodInterceptor.mapMethodsToQuery(QueryExecutorMethodInterceptor.java:103)
	at org.springframework.data.repository.core.support.QueryExecutorMethodInterceptor.lambda$new$0(QueryExecutorMethodInterceptor.java:92)
	at java.base/java.util.Optional.map(Unknown Source)
	at org.springframework.data.repository.core.support.QueryExecutorMethodInterceptor.<init>(QueryExecutorMethodInterceptor.java:92)
	at org.springframework.data.repository.core.support.RepositoryFactorySupport.getRepository(RepositoryFactorySupport.java:357)
	at org.springframework.data.repository.core.support.RepositoryFactoryBeanSupport.lambda$afterPropertiesSet$5(RepositoryFactoryBeanSupport.java:290)
	at org.springframework.data.util.Lazy.getNullable(Lazy.java:135)
	at org.springframework.data.util.Lazy.get(Lazy.java:113)
	at org.springframework.data.repository.core.support.RepositoryFactoryBeanSupport.afterPropertiesSet(RepositoryFactoryBeanSupport.java:296)
	at org.springframework.data.jpa.repository.support.JpaRepositoryFactoryBean.afterPropertiesSet(JpaRepositoryFactoryBean.java:132)
	at org.springframework.beans.factory.support.AbstractAutowireCapableBeanFactory.invokeInitMethods(AbstractAutowireCapableBeanFactory.java:1853)
	at org.springframework.beans.factory.support.AbstractAutowireCapableBeanFactory.initializeBean(AbstractAutowireCapableBeanFactory.java:1802)
	... 47 common frames omitted
Caused by: java.lang.IllegalArgumentException: Validation failed for query for method public abstract java.util.List com.example.firstapp.repository.MemberRepository.findEducationsByMemberId(java.lang.Long)
	at org.springframework.data.jpa.repository.query.SimpleJpaQuery.validateQuery(SimpleJpaQuery.java:100)
	at org.springframework.data.jpa.repository.query.SimpleJpaQuery.<init>(SimpleJpaQuery.java:70)
	at org.springframework.data.jpa.repository.query.JpaQueryFactory.fromMethodWithQueryString(JpaQueryFactory.java:60)
	at org.springframework.data.jpa.repository.query.JpaQueryLookupStrategy$DeclaredQueryLookupStrategy.resolveQuery(JpaQueryLookupStrategy.java:170)
	at org.springframework.data.jpa.repository.query.JpaQueryLookupStrategy$CreateIfNotFoundQueryLookupStrategy.resolveQuery(JpaQueryLookupStrategy.java:252)
	at org.springframework.data.jpa.repository.query.JpaQueryLookupStrategy$AbstractQueryLookupStrategy.resolveQuery(JpaQueryLookupStrategy.java:95)
	at org.springframework.data.repository.core.support.QueryExecutorMethodInterceptor.lookupQuery(QueryExecutorMethodInterceptor.java:115)
	... 59 common frames omitted
Caused by: java.lang.IllegalArgumentException: org.hibernate.query.sqm.UnknownPathException: Could not resolve attribute 'endYear' of 'com.example.firstapp.entity.MemberEducation' [SELECT ed FROM MemberEducation ed WHERE ed.member.id = :memberId ORDER BY ed.endYear DESC]
	at org.hibernate.internal.ExceptionConverterImpl.convert(ExceptionConverterImpl.java:143)
	at org.hibernate.internal.ExceptionConverterImpl.convert(ExceptionConverterImpl.java:167)
	at org.hibernate.internal.ExceptionConverterImpl.convert(ExceptionConverterImpl.java:173)
	at org.hibernate.internal.AbstractSharedSessionContract.createQuery(AbstractSharedSessionContract.java:860)
	at org.hibernate.internal.AbstractSharedSessionContract.createQuery(AbstractSharedSessionContract.java:765)
	at org.hibernate.internal.AbstractSharedSessionContract.createQuery(AbstractSharedSessionContract.java:140)
	at java.base/jdk.internal.reflect.DirectMethodHandleAccessor.invoke(Unknown Source)
	at java.base/java.lang.reflect.Method.invoke(Unknown Source)
	at org.springframework.orm.jpa.ExtendedEntityManagerCreator$ExtendedEntityManagerInvocationHandler.invoke(ExtendedEntityManagerCreator.java:364)
	at jdk.proxy4/jdk.proxy4.$Proxy149.createQuery(Unknown Source)
	at org.springframework.data.jpa.repository.query.SimpleJpaQuery.validateQuery(SimpleJpaQuery.java:94)
	... 65 common frames omitted
Caused by: org.hibernate.query.sqm.UnknownPathException: Could not resolve attribute 'endYear' of 'com.example.firstapp.entity.MemberEducation' [SELECT ed FROM MemberEducation ed WHERE ed.member.id = :memberId ORDER BY ed.endYear DESC]
	at org.hibernate.query.hql.internal.StandardHqlTranslator.translate(StandardHqlTranslator.java:88)
	at org.hibernate.query.internal.QueryInterpretationCacheStandardImpl.createHqlInterpretation(QueryInterpretationCacheStandardImpl.java:145)
	at org.hibernate.query.internal.QueryInterpretationCacheStandardImpl.resolveHqlInterpretation(QueryInterpretationCacheStandardImpl.java:132)
	at org.hibernate.internal.AbstractSharedSessionContract.interpretHql(AbstractSharedSessionContract.java:802)
	at org.hibernate.internal.AbstractSharedSessionContract.createQuery(AbstractSharedSessionContract.java:852)
	... 72 common frames omitted
Caused by: org.hibernate.query.sqm.PathElementException: Could not resolve attribute 'endYear' of 'com.example.firstapp.entity.MemberEducation'
	at org.hibernate.query.sqm.SqmPathSource.getSubPathSource(SqmPathSource.java:95)
	at org.hibernate.query.sqm.tree.domain.AbstractSqmPath.get(AbstractSqmPath.java:196)
	at org.hibernate.query.sqm.tree.domain.AbstractSqmFrom.resolvePathPart(AbstractSqmFrom.java:198)
	at org.hibernate.query.hql.internal.DomainPathPart.resolvePathPart(DomainPathPart.java:42)
	at org.hibernate.query.hql.internal.BasicDotIdentifierConsumer.consumeIdentifier(BasicDotIdentifierConsumer.java:92)
	at org.hibernate.query.hql.internal.SemanticQueryBuilder.visitSimplePath(SemanticQueryBuilder.java:5269)
	at org.hibernate.query.hql.internal.SemanticQueryBuilder.visitIndexedPathAccessFragment(SemanticQueryBuilder.java:5218)
	at org.hibernate.query.hql.internal.SemanticQueryBuilder.visitGeneralPathFragment(SemanticQueryBuilder.java:5193)
	at org.hibernate.query.hql.internal.SemanticQueryBuilder.visitGeneralPathExpression(SemanticQueryBuilder.java:1886)
	at org.hibernate.grammars.hql.HqlParser$GeneralPathExpressionContext.accept(HqlParser.java:7967)
	at org.antlr.v4.runtime.tree.AbstractParseTreeVisitor.visitChildren(AbstractParseTreeVisitor.java:46)
	at org.hibernate.grammars.hql.HqlParserBaseVisitor.visitBarePrimaryExpression(HqlParserBaseVisitor.java:777)
	at org.hibernate.grammars.hql.HqlParser$BarePrimaryExpressionContext.accept(HqlParser.java:7425)
	at org.hibernate.query.hql.internal.SemanticQueryBuilder.resolveOrderByOrGroupByExpression(SemanticQueryBuilder.java:1707)
	at org.hibernate.query.hql.internal.SemanticQueryBuilder.visitSortExpression(SemanticQueryBuilder.java:1791)
	at org.hibernate.query.hql.internal.SemanticQueryBuilder.visitSortSpecification(SemanticQueryBuilder.java:1750)
	at org.hibernate.query.hql.internal.SemanticQueryBuilder.visitOrderByClause(SemanticQueryBuilder.java:1733)
	at org.hibernate.query.hql.internal.SemanticQueryBuilder.visitOrderByClause(SemanticQueryBuilder.java:1722)
	at org.hibernate.query.hql.internal.SemanticQueryBuilder.visitQueryOrder(SemanticQueryBuilder.java:1189)
	at org.hibernate.query.hql.internal.SemanticQueryBuilder.visitQuerySpecExpression(SemanticQueryBuilder.java:1038)
	at org.hibernate.query.hql.internal.SemanticQueryBuilder.visitQuerySpecExpression(SemanticQueryBuilder.java:275)
	at org.hibernate.grammars.hql.HqlParser$QuerySpecExpressionContext.accept(HqlParser.java:2132)
	at org.hibernate.query.hql.internal.SemanticQueryBuilder.visitSimpleQueryGroup(SemanticQueryBuilder.java:1020)
	at org.hibernate.query.hql.internal.SemanticQueryBuilder.visitSimpleQueryGroup(SemanticQueryBuilder.java:275)
	at org.hibernate.grammars.hql.HqlParser$SimpleQueryGroupContext.accept(HqlParser.java:2003)
	at org.hibernate.query.hql.internal.SemanticQueryBuilder.visitSelectStatement(SemanticQueryBuilder.java:490)
	at org.hibernate.query.hql.internal.SemanticQueryBuilder.visitStatement(SemanticQueryBuilder.java:449)
	at org.hibernate.query.hql.internal.SemanticQueryBuilder.buildSemanticModel(SemanticQueryBuilder.java:322)
	at org.hibernate.query.hql.internal.StandardHqlTranslator.translate(StandardHqlTranslator.java:71)
	... 76 common frames omitted
2026-09-11 18:18:22.759  INFO 13084 --- [  restartedMain] c.e.firstapp.FirstappApplication         : Starting FirstappApplication using Java 21.0.12.1 with PID 13084 (E:\firstapp\firstapp\target\classes started by Dell in E:\firstapp\firstapp)
2026-09-11 18:18:22.761  INFO 13084 --- [  restartedMain] c.e.firstapp.FirstappApplication         : No active profile set, falling back to 1 default profile: "default"
2026-09-11 18:18:22.815  INFO 13084 --- [  restartedMain] .e.DevToolsPropertyDefaultsPostProcessor : Devtools property defaults active! Set 'spring.devtools.add-properties' to 'false' to disable
2026-09-11 18:18:22.816  INFO 13084 --- [  restartedMain] .e.DevToolsPropertyDefaultsPostProcessor : For additional web related logging consider setting the 'logging.level.web' property to 'DEBUG'
2026-09-11 18:18:23.676  INFO 13084 --- [  restartedMain] .s.d.r.c.RepositoryConfigurationDelegate : Bootstrapping Spring Data JPA repositories in DEFAULT mode.
2026-09-11 18:18:23.758  INFO 13084 --- [  restartedMain] .s.d.r.c.RepositoryConfigurationDelegate : Finished Spring Data repository scanning in 75 ms. Found 8 JPA repository interfaces.
2026-09-11 18:18:24.524  INFO 13084 --- [  restartedMain] o.s.b.w.e.tomcat.TomcatWebServer         : Tomcat initialized with port 8080 (http)
2026-09-11 18:18:24.542  INFO 13084 --- [  restartedMain] o.a.catalina.core.StandardService        : Starting service [Tomcat]
2026-09-11 18:18:24.542  INFO 13084 --- [  restartedMain] o.a.catalina.core.StandardEngine         : Starting Servlet engine: [Apache Tomcat/10.1.42]
2026-09-11 18:18:24.620  INFO 13084 --- [  restartedMain] o.a.c.c.C.[Tomcat].[localhost].[/]       : Initializing Spring embedded WebApplicationContext
2026-09-11 18:18:24.620  INFO 13084 --- [  restartedMain] w.s.c.ServletWebServerApplicationContext : Root WebApplicationContext: initialization completed in 1803 ms
2026-09-11 18:18:24.675 DEBUG 13084 --- [  restartedMain] com.zaxxer.hikari.HikariConfig           : Driver class com.mysql.cj.jdbc.Driver found in Thread context class loader TomcatEmbeddedWebappClassLoader
  context: ROOT
  delegate: true
----------> Parent Classloader:
org.springframework.boot.devtools.restart.classloader.RestartClassLoader@2db52090

2026-09-11 18:18:24.807  INFO 13084 --- [  restartedMain] o.h.jpa.internal.util.LogHelper          : HHH000204: Processing PersistenceUnitInfo [name: default]
2026-09-11 18:18:24.867  INFO 13084 --- [  restartedMain] org.hibernate.Version                    : HHH000412: Hibernate ORM core version 6.5.3.Final
2026-09-11 18:18:24.909  INFO 13084 --- [  restartedMain] o.h.c.i.RegionFactoryInitiator           : HHH000026: Second-level cache disabled
2026-09-11 18:18:25.178  INFO 13084 --- [  restartedMain] o.s.o.j.p.SpringPersistenceUnitInfo      : No LoadTimeWeaver setup: ignoring JPA class transformer
2026-09-11 18:18:25.211 DEBUG 13084 --- [  restartedMain] com.zaxxer.hikari.HikariConfig           : BusinessAppHikariPool - configuration:
2026-09-11 18:18:25.214 DEBUG 13084 --- [  restartedMain] com.zaxxer.hikari.HikariConfig           : allowPoolSuspension.............false
2026-09-11 18:18:25.215 DEBUG 13084 --- [  restartedMain] com.zaxxer.hikari.HikariConfig           : autoCommit......................true
2026-09-11 18:18:25.216 DEBUG 13084 --- [  restartedMain] com.zaxxer.hikari.HikariConfig           : catalog.........................none
2026-09-11 18:18:25.216 DEBUG 13084 --- [  restartedMain] com.zaxxer.hikari.HikariConfig           : connectionInitSql...............none
2026-09-11 18:18:25.216 DEBUG 13084 --- [  restartedMain] com.zaxxer.hikari.HikariConfig           : connectionTestQuery............."SELECT 1"
2026-09-11 18:18:25.217 DEBUG 13084 --- [  restartedMain] com.zaxxer.hikari.HikariConfig           : connectionTimeout...............20000
2026-09-11 18:18:25.218 DEBUG 13084 --- [  restartedMain] com.zaxxer.hikari.HikariConfig           : dataSource......................none
2026-09-11 18:18:25.218 DEBUG 13084 --- [  restartedMain] com.zaxxer.hikari.HikariConfig           : dataSourceClassName.............none
2026-09-11 18:18:25.218 DEBUG 13084 --- [  restartedMain] com.zaxxer.hikari.HikariConfig           : dataSourceJNDI..................none
2026-09-11 18:18:25.218 DEBUG 13084 --- [  restartedMain] com.zaxxer.hikari.HikariConfig           : dataSourceProperties............{password=<masked>}
2026-09-11 18:18:25.219 DEBUG 13084 --- [  restartedMain] com.zaxxer.hikari.HikariConfig           : driverClassName................."com.mysql.cj.jdbc.Driver"
2026-09-11 18:18:25.219 DEBUG 13084 --- [  restartedMain] com.zaxxer.hikari.HikariConfig           : exceptionOverrideClassName......none
2026-09-11 18:18:25.219 DEBUG 13084 --- [  restartedMain] com.zaxxer.hikari.HikariConfig           : healthCheckProperties...........{}
2026-09-11 18:18:25.219 DEBUG 13084 --- [  restartedMain] com.zaxxer.hikari.HikariConfig           : healthCheckRegistry.............none
2026-09-11 18:18:25.219 DEBUG 13084 --- [  restartedMain] com.zaxxer.hikari.HikariConfig           : idleTimeout.....................600000
2026-09-11 18:18:25.219 DEBUG 13084 --- [  restartedMain] com.zaxxer.hikari.HikariConfig           : initializationFailTimeout.......1
2026-09-11 18:18:25.220 DEBUG 13084 --- [  restartedMain] com.zaxxer.hikari.HikariConfig           : isolateInternalQueries..........false
2026-09-11 18:18:25.220 DEBUG 13084 --- [  restartedMain] com.zaxxer.hikari.HikariConfig           : jdbcUrl.........................jdbc:mysql://localhost:3306/businessapp?createDatabaseIfNotExist=true&useSSL=false&serverTimezone=UTC&allowPublicKeyRetrieval=true
2026-09-11 18:18:25.220 DEBUG 13084 --- [  restartedMain] com.zaxxer.hikari.HikariConfig           : keepaliveTime...................0
2026-09-11 18:18:25.220 DEBUG 13084 --- [  restartedMain] com.zaxxer.hikari.HikariConfig           : leakDetectionThreshold..........0
2026-09-11 18:18:25.220 DEBUG 13084 --- [  restartedMain] com.zaxxer.hikari.HikariConfig           : maxLifetime.....................1800000
2026-09-11 18:18:25.220 DEBUG 13084 --- [  restartedMain] com.zaxxer.hikari.HikariConfig           : maximumPoolSize.................10
2026-09-11 18:18:25.221 DEBUG 13084 --- [  restartedMain] com.zaxxer.hikari.HikariConfig           : metricRegistry..................none
2026-09-11 18:18:25.221 DEBUG 13084 --- [  restartedMain] com.zaxxer.hikari.HikariConfig           : metricsTrackerFactory...........none
2026-09-11 18:18:25.221 DEBUG 13084 --- [  restartedMain] com.zaxxer.hikari.HikariConfig           : minimumIdle.....................5
2026-09-11 18:18:25.221 DEBUG 13084 --- [  restartedMain] com.zaxxer.hikari.HikariConfig           : password........................<masked>
2026-09-11 18:18:25.221 DEBUG 13084 --- [  restartedMain] com.zaxxer.hikari.HikariConfig           : poolName........................"BusinessAppHikariPool"
2026-09-11 18:18:25.221 DEBUG 13084 --- [  restartedMain] com.zaxxer.hikari.HikariConfig           : readOnly........................false
2026-09-11 18:18:25.222 DEBUG 13084 --- [  restartedMain] com.zaxxer.hikari.HikariConfig           : registerMbeans..................false
2026-09-11 18:18:25.222 DEBUG 13084 --- [  restartedMain] com.zaxxer.hikari.HikariConfig           : scheduledExecutor...............none
2026-09-11 18:18:25.222 DEBUG 13084 --- [  restartedMain] com.zaxxer.hikari.HikariConfig           : schema..........................none
2026-09-11 18:18:25.222 DEBUG 13084 --- [  restartedMain] com.zaxxer.hikari.HikariConfig           : threadFactory...................internal
2026-09-11 18:18:25.223 DEBUG 13084 --- [  restartedMain] com.zaxxer.hikari.HikariConfig           : transactionIsolation............default
2026-09-11 18:18:25.223 DEBUG 13084 --- [  restartedMain] com.zaxxer.hikari.HikariConfig           : username........................"root"
2026-09-11 18:18:25.223 DEBUG 13084 --- [  restartedMain] com.zaxxer.hikari.HikariConfig           : validationTimeout...............5000
2026-09-11 18:18:25.223  INFO 13084 --- [  restartedMain] com.zaxxer.hikari.HikariDataSource       : BusinessAppHikariPool - Starting...
2026-09-11 18:18:25.380  INFO 13084 --- [  restartedMain] com.zaxxer.hikari.pool.HikariPool        : BusinessAppHikariPool - Added connection com.mysql.cj.jdbc.ConnectionImpl@48361116
2026-09-11 18:18:25.382  INFO 13084 --- [  restartedMain] com.zaxxer.hikari.HikariDataSource       : BusinessAppHikariPool - Start completed.
2026-09-11 18:18:26.356  INFO 13084 --- [  restartedMain] o.h.e.t.j.p.i.JtaPlatformInitiator       : HHH000489: No JTA platform available (set 'hibernate.transaction.jta.platform' to enable JTA platform integration)
2026-09-11 18:18:26.400 DEBUG 13084 --- [  restartedMain] org.hibernate.SQL                        : 
    alter table businesses 
       modify column description TEXT
2026-09-11 18:18:26.419 DEBUG 13084 --- [  restartedMain] org.hibernate.SQL                        : 
    alter table member_educations 
       modify column description TEXT
2026-09-11 18:18:26.428 DEBUG 13084 --- [  restartedMain] org.hibernate.SQL                        : 
    alter table member_experiences 
       modify column description TEXT
2026-09-11 18:18:26.442 DEBUG 13084 --- [  restartedMain] org.hibernate.SQL                        : 
    alter table members 
       modify column bio TEXT
2026-09-11 18:18:26.459 DEBUG 13084 --- [  restartedMain] org.hibernate.SQL                        : 
    alter table members 
       modify column profile_visibility enum ('CONNECTIONS_ONLY','PRIVATE','PUBLIC') not null
2026-09-11 18:18:26.474 DEBUG 13084 --- [  restartedMain] org.hibernate.SQL                        : 
    alter table members 
       modify column specialization enum ('ACCOUNTING_AUDIT','ASSET_WEALTH_MANAGEMENT','CORPORATE_FINANCE','FINTECH','INSURANCE','INVESTMENT_BANKING','OTHER','PRIVATE_EQUITY_VC','RISK_COMPLIANCE')
2026-09-11 18:18:26.526 DEBUG 13084 --- [  restartedMain] org.hibernate.SQL                        : 
    alter table opportunities 
       modify column description TEXT not null
2026-09-11 18:18:26.546 DEBUG 13084 --- [  restartedMain] org.hibernate.SQL                        : 
    alter table opportunities 
       modify column experience_level enum ('EXECUTIVE','GRADUATE','JUNIOR','MID','SENIOR') not null
2026-09-11 18:18:26.558 DEBUG 13084 --- [  restartedMain] org.hibernate.SQL                        : 
    alter table opportunities 
       modify column specialization enum ('ACCOUNTING_AUDIT','ASSET_WEALTH_MANAGEMENT','CORPORATE_FINANCE','FINTECH','INSURANCE','INVESTMENT_BANKING','OTHER','PRIVATE_EQUITY_VC','RISK_COMPLIANCE') not null
2026-09-11 18:18:26.573 DEBUG 13084 --- [  restartedMain] org.hibernate.SQL                        : 
    alter table opportunities 
       modify column status enum ('CLOSED','DRAFT','PUBLISHED') not null
2026-09-11 18:18:26.588 DEBUG 13084 --- [  restartedMain] org.hibernate.SQL                        : 
    alter table opportunities 
       modify column type enum ('CONTRACT','FULL_TIME','GIG','INTERNSHIP','PART_TIME') not null
2026-09-11 18:18:26.605 DEBUG 13084 --- [  restartedMain] org.hibernate.SQL                        : 
    alter table opportunities 
       modify column work_mode enum ('HYBRID','ONSITE','REMOTE') not null
2026-09-11 18:18:26.620 DEBUG 13084 --- [  restartedMain] org.hibernate.SQL                        : 
    alter table opportunity_qualifications 
       modify column qualification TEXT not null
2026-09-11 18:18:26.628 DEBUG 13084 --- [  restartedMain] org.hibernate.SQL                        : 
    alter table opportunity_responsibilities 
       modify column responsibility TEXT not null
2026-09-11 18:18:26.638 DEBUG 13084 --- [  restartedMain] org.hibernate.SQL                        : 
    alter table users 
       modify column role enum ('ROLE_ADMIN','ROLE_ADVISORY','ROLE_BUSINESS','ROLE_CUSTOMER','ROLE_MEMBERS') not null
2026-09-11 18:18:26.742  INFO 13084 --- [  restartedMain] j.LocalContainerEntityManagerFactoryBean : Initialized JPA EntityManagerFactory for persistence unit 'default'
2026-09-11 18:18:26.929  INFO 13084 --- [  restartedMain] o.s.d.j.r.query.QueryEnhancerFactory     : Hibernate is in classpath; If applicable, HQL parser will be used.
2026-09-11 18:18:27.430  INFO 13084 --- [  restartedMain] o.s.b.web.servlet.RegistrationBean       : Filter disableJwtAuthFilterRegistration was not registered (disabled)
2026-09-11 18:18:27.590  INFO 13084 --- [  restartedMain] eAuthenticationProviderManagerConfigurer : Global AuthenticationManager configured with AuthenticationProvider bean with name authenticationProvider
2026-09-11 18:18:27.591  WARN 13084 --- [  restartedMain] r$InitializeUserDetailsManagerConfigurer : Global AuthenticationManager configured with an AuthenticationProvider bean. UserDetailsService beans will not be used for username/password login. Consider removing the AuthenticationProvider bean. Alternatively, consider using the UserDetailsService in a manually instantiated DaoAuthenticationProvider.
2026-09-11 18:18:27.890  INFO 13084 --- [  restartedMain] c.e.firstapp.config.AsyncConfig          : Email thread pool initialized: core=2 max=5 queue=50
2026-09-11 18:18:28.154 DEBUG 13084 --- [  restartedMain] o.s.s.web.DefaultSecurityFilterChain     : Will secure any request with filters: DisableEncodeUrlFilter, WebAsyncManagerIntegrationFilter, SecurityContextHolderFilter, HeaderWriterFilter, LogoutFilter, JwtAuthFilter, RequestCacheAwareFilter, SecurityContextHolderAwareRequestFilter, AnonymousAuthenticationFilter, SessionManagementFilter, ExceptionTranslationFilter, AuthorizationFilter
2026-09-11 18:18:28.418  INFO 13084 --- [  restartedMain] o.s.b.d.a.OptionalLiveReloadServer       : LiveReload server is running on port 35729
2026-09-11 18:18:28.465  INFO 13084 --- [  restartedMain] o.s.b.w.e.tomcat.TomcatWebServer         : Tomcat started on port 8080 (http) with context path '/'
2026-09-11 18:18:28.473  INFO 13084 --- [  restartedMain] c.e.firstapp.FirstappApplication         : Started FirstappApplication in 6.073 seconds (process running for 6.761)
2026-09-11 18:46:59.737  WARN 13084 --- [ool housekeeper] com.zaxxer.hikari.pool.HikariPool        : BusinessAppHikariPool - Thread starvation or clock leap detected (housekeeper delta=19m4s61ms760µs900ns).
2026-09-11 18:48:09.010  INFO 13084 --- [nio-8080-exec-2] o.a.c.c.C.[Tomcat].[localhost].[/]       : Initializing Spring DispatcherServlet 'dispatcherServlet'
2026-09-11 18:48:09.010  INFO 13084 --- [nio-8080-exec-2] o.s.web.servlet.DispatcherServlet        : Initializing Servlet 'dispatcherServlet'
2026-09-11 18:48:09.010  INFO 13084 --- [nio-8080-exec-2] o.s.web.servlet.DispatcherServlet        : Completed initialization in 0 ms
2026-09-11 18:48:09.077 DEBUG 13084 --- [nio-8080-exec-2] o.s.security.web.FilterChainProxy        : Securing GET /api/v1/member
2026-09-11 18:48:09.163  WARN 13084 --- [nio-8080-exec-2] c.e.firstapp.filter.JwtAuthFilter        : Cannot extract username from token: JWT expired at 2026-09-03T10:11:02Z. Current time: 2026-09-11T13:03:09Z, a difference of 701527163 milliseconds.  Allowed clock skew: 0 milliseconds.
2026-09-11 18:48:09.178 DEBUG 13084 --- [nio-8080-exec-2] o.s.s.w.a.AnonymousAuthenticationFilter  : Set SecurityContextHolder to anonymous SecurityContext
2026-09-11 18:48:09.180 DEBUG 13084 --- [nio-8080-exec-2] o.s.s.w.a.Http403ForbiddenEntryPoint     : Pre-authenticated entry point called. Rejecting access
2026-09-11 18:48:09.198 DEBUG 13084 --- [nio-8080-exec-2] o.s.security.web.FilterChainProxy        : Securing GET /error
2026-09-11 18:48:09.198 DEBUG 13084 --- [nio-8080-exec-2] o.s.s.w.a.AnonymousAuthenticationFilter  : Set SecurityContextHolder to anonymous SecurityContext
2026-09-11 18:48:09.198 DEBUG 13084 --- [nio-8080-exec-2] o.s.s.w.a.Http403ForbiddenEntryPoint     : Pre-authenticated entry point called. Rejecting access
2026-09-11 18:49:31.269 DEBUG 13084 --- [nio-8080-exec-3] o.s.security.web.FilterChainProxy        : Securing POST /api/v1/auth/login
2026-09-11 18:49:31.272  WARN 13084 --- [nio-8080-exec-3] c.e.firstapp.filter.JwtAuthFilter        : Cannot extract username from token: JWT expired at 2026-09-03T10:11:02Z. Current time: 2026-09-11T13:04:31Z, a difference of 701609271 milliseconds.  Allowed clock skew: 0 milliseconds.
2026-09-11 18:49:31.272 DEBUG 13084 --- [nio-8080-exec-3] o.s.s.w.a.AnonymousAuthenticationFilter  : Set SecurityContextHolder to anonymous SecurityContext
2026-09-11 18:49:31.273 DEBUG 13084 --- [nio-8080-exec-3] o.s.security.web.FilterChainProxy        : Secured POST /api/v1/auth/login
2026-09-11 18:49:31.452  INFO 13084 --- [nio-8080-exec-3] c.e.f.controller.AuthController          : Login request received: rakesh@gmail.com
2026-09-11 18:49:31.475  INFO 13084 --- [nio-8080-exec-3] c.e.firstapp.service.AuthService         : Login attempt for: rakesh@gmail.com
2026-09-11 18:49:31.901 DEBUG 13084 --- [nio-8080-exec-3] org.hibernate.SQL                        : 
    select
        u1_0.id,
        u1_0.is_active,
        u1_0.created_at,
        u1_0.email,
        u1_0.failed_attempts,
        u1_0.last_login_at,
        u1_0.lock_time,
        u1_0.is_locked,
        u1_0.password,
        u1_0.role,
        u1_0.updated_at,
        u1_0.username 
    from
        users u1_0 
    where
        u1_0.email=?
2026-09-11 18:49:32.202 DEBUG 13084 --- [nio-8080-exec-3] o.s.s.a.d.DaoAuthenticationProvider      : Authenticated user
2026-09-11 18:49:32.229 DEBUG 13084 --- [nio-8080-exec-3] org.hibernate.SQL                        : 
    update
        users u1_0 
    set
        failed_attempts=0,
        is_locked=0,
        lock_time=null 
    where
        u1_0.email=?
2026-09-11 18:49:32.250 DEBUG 13084 --- [nio-8080-exec-3] org.hibernate.SQL                        : 
    update
        users u1_0 
    set
        last_login_at=? 
    where
        u1_0.email=?
2026-09-11 18:49:32.269 DEBUG 13084 --- [nio-8080-exec-3] org.hibernate.SQL                        : 
    select
        u1_0.id,
        u1_0.is_active,
        u1_0.created_at,
        u1_0.email,
        u1_0.failed_attempts,
        u1_0.last_login_at,
        u1_0.lock_time,
        u1_0.is_locked,
        u1_0.password,
        u1_0.role,
        u1_0.updated_at,
        u1_0.username 
    from
        users u1_0 
    where
        u1_0.email=?
2026-09-11 18:49:32.304  INFO 13084 --- [nio-8080-exec-3] c.e.firstapp.service.AuthService         : Login successful: rakesh@gmail.com
2026-09-11 18:51:58.736 DEBUG 13084 --- [nio-8080-exec-5] o.s.security.web.FilterChainProxy        : Securing POST /api/v1/members
2026-09-11 18:51:58.757  WARN 13084 --- [nio-8080-exec-5] c.e.firstapp.filter.JwtAuthFilter        : Cannot extract username from token: JWT expired at 2026-09-03T10:11:02Z. Current time: 2026-09-11T13:06:58Z, a difference of 701756756 milliseconds.  Allowed clock skew: 0 milliseconds.
2026-09-11 18:51:58.798 DEBUG 13084 --- [nio-8080-exec-5] o.s.s.w.a.AnonymousAuthenticationFilter  : Set SecurityContextHolder to anonymous SecurityContext
2026-09-11 18:51:58.815 DEBUG 13084 --- [nio-8080-exec-5] o.s.s.w.a.Http403ForbiddenEntryPoint     : Pre-authenticated entry point called. Rejecting access
2026-09-11 18:51:58.823 DEBUG 13084 --- [nio-8080-exec-5] o.s.security.web.FilterChainProxy        : Securing POST /error
2026-09-11 18:51:58.825 DEBUG 13084 --- [nio-8080-exec-5] o.s.s.w.a.AnonymousAuthenticationFilter  : Set SecurityContextHolder to anonymous SecurityContext
2026-09-11 18:51:58.826 DEBUG 13084 --- [nio-8080-exec-5] o.s.s.w.a.Http403ForbiddenEntryPoint     : Pre-authenticated entry point called. Rejecting access
2026-09-11 18:53:00.055  INFO 13084 --- [   File Watcher] rtingClassPathChangeChangedEventListener : Restarting due to 1 class path change (0 additions, 0 deletions, 1 modification)
2026-09-11 18:53:00.110  INFO 13084 --- [       Thread-5] j.LocalContainerEntityManagerFactoryBean : Closing JPA EntityManagerFactory for persistence unit 'default'
2026-09-11 18:53:00.121  INFO 13084 --- [       Thread-5] com.zaxxer.hikari.HikariDataSource       : BusinessAppHikariPool - Shutdown initiated...
2026-09-11 18:53:00.125  INFO 13084 --- [       Thread-5] com.zaxxer.hikari.HikariDataSource       : BusinessAppHikariPool - Shutdown completed.
2026-09-11 18:53:00.343  INFO 13084 --- [  restartedMain] c.e.firstapp.FirstappApplication         : Starting FirstappApplication using Java 21.0.12.1 with PID 13084 (E:\firstapp\firstapp\target\classes started by Dell in E:\firstapp\firstapp)
2026-09-11 18:53:00.351  INFO 13084 --- [  restartedMain] c.e.firstapp.FirstappApplication         : No active profile set, falling back to 1 default profile: "default"
2026-09-11 18:53:00.803  INFO 13084 --- [  restartedMain] .s.d.r.c.RepositoryConfigurationDelegate : Bootstrapping Spring Data JPA repositories in DEFAULT mode.
2026-09-11 18:53:00.873  INFO 13084 --- [  restartedMain] .s.d.r.c.RepositoryConfigurationDelegate : Finished Spring Data repository scanning in 55 ms. Found 8 JPA repository interfaces.
2026-09-11 18:53:01.109  INFO 13084 --- [  restartedMain] o.s.b.w.e.tomcat.TomcatWebServer         : Tomcat initialized with port 8080 (http)
2026-09-11 18:53:01.109  INFO 13084 --- [  restartedMain] o.a.catalina.core.StandardService        : Starting service [Tomcat]
2026-09-11 18:53:01.109  INFO 13084 --- [  restartedMain] o.a.catalina.core.StandardEngine         : Starting Servlet engine: [Apache Tomcat/10.1.42]
2026-09-11 18:53:01.167  INFO 13084 --- [  restartedMain] o.a.c.c.C.[Tomcat].[localhost].[/]       : Initializing Spring embedded WebApplicationContext
2026-09-11 18:53:01.168  INFO 13084 --- [  restartedMain] w.s.c.ServletWebServerApplicationContext : Root WebApplicationContext: initialization completed in 798 ms
2026-09-11 18:53:01.192 DEBUG 13084 --- [  restartedMain] com.zaxxer.hikari.HikariConfig           : Driver class com.mysql.cj.jdbc.Driver found in Thread context class loader TomcatEmbeddedWebappClassLoader
  context: ROOT
  delegate: true
----------> Parent Classloader:
org.springframework.boot.devtools.restart.classloader.RestartClassLoader@7f710a3d

2026-09-11 18:53:01.238  INFO 13084 --- [  restartedMain] o.h.jpa.internal.util.LogHelper          : HHH000204: Processing PersistenceUnitInfo [name: default]
2026-09-11 18:53:01.240  INFO 13084 --- [  restartedMain] o.h.c.i.RegionFactoryInitiator           : HHH000026: Second-level cache disabled
2026-09-11 18:53:01.259  INFO 13084 --- [  restartedMain] o.s.o.j.p.SpringPersistenceUnitInfo      : No LoadTimeWeaver setup: ignoring JPA class transformer
2026-09-11 18:53:01.259 DEBUG 13084 --- [  restartedMain] com.zaxxer.hikari.HikariConfig           : BusinessAppHikariPool - configuration:
2026-09-11 18:53:01.259 DEBUG 13084 --- [  restartedMain] com.zaxxer.hikari.HikariConfig           : allowPoolSuspension.............false
2026-09-11 18:53:01.259 DEBUG 13084 --- [  restartedMain] com.zaxxer.hikari.HikariConfig           : autoCommit......................true
2026-09-11 18:53:01.259 DEBUG 13084 --- [  restartedMain] com.zaxxer.hikari.HikariConfig           : catalog.........................none
2026-09-11 18:53:01.259 DEBUG 13084 --- [  restartedMain] com.zaxxer.hikari.HikariConfig           : connectionInitSql...............none
2026-09-11 18:53:01.259 DEBUG 13084 --- [  restartedMain] com.zaxxer.hikari.HikariConfig           : connectionTestQuery............."SELECT 1"
2026-09-11 18:53:01.259 DEBUG 13084 --- [  restartedMain] com.zaxxer.hikari.HikariConfig           : connectionTimeout...............20000
2026-09-11 18:53:01.259 DEBUG 13084 --- [  restartedMain] com.zaxxer.hikari.HikariConfig           : dataSource......................none
2026-09-11 18:53:01.259 DEBUG 13084 --- [  restartedMain] com.zaxxer.hikari.HikariConfig           : dataSourceClassName.............none
2026-09-11 18:53:01.259 DEBUG 13084 --- [  restartedMain] com.zaxxer.hikari.HikariConfig           : dataSourceJNDI..................none
2026-09-11 18:53:01.259 DEBUG 13084 --- [  restartedMain] com.zaxxer.hikari.HikariConfig           : dataSourceProperties............{password=<masked>}
2026-09-11 18:53:01.259 DEBUG 13084 --- [  restartedMain] com.zaxxer.hikari.HikariConfig           : driverClassName................."com.mysql.cj.jdbc.Driver"
2026-09-11 18:53:01.259 DEBUG 13084 --- [  restartedMain] com.zaxxer.hikari.HikariConfig           : exceptionOverrideClassName......none
2026-09-11 18:53:01.259 DEBUG 13084 --- [  restartedMain] com.zaxxer.hikari.HikariConfig           : healthCheckProperties...........{}
2026-09-11 18:53:01.259 DEBUG 13084 --- [  restartedMain] com.zaxxer.hikari.HikariConfig           : healthCheckRegistry.............none
2026-09-11 18:53:01.259 DEBUG 13084 --- [  restartedMain] com.zaxxer.hikari.HikariConfig           : idleTimeout.....................600000
2026-09-11 18:53:01.259 DEBUG 13084 --- [  restartedMain] com.zaxxer.hikari.HikariConfig           : initializationFailTimeout.......1
2026-09-11 18:53:01.269 DEBUG 13084 --- [  restartedMain] com.zaxxer.hikari.HikariConfig           : isolateInternalQueries..........false
2026-09-11 18:53:01.271 DEBUG 13084 --- [  restartedMain] com.zaxxer.hikari.HikariConfig           : jdbcUrl.........................jdbc:mysql://localhost:3306/businessapp?createDatabaseIfNotExist=true&useSSL=false&serverTimezone=UTC&allowPublicKeyRetrieval=true
2026-09-11 18:53:01.271 DEBUG 13084 --- [  restartedMain] com.zaxxer.hikari.HikariConfig           : keepaliveTime...................0
2026-09-11 18:53:01.271 DEBUG 13084 --- [  restartedMain] com.zaxxer.hikari.HikariConfig           : leakDetectionThreshold..........0
2026-09-11 18:53:01.272 DEBUG 13084 --- [  restartedMain] com.zaxxer.hikari.HikariConfig           : maxLifetime.....................1800000
2026-09-11 18:53:01.272 DEBUG 13084 --- [  restartedMain] com.zaxxer.hikari.HikariConfig           : maximumPoolSize.................10
2026-09-11 18:53:01.272 DEBUG 13084 --- [  restartedMain] com.zaxxer.hikari.HikariConfig           : metricRegistry..................none
2026-09-11 18:53:01.272 DEBUG 13084 --- [  restartedMain] com.zaxxer.hikari.HikariConfig           : metricsTrackerFactory...........none
2026-09-11 18:53:01.272 DEBUG 13084 --- [  restartedMain] com.zaxxer.hikari.HikariConfig           : minimumIdle.....................5
2026-09-11 18:53:01.273 DEBUG 13084 --- [  restartedMain] com.zaxxer.hikari.HikariConfig           : password........................<masked>
2026-09-11 18:53:01.273 DEBUG 13084 --- [  restartedMain] com.zaxxer.hikari.HikariConfig           : poolName........................"BusinessAppHikariPool"
2026-09-11 18:53:01.273 DEBUG 13084 --- [  restartedMain] com.zaxxer.hikari.HikariConfig           : readOnly........................false
2026-09-11 18:53:01.274 DEBUG 13084 --- [  restartedMain] com.zaxxer.hikari.HikariConfig           : registerMbeans..................false
2026-09-11 18:53:01.274 DEBUG 13084 --- [  restartedMain] com.zaxxer.hikari.HikariConfig           : scheduledExecutor...............none
2026-09-11 18:53:01.274 DEBUG 13084 --- [  restartedMain] com.zaxxer.hikari.HikariConfig           : schema..........................none
2026-09-11 18:53:01.274 DEBUG 13084 --- [  restartedMain] com.zaxxer.hikari.HikariConfig           : threadFactory...................internal
2026-09-11 18:53:01.274 DEBUG 13084 --- [  restartedMain] com.zaxxer.hikari.HikariConfig           : transactionIsolation............default
2026-09-11 18:53:01.274 DEBUG 13084 --- [  restartedMain] com.zaxxer.hikari.HikariConfig           : username........................"root"
2026-09-11 18:53:01.275 DEBUG 13084 --- [  restartedMain] com.zaxxer.hikari.HikariConfig           : validationTimeout...............5000
2026-09-11 18:53:01.275  INFO 13084 --- [  restartedMain] com.zaxxer.hikari.HikariDataSource       : BusinessAppHikariPool - Starting...
2026-09-11 18:53:01.289  INFO 13084 --- [  restartedMain] com.zaxxer.hikari.pool.HikariPool        : BusinessAppHikariPool - Added connection com.mysql.cj.jdbc.ConnectionImpl@5ca0a634
2026-09-11 18:53:01.290  INFO 13084 --- [  restartedMain] com.zaxxer.hikari.HikariDataSource       : BusinessAppHikariPool - Start completed.
2026-09-11 18:53:01.642  INFO 13084 --- [  restartedMain] o.h.e.t.j.p.i.JtaPlatformInitiator       : HHH000489: No JTA platform available (set 'hibernate.transaction.jta.platform' to enable JTA platform integration)
2026-09-11 18:53:01.689 DEBUG 13084 --- [  restartedMain] org.hibernate.SQL                        : 
    alter table businesses 
       modify column description TEXT
2026-09-11 18:53:01.731 DEBUG 13084 --- [  restartedMain] org.hibernate.SQL                        : 
    alter table member_educations 
       modify column description TEXT
2026-09-11 18:53:01.744 DEBUG 13084 --- [  restartedMain] org.hibernate.SQL                        : 
    alter table member_experiences 
       modify column description TEXT
2026-09-11 18:53:01.752 DEBUG 13084 --- [  restartedMain] org.hibernate.SQL                        : 
    alter table members 
       modify column bio TEXT
2026-09-11 18:53:01.773 DEBUG 13084 --- [  restartedMain] org.hibernate.SQL                        : 
    alter table members 
       modify column profile_visibility enum ('CONNECTIONS_ONLY','PRIVATE','PUBLIC') not null
2026-09-11 18:53:01.790 DEBUG 13084 --- [  restartedMain] org.hibernate.SQL                        : 
    alter table members 
       modify column specialization enum ('ACCOUNTING_AUDIT','ASSET_WEALTH_MANAGEMENT','CORPORATE_FINANCE','FINTECH','INSURANCE','INVESTMENT_BANKING','OTHER','PRIVATE_EQUITY_VC','RISK_COMPLIANCE')
2026-09-11 18:53:01.823 DEBUG 13084 --- [  restartedMain] org.hibernate.SQL                        : 
    alter table opportunities 
       modify column description TEXT not null
2026-09-11 18:53:01.853 DEBUG 13084 --- [  restartedMain] org.hibernate.SQL                        : 
    alter table opportunities 
       modify column experience_level enum ('EXECUTIVE','GRADUATE','JUNIOR','MID','SENIOR') not null
2026-09-11 18:53:01.887 DEBUG 13084 --- [  restartedMain] org.hibernate.SQL                        : 
    alter table opportunities 
       modify column specialization enum ('ACCOUNTING_AUDIT','ASSET_WEALTH_MANAGEMENT','CORPORATE_FINANCE','FINTECH','INSURANCE','INVESTMENT_BANKING','OTHER','PRIVATE_EQUITY_VC','RISK_COMPLIANCE') not null
2026-09-11 18:53:01.909 DEBUG 13084 --- [  restartedMain] org.hibernate.SQL                        : 
    alter table opportunities 
       modify column status enum ('CLOSED','DRAFT','PUBLISHED') not null
2026-09-11 18:53:01.938 DEBUG 13084 --- [  restartedMain] org.hibernate.SQL                        : 
    alter table opportunities 
       modify column type enum ('CONTRACT','FULL_TIME','GIG','INTERNSHIP','PART_TIME') not null
2026-09-11 18:53:01.953 DEBUG 13084 --- [  restartedMain] org.hibernate.SQL                        : 
    alter table opportunities 
       modify column work_mode enum ('HYBRID','ONSITE','REMOTE') not null
2026-09-11 18:53:01.971 DEBUG 13084 --- [  restartedMain] org.hibernate.SQL                        : 
    alter table opportunity_qualifications 
       modify column qualification TEXT not null
2026-09-11 18:53:01.977 DEBUG 13084 --- [  restartedMain] org.hibernate.SQL                        : 
    alter table opportunity_responsibilities 
       modify column responsibility TEXT not null
2026-09-11 18:53:01.991 DEBUG 13084 --- [  restartedMain] org.hibernate.SQL                        : 
    alter table users 
       modify column role enum ('ROLE_ADMIN','ROLE_ADVISORY','ROLE_BUSINESS','ROLE_CUSTOMER','ROLE_MEMBERS') not null
2026-09-11 18:53:02.101  INFO 13084 --- [  restartedMain] j.LocalContainerEntityManagerFactoryBean : Initialized JPA EntityManagerFactory for persistence unit 'default'
2026-09-11 18:53:02.224  INFO 13084 --- [  restartedMain] o.s.b.web.servlet.RegistrationBean       : Filter disableJwtAuthFilterRegistration was not registered (disabled)
2026-09-11 18:53:02.301  INFO 13084 --- [  restartedMain] eAuthenticationProviderManagerConfigurer : Global AuthenticationManager configured with AuthenticationProvider bean with name authenticationProvider
2026-09-11 18:53:02.301  WARN 13084 --- [  restartedMain] r$InitializeUserDetailsManagerConfigurer : Global AuthenticationManager configured with an AuthenticationProvider bean. UserDetailsService beans will not be used for username/password login. Consider removing the AuthenticationProvider bean. Alternatively, consider using the UserDetailsService in a manually instantiated DaoAuthenticationProvider.
2026-09-11 18:53:02.570  INFO 13084 --- [  restartedMain] c.e.firstapp.config.AsyncConfig          : Email thread pool initialized: core=2 max=5 queue=50
2026-09-11 18:53:02.673 DEBUG 13084 --- [  restartedMain] o.s.s.web.DefaultSecurityFilterChain     : Will secure any request with filters: DisableEncodeUrlFilter, WebAsyncManagerIntegrationFilter, SecurityContextHolderFilter, HeaderWriterFilter, LogoutFilter, JwtAuthFilter, RequestCacheAwareFilter, SecurityContextHolderAwareRequestFilter, AnonymousAuthenticationFilter, SessionManagementFilter, ExceptionTranslationFilter, AuthorizationFilter
2026-09-11 18:53:02.791  INFO 13084 --- [  restartedMain] o.s.b.d.a.OptionalLiveReloadServer       : LiveReload server is running on port 35729
2026-09-11 18:53:02.811  INFO 13084 --- [  restartedMain] o.s.b.w.e.tomcat.TomcatWebServer         : Tomcat started on port 8080 (http) with context path '/'
2026-09-11 18:53:02.824  INFO 13084 --- [  restartedMain] c.e.firstapp.FirstappApplication         : Started FirstappApplication in 2.584 seconds (process running for 2081.112)
2026-09-11 18:53:02.824  INFO 13084 --- [  restartedMain] .ConditionEvaluationDeltaLoggingListener : Condition evaluation unchanged
2026-09-11 18:53:19.603  INFO 13084 --- [   File Watcher] rtingClassPathChangeChangedEventListener : Restarting due to 1 class path change (0 additions, 0 deletions, 1 modification)
2026-09-11 18:53:19.633  INFO 13084 --- [       Thread-7] j.LocalContainerEntityManagerFactoryBean : Closing JPA EntityManagerFactory for persistence unit 'default'
2026-09-11 18:53:19.635  INFO 13084 --- [       Thread-7] com.zaxxer.hikari.HikariDataSource       : BusinessAppHikariPool - Shutdown initiated...
2026-09-11 18:53:19.642  INFO 13084 --- [       Thread-7] com.zaxxer.hikari.HikariDataSource       : BusinessAppHikariPool - Shutdown completed.
2026-09-11 18:53:19.796  INFO 13084 --- [  restartedMain] c.e.firstapp.FirstappApplication         : Starting FirstappApplication using Java 21.0.12.1 with PID 13084 (E:\firstapp\firstapp\target\classes started by Dell in E:\firstapp\firstapp)
2026-09-11 18:53:19.797  INFO 13084 --- [  restartedMain] c.e.firstapp.FirstappApplication         : No active profile set, falling back to 1 default profile: "default"
2026-09-11 18:53:20.172  INFO 13084 --- [  restartedMain] .s.d.r.c.RepositoryConfigurationDelegate : Bootstrapping Spring Data JPA repositories in DEFAULT mode.
2026-09-11 18:53:20.241  INFO 13084 --- [  restartedMain] .s.d.r.c.RepositoryConfigurationDelegate : Finished Spring Data repository scanning in 63 ms. Found 8 JPA repository interfaces.
2026-09-11 18:53:20.474  INFO 13084 --- [  restartedMain] o.s.b.w.e.tomcat.TomcatWebServer         : Tomcat initialized with port 8080 (http)
2026-09-11 18:53:20.474  INFO 13084 --- [  restartedMain] o.a.catalina.core.StandardService        : Starting service [Tomcat]
2026-09-11 18:53:20.474  INFO 13084 --- [  restartedMain] o.a.catalina.core.StandardEngine         : Starting Servlet engine: [Apache Tomcat/10.1.42]
2026-09-11 18:53:20.546  INFO 13084 --- [  restartedMain] o.a.c.c.C.[Tomcat].[localhost].[/]       : Initializing Spring embedded WebApplicationContext
2026-09-11 18:53:20.546  INFO 13084 --- [  restartedMain] w.s.c.ServletWebServerApplicationContext : Root WebApplicationContext: initialization completed in 749 ms
2026-09-11 18:53:20.578 DEBUG 13084 --- [  restartedMain] com.zaxxer.hikari.HikariConfig           : Driver class com.mysql.cj.jdbc.Driver found in Thread context class loader TomcatEmbeddedWebappClassLoader
  context: ROOT
  delegate: true
----------> Parent Classloader:
org.springframework.boot.devtools.restart.classloader.RestartClassLoader@7b37440e

2026-09-11 18:53:20.641  INFO 13084 --- [  restartedMain] o.h.jpa.internal.util.LogHelper          : HHH000204: Processing PersistenceUnitInfo [name: default]
2026-09-11 18:53:20.643  INFO 13084 --- [  restartedMain] o.h.c.i.RegionFactoryInitiator           : HHH000026: Second-level cache disabled
2026-09-11 18:53:20.653  INFO 13084 --- [  restartedMain] o.s.o.j.p.SpringPersistenceUnitInfo      : No LoadTimeWeaver setup: ignoring JPA class transformer
2026-09-11 18:53:20.655 DEBUG 13084 --- [  restartedMain] com.zaxxer.hikari.HikariConfig           : BusinessAppHikariPool - configuration:
2026-09-11 18:53:20.656 DEBUG 13084 --- [  restartedMain] com.zaxxer.hikari.HikariConfig           : allowPoolSuspension.............false
2026-09-11 18:53:20.657 DEBUG 13084 --- [  restartedMain] com.zaxxer.hikari.HikariConfig           : autoCommit......................true
2026-09-11 18:53:20.657 DEBUG 13084 --- [  restartedMain] com.zaxxer.hikari.HikariConfig           : catalog.........................none
2026-09-11 18:53:20.658 DEBUG 13084 --- [  restartedMain] com.zaxxer.hikari.HikariConfig           : connectionInitSql...............none
2026-09-11 18:53:20.658 DEBUG 13084 --- [  restartedMain] com.zaxxer.hikari.HikariConfig           : connectionTestQuery............."SELECT 1"
2026-09-11 18:53:20.658 DEBUG 13084 --- [  restartedMain] com.zaxxer.hikari.HikariConfig           : connectionTimeout...............20000
2026-09-11 18:53:20.658 DEBUG 13084 --- [  restartedMain] com.zaxxer.hikari.HikariConfig           : dataSource......................none
2026-09-11 18:53:20.658 DEBUG 13084 --- [  restartedMain] com.zaxxer.hikari.HikariConfig           : dataSourceClassName.............none
2026-09-11 18:53:20.658 DEBUG 13084 --- [  restartedMain] com.zaxxer.hikari.HikariConfig           : dataSourceJNDI..................none
2026-09-11 18:53:20.658 DEBUG 13084 --- [  restartedMain] com.zaxxer.hikari.HikariConfig           : dataSourceProperties............{password=<masked>}
2026-09-11 18:53:20.658 DEBUG 13084 --- [  restartedMain] com.zaxxer.hikari.HikariConfig           : driverClassName................."com.mysql.cj.jdbc.Driver"
2026-09-11 18:53:20.658 DEBUG 13084 --- [  restartedMain] com.zaxxer.hikari.HikariConfig           : exceptionOverrideClassName......none
2026-09-11 18:53:20.659 DEBUG 13084 --- [  restartedMain] com.zaxxer.hikari.HikariConfig           : healthCheckProperties...........{}
2026-09-11 18:53:20.659 DEBUG 13084 --- [  restartedMain] com.zaxxer.hikari.HikariConfig           : healthCheckRegistry.............none
2026-09-11 18:53:20.659 DEBUG 13084 --- [  restartedMain] com.zaxxer.hikari.HikariConfig           : idleTimeout.....................600000
2026-09-11 18:53:20.659 DEBUG 13084 --- [  restartedMain] com.zaxxer.hikari.HikariConfig           : initializationFailTimeout.......1
2026-09-11 18:53:20.659 DEBUG 13084 --- [  restartedMain] com.zaxxer.hikari.HikariConfig           : isolateInternalQueries..........false
2026-09-11 18:53:20.659 DEBUG 13084 --- [  restartedMain] com.zaxxer.hikari.HikariConfig           : jdbcUrl.........................jdbc:mysql://localhost:3306/businessapp?createDatabaseIfNotExist=true&useSSL=false&serverTimezone=UTC&allowPublicKeyRetrieval=true
2026-09-11 18:53:20.659 DEBUG 13084 --- [  restartedMain] com.zaxxer.hikari.HikariConfig           : keepaliveTime...................0
2026-09-11 18:53:20.660 DEBUG 13084 --- [  restartedMain] com.zaxxer.hikari.HikariConfig           : leakDetectionThreshold..........0
2026-09-11 18:53:20.660 DEBUG 13084 --- [  restartedMain] com.zaxxer.hikari.HikariConfig           : maxLifetime.....................1800000
2026-09-11 18:53:20.660 DEBUG 13084 --- [  restartedMain] com.zaxxer.hikari.HikariConfig           : maximumPoolSize.................10
2026-09-11 18:53:20.660 DEBUG 13084 --- [  restartedMain] com.zaxxer.hikari.HikariConfig           : metricRegistry..................none
2026-09-11 18:53:20.660 DEBUG 13084 --- [  restartedMain] com.zaxxer.hikari.HikariConfig           : metricsTrackerFactory...........none
2026-09-11 18:53:20.661 DEBUG 13084 --- [  restartedMain] com.zaxxer.hikari.HikariConfig           : minimumIdle.....................5
2026-09-11 18:53:20.661 DEBUG 13084 --- [  restartedMain] com.zaxxer.hikari.HikariConfig           : password........................<masked>
2026-09-11 18:53:20.661 DEBUG 13084 --- [  restartedMain] com.zaxxer.hikari.HikariConfig           : poolName........................"BusinessAppHikariPool"
2026-09-11 18:53:20.661 DEBUG 13084 --- [  restartedMain] com.zaxxer.hikari.HikariConfig           : readOnly........................false
2026-09-11 18:53:20.662 DEBUG 13084 --- [  restartedMain] com.zaxxer.hikari.HikariConfig           : registerMbeans..................false
2026-09-11 18:53:20.662 DEBUG 13084 --- [  restartedMain] com.zaxxer.hikari.HikariConfig           : scheduledExecutor...............none
2026-09-11 18:53:20.662 DEBUG 13084 --- [  restartedMain] com.zaxxer.hikari.HikariConfig           : schema..........................none
2026-09-11 18:53:20.662 DEBUG 13084 --- [  restartedMain] com.zaxxer.hikari.HikariConfig           : threadFactory...................internal
2026-09-11 18:53:20.662 DEBUG 13084 --- [  restartedMain] com.zaxxer.hikari.HikariConfig           : transactionIsolation............default
2026-09-11 18:53:20.662 DEBUG 13084 --- [  restartedMain] com.zaxxer.hikari.HikariConfig           : username........................"root"
2026-09-11 18:53:20.662 DEBUG 13084 --- [  restartedMain] com.zaxxer.hikari.HikariConfig           : validationTimeout...............5000
2026-09-11 18:53:20.663  INFO 13084 --- [  restartedMain] com.zaxxer.hikari.HikariDataSource       : BusinessAppHikariPool - Starting...
2026-09-11 18:53:20.672  INFO 13084 --- [  restartedMain] com.zaxxer.hikari.pool.HikariPool        : BusinessAppHikariPool - Added connection com.mysql.cj.jdbc.ConnectionImpl@164f8a02
2026-09-11 18:53:20.673  INFO 13084 --- [  restartedMain] com.zaxxer.hikari.HikariDataSource       : BusinessAppHikariPool - Start completed.
2026-09-11 18:53:20.938  INFO 13084 --- [  restartedMain] o.h.e.t.j.p.i.JtaPlatformInitiator       : HHH000489: No JTA platform available (set 'hibernate.transaction.jta.platform' to enable JTA platform integration)
2026-09-11 18:53:20.966 DEBUG 13084 --- [  restartedMain] org.hibernate.SQL                        : 
    alter table businesses 
       modify column description TEXT
2026-09-11 18:53:20.995 DEBUG 13084 --- [  restartedMain] org.hibernate.SQL                        : 
    alter table member_educations 
       modify column description TEXT
2026-09-11 18:53:21.011 DEBUG 13084 --- [  restartedMain] org.hibernate.SQL                        : 
    alter table member_experiences 
       modify column description TEXT
2026-09-11 18:53:21.025 DEBUG 13084 --- [  restartedMain] org.hibernate.SQL                        : 
    alter table members 
       modify column bio TEXT
2026-09-11 18:53:21.047 DEBUG 13084 --- [  restartedMain] org.hibernate.SQL                        : 
    alter table members 
       modify column profile_visibility enum ('CONNECTIONS_ONLY','PRIVATE','PUBLIC') not null
2026-09-11 18:53:21.070 DEBUG 13084 --- [  restartedMain] org.hibernate.SQL                        : 
    alter table members 
       modify column specialization enum ('ACCOUNTING_AUDIT','ASSET_WEALTH_MANAGEMENT','CORPORATE_FINANCE','FINTECH','INSURANCE','INVESTMENT_BANKING','OTHER','PRIVATE_EQUITY_VC','RISK_COMPLIANCE')
2026-09-11 18:53:21.089 DEBUG 13084 --- [  restartedMain] org.hibernate.SQL                        : 
    alter table opportunities 
       modify column description TEXT not null
2026-09-11 18:53:21.107 DEBUG 13084 --- [  restartedMain] org.hibernate.SQL                        : 
    alter table opportunities 
       modify column experience_level enum ('EXECUTIVE','GRADUATE','JUNIOR','MID','SENIOR') not null
2026-09-11 18:53:21.138 DEBUG 13084 --- [  restartedMain] org.hibernate.SQL                        : 
    alter table opportunities 
       modify column specialization enum ('ACCOUNTING_AUDIT','ASSET_WEALTH_MANAGEMENT','CORPORATE_FINANCE','FINTECH','INSURANCE','INVESTMENT_BANKING','OTHER','PRIVATE_EQUITY_VC','RISK_COMPLIANCE') not null
2026-09-11 18:53:21.173 DEBUG 13084 --- [  restartedMain] org.hibernate.SQL                        : 
    alter table opportunities 
       modify column status enum ('CLOSED','DRAFT','PUBLISHED') not null
2026-09-11 18:53:21.216 DEBUG 13084 --- [  restartedMain] org.hibernate.SQL                        : 
    alter table opportunities 
       modify column type enum ('CONTRACT','FULL_TIME','GIG','INTERNSHIP','PART_TIME') not null
2026-09-11 18:53:21.239 DEBUG 13084 --- [  restartedMain] org.hibernate.SQL                        : 
    alter table opportunities 
       modify column work_mode enum ('HYBRID','ONSITE','REMOTE') not null
2026-09-11 18:53:21.265 DEBUG 13084 --- [  restartedMain] org.hibernate.SQL                        : 
    alter table opportunity_qualifications 
       modify column qualification TEXT not null
2026-09-11 18:53:21.275 DEBUG 13084 --- [  restartedMain] org.hibernate.SQL                        : 
    alter table opportunity_responsibilities 
       modify column responsibility TEXT not null
2026-09-11 18:53:21.275 DEBUG 13084 --- [  restartedMain] org.hibernate.SQL                        : 
    alter table users 
       modify column role enum ('ROLE_ADMIN','ROLE_ADVISORY','ROLE_BUSINESS','ROLE_CUSTOMER','ROLE_MEMBERS') not null
2026-09-11 18:53:21.390  INFO 13084 --- [  restartedMain] j.LocalContainerEntityManagerFactoryBean : Initialized JPA EntityManagerFactory for persistence unit 'default'
2026-09-11 18:53:21.481  INFO 13084 --- [  restartedMain] o.s.b.web.servlet.RegistrationBean       : Filter disableJwtAuthFilterRegistration was not registered (disabled)
2026-09-11 18:53:21.538  INFO 13084 --- [  restartedMain] eAuthenticationProviderManagerConfigurer : Global AuthenticationManager configured with AuthenticationProvider bean with name authenticationProvider
2026-09-11 18:53:21.539  WARN 13084 --- [  restartedMain] r$InitializeUserDetailsManagerConfigurer : Global AuthenticationManager configured with an AuthenticationProvider bean. UserDetailsService beans will not be used for username/password login. Consider removing the AuthenticationProvider bean. Alternatively, consider using the UserDetailsService in a manually instantiated DaoAuthenticationProvider.
2026-09-11 18:53:21.772  INFO 13084 --- [  restartedMain] c.e.firstapp.config.AsyncConfig          : Email thread pool initialized: core=2 max=5 queue=50
2026-09-11 18:53:21.851 DEBUG 13084 --- [  restartedMain] o.s.s.web.DefaultSecurityFilterChain     : Will secure any request with filters: DisableEncodeUrlFilter, WebAsyncManagerIntegrationFilter, SecurityContextHolderFilter, HeaderWriterFilter, LogoutFilter, JwtAuthFilter, RequestCacheAwareFilter, SecurityContextHolderAwareRequestFilter, AnonymousAuthenticationFilter, SessionManagementFilter, ExceptionTranslationFilter, AuthorizationFilter
2026-09-11 18:53:21.939  INFO 13084 --- [  restartedMain] o.s.b.d.a.OptionalLiveReloadServer       : LiveReload server is running on port 35729
2026-09-11 18:53:21.954  INFO 13084 --- [  restartedMain] o.s.b.w.e.tomcat.TomcatWebServer         : Tomcat started on port 8080 (http) with context path '/'
2026-09-11 18:53:21.957  INFO 13084 --- [  restartedMain] c.e.firstapp.FirstappApplication         : Started FirstappApplication in 2.216 seconds (process running for 2100.245)
2026-09-11 18:53:21.959  INFO 13084 --- [  restartedMain] .ConditionEvaluationDeltaLoggingListener : Condition evaluation unchanged
2026-09-11 18:53:22.186  INFO 13084 --- [nio-8080-exec-1] o.a.c.c.C.[Tomcat].[localhost].[/]       : Initializing Spring DispatcherServlet 'dispatcherServlet'
2026-09-11 18:53:22.205  INFO 13084 --- [nio-8080-exec-1] o.s.web.servlet.DispatcherServlet        : Initializing Servlet 'dispatcherServlet'
2026-09-11 18:53:22.207  INFO 13084 --- [nio-8080-exec-1] o.s.web.servlet.DispatcherServlet        : Completed initialization in 2 ms
2026-09-11 18:53:22.209 DEBUG 13084 --- [nio-8080-exec-1] o.s.security.web.FilterChainProxy        : Securing POST /api/v1/members
2026-09-11 18:53:22.218  WARN 13084 --- [nio-8080-exec-1] c.e.firstapp.filter.JwtAuthFilter        : Cannot extract username from token: JWT expired at 2026-09-03T10:11:02Z. Current time: 2026-09-11T13:08:22Z, a difference of 701840218 milliseconds.  Allowed clock skew: 0 milliseconds.
2026-09-11 18:53:22.220 DEBUG 13084 --- [nio-8080-exec-1] o.s.s.w.a.AnonymousAuthenticationFilter  : Set SecurityContextHolder to anonymous SecurityContext
2026-09-11 18:53:22.222 DEBUG 13084 --- [nio-8080-exec-1] o.s.s.w.a.Http403ForbiddenEntryPoint     : Pre-authenticated entry point called. Rejecting access
2026-09-11 18:53:22.224 DEBUG 13084 --- [nio-8080-exec-1] o.s.security.web.FilterChainProxy        : Securing POST /error
2026-09-11 18:53:22.226 DEBUG 13084 --- [nio-8080-exec-1] o.s.s.w.a.AnonymousAuthenticationFilter  : Set SecurityContextHolder to anonymous SecurityContext
2026-09-11 18:53:22.226 DEBUG 13084 --- [nio-8080-exec-1] o.s.s.w.a.Http403ForbiddenEntryPoint     : Pre-authenticated entry point called. Rejecting access
2026-09-11 18:53:24.765 DEBUG 13084 --- [nio-8080-exec-2] o.s.security.web.FilterChainProxy        : Securing POST /api/v1/members
2026-09-11 18:53:24.765  WARN 13084 --- [nio-8080-exec-2] c.e.firstapp.filter.JwtAuthFilter        : Cannot extract username from token: JWT expired at 2026-09-03T10:11:02Z. Current time: 2026-09-11T13:08:24Z, a difference of 701842765 milliseconds.  Allowed clock skew: 0 milliseconds.
2026-09-11 18:53:24.765 DEBUG 13084 --- [nio-8080-exec-2] o.s.s.w.a.AnonymousAuthenticationFilter  : Set SecurityContextHolder to anonymous SecurityContext
2026-09-11 18:53:24.765 DEBUG 13084 --- [nio-8080-exec-2] o.s.s.w.a.Http403ForbiddenEntryPoint     : Pre-authenticated entry point called. Rejecting access
2026-09-11 18:53:24.765 DEBUG 13084 --- [nio-8080-exec-2] o.s.security.web.FilterChainProxy        : Securing POST /error
2026-09-11 18:53:24.771 DEBUG 13084 --- [nio-8080-exec-2] o.s.s.w.a.AnonymousAuthenticationFilter  : Set SecurityContextHolder to anonymous SecurityContext
2026-09-11 18:53:24.771 DEBUG 13084 --- [nio-8080-exec-2] o.s.s.w.a.Http403ForbiddenEntryPoint     : Pre-authenticated entry point called. Rejecting access
2026-09-11 18:54:40.160  INFO 13084 --- [   File Watcher] rtingClassPathChangeChangedEventListener : Restarting due to 1 class path change (0 additions, 0 deletions, 1 modification)
2026-09-11 18:54:40.187  INFO 13084 --- [      Thread-11] j.LocalContainerEntityManagerFactoryBean : Closing JPA EntityManagerFactory for persistence unit 'default'
2026-09-11 18:54:40.190  INFO 13084 --- [      Thread-11] com.zaxxer.hikari.HikariDataSource       : BusinessAppHikariPool - Shutdown initiated...
2026-09-11 18:54:40.191  INFO 13084 --- [      Thread-11] com.zaxxer.hikari.HikariDataSource       : BusinessAppHikariPool - Shutdown completed.
2026-09-11 18:54:40.341  INFO 13084 --- [  restartedMain] c.e.firstapp.FirstappApplication         : Starting FirstappApplication using Java 21.0.12.1 with PID 13084 (E:\firstapp\firstapp\target\classes started by Dell in E:\firstapp\firstapp)
2026-09-11 18:54:40.341  INFO 13084 --- [  restartedMain] c.e.firstapp.FirstappApplication         : No active profile set, falling back to 1 default profile: "default"
2026-09-11 18:54:40.732  INFO 13084 --- [  restartedMain] .s.d.r.c.RepositoryConfigurationDelegate : Bootstrapping Spring Data JPA repositories in DEFAULT mode.
2026-09-11 18:54:40.776  INFO 13084 --- [  restartedMain] .s.d.r.c.RepositoryConfigurationDelegate : Finished Spring Data repository scanning in 44 ms. Found 8 JPA repository interfaces.
2026-09-11 18:54:40.975  INFO 13084 --- [  restartedMain] o.s.b.w.e.tomcat.TomcatWebServer         : Tomcat initialized with port 8080 (http)
2026-09-11 18:54:40.975  INFO 13084 --- [  restartedMain] o.a.catalina.core.StandardService        : Starting service [Tomcat]
2026-09-11 18:54:40.975  INFO 13084 --- [  restartedMain] o.a.catalina.core.StandardEngine         : Starting Servlet engine: [Apache Tomcat/10.1.42]
2026-09-11 18:54:41.038  INFO 13084 --- [  restartedMain] o.a.c.c.C.[Tomcat].[localhost].[/]       : Initializing Spring embedded WebApplicationContext
2026-09-11 18:54:41.040  INFO 13084 --- [  restartedMain] w.s.c.ServletWebServerApplicationContext : Root WebApplicationContext: initialization completed in 699 ms
2026-09-11 18:54:41.063 DEBUG 13084 --- [  restartedMain] com.zaxxer.hikari.HikariConfig           : Driver class com.mysql.cj.jdbc.Driver found in Thread context class loader TomcatEmbeddedWebappClassLoader
  context: ROOT
  delegate: true
----------> Parent Classloader:
org.springframework.boot.devtools.restart.classloader.RestartClassLoader@3979565b

2026-09-11 18:54:41.110  INFO 13084 --- [  restartedMain] o.h.jpa.internal.util.LogHelper          : HHH000204: Processing PersistenceUnitInfo [name: default]
2026-09-11 18:54:41.110  INFO 13084 --- [  restartedMain] o.h.c.i.RegionFactoryInitiator           : HHH000026: Second-level cache disabled
2026-09-11 18:54:41.128  INFO 13084 --- [  restartedMain] o.s.o.j.p.SpringPersistenceUnitInfo      : No LoadTimeWeaver setup: ignoring JPA class transformer
2026-09-11 18:54:41.128 DEBUG 13084 --- [  restartedMain] com.zaxxer.hikari.HikariConfig           : BusinessAppHikariPool - configuration:
2026-09-11 18:54:41.128 DEBUG 13084 --- [  restartedMain] com.zaxxer.hikari.HikariConfig           : allowPoolSuspension.............false
2026-09-11 18:54:41.128 DEBUG 13084 --- [  restartedMain] com.zaxxer.hikari.HikariConfig           : autoCommit......................true
2026-09-11 18:54:41.128 DEBUG 13084 --- [  restartedMain] com.zaxxer.hikari.HikariConfig           : catalog.........................none
2026-09-11 18:54:41.128 DEBUG 13084 --- [  restartedMain] com.zaxxer.hikari.HikariConfig           : connectionInitSql...............none
2026-09-11 18:54:41.128 DEBUG 13084 --- [  restartedMain] com.zaxxer.hikari.HikariConfig           : connectionTestQuery............."SELECT 1"
2026-09-11 18:54:41.128 DEBUG 13084 --- [  restartedMain] com.zaxxer.hikari.HikariConfig           : connectionTimeout...............20000
2026-09-11 18:54:41.128 DEBUG 13084 --- [  restartedMain] com.zaxxer.hikari.HikariConfig           : dataSource......................none
2026-09-11 18:54:41.128 DEBUG 13084 --- [  restartedMain] com.zaxxer.hikari.HikariConfig           : dataSourceClassName.............none
2026-09-11 18:54:41.128 DEBUG 13084 --- [  restartedMain] com.zaxxer.hikari.HikariConfig           : dataSourceJNDI..................none
2026-09-11 18:54:41.128 DEBUG 13084 --- [  restartedMain] com.zaxxer.hikari.HikariConfig           : dataSourceProperties............{password=<masked>}
2026-09-11 18:54:41.128 DEBUG 13084 --- [  restartedMain] com.zaxxer.hikari.HikariConfig           : driverClassName................."com.mysql.cj.jdbc.Driver"
2026-09-11 18:54:41.128 DEBUG 13084 --- [  restartedMain] com.zaxxer.hikari.HikariConfig           : exceptionOverrideClassName......none
2026-09-11 18:54:41.133 DEBUG 13084 --- [  restartedMain] com.zaxxer.hikari.HikariConfig           : healthCheckProperties...........{}
2026-09-11 18:54:41.135 DEBUG 13084 --- [  restartedMain] com.zaxxer.hikari.HikariConfig           : healthCheckRegistry.............none
2026-09-11 18:54:41.135 DEBUG 13084 --- [  restartedMain] com.zaxxer.hikari.HikariConfig           : idleTimeout.....................600000
2026-09-11 18:54:41.135 DEBUG 13084 --- [  restartedMain] com.zaxxer.hikari.HikariConfig           : initializationFailTimeout.......1
2026-09-11 18:54:41.137 DEBUG 13084 --- [  restartedMain] com.zaxxer.hikari.HikariConfig           : isolateInternalQueries..........false
2026-09-11 18:54:41.137 DEBUG 13084 --- [  restartedMain] com.zaxxer.hikari.HikariConfig           : jdbcUrl.........................jdbc:mysql://localhost:3306/businessapp?createDatabaseIfNotExist=true&useSSL=false&serverTimezone=UTC&allowPublicKeyRetrieval=true
2026-09-11 18:54:41.137 DEBUG 13084 --- [  restartedMain] com.zaxxer.hikari.HikariConfig           : keepaliveTime...................0
2026-09-11 18:54:41.138 DEBUG 13084 --- [  restartedMain] com.zaxxer.hikari.HikariConfig           : leakDetectionThreshold..........0
2026-09-11 18:54:41.138 DEBUG 13084 --- [  restartedMain] com.zaxxer.hikari.HikariConfig           : maxLifetime.....................1800000
2026-09-11 18:54:41.140 DEBUG 13084 --- [  restartedMain] com.zaxxer.hikari.HikariConfig           : maximumPoolSize.................10
2026-09-11 18:54:41.141 DEBUG 13084 --- [  restartedMain] com.zaxxer.hikari.HikariConfig           : metricRegistry..................none
2026-09-11 18:54:41.141 DEBUG 13084 --- [  restartedMain] com.zaxxer.hikari.HikariConfig           : metricsTrackerFactory...........none
2026-09-11 18:54:41.141 DEBUG 13084 --- [  restartedMain] com.zaxxer.hikari.HikariConfig           : minimumIdle.....................5
2026-09-11 18:54:41.142 DEBUG 13084 --- [  restartedMain] com.zaxxer.hikari.HikariConfig           : password........................<masked>
2026-09-11 18:54:41.142 DEBUG 13084 --- [  restartedMain] com.zaxxer.hikari.HikariConfig           : poolName........................"BusinessAppHikariPool"
2026-09-11 18:54:41.142 DEBUG 13084 --- [  restartedMain] com.zaxxer.hikari.HikariConfig           : readOnly........................false
2026-09-11 18:54:41.142 DEBUG 13084 --- [  restartedMain] com.zaxxer.hikari.HikariConfig           : registerMbeans..................false
2026-09-11 18:54:41.142 DEBUG 13084 --- [  restartedMain] com.zaxxer.hikari.HikariConfig           : scheduledExecutor...............none
2026-09-11 18:54:41.142 DEBUG 13084 --- [  restartedMain] com.zaxxer.hikari.HikariConfig           : schema..........................none
2026-09-11 18:54:41.142 DEBUG 13084 --- [  restartedMain] com.zaxxer.hikari.HikariConfig           : threadFactory...................internal
2026-09-11 18:54:41.142 DEBUG 13084 --- [  restartedMain] com.zaxxer.hikari.HikariConfig           : transactionIsolation............default
2026-09-11 18:54:41.142 DEBUG 13084 --- [  restartedMain] com.zaxxer.hikari.HikariConfig           : username........................"root"
2026-09-11 18:54:41.142 DEBUG 13084 --- [  restartedMain] com.zaxxer.hikari.HikariConfig           : validationTimeout...............5000
2026-09-11 18:54:41.142  INFO 13084 --- [  restartedMain] com.zaxxer.hikari.HikariDataSource       : BusinessAppHikariPool - Starting...
2026-09-11 18:54:41.158  INFO 13084 --- [  restartedMain] com.zaxxer.hikari.pool.HikariPool        : BusinessAppHikariPool - Added connection com.mysql.cj.jdbc.ConnectionImpl@6a44da5
2026-09-11 18:54:41.159  INFO 13084 --- [  restartedMain] com.zaxxer.hikari.HikariDataSource       : BusinessAppHikariPool - Start completed.
2026-09-11 18:54:41.571  INFO 13084 --- [  restartedMain] o.h.e.t.j.p.i.JtaPlatformInitiator       : HHH000489: No JTA platform available (set 'hibernate.transaction.jta.platform' to enable JTA platform integration)
2026-09-11 18:54:41.587 DEBUG 13084 --- [  restartedMain] org.hibernate.SQL                        : 
    alter table businesses 
       modify column description TEXT
2026-09-11 18:54:41.609 DEBUG 13084 --- [  restartedMain] org.hibernate.SQL                        : 
    alter table member_educations 
       modify column description TEXT
2026-09-11 18:54:41.619 DEBUG 13084 --- [  restartedMain] org.hibernate.SQL                        : 
    alter table member_experiences 
       modify column description TEXT
2026-09-11 18:54:41.643 DEBUG 13084 --- [  restartedMain] org.hibernate.SQL                        : 
    alter table members 
       modify column bio TEXT
2026-09-11 18:54:41.675 DEBUG 13084 --- [  restartedMain] org.hibernate.SQL                        : 
    alter table members 
       modify column profile_visibility enum ('CONNECTIONS_ONLY','PRIVATE','PUBLIC') not null
2026-09-11 18:54:41.699 DEBUG 13084 --- [  restartedMain] org.hibernate.SQL                        : 
    alter table members 
       modify column specialization enum ('ACCOUNTING_AUDIT','ASSET_WEALTH_MANAGEMENT','CORPORATE_FINANCE','FINTECH','INSURANCE','INVESTMENT_BANKING','OTHER','PRIVATE_EQUITY_VC','RISK_COMPLIANCE')
2026-09-11 18:54:41.720 DEBUG 13084 --- [  restartedMain] org.hibernate.SQL                        : 
    alter table opportunities 
       modify column description TEXT not null
2026-09-11 18:54:41.739 DEBUG 13084 --- [  restartedMain] org.hibernate.SQL                        : 
    alter table opportunities 
       modify column experience_level enum ('EXECUTIVE','GRADUATE','JUNIOR','MID','SENIOR') not null
2026-09-11 18:54:41.758 DEBUG 13084 --- [  restartedMain] org.hibernate.SQL                        : 
    alter table opportunities 
       modify column specialization enum ('ACCOUNTING_AUDIT','ASSET_WEALTH_MANAGEMENT','CORPORATE_FINANCE','FINTECH','INSURANCE','INVESTMENT_BANKING','OTHER','PRIVATE_EQUITY_VC','RISK_COMPLIANCE') not null
2026-09-11 18:54:41.766 DEBUG 13084 --- [  restartedMain] org.hibernate.SQL                        : 
    alter table opportunities 
       modify column status enum ('CLOSED','DRAFT','PUBLISHED') not null
2026-09-11 18:54:41.800 DEBUG 13084 --- [  restartedMain] org.hibernate.SQL                        : 
    alter table opportunities 
       modify column type enum ('CONTRACT','FULL_TIME','GIG','INTERNSHIP','PART_TIME') not null
2026-09-11 18:54:41.819 DEBUG 13084 --- [  restartedMain] org.hibernate.SQL                        : 
    alter table opportunities 
       modify column work_mode enum ('HYBRID','ONSITE','REMOTE') not null
2026-09-11 18:54:41.842 DEBUG 13084 --- [  restartedMain] org.hibernate.SQL                        : 
    alter table opportunity_qualifications 
       modify column qualification TEXT not null
2026-09-11 18:54:41.850 DEBUG 13084 --- [  restartedMain] org.hibernate.SQL                        : 
    alter table opportunity_responsibilities 
       modify column responsibility TEXT not null
2026-09-11 18:54:41.855 DEBUG 13084 --- [  restartedMain] org.hibernate.SQL                        : 
    alter table users 
       modify column role enum ('ROLE_ADMIN','ROLE_ADVISORY','ROLE_BUSINESS','ROLE_CUSTOMER','ROLE_MEMBERS') not null
2026-09-11 18:54:41.964  INFO 13084 --- [  restartedMain] j.LocalContainerEntityManagerFactoryBean : Initialized JPA EntityManagerFactory for persistence unit 'default'
2026-09-11 18:54:42.074  INFO 13084 --- [  restartedMain] o.s.b.web.servlet.RegistrationBean       : Filter disableJwtAuthFilterRegistration was not registered (disabled)
2026-09-11 18:54:42.132  INFO 13084 --- [  restartedMain] eAuthenticationProviderManagerConfigurer : Global AuthenticationManager configured with AuthenticationProvider bean with name authenticationProvider
2026-09-11 18:54:42.132  WARN 13084 --- [  restartedMain] r$InitializeUserDetailsManagerConfigurer : Global AuthenticationManager configured with an AuthenticationProvider bean. UserDetailsService beans will not be used for username/password login. Consider removing the AuthenticationProvider bean. Alternatively, consider using the UserDetailsService in a manually instantiated DaoAuthenticationProvider.
2026-09-11 18:54:42.380  INFO 13084 --- [  restartedMain] c.e.firstapp.config.AsyncConfig          : Email thread pool initialized: core=2 max=5 queue=50
2026-09-11 18:54:42.480 DEBUG 13084 --- [  restartedMain] o.s.s.web.DefaultSecurityFilterChain     : Will secure any request with filters: DisableEncodeUrlFilter, WebAsyncManagerIntegrationFilter, SecurityContextHolderFilter, HeaderWriterFilter, LogoutFilter, JwtAuthFilter, RequestCacheAwareFilter, SecurityContextHolderAwareRequestFilter, AnonymousAuthenticationFilter, SessionManagementFilter, ExceptionTranslationFilter, AuthorizationFilter
2026-09-11 18:54:42.563  INFO 13084 --- [  restartedMain] o.s.b.d.a.OptionalLiveReloadServer       : LiveReload server is running on port 35729
2026-09-11 18:54:42.572  INFO 13084 --- [  restartedMain] o.s.b.w.e.tomcat.TomcatWebServer         : Tomcat started on port 8080 (http) with context path '/'
2026-09-11 18:54:42.583  INFO 13084 --- [  restartedMain] c.e.firstapp.FirstappApplication         : Started FirstappApplication in 2.293 seconds (process running for 2180.871)
2026-09-11 18:54:42.584  INFO 13084 --- [  restartedMain] .ConditionEvaluationDeltaLoggingListener : Condition evaluation unchanged
2026-09-11 18:54:46.003  INFO 13084 --- [nio-8080-exec-1] o.a.c.c.C.[Tomcat].[localhost].[/]       : Initializing Spring DispatcherServlet 'dispatcherServlet'
2026-09-11 18:54:46.003  INFO 13084 --- [nio-8080-exec-1] o.s.web.servlet.DispatcherServlet        : Initializing Servlet 'dispatcherServlet'
2026-09-11 18:54:46.003  INFO 13084 --- [nio-8080-exec-1] o.s.web.servlet.DispatcherServlet        : Completed initialization in 0 ms
2026-09-11 18:54:46.003 DEBUG 13084 --- [nio-8080-exec-1] o.s.security.web.FilterChainProxy        : Securing POST /api/v1/members
2026-09-11 18:54:46.009  WARN 13084 --- [nio-8080-exec-1] c.e.firstapp.filter.JwtAuthFilter        : Cannot extract username from token: JWT expired at 2026-09-03T10:11:02Z. Current time: 2026-09-11T13:09:46Z, a difference of 701924003 milliseconds.  Allowed clock skew: 0 milliseconds.
2026-09-11 18:54:46.009 DEBUG 13084 --- [nio-8080-exec-1] o.s.s.w.a.AnonymousAuthenticationFilter  : Set SecurityContextHolder to anonymous SecurityContext
2026-09-11 18:54:46.010 DEBUG 13084 --- [nio-8080-exec-1] o.s.s.w.a.Http403ForbiddenEntryPoint     : Pre-authenticated entry point called. Rejecting access
2026-09-11 18:54:46.012 DEBUG 13084 --- [nio-8080-exec-1] o.s.security.web.FilterChainProxy        : Securing POST /error
2026-09-11 18:54:46.012 DEBUG 13084 --- [nio-8080-exec-1] o.s.s.w.a.AnonymousAuthenticationFilter  : Set SecurityContextHolder to anonymous SecurityContext
2026-09-11 18:54:46.012 DEBUG 13084 --- [nio-8080-exec-1] o.s.s.w.a.Http403ForbiddenEntryPoint     : Pre-authenticated entry point called. Rejecting access
2026-09-11 18:56:45.560  INFO 13084 --- [   File Watcher] rtingClassPathChangeChangedEventListener : Restarting due to 1 class path change (0 additions, 0 deletions, 1 modification)
2026-09-11 18:56:45.577  INFO 13084 --- [      Thread-15] j.LocalContainerEntityManagerFactoryBean : Closing JPA EntityManagerFactory for persistence unit 'default'
2026-09-11 18:56:45.577  INFO 13084 --- [      Thread-15] com.zaxxer.hikari.HikariDataSource       : BusinessAppHikariPool - Shutdown initiated...
2026-09-11 18:56:45.580  INFO 13084 --- [      Thread-15] com.zaxxer.hikari.HikariDataSource       : BusinessAppHikariPool - Shutdown completed.
2026-09-11 18:56:45.662  INFO 13084 --- [  restartedMain] c.e.firstapp.FirstappApplication         : Starting FirstappApplication using Java 21.0.12.1 with PID 13084 (E:\firstapp\firstapp\target\classes started by Dell in E:\firstapp\firstapp)
2026-09-11 18:56:45.663  INFO 13084 --- [  restartedMain] c.e.firstapp.FirstappApplication         : No active profile set, falling back to 1 default profile: "default"
2026-09-11 18:56:45.883  INFO 13084 --- [  restartedMain] .s.d.r.c.RepositoryConfigurationDelegate : Bootstrapping Spring Data JPA repositories in DEFAULT mode.
2026-09-11 18:56:45.909  INFO 13084 --- [  restartedMain] .s.d.r.c.RepositoryConfigurationDelegate : Finished Spring Data repository scanning in 33 ms. Found 8 JPA repository interfaces.
2026-09-11 18:56:46.051  INFO 13084 --- [  restartedMain] o.s.b.w.e.tomcat.TomcatWebServer         : Tomcat initialized with port 8080 (http)
2026-09-11 18:56:46.051  INFO 13084 --- [  restartedMain] o.a.catalina.core.StandardService        : Starting service [Tomcat]
2026-09-11 18:56:46.052  INFO 13084 --- [  restartedMain] o.a.catalina.core.StandardEngine         : Starting Servlet engine: [Apache Tomcat/10.1.42]
2026-09-11 18:56:46.093  INFO 13084 --- [  restartedMain] o.a.c.c.C.[Tomcat].[localhost].[/]       : Initializing Spring embedded WebApplicationContext
2026-09-11 18:56:46.093  INFO 13084 --- [  restartedMain] w.s.c.ServletWebServerApplicationContext : Root WebApplicationContext: initialization completed in 429 ms
2026-09-11 18:56:46.110 DEBUG 13084 --- [  restartedMain] com.zaxxer.hikari.HikariConfig           : Driver class com.mysql.cj.jdbc.Driver found in Thread context class loader TomcatEmbeddedWebappClassLoader
  context: ROOT
  delegate: true
----------> Parent Classloader:
org.springframework.boot.devtools.restart.classloader.RestartClassLoader@4afcfbe0

2026-09-11 18:56:46.132  INFO 13084 --- [  restartedMain] o.h.jpa.internal.util.LogHelper          : HHH000204: Processing PersistenceUnitInfo [name: default]
2026-09-11 18:56:46.132  INFO 13084 --- [  restartedMain] o.h.c.i.RegionFactoryInitiator           : HHH000026: Second-level cache disabled
2026-09-11 18:56:46.147  INFO 13084 --- [  restartedMain] o.s.o.j.p.SpringPersistenceUnitInfo      : No LoadTimeWeaver setup: ignoring JPA class transformer
2026-09-11 18:56:46.148 DEBUG 13084 --- [  restartedMain] com.zaxxer.hikari.HikariConfig           : BusinessAppHikariPool - configuration:
2026-09-11 18:56:46.148 DEBUG 13084 --- [  restartedMain] com.zaxxer.hikari.HikariConfig           : allowPoolSuspension.............false
2026-09-11 18:56:46.148 DEBUG 13084 --- [  restartedMain] com.zaxxer.hikari.HikariConfig           : autoCommit......................true
2026-09-11 18:56:46.149 DEBUG 13084 --- [  restartedMain] com.zaxxer.hikari.HikariConfig           : catalog.........................none
2026-09-11 18:56:46.149 DEBUG 13084 --- [  restartedMain] com.zaxxer.hikari.HikariConfig           : connectionInitSql...............none
2026-09-11 18:56:46.149 DEBUG 13084 --- [  restartedMain] com.zaxxer.hikari.HikariConfig           : connectionTestQuery............."SELECT 1"
2026-09-11 18:56:46.149 DEBUG 13084 --- [  restartedMain] com.zaxxer.hikari.HikariConfig           : connectionTimeout...............20000
2026-09-11 18:56:46.149 DEBUG 13084 --- [  restartedMain] com.zaxxer.hikari.HikariConfig           : dataSource......................none
2026-09-11 18:56:46.149 DEBUG 13084 --- [  restartedMain] com.zaxxer.hikari.HikariConfig           : dataSourceClassName.............none
2026-09-11 18:56:46.149 DEBUG 13084 --- [  restartedMain] com.zaxxer.hikari.HikariConfig           : dataSourceJNDI..................none
2026-09-11 18:56:46.149 DEBUG 13084 --- [  restartedMain] com.zaxxer.hikari.HikariConfig           : dataSourceProperties............{password=<masked>}
2026-09-11 18:56:46.149 DEBUG 13084 --- [  restartedMain] com.zaxxer.hikari.HikariConfig           : driverClassName................."com.mysql.cj.jdbc.Driver"
2026-09-11 18:56:46.149 DEBUG 13084 --- [  restartedMain] com.zaxxer.hikari.HikariConfig           : exceptionOverrideClassName......none
2026-09-11 18:56:46.149 DEBUG 13084 --- [  restartedMain] com.zaxxer.hikari.HikariConfig           : healthCheckProperties...........{}
2026-09-11 18:56:46.149 DEBUG 13084 --- [  restartedMain] com.zaxxer.hikari.HikariConfig           : healthCheckRegistry.............none
2026-09-11 18:56:46.149 DEBUG 13084 --- [  restartedMain] com.zaxxer.hikari.HikariConfig           : idleTimeout.....................600000
2026-09-11 18:56:46.149 DEBUG 13084 --- [  restartedMain] com.zaxxer.hikari.HikariConfig           : initializationFailTimeout.......1
2026-09-11 18:56:46.150 DEBUG 13084 --- [  restartedMain] com.zaxxer.hikari.HikariConfig           : isolateInternalQueries..........false
2026-09-11 18:56:46.150 DEBUG 13084 --- [  restartedMain] com.zaxxer.hikari.HikariConfig           : jdbcUrl.........................jdbc:mysql://localhost:3306/businessapp?createDatabaseIfNotExist=true&useSSL=false&serverTimezone=UTC&allowPublicKeyRetrieval=true
2026-09-11 18:56:46.150 DEBUG 13084 --- [  restartedMain] com.zaxxer.hikari.HikariConfig           : keepaliveTime...................0
2026-09-11 18:56:46.150 DEBUG 13084 --- [  restartedMain] com.zaxxer.hikari.HikariConfig           : leakDetectionThreshold..........0
2026-09-11 18:56:46.150 DEBUG 13084 --- [  restartedMain] com.zaxxer.hikari.HikariConfig           : maxLifetime.....................1800000
2026-09-11 18:56:46.150 DEBUG 13084 --- [  restartedMain] com.zaxxer.hikari.HikariConfig           : maximumPoolSize.................10
2026-09-11 18:56:46.150 DEBUG 13084 --- [  restartedMain] com.zaxxer.hikari.HikariConfig           : metricRegistry..................none
2026-09-11 18:56:46.150 DEBUG 13084 --- [  restartedMain] com.zaxxer.hikari.HikariConfig           : metricsTrackerFactory...........none
2026-09-11 18:56:46.150 DEBUG 13084 --- [  restartedMain] com.zaxxer.hikari.HikariConfig           : minimumIdle.....................5
2026-09-11 18:56:46.151 DEBUG 13084 --- [  restartedMain] com.zaxxer.hikari.HikariConfig           : password........................<masked>
2026-09-11 18:56:46.151 DEBUG 13084 --- [  restartedMain] com.zaxxer.hikari.HikariConfig           : poolName........................"BusinessAppHikariPool"
2026-09-11 18:56:46.151 DEBUG 13084 --- [  restartedMain] com.zaxxer.hikari.HikariConfig           : readOnly........................false
2026-09-11 18:56:46.151 DEBUG 13084 --- [  restartedMain] com.zaxxer.hikari.HikariConfig           : registerMbeans..................false
2026-09-11 18:56:46.151 DEBUG 13084 --- [  restartedMain] com.zaxxer.hikari.HikariConfig           : scheduledExecutor...............none
2026-09-11 18:56:46.151 DEBUG 13084 --- [  restartedMain] com.zaxxer.hikari.HikariConfig           : schema..........................none
2026-09-11 18:56:46.151 DEBUG 13084 --- [  restartedMain] com.zaxxer.hikari.HikariConfig           : threadFactory...................internal
2026-09-11 18:56:46.151 DEBUG 13084 --- [  restartedMain] com.zaxxer.hikari.HikariConfig           : transactionIsolation............default
2026-09-11 18:56:46.151 DEBUG 13084 --- [  restartedMain] com.zaxxer.hikari.HikariConfig           : username........................"root"
2026-09-11 18:56:46.151 DEBUG 13084 --- [  restartedMain] com.zaxxer.hikari.HikariConfig           : validationTimeout...............5000
2026-09-11 18:56:46.151  INFO 13084 --- [  restartedMain] com.zaxxer.hikari.HikariDataSource       : BusinessAppHikariPool - Starting...
2026-09-11 18:56:46.161  INFO 13084 --- [  restartedMain] com.zaxxer.hikari.pool.HikariPool        : BusinessAppHikariPool - Added connection com.mysql.cj.jdbc.ConnectionImpl@65f2137
2026-09-11 18:56:46.161  INFO 13084 --- [  restartedMain] com.zaxxer.hikari.HikariDataSource       : BusinessAppHikariPool - Start completed.
2026-09-11 18:56:46.330  INFO 13084 --- [  restartedMain] o.h.e.t.j.p.i.JtaPlatformInitiator       : HHH000489: No JTA platform available (set 'hibernate.transaction.jta.platform' to enable JTA platform integration)
2026-09-11 18:56:46.343 DEBUG 13084 --- [  restartedMain] org.hibernate.SQL                        : 
    alter table businesses 
       modify column description TEXT
2026-09-11 18:56:46.364 DEBUG 13084 --- [  restartedMain] org.hibernate.SQL                        : 
    alter table member_educations 
       modify column description TEXT
2026-09-11 18:56:46.374 DEBUG 13084 --- [  restartedMain] org.hibernate.SQL                        : 
    alter table member_experiences 
       modify column description TEXT
2026-09-11 18:56:46.382 DEBUG 13084 --- [  restartedMain] org.hibernate.SQL                        : 
    alter table members 
       modify column bio TEXT
2026-09-11 18:56:46.410 DEBUG 13084 --- [  restartedMain] org.hibernate.SQL                        : 
    alter table members 
       modify column profile_visibility enum ('CONNECTIONS_ONLY','PRIVATE','PUBLIC') not null
2026-09-11 18:56:46.430 DEBUG 13084 --- [  restartedMain] org.hibernate.SQL                        : 
    alter table members 
       modify column specialization enum ('ACCOUNTING_AUDIT','ASSET_WEALTH_MANAGEMENT','CORPORATE_FINANCE','FINTECH','INSURANCE','INVESTMENT_BANKING','OTHER','PRIVATE_EQUITY_VC','RISK_COMPLIANCE')
2026-09-11 18:56:46.440 DEBUG 13084 --- [  restartedMain] org.hibernate.SQL                        : 
    alter table opportunities 
       modify column description TEXT not null
2026-09-11 18:56:46.465 DEBUG 13084 --- [  restartedMain] org.hibernate.SQL                        : 
    alter table opportunities 
       modify column experience_level enum ('EXECUTIVE','GRADUATE','JUNIOR','MID','SENIOR') not null
2026-09-11 18:56:46.482 DEBUG 13084 --- [  restartedMain] org.hibernate.SQL                        : 
    alter table opportunities 
       modify column specialization enum ('ACCOUNTING_AUDIT','ASSET_WEALTH_MANAGEMENT','CORPORATE_FINANCE','FINTECH','INSURANCE','INVESTMENT_BANKING','OTHER','PRIVATE_EQUITY_VC','RISK_COMPLIANCE') not null
2026-09-11 18:56:46.573 DEBUG 13084 --- [  restartedMain] org.hibernate.SQL                        : 
    alter table opportunities 
       modify column status enum ('CLOSED','DRAFT','PUBLISHED') not null
2026-09-11 18:56:46.590 DEBUG 13084 --- [  restartedMain] org.hibernate.SQL                        : 
    alter table opportunities 
       modify column type enum ('CONTRACT','FULL_TIME','GIG','INTERNSHIP','PART_TIME') not null
2026-09-11 18:56:46.606 DEBUG 13084 --- [  restartedMain] org.hibernate.SQL                        : 
    alter table opportunities 
       modify column work_mode enum ('HYBRID','ONSITE','REMOTE') not null
2026-09-11 18:56:46.626 DEBUG 13084 --- [  restartedMain] org.hibernate.SQL                        : 
    alter table opportunity_qualifications 
       modify column qualification TEXT not null
2026-09-11 18:56:46.632 DEBUG 13084 --- [  restartedMain] org.hibernate.SQL                        : 
    alter table opportunity_responsibilities 
       modify column responsibility TEXT not null
2026-09-11 18:56:46.643 DEBUG 13084 --- [  restartedMain] org.hibernate.SQL                        : 
    alter table users 
       modify column role enum ('ROLE_ADMIN','ROLE_ADVISORY','ROLE_BUSINESS','ROLE_CUSTOMER','ROLE_MEMBERS') not null
2026-09-11 18:56:46.756  INFO 13084 --- [  restartedMain] j.LocalContainerEntityManagerFactoryBean : Initialized JPA EntityManagerFactory for persistence unit 'default'
2026-09-11 18:56:46.868  INFO 13084 --- [  restartedMain] o.s.b.web.servlet.RegistrationBean       : Filter disableJwtAuthFilterRegistration was not registered (disabled)
2026-09-11 18:56:46.938  INFO 13084 --- [  restartedMain] eAuthenticationProviderManagerConfigurer : Global AuthenticationManager configured with AuthenticationProvider bean with name authenticationProvider
2026-09-11 18:56:46.940  WARN 13084 --- [  restartedMain] r$InitializeUserDetailsManagerConfigurer : Global AuthenticationManager configured with an AuthenticationProvider bean. UserDetailsService beans will not be used for username/password login. Consider removing the AuthenticationProvider bean. Alternatively, consider using the UserDetailsService in a manually instantiated DaoAuthenticationProvider.
2026-09-11 18:56:47.143  INFO 13084 --- [  restartedMain] c.e.firstapp.config.AsyncConfig          : Email thread pool initialized: core=2 max=5 queue=50
2026-09-11 18:56:47.222 DEBUG 13084 --- [  restartedMain] o.s.s.web.DefaultSecurityFilterChain     : Will secure any request with filters: DisableEncodeUrlFilter, WebAsyncManagerIntegrationFilter, SecurityContextHolderFilter, HeaderWriterFilter, LogoutFilter, JwtAuthFilter, RequestCacheAwareFilter, SecurityContextHolderAwareRequestFilter, AnonymousAuthenticationFilter, SessionManagementFilter, ExceptionTranslationFilter, AuthorizationFilter
2026-09-11 18:56:47.281  INFO 13084 --- [  restartedMain] o.s.b.d.a.OptionalLiveReloadServer       : LiveReload server is running on port 35729
2026-09-11 18:56:47.294  INFO 13084 --- [  restartedMain] o.s.b.w.e.tomcat.TomcatWebServer         : Tomcat started on port 8080 (http) with context path '/'
2026-09-11 18:56:47.304  INFO 13084 --- [  restartedMain] c.e.firstapp.FirstappApplication         : Started FirstappApplication in 1.665 seconds (process running for 2305.592)
2026-09-11 18:56:47.306  INFO 13084 --- [  restartedMain] .ConditionEvaluationDeltaLoggingListener : Condition evaluation unchanged
2026-09-11 18:57:17.434  INFO 13084 --- [   File Watcher] rtingClassPathChangeChangedEventListener : Restarting due to 1 class path change (0 additions, 0 deletions, 1 modification)
2026-09-11 18:57:17.451  INFO 13084 --- [      Thread-19] j.LocalContainerEntityManagerFactoryBean : Closing JPA EntityManagerFactory for persistence unit 'default'
2026-09-11 18:57:17.452  INFO 13084 --- [      Thread-19] com.zaxxer.hikari.HikariDataSource       : BusinessAppHikariPool - Shutdown initiated...
2026-09-11 18:57:17.454  INFO 13084 --- [      Thread-19] com.zaxxer.hikari.HikariDataSource       : BusinessAppHikariPool - Shutdown completed.
2026-09-11 18:57:17.544  INFO 13084 --- [  restartedMain] c.e.firstapp.FirstappApplication         : Starting FirstappApplication using Java 21.0.12.1 with PID 13084 (E:\firstapp\firstapp\target\classes started by Dell in E:\firstapp\firstapp)
2026-09-11 18:57:17.546  INFO 13084 --- [  restartedMain] c.e.firstapp.FirstappApplication         : No active profile set, falling back to 1 default profile: "default"
2026-09-11 18:57:17.818  INFO 13084 --- [  restartedMain] .s.d.r.c.RepositoryConfigurationDelegate : Bootstrapping Spring Data JPA repositories in DEFAULT mode.
2026-09-11 18:57:17.854  INFO 13084 --- [  restartedMain] .s.d.r.c.RepositoryConfigurationDelegate : Finished Spring Data repository scanning in 34 ms. Found 8 JPA repository interfaces.
2026-09-11 18:57:17.955  INFO 13084 --- [  restartedMain] o.s.b.w.e.tomcat.TomcatWebServer         : Tomcat initialized with port 8080 (http)
2026-09-11 18:57:17.956  INFO 13084 --- [  restartedMain] o.a.catalina.core.StandardService        : Starting service [Tomcat]
2026-09-11 18:57:17.956  INFO 13084 --- [  restartedMain] o.a.catalina.core.StandardEngine         : Starting Servlet engine: [Apache Tomcat/10.1.42]
2026-09-11 18:57:17.992  INFO 13084 --- [  restartedMain] o.a.c.c.C.[Tomcat].[localhost].[/]       : Initializing Spring embedded WebApplicationContext
2026-09-11 18:57:17.993  INFO 13084 --- [  restartedMain] w.s.c.ServletWebServerApplicationContext : Root WebApplicationContext: initialization completed in 444 ms
2026-09-11 18:57:18.021 DEBUG 13084 --- [  restartedMain] com.zaxxer.hikari.HikariConfig           : Driver class com.mysql.cj.jdbc.Driver found in Thread context class loader TomcatEmbeddedWebappClassLoader
  context: ROOT
  delegate: true
----------> Parent Classloader:
org.springframework.boot.devtools.restart.classloader.RestartClassLoader@2c8d448c

2026-09-11 18:57:18.073  INFO 13084 --- [  restartedMain] o.h.jpa.internal.util.LogHelper          : HHH000204: Processing PersistenceUnitInfo [name: default]
2026-09-11 18:57:18.075  INFO 13084 --- [  restartedMain] o.h.c.i.RegionFactoryInitiator           : HHH000026: Second-level cache disabled
2026-09-11 18:57:18.084  INFO 13084 --- [  restartedMain] o.s.o.j.p.SpringPersistenceUnitInfo      : No LoadTimeWeaver setup: ignoring JPA class transformer
2026-09-11 18:57:18.085 DEBUG 13084 --- [  restartedMain] com.zaxxer.hikari.HikariConfig           : BusinessAppHikariPool - configuration:
2026-09-11 18:57:18.085 DEBUG 13084 --- [  restartedMain] com.zaxxer.hikari.HikariConfig           : allowPoolSuspension.............false
2026-09-11 18:57:18.086 DEBUG 13084 --- [  restartedMain] com.zaxxer.hikari.HikariConfig           : autoCommit......................true
2026-09-11 18:57:18.086 DEBUG 13084 --- [  restartedMain] com.zaxxer.hikari.HikariConfig           : catalog.........................none
2026-09-11 18:57:18.086 DEBUG 13084 --- [  restartedMain] com.zaxxer.hikari.HikariConfig           : connectionInitSql...............none
2026-09-11 18:57:18.086 DEBUG 13084 --- [  restartedMain] com.zaxxer.hikari.HikariConfig           : connectionTestQuery............."SELECT 1"
2026-09-11 18:57:18.086 DEBUG 13084 --- [  restartedMain] com.zaxxer.hikari.HikariConfig           : connectionTimeout...............20000
2026-09-11 18:57:18.086 DEBUG 13084 --- [  restartedMain] com.zaxxer.hikari.HikariConfig           : dataSource......................none
2026-09-11 18:57:18.086 DEBUG 13084 --- [  restartedMain] com.zaxxer.hikari.HikariConfig           : dataSourceClassName.............none
2026-09-11 18:57:18.086 DEBUG 13084 --- [  restartedMain] com.zaxxer.hikari.HikariConfig           : dataSourceJNDI..................none
2026-09-11 18:57:18.086 DEBUG 13084 --- [  restartedMain] com.zaxxer.hikari.HikariConfig           : dataSourceProperties............{password=<masked>}
2026-09-11 18:57:18.086 DEBUG 13084 --- [  restartedMain] com.zaxxer.hikari.HikariConfig           : driverClassName................."com.mysql.cj.jdbc.Driver"
2026-09-11 18:57:18.086 DEBUG 13084 --- [  restartedMain] com.zaxxer.hikari.HikariConfig           : exceptionOverrideClassName......none
2026-09-11 18:57:18.087 DEBUG 13084 --- [  restartedMain] com.zaxxer.hikari.HikariConfig           : healthCheckProperties...........{}
2026-09-11 18:57:18.087 DEBUG 13084 --- [  restartedMain] com.zaxxer.hikari.HikariConfig           : healthCheckRegistry.............none
2026-09-11 18:57:18.087 DEBUG 13084 --- [  restartedMain] com.zaxxer.hikari.HikariConfig           : idleTimeout.....................600000
2026-09-11 18:57:18.087 DEBUG 13084 --- [  restartedMain] com.zaxxer.hikari.HikariConfig           : initializationFailTimeout.......1
2026-09-11 18:57:18.087 DEBUG 13084 --- [  restartedMain] com.zaxxer.hikari.HikariConfig           : isolateInternalQueries..........false
2026-09-11 18:57:18.087 DEBUG 13084 --- [  restartedMain] com.zaxxer.hikari.HikariConfig           : jdbcUrl.........................jdbc:mysql://localhost:3306/businessapp?createDatabaseIfNotExist=true&useSSL=false&serverTimezone=UTC&allowPublicKeyRetrieval=true
2026-09-11 18:57:18.087 DEBUG 13084 --- [  restartedMain] com.zaxxer.hikari.HikariConfig           : keepaliveTime...................0
2026-09-11 18:57:18.087 DEBUG 13084 --- [  restartedMain] com.zaxxer.hikari.HikariConfig           : leakDetectionThreshold..........0
2026-09-11 18:57:18.087 DEBUG 13084 --- [  restartedMain] com.zaxxer.hikari.HikariConfig           : maxLifetime.....................1800000
2026-09-11 18:57:18.087 DEBUG 13084 --- [  restartedMain] com.zaxxer.hikari.HikariConfig           : maximumPoolSize.................10
2026-09-11 18:57:18.087 DEBUG 13084 --- [  restartedMain] com.zaxxer.hikari.HikariConfig           : metricRegistry..................none
2026-09-11 18:57:18.087 DEBUG 13084 --- [  restartedMain] com.zaxxer.hikari.HikariConfig           : metricsTrackerFactory...........none
2026-09-11 18:57:18.087 DEBUG 13084 --- [  restartedMain] com.zaxxer.hikari.HikariConfig           : minimumIdle.....................5
2026-09-11 18:57:18.088 DEBUG 13084 --- [  restartedMain] com.zaxxer.hikari.HikariConfig           : password........................<masked>
2026-09-11 18:57:18.088 DEBUG 13084 --- [  restartedMain] com.zaxxer.hikari.HikariConfig           : poolName........................"BusinessAppHikariPool"
2026-09-11 18:57:18.088 DEBUG 13084 --- [  restartedMain] com.zaxxer.hikari.HikariConfig           : readOnly........................false
2026-09-11 18:57:18.088 DEBUG 13084 --- [  restartedMain] com.zaxxer.hikari.HikariConfig           : registerMbeans..................false
2026-09-11 18:57:18.088 DEBUG 13084 --- [  restartedMain] com.zaxxer.hikari.HikariConfig           : scheduledExecutor...............none
2026-09-11 18:57:18.088 DEBUG 13084 --- [  restartedMain] com.zaxxer.hikari.HikariConfig           : schema..........................none
2026-09-11 18:57:18.088 DEBUG 13084 --- [  restartedMain] com.zaxxer.hikari.HikariConfig           : threadFactory...................internal
2026-09-11 18:57:18.089 DEBUG 13084 --- [  restartedMain] com.zaxxer.hikari.HikariConfig           : transactionIsolation............default
2026-09-11 18:57:18.089 DEBUG 13084 --- [  restartedMain] com.zaxxer.hikari.HikariConfig           : username........................"root"
2026-09-11 18:57:18.089 DEBUG 13084 --- [  restartedMain] com.zaxxer.hikari.HikariConfig           : validationTimeout...............5000
2026-09-11 18:57:18.089  INFO 13084 --- [  restartedMain] com.zaxxer.hikari.HikariDataSource       : BusinessAppHikariPool - Starting...
2026-09-11 18:57:18.098  INFO 13084 --- [  restartedMain] com.zaxxer.hikari.pool.HikariPool        : BusinessAppHikariPool - Added connection com.mysql.cj.jdbc.ConnectionImpl@79b27ef0
2026-09-11 18:57:18.098  INFO 13084 --- [  restartedMain] com.zaxxer.hikari.HikariDataSource       : BusinessAppHikariPool - Start completed.
2026-09-11 18:57:18.257  INFO 13084 --- [  restartedMain] o.h.e.t.j.p.i.JtaPlatformInitiator       : HHH000489: No JTA platform available (set 'hibernate.transaction.jta.platform' to enable JTA platform integration)
2026-09-11 18:57:18.268 DEBUG 13084 --- [  restartedMain] org.hibernate.SQL                        : 
    alter table businesses 
       modify column description TEXT
2026-09-11 18:57:18.298 DEBUG 13084 --- [  restartedMain] org.hibernate.SQL                        : 
    alter table member_educations 
       modify column description TEXT
2026-09-11 18:57:18.321 DEBUG 13084 --- [  restartedMain] org.hibernate.SQL                        : 
    alter table member_experiences 
       modify column description TEXT
2026-09-11 18:57:18.334 DEBUG 13084 --- [  restartedMain] org.hibernate.SQL                        : 
    alter table members 
       modify column bio TEXT
2026-09-11 18:57:18.357 DEBUG 13084 --- [  restartedMain] org.hibernate.SQL                        : 
    alter table members 
       modify column profile_visibility enum ('CONNECTIONS_ONLY','PRIVATE','PUBLIC') not null
2026-09-11 18:57:18.378 DEBUG 13084 --- [  restartedMain] org.hibernate.SQL                        : 
    alter table members 
       modify column specialization enum ('ACCOUNTING_AUDIT','ASSET_WEALTH_MANAGEMENT','CORPORATE_FINANCE','FINTECH','INSURANCE','INVESTMENT_BANKING','OTHER','PRIVATE_EQUITY_VC','RISK_COMPLIANCE')
2026-09-11 18:57:18.404 DEBUG 13084 --- [  restartedMain] org.hibernate.SQL                        : 
    alter table opportunities 
       modify column description TEXT not null
2026-09-11 18:57:18.426 DEBUG 13084 --- [  restartedMain] org.hibernate.SQL                        : 
    alter table opportunities 
       modify column experience_level enum ('EXECUTIVE','GRADUATE','JUNIOR','MID','SENIOR') not null
2026-09-11 18:57:18.451 DEBUG 13084 --- [  restartedMain] org.hibernate.SQL                        : 
    alter table opportunities 
       modify column specialization enum ('ACCOUNTING_AUDIT','ASSET_WEALTH_MANAGEMENT','CORPORATE_FINANCE','FINTECH','INSURANCE','INVESTMENT_BANKING','OTHER','PRIVATE_EQUITY_VC','RISK_COMPLIANCE') not null
2026-09-11 18:57:18.469 DEBUG 13084 --- [  restartedMain] org.hibernate.SQL                        : 
    alter table opportunities 
       modify column status enum ('CLOSED','DRAFT','PUBLISHED') not null
2026-09-11 18:57:18.491 DEBUG 13084 --- [  restartedMain] org.hibernate.SQL                        : 
    alter table opportunities 
       modify column type enum ('CONTRACT','FULL_TIME','GIG','INTERNSHIP','PART_TIME') not null
2026-09-11 18:57:18.533 DEBUG 13084 --- [  restartedMain] org.hibernate.SQL                        : 
    alter table opportunities 
       modify column work_mode enum ('HYBRID','ONSITE','REMOTE') not null
2026-09-11 18:57:18.559 DEBUG 13084 --- [  restartedMain] org.hibernate.SQL                        : 
    alter table opportunity_qualifications 
       modify column qualification TEXT not null
2026-09-11 18:57:18.572 DEBUG 13084 --- [  restartedMain] org.hibernate.SQL                        : 
    alter table opportunity_responsibilities 
       modify column responsibility TEXT not null
2026-09-11 18:57:18.584 DEBUG 13084 --- [  restartedMain] org.hibernate.SQL                        : 
    alter table users 
       modify column role enum ('ROLE_ADMIN','ROLE_ADVISORY','ROLE_BUSINESS','ROLE_CUSTOMER','ROLE_MEMBERS') not null
2026-09-11 18:57:18.786  INFO 13084 --- [  restartedMain] j.LocalContainerEntityManagerFactoryBean : Initialized JPA EntityManagerFactory for persistence unit 'default'
2026-09-11 18:57:19.080  INFO 13084 --- [  restartedMain] o.s.b.web.servlet.RegistrationBean       : Filter disableJwtAuthFilterRegistration was not registered (disabled)
2026-09-11 18:57:19.234  INFO 13084 --- [  restartedMain] eAuthenticationProviderManagerConfigurer : Global AuthenticationManager configured with AuthenticationProvider bean with name authenticationProvider
2026-09-11 18:57:19.236  WARN 13084 --- [  restartedMain] r$InitializeUserDetailsManagerConfigurer : Global AuthenticationManager configured with an AuthenticationProvider bean. UserDetailsService beans will not be used for username/password login. Consider removing the AuthenticationProvider bean. Alternatively, consider using the UserDetailsService in a manually instantiated DaoAuthenticationProvider.
2026-09-11 18:57:19.522  WARN 13084 --- [  restartedMain] ConfigServletWebServerApplicationContext : Exception encountered during context initialization - cancelling refresh attempt: org.springframework.beans.factory.BeanCreationException: Error creating bean with name 'memberProfileController' defined in file [E:\firstapp\firstapp\target\classes\com\example\firstapp\controller\MemberProfileController.class]: Failed to instantiate [com.example.firstapp.controller.MemberProfileController]: Constructor threw exception
2026-09-11 18:57:19.523  INFO 13084 --- [  restartedMain] j.LocalContainerEntityManagerFactoryBean : Closing JPA EntityManagerFactory for persistence unit 'default'
2026-09-11 18:57:19.524  INFO 13084 --- [  restartedMain] com.zaxxer.hikari.HikariDataSource       : BusinessAppHikariPool - Shutdown initiated...
2026-09-11 18:57:19.533  INFO 13084 --- [  restartedMain] com.zaxxer.hikari.HikariDataSource       : BusinessAppHikariPool - Shutdown completed.
2026-09-11 18:57:19.534  INFO 13084 --- [  restartedMain] o.a.catalina.core.StandardService        : Stopping service [Tomcat]
2026-09-11 18:57:19.557  INFO 13084 --- [  restartedMain] .s.b.a.l.ConditionEvaluationReportLogger : 

Error starting ApplicationContext. To display the condition evaluation report re-run your application with 'debug' enabled.
2026-09-11 18:57:19.650 ERROR 13084 --- [  restartedMain] o.s.boot.SpringApplication               : Application run failed
org.springframework.beans.factory.BeanCreationException: Error creating bean with name 'memberProfileController' defined in file [E:\firstapp\firstapp\target\classes\com\example\firstapp\controller\MemberProfileController.class]: Failed to instantiate [com.example.firstapp.controller.MemberProfileController]: Constructor threw exception
	at org.springframework.beans.factory.support.ConstructorResolver.instantiate(ConstructorResolver.java:318) ~[spring-beans-6.1.21.jar:6.1.21]
	at org.springframework.beans.factory.support.ConstructorResolver.autowireConstructor(ConstructorResolver.java:306) ~[spring-beans-6.1.21.jar:6.1.21]
	at org.springframework.beans.factory.support.AbstractAutowireCapableBeanFactory.autowireConstructor(AbstractAutowireCapableBeanFactory.java:1375) ~[spring-beans-6.1.21.jar:6.1.21]
	at org.springframework.beans.factory.support.AbstractAutowireCapableBeanFactory.createBeanInstance(AbstractAutowireCapableBeanFactory.java:1212) ~[spring-beans-6.1.21.jar:6.1.21]
	at org.springframework.beans.factory.support.AbstractAutowireCapableBeanFactory.doCreateBean(AbstractAutowireCapableBeanFactory.java:562) ~[spring-beans-6.1.21.jar:6.1.21]
	at org.springframework.beans.factory.support.AbstractAutowireCapableBeanFactory.createBean(AbstractAutowireCapableBeanFactory.java:522) ~[spring-beans-6.1.21.jar:6.1.21]
	at org.springframework.beans.factory.support.AbstractBeanFactory.lambda$doGetBean$0(AbstractBeanFactory.java:337) ~[spring-beans-6.1.21.jar:6.1.21]
	at org.springframework.beans.factory.support.DefaultSingletonBeanRegistry.getSingleton(DefaultSingletonBeanRegistry.java:234) ~[spring-beans-6.1.21.jar:6.1.21]
	at org.springframework.beans.factory.support.AbstractBeanFactory.doGetBean(AbstractBeanFactory.java:335) ~[spring-beans-6.1.21.jar:6.1.21]
	at org.springframework.beans.factory.support.AbstractBeanFactory.getBean(AbstractBeanFactory.java:200) ~[spring-beans-6.1.21.jar:6.1.21]
	at org.springframework.beans.factory.support.DefaultListableBeanFactory.preInstantiateSingletons(DefaultListableBeanFactory.java:975) ~[spring-beans-6.1.21.jar:6.1.21]
	at org.springframework.context.support.AbstractApplicationContext.finishBeanFactoryInitialization(AbstractApplicationContext.java:971) ~[spring-context-6.1.21.jar:6.1.21]
	at org.springframework.context.support.AbstractApplicationContext.refresh(AbstractApplicationContext.java:625) ~[spring-context-6.1.21.jar:6.1.21]
	at org.springframework.boot.web.servlet.context.ServletWebServerApplicationContext.refresh(ServletWebServerApplicationContext.java:146) ~[spring-boot-3.3.13.jar:3.3.13]
	at org.springframework.boot.SpringApplication.refresh(SpringApplication.java:754) ~[spring-boot-3.3.13.jar:3.3.13]
	at org.springframework.boot.SpringApplication.refreshContext(SpringApplication.java:456) ~[spring-boot-3.3.13.jar:3.3.13]
	at org.springframework.boot.SpringApplication.run(SpringApplication.java:335) ~[spring-boot-3.3.13.jar:3.3.13]
	at org.springframework.boot.SpringApplication.run(SpringApplication.java:1363) ~[spring-boot-3.3.13.jar:3.3.13]
	at org.springframework.boot.SpringApplication.run(SpringApplication.java:1352) ~[spring-boot-3.3.13.jar:3.3.13]
	at com.example.firstapp.FirstappApplication.main(FirstappApplication.java:10) ~[classes/:na]
	at java.base/jdk.internal.reflect.DirectMethodHandleAccessor.invoke(Unknown Source) ~[na:na]
	at java.base/java.lang.reflect.Method.invoke(Unknown Source) ~[na:na]
	at org.springframework.boot.devtools.restart.RestartLauncher.run(RestartLauncher.java:50) ~[spring-boot-devtools-3.3.13.jar:3.3.13]
Caused by: org.springframework.beans.BeanInstantiationException: Failed to instantiate [com.example.firstapp.controller.MemberProfileController]: Constructor threw exception
	at org.springframework.beans.BeanUtils.instantiateClass(BeanUtils.java:221) ~[spring-beans-6.1.21.jar:6.1.21]
	at org.springframework.beans.factory.support.SimpleInstantiationStrategy.instantiate(SimpleInstantiationStrategy.java:117) ~[spring-beans-6.1.21.jar:6.1.21]
	at org.springframework.beans.factory.support.ConstructorResolver.instantiate(ConstructorResolver.java:315) ~[spring-beans-6.1.21.jar:6.1.21]
	... 22 common frames omitted
Caused by: java.lang.Error: Unresolved compilation problems: 
	Syntax error, insert "Identifier (" to complete ConstructorHeaderName
	Syntax error, insert ")" to complete ConstructorDeclaration
	Syntax error, insert ";" to complete ConstructorDeclaration
	The annotation @PreAuthorize must define the attribute value
	Return type for the method is missing
	Syntax error, insert ";" to complete ConstructorDeclaration

	at com.example.firstapp.controller.MemberProfileController.<init>(MemberProfileController.java:32) ~[classes/:na]
	at java.base/jdk.internal.reflect.DirectConstructorHandleAccessor.newInstance(Unknown Source) ~[na:na]
	at java.base/java.lang.reflect.Constructor.newInstanceWithCaller(Unknown Source) ~[na:na]
	at java.base/java.lang.reflect.Constructor.newInstance(Unknown Source) ~[na:na]
	at org.springframework.beans.BeanUtils.instantiateClass(BeanUtils.java:208) ~[spring-beans-6.1.21.jar:6.1.21]
	... 24 common frames omitted
2026-09-11 18:57:34.468  INFO 13084 --- [  restartedMain] c.e.firstapp.FirstappApplication         : Starting FirstappApplication using Java 21.0.12.1 with PID 13084 (E:\firstapp\firstapp\target\classes started by Dell in E:\firstapp\firstapp)
2026-09-11 18:57:34.468  INFO 13084 --- [  restartedMain] c.e.firstapp.FirstappApplication         : No active profile set, falling back to 1 default profile: "default"
2026-09-11 18:57:34.639  INFO 13084 --- [  restartedMain] .s.d.r.c.RepositoryConfigurationDelegate : Bootstrapping Spring Data JPA repositories in DEFAULT mode.
2026-09-11 18:57:34.677  INFO 13084 --- [  restartedMain] .s.d.r.c.RepositoryConfigurationDelegate : Finished Spring Data repository scanning in 37 ms. Found 8 JPA repository interfaces.
2026-09-11 18:57:34.789  INFO 13084 --- [  restartedMain] o.s.b.w.e.tomcat.TomcatWebServer         : Tomcat initialized with port 8080 (http)
2026-09-11 18:57:34.793  INFO 13084 --- [  restartedMain] o.a.catalina.core.StandardService        : Starting service [Tomcat]
2026-09-11 18:57:34.794  INFO 13084 --- [  restartedMain] o.a.catalina.core.StandardEngine         : Starting Servlet engine: [Apache Tomcat/10.1.42]
2026-09-11 18:57:34.856  INFO 13084 --- [  restartedMain] o.a.c.c.C.[Tomcat-1].[localhost].[/]     : Initializing Spring embedded WebApplicationContext
2026-09-11 18:57:34.856  INFO 13084 --- [  restartedMain] w.s.c.ServletWebServerApplicationContext : Root WebApplicationContext: initialization completed in 386 ms
2026-09-11 18:57:34.871 DEBUG 13084 --- [  restartedMain] com.zaxxer.hikari.HikariConfig           : Driver class com.mysql.cj.jdbc.Driver found in Thread context class loader TomcatEmbeddedWebappClassLoader
  context: ROOT
  delegate: true
----------> Parent Classloader:
org.springframework.boot.devtools.restart.classloader.RestartClassLoader@14966965

2026-09-11 18:57:34.894  INFO 13084 --- [  restartedMain] o.h.jpa.internal.util.LogHelper          : HHH000204: Processing PersistenceUnitInfo [name: default]
2026-09-11 18:57:34.897  INFO 13084 --- [  restartedMain] o.h.c.i.RegionFactoryInitiator           : HHH000026: Second-level cache disabled
2026-09-11 18:57:34.908  INFO 13084 --- [  restartedMain] o.s.o.j.p.SpringPersistenceUnitInfo      : No LoadTimeWeaver setup: ignoring JPA class transformer
2026-09-11 18:57:34.909 DEBUG 13084 --- [  restartedMain] com.zaxxer.hikari.HikariConfig           : BusinessAppHikariPool - configuration:
2026-09-11 18:57:34.909 DEBUG 13084 --- [  restartedMain] com.zaxxer.hikari.HikariConfig           : allowPoolSuspension.............false
2026-09-11 18:57:34.909 DEBUG 13084 --- [  restartedMain] com.zaxxer.hikari.HikariConfig           : autoCommit......................true
2026-09-11 18:57:34.910 DEBUG 13084 --- [  restartedMain] com.zaxxer.hikari.HikariConfig           : catalog.........................none
2026-09-11 18:57:34.910 DEBUG 13084 --- [  restartedMain] com.zaxxer.hikari.HikariConfig           : connectionInitSql...............none
2026-09-11 18:57:34.910 DEBUG 13084 --- [  restartedMain] com.zaxxer.hikari.HikariConfig           : connectionTestQuery............."SELECT 1"
2026-09-11 18:57:34.910 DEBUG 13084 --- [  restartedMain] com.zaxxer.hikari.HikariConfig           : connectionTimeout...............20000
2026-09-11 18:57:34.910 DEBUG 13084 --- [  restartedMain] com.zaxxer.hikari.HikariConfig           : dataSource......................none
2026-09-11 18:57:34.910 DEBUG 13084 --- [  restartedMain] com.zaxxer.hikari.HikariConfig           : dataSourceClassName.............none
2026-09-11 18:57:34.910 DEBUG 13084 --- [  restartedMain] com.zaxxer.hikari.HikariConfig           : dataSourceJNDI..................none
2026-09-11 18:57:34.910 DEBUG 13084 --- [  restartedMain] com.zaxxer.hikari.HikariConfig           : dataSourceProperties............{password=<masked>}
2026-09-11 18:57:34.910 DEBUG 13084 --- [  restartedMain] com.zaxxer.hikari.HikariConfig           : driverClassName................."com.mysql.cj.jdbc.Driver"
2026-09-11 18:57:34.910 DEBUG 13084 --- [  restartedMain] com.zaxxer.hikari.HikariConfig           : exceptionOverrideClassName......none
2026-09-11 18:57:34.910 DEBUG 13084 --- [  restartedMain] com.zaxxer.hikari.HikariConfig           : healthCheckProperties...........{}
2026-09-11 18:57:34.910 DEBUG 13084 --- [  restartedMain] com.zaxxer.hikari.HikariConfig           : healthCheckRegistry.............none
2026-09-11 18:57:34.910 DEBUG 13084 --- [  restartedMain] com.zaxxer.hikari.HikariConfig           : idleTimeout.....................600000
2026-09-11 18:57:34.910 DEBUG 13084 --- [  restartedMain] com.zaxxer.hikari.HikariConfig           : initializationFailTimeout.......1
2026-09-11 18:57:34.911 DEBUG 13084 --- [  restartedMain] com.zaxxer.hikari.HikariConfig           : isolateInternalQueries..........false
2026-09-11 18:57:34.911 DEBUG 13084 --- [  restartedMain] com.zaxxer.hikari.HikariConfig           : jdbcUrl.........................jdbc:mysql://localhost:3306/businessapp?createDatabaseIfNotExist=true&useSSL=false&serverTimezone=UTC&allowPublicKeyRetrieval=true
2026-09-11 18:57:34.911 DEBUG 13084 --- [  restartedMain] com.zaxxer.hikari.HikariConfig           : keepaliveTime...................0
2026-09-11 18:57:34.911 DEBUG 13084 --- [  restartedMain] com.zaxxer.hikari.HikariConfig           : leakDetectionThreshold..........0
2026-09-11 18:57:34.911 DEBUG 13084 --- [  restartedMain] com.zaxxer.hikari.HikariConfig           : maxLifetime.....................1800000
2026-09-11 18:57:34.912 DEBUG 13084 --- [  restartedMain] com.zaxxer.hikari.HikariConfig           : maximumPoolSize.................10
2026-09-11 18:57:34.912 DEBUG 13084 --- [  restartedMain] com.zaxxer.hikari.HikariConfig           : metricRegistry..................none
2026-09-11 18:57:34.912 DEBUG 13084 --- [  restartedMain] com.zaxxer.hikari.HikariConfig           : metricsTrackerFactory...........none
2026-09-11 18:57:34.912 DEBUG 13084 --- [  restartedMain] com.zaxxer.hikari.HikariConfig           : minimumIdle.....................5
2026-09-11 18:57:34.912 DEBUG 13084 --- [  restartedMain] com.zaxxer.hikari.HikariConfig           : password........................<masked>
2026-09-11 18:57:34.912 DEBUG 13084 --- [  restartedMain] com.zaxxer.hikari.HikariConfig           : poolName........................"BusinessAppHikariPool"
2026-09-11 18:57:34.914 DEBUG 13084 --- [  restartedMain] com.zaxxer.hikari.HikariConfig           : readOnly........................false
2026-09-11 18:57:34.914 DEBUG 13084 --- [  restartedMain] com.zaxxer.hikari.HikariConfig           : registerMbeans..................false
2026-09-11 18:57:34.914 DEBUG 13084 --- [  restartedMain] com.zaxxer.hikari.HikariConfig           : scheduledExecutor...............none
2026-09-11 18:57:34.915 DEBUG 13084 --- [  restartedMain] com.zaxxer.hikari.HikariConfig           : schema..........................none
2026-09-11 18:57:34.915 DEBUG 13084 --- [  restartedMain] com.zaxxer.hikari.HikariConfig           : threadFactory...................internal
2026-09-11 18:57:34.915 DEBUG 13084 --- [  restartedMain] com.zaxxer.hikari.HikariConfig           : transactionIsolation............default
2026-09-11 18:57:34.915 DEBUG 13084 --- [  restartedMain] com.zaxxer.hikari.HikariConfig           : username........................"root"
2026-09-11 18:57:34.915 DEBUG 13084 --- [  restartedMain] com.zaxxer.hikari.HikariConfig           : validationTimeout...............5000
2026-09-11 18:57:34.915  INFO 13084 --- [  restartedMain] com.zaxxer.hikari.HikariDataSource       : BusinessAppHikariPool - Starting...
2026-09-11 18:57:34.923  INFO 13084 --- [  restartedMain] com.zaxxer.hikari.pool.HikariPool        : BusinessAppHikariPool - Added connection com.mysql.cj.jdbc.ConnectionImpl@48ead908
2026-09-11 18:57:34.923  INFO 13084 --- [  restartedMain] com.zaxxer.hikari.HikariDataSource       : BusinessAppHikariPool - Start completed.
2026-09-11 18:57:35.086  INFO 13084 --- [  restartedMain] o.h.e.t.j.p.i.JtaPlatformInitiator       : HHH000489: No JTA platform available (set 'hibernate.transaction.jta.platform' to enable JTA platform integration)
2026-09-11 18:57:35.107 DEBUG 13084 --- [  restartedMain] org.hibernate.SQL                        : 
    alter table businesses 
       modify column description TEXT
2026-09-11 18:57:35.133 DEBUG 13084 --- [  restartedMain] org.hibernate.SQL                        : 
    alter table member_educations 
       modify column description TEXT
2026-09-11 18:57:35.142 DEBUG 13084 --- [  restartedMain] org.hibernate.SQL                        : 
    alter table member_experiences 
       modify column description TEXT
2026-09-11 18:57:35.151 DEBUG 13084 --- [  restartedMain] org.hibernate.SQL                        : 
    alter table members 
       modify column bio TEXT
2026-09-11 18:57:35.169 DEBUG 13084 --- [  restartedMain] org.hibernate.SQL                        : 
    alter table members 
       modify column profile_visibility enum ('CONNECTIONS_ONLY','PRIVATE','PUBLIC') not null
2026-09-11 18:57:35.188 DEBUG 13084 --- [  restartedMain] org.hibernate.SQL                        : 
    alter table members 
       modify column specialization enum ('ACCOUNTING_AUDIT','ASSET_WEALTH_MANAGEMENT','CORPORATE_FINANCE','FINTECH','INSURANCE','INVESTMENT_BANKING','OTHER','PRIVATE_EQUITY_VC','RISK_COMPLIANCE')
2026-09-11 18:57:35.207 DEBUG 13084 --- [  restartedMain] org.hibernate.SQL                        : 
    alter table opportunities 
       modify column description TEXT not null
2026-09-11 18:57:35.226 DEBUG 13084 --- [  restartedMain] org.hibernate.SQL                        : 
    alter table opportunities 
       modify column experience_level enum ('EXECUTIVE','GRADUATE','JUNIOR','MID','SENIOR') not null
2026-09-11 18:57:35.246 DEBUG 13084 --- [  restartedMain] org.hibernate.SQL                        : 
    alter table opportunities 
       modify column specialization enum ('ACCOUNTING_AUDIT','ASSET_WEALTH_MANAGEMENT','CORPORATE_FINANCE','FINTECH','INSURANCE','INVESTMENT_BANKING','OTHER','PRIVATE_EQUITY_VC','RISK_COMPLIANCE') not null
2026-09-11 18:57:35.262 DEBUG 13084 --- [  restartedMain] org.hibernate.SQL                        : 
    alter table opportunities 
       modify column status enum ('CLOSED','DRAFT','PUBLISHED') not null
2026-09-11 18:57:35.278 DEBUG 13084 --- [  restartedMain] org.hibernate.SQL                        : 
    alter table opportunities 
       modify column type enum ('CONTRACT','FULL_TIME','GIG','INTERNSHIP','PART_TIME') not null
2026-09-11 18:57:35.298 DEBUG 13084 --- [  restartedMain] org.hibernate.SQL                        : 
    alter table opportunities 
       modify column work_mode enum ('HYBRID','ONSITE','REMOTE') not null
2026-09-11 18:57:35.314 DEBUG 13084 --- [  restartedMain] org.hibernate.SQL                        : 
    alter table opportunity_qualifications 
       modify column qualification TEXT not null
2026-09-11 18:57:35.324 DEBUG 13084 --- [  restartedMain] org.hibernate.SQL                        : 
    alter table opportunity_responsibilities 
       modify column responsibility TEXT not null
2026-09-11 18:57:35.331 DEBUG 13084 --- [  restartedMain] org.hibernate.SQL                        : 
    alter table users 
       modify column role enum ('ROLE_ADMIN','ROLE_ADVISORY','ROLE_BUSINESS','ROLE_CUSTOMER','ROLE_MEMBERS') not null
2026-09-11 18:57:35.537  INFO 13084 --- [  restartedMain] j.LocalContainerEntityManagerFactoryBean : Initialized JPA EntityManagerFactory for persistence unit 'default'
2026-09-11 18:57:35.642  INFO 13084 --- [  restartedMain] o.s.b.web.servlet.RegistrationBean       : Filter disableJwtAuthFilterRegistration was not registered (disabled)
2026-09-11 18:57:35.687  INFO 13084 --- [  restartedMain] eAuthenticationProviderManagerConfigurer : Global AuthenticationManager configured with AuthenticationProvider bean with name authenticationProvider
2026-09-11 18:57:35.687  WARN 13084 --- [  restartedMain] r$InitializeUserDetailsManagerConfigurer : Global AuthenticationManager configured with an AuthenticationProvider bean. UserDetailsService beans will not be used for username/password login. Consider removing the AuthenticationProvider bean. Alternatively, consider using the UserDetailsService in a manually instantiated DaoAuthenticationProvider.
2026-09-11 18:57:35.851  INFO 13084 --- [  restartedMain] c.e.firstapp.config.AsyncConfig          : Email thread pool initialized: core=2 max=5 queue=50
2026-09-11 18:57:35.908 DEBUG 13084 --- [  restartedMain] o.s.s.web.DefaultSecurityFilterChain     : Will secure any request with filters: DisableEncodeUrlFilter, WebAsyncManagerIntegrationFilter, SecurityContextHolderFilter, HeaderWriterFilter, LogoutFilter, JwtAuthFilter, RequestCacheAwareFilter, SecurityContextHolderAwareRequestFilter, AnonymousAuthenticationFilter, SessionManagementFilter, ExceptionTranslationFilter, AuthorizationFilter
2026-09-11 18:57:35.991  INFO 13084 --- [  restartedMain] o.s.b.d.a.OptionalLiveReloadServer       : LiveReload server is running on port 35729
2026-09-11 18:57:36.005  INFO 13084 --- [  restartedMain] o.s.b.w.e.tomcat.TomcatWebServer         : Tomcat started on port 8080 (http) with context path '/'
2026-09-11 18:57:36.007  INFO 13084 --- [  restartedMain] c.e.firstapp.FirstappApplication         : Started FirstappApplication in 1.555 seconds (process running for 2354.295)
2026-09-11 18:57:36.008  INFO 13084 --- [  restartedMain] .ConditionEvaluationDeltaLoggingListener : Condition evaluation unchanged
2026-09-11 18:57:40.610  INFO 13084 --- [nio-8080-exec-1] o.a.c.c.C.[Tomcat-1].[localhost].[/]     : Initializing Spring DispatcherServlet 'dispatcherServlet'
2026-09-11 18:57:40.610  INFO 13084 --- [nio-8080-exec-1] o.s.web.servlet.DispatcherServlet        : Initializing Servlet 'dispatcherServlet'
2026-09-11 18:57:40.611  INFO 13084 --- [nio-8080-exec-1] o.s.web.servlet.DispatcherServlet        : Completed initialization in 0 ms
2026-09-11 18:57:40.614 DEBUG 13084 --- [nio-8080-exec-1] o.s.security.web.FilterChainProxy        : Securing POST /api/v1/members
2026-09-11 18:57:40.617  WARN 13084 --- [nio-8080-exec-1] c.e.firstapp.filter.JwtAuthFilter        : Cannot extract username from token: JWT expired at 2026-09-03T10:11:02Z. Current time: 2026-09-11T13:12:40Z, a difference of 702098617 milliseconds.  Allowed clock skew: 0 milliseconds.
2026-09-11 18:57:40.617 DEBUG 13084 --- [nio-8080-exec-1] o.s.s.w.a.AnonymousAuthenticationFilter  : Set SecurityContextHolder to anonymous SecurityContext
2026-09-11 18:57:40.618 DEBUG 13084 --- [nio-8080-exec-1] o.s.s.w.a.Http403ForbiddenEntryPoint     : Pre-authenticated entry point called. Rejecting access
2026-09-11 18:57:40.619 DEBUG 13084 --- [nio-8080-exec-1] o.s.security.web.FilterChainProxy        : Securing POST /error
2026-09-11 18:57:40.620 DEBUG 13084 --- [nio-8080-exec-1] o.s.s.w.a.AnonymousAuthenticationFilter  : Set SecurityContextHolder to anonymous SecurityContext
2026-09-11 18:57:40.620 DEBUG 13084 --- [nio-8080-exec-1] o.s.s.w.a.Http403ForbiddenEntryPoint     : Pre-authenticated entry point called. Rejecting access
2026-09-11 18:58:11.606 DEBUG 13084 --- [nio-8080-exec-2] o.s.security.web.FilterChainProxy        : Securing POST /api/v1/members
2026-09-11 18:58:11.656 DEBUG 13084 --- [nio-8080-exec-2] org.hibernate.SQL                        : 
    select
        u1_0.id,
        u1_0.is_active,
        u1_0.created_at,
        u1_0.email,
        u1_0.failed_attempts,
        u1_0.last_login_at,
        u1_0.lock_time,
        u1_0.is_locked,
        u1_0.password,
        u1_0.role,
        u1_0.updated_at,
        u1_0.username 
    from
        users u1_0 
    where
        u1_0.email=?
2026-09-11 18:58:11.666 DEBUG 13084 --- [nio-8080-exec-2] o.s.security.web.FilterChainProxy        : Secured POST /api/v1/members
2026-09-11 18:58:11.745 DEBUG 13084 --- [nio-8080-exec-2] horizationManagerBeforeMethodInterceptor : Authorizing method invocation ReflectiveMethodInvocation: public org.springframework.http.ResponseEntity com.example.firstapp.controller.MemberProfileController.create(com.example.firstapp.dto.Member.MemberCreateRequest,com.example.firstapp.entity.User); target is of class [com.example.firstapp.controller.MemberProfileController]
2026-09-11 18:58:11.818 DEBUG 13084 --- [nio-8080-exec-2] horizationManagerBeforeMethodInterceptor : Authorized method invocation ReflectiveMethodInvocation: public org.springframework.http.ResponseEntity com.example.firstapp.controller.MemberProfileController.create(com.example.firstapp.dto.Member.MemberCreateRequest,com.example.firstapp.entity.User); target is of class [com.example.firstapp.controller.MemberProfileController]
2026-09-11 18:58:11.851 DEBUG 13084 --- [nio-8080-exec-2] org.hibernate.SQL                        : 
    select
        m1_0.id 
    from
        members m1_0 
    where
        m1_0.profile_slug=? 
    limit
        ?
2026-09-11 18:58:11.925 DEBUG 13084 --- [nio-8080-exec-2] org.hibernate.SQL                        : 
    insert 
    into
        members
        (bio, contact_email, cover_photo_url, created_at, first_name, github_url, headline, last_name, linkedin_url, city, country, postal_code, state, street, open_to_work, phone, profile_picture_url, profile_slug, profile_visibility, resume_url, specialization, updated_at, user_id, version, website_url, years_of_experience) 
    values
        (?, ?, ?, ?, ?, ?, ?, ?, ?, ?, ?, ?, ?, ?, ?, ?, ?, ?, ?, ?, ?, ?, ?, ?, ?, ?)
2026-09-11 18:59:53.826 DEBUG 13084 --- [nio-8080-exec-4] o.s.security.web.FilterChainProxy        : Securing POST /api/v1/members
2026-09-11 18:59:53.867 DEBUG 13084 --- [nio-8080-exec-4] org.hibernate.SQL                        : 
    select
        u1_0.id,
        u1_0.is_active,
        u1_0.created_at,
        u1_0.email,
        u1_0.failed_attempts,
        u1_0.last_login_at,
        u1_0.lock_time,
        u1_0.is_locked,
        u1_0.password,
        u1_0.role,
        u1_0.updated_at,
        u1_0.username 
    from
        users u1_0 
    where
        u1_0.email=?
2026-09-11 18:59:53.914 DEBUG 13084 --- [nio-8080-exec-4] o.s.security.web.FilterChainProxy        : Secured POST /api/v1/members
2026-09-11 18:59:53.916 DEBUG 13084 --- [nio-8080-exec-4] horizationManagerBeforeMethodInterceptor : Authorizing method invocation ReflectiveMethodInvocation: public org.springframework.http.ResponseEntity com.example.firstapp.controller.MemberProfileController.create(com.example.firstapp.dto.Member.MemberCreateRequest,com.example.firstapp.entity.User); target is of class [com.example.firstapp.controller.MemberProfileController]
2026-09-11 18:59:53.917 DEBUG 13084 --- [nio-8080-exec-4] horizationManagerBeforeMethodInterceptor : Authorized method invocation ReflectiveMethodInvocation: public org.springframework.http.ResponseEntity com.example.firstapp.controller.MemberProfileController.create(com.example.firstapp.dto.Member.MemberCreateRequest,com.example.firstapp.entity.User); target is of class [com.example.firstapp.controller.MemberProfileController]
2026-09-11 18:59:53.920 DEBUG 13084 --- [nio-8080-exec-4] org.hibernate.SQL                        : 
    select
        m1_0.id 
    from
        members m1_0 
    where
        m1_0.profile_slug=? 
    limit
        ?
2026-09-11 18:59:53.932 DEBUG 13084 --- [nio-8080-exec-4] org.hibernate.SQL                        : 
    select
        m1_0.id 
    from
        members m1_0 
    where
        m1_0.profile_slug=? 
    limit
        ?
2026-09-11 18:59:53.941 DEBUG 13084 --- [nio-8080-exec-4] org.hibernate.SQL                        : 
    insert 
    into
        members
        (bio, contact_email, cover_photo_url, created_at, first_name, github_url, headline, last_name, linkedin_url, city, country, postal_code, state, street, open_to_work, phone, profile_picture_url, profile_slug, profile_visibility, resume_url, specialization, updated_at, user_id, version, website_url, years_of_experience) 
    values
        (?, ?, ?, ?, ?, ?, ?, ?, ?, ?, ?, ?, ?, ?, ?, ?, ?, ?, ?, ?, ?, ?, ?, ?, ?, ?)
2026-09-11 18:59:53.979  WARN 13084 --- [nio-8080-exec-4] o.h.e.jdbc.spi.SqlExceptionHelper        : SQL Error: 1062, SQLState: 23000
2026-09-11 18:59:53.979 ERROR 13084 --- [nio-8080-exec-4] o.h.e.jdbc.spi.SqlExceptionHelper        : Duplicate entry '28' for key 'members.uk_member_user_id'
2026-09-11 18:59:53.997 ERROR 13084 --- [nio-8080-exec-4] c.e.f.handler.GlobalExceptionHandler     : Unexpected error at /api/v1/members: could not execute statement [Duplicate entry '28' for key 'members.uk_member_user_id'] [insert into members (bio,contact_email,cover_photo_url,created_at,first_name,github_url,headline,last_name,linkedin_url,city,country,postal_code,state,street,open_to_work,phone,profile_picture_url,profile_slug,profile_visibility,resume_url,specialization,updated_at,user_id,version,website_url,years_of_experience) values (?,?,?,?,?,?,?,?,?,?,?,?,?,?,?,?,?,?,?,?,?,?,?,?,?,?)]; SQL [insert into members (bio,contact_email,cover_photo_url,created_at,first_name,github_url,headline,last_name,linkedin_url,city,country,postal_code,state,street,open_to_work,phone,profile_picture_url,profile_slug,profile_visibility,resume_url,specialization,updated_at,user_id,version,website_url,years_of_experience) values (?,?,?,?,?,?,?,?,?,?,?,?,?,?,?,?,?,?,?,?,?,?,?,?,?,?)]; constraint [members.uk_member_user_id]
org.springframework.dao.DataIntegrityViolationException: could not execute statement [Duplicate entry '28' for key 'members.uk_member_user_id'] [insert into members (bio,contact_email,cover_photo_url,created_at,first_name,github_url,headline,last_name,linkedin_url,city,country,postal_code,state,street,open_to_work,phone,profile_picture_url,profile_slug,profile_visibility,resume_url,specialization,updated_at,user_id,version,website_url,years_of_experience) values (?,?,?,?,?,?,?,?,?,?,?,?,?,?,?,?,?,?,?,?,?,?,?,?,?,?)]; SQL [insert into members (bio,contact_email,cover_photo_url,created_at,first_name,github_url,headline,last_name,linkedin_url,city,country,postal_code,state,street,open_to_work,phone,profile_picture_url,profile_slug,profile_visibility,resume_url,specialization,updated_at,user_id,version,website_url,years_of_experience) values (?,?,?,?,?,?,?,?,?,?,?,?,?,?,?,?,?,?,?,?,?,?,?,?,?,?)]; constraint [members.uk_member_user_id]
	at org.springframework.orm.jpa.vendor.HibernateJpaDialect.convertHibernateAccessException(HibernateJpaDialect.java:290) ~[spring-orm-6.1.21.jar:6.1.21]
	at org.springframework.orm.jpa.vendor.HibernateJpaDialect.translateExceptionIfPossible(HibernateJpaDialect.java:241) ~[spring-orm-6.1.21.jar:6.1.21]
	at org.springframework.orm.jpa.AbstractEntityManagerFactoryBean.translateExceptionIfPossible(AbstractEntityManagerFactoryBean.java:550) ~[spring-orm-6.1.21.jar:6.1.21]
	at org.springframework.dao.support.ChainedPersistenceExceptionTranslator.translateExceptionIfPossible(ChainedPersistenceExceptionTranslator.java:61) ~[spring-tx-6.1.21.jar:6.1.21]
	at org.springframework.dao.support.DataAccessUtils.translateIfNecessary(DataAccessUtils.java:335) ~[spring-tx-6.1.21.jar:6.1.21]
	at org.springframework.dao.support.PersistenceExceptionTranslationInterceptor.invoke(PersistenceExceptionTranslationInterceptor.java:160) ~[spring-tx-6.1.21.jar:6.1.21]
	at org.springframework.aop.framework.ReflectiveMethodInvocation.proceed(ReflectiveMethodInvocation.java:184) ~[spring-aop-6.1.21.jar:6.1.21]
	at org.springframework.data.jpa.repository.support.CrudMethodMetadataPostProcessor$CrudMethodMetadataPopulatingMethodInterceptor.invoke(CrudMethodMetadataPostProcessor.java:165) ~[spring-data-jpa-3.3.13.jar:3.3.13]
	at org.springframework.aop.framework.ReflectiveMethodInvocation.proceed(ReflectiveMethodInvocation.java:184) ~[spring-aop-6.1.21.jar:6.1.21]
	at org.springframework.aop.interceptor.ExposeInvocationInterceptor.invoke(ExposeInvocationInterceptor.java:97) ~[spring-aop-6.1.21.jar:6.1.21]
	at org.springframework.aop.framework.ReflectiveMethodInvocation.proceed(ReflectiveMethodInvocation.java:184) ~[spring-aop-6.1.21.jar:6.1.21]
	at org.springframework.aop.framework.JdkDynamicAopProxy.invoke(JdkDynamicAopProxy.java:223) ~[spring-aop-6.1.21.jar:6.1.21]
	at jdk.proxy16/jdk.proxy16.$Proxy259.save(Unknown Source) ~[na:na]
	at com.example.firstapp.service.Member.MemberService.createMember(MemberService.java:55) ~[classes/:na]
	at java.base/jdk.internal.reflect.DirectMethodHandleAccessor.invoke(Unknown Source) ~[na:na]
	at java.base/java.lang.reflect.Method.invoke(Unknown Source) ~[na:na]
	at org.springframework.aop.support.AopUtils.invokeJoinpointUsingReflection(AopUtils.java:355) ~[spring-aop-6.1.21.jar:6.1.21]
	at org.springframework.aop.framework.ReflectiveMethodInvocation.invokeJoinpoint(ReflectiveMethodInvocation.java:196) ~[spring-aop-6.1.21.jar:6.1.21]
	at org.springframework.aop.framework.ReflectiveMethodInvocation.proceed(ReflectiveMethodInvocation.java:163) ~[spring-aop-6.1.21.jar:6.1.21]
	at org.springframework.aop.framework.CglibAopProxy$CglibMethodInvocation.proceed(CglibAopProxy.java:769) ~[spring-aop-6.1.21.jar:6.1.21]
	at org.springframework.transaction.interceptor.TransactionAspectSupport.invokeWithinTransaction(TransactionAspectSupport.java:379) ~[spring-tx-6.1.21.jar:6.1.21]
	at org.springframework.transaction.interceptor.TransactionInterceptor.invoke(TransactionInterceptor.java:119) ~[spring-tx-6.1.21.jar:6.1.21]
	at org.springframework.aop.framework.ReflectiveMethodInvocation.proceed(ReflectiveMethodInvocation.java:184) ~[spring-aop-6.1.21.jar:6.1.21]
	at org.springframework.aop.framework.CglibAopProxy$CglibMethodInvocation.proceed(CglibAopProxy.java:769) ~[spring-aop-6.1.21.jar:6.1.21]
	at org.springframework.aop.framework.CglibAopProxy$DynamicAdvisedInterceptor.intercept(CglibAopProxy.java:721) ~[spring-aop-6.1.21.jar:6.1.21]
	at com.example.firstapp.service.Member.MemberService$$SpringCGLIB$$0.createMember(<generated>) ~[classes/:na]
	at com.example.firstapp.controller.MemberProfileController.create(MemberProfileController.java:53) ~[classes/:na]
	at java.base/jdk.internal.reflect.DirectMethodHandleAccessor.invoke(Unknown Source) ~[na:na]
	at java.base/java.lang.reflect.Method.invoke(Unknown Source) ~[na:na]
	at org.springframework.aop.support.AopUtils.invokeJoinpointUsingReflection(AopUtils.java:355) ~[spring-aop-6.1.21.jar:6.1.21]
	at org.springframework.aop.framework.ReflectiveMethodInvocation.invokeJoinpoint(ReflectiveMethodInvocation.java:196) ~[spring-aop-6.1.21.jar:6.1.21]
	at org.springframework.aop.framework.ReflectiveMethodInvocation.proceed(ReflectiveMethodInvocation.java:163) ~[spring-aop-6.1.21.jar:6.1.21]
	at org.springframework.aop.framework.CglibAopProxy$CglibMethodInvocation.proceed(CglibAopProxy.java:769) ~[spring-aop-6.1.21.jar:6.1.21]
	at org.springframework.validation.beanvalidation.MethodValidationInterceptor.invoke(MethodValidationInterceptor.java:174) ~[spring-context-6.1.21.jar:6.1.21]
	at org.springframework.aop.framework.ReflectiveMethodInvocation.proceed(ReflectiveMethodInvocation.java:184) ~[spring-aop-6.1.21.jar:6.1.21]
	at org.springframework.aop.framework.CglibAopProxy$CglibMethodInvocation.proceed(CglibAopProxy.java:769) ~[spring-aop-6.1.21.jar:6.1.21]
	at org.springframework.security.authorization.method.AuthorizationManagerBeforeMethodInterceptor.proceed(AuthorizationManagerBeforeMethodInterceptor.java:269) ~[spring-security-core-6.3.10.jar:6.3.10]
	at org.springframework.security.authorization.method.AuthorizationManagerBeforeMethodInterceptor.attemptAuthorization(AuthorizationManagerBeforeMethodInterceptor.java:264) ~[spring-security-core-6.3.10.jar:6.3.10]
	at org.springframework.security.authorization.method.AuthorizationManagerBeforeMethodInterceptor.invoke(AuthorizationManagerBeforeMethodInterceptor.java:197) ~[spring-security-core-6.3.10.jar:6.3.10]
	at org.springframework.security.config.annotation.method.configuration.DeferringMethodInterceptor.invoke(DeferringMethodInterceptor.java:44) ~[spring-security-config-6.3.10.jar:6.3.10]
	at org.springframework.aop.framework.ReflectiveMethodInvocation.proceed(ReflectiveMethodInvocation.java:184) ~[spring-aop-6.1.21.jar:6.1.21]
	at org.springframework.aop.framework.CglibAopProxy$CglibMethodInvocation.proceed(CglibAopProxy.java:769) ~[spring-aop-6.1.21.jar:6.1.21]
	at org.springframework.aop.framework.CglibAopProxy$DynamicAdvisedInterceptor.intercept(CglibAopProxy.java:721) ~[spring-aop-6.1.21.jar:6.1.21]
	at com.example.firstapp.controller.MemberProfileController$$SpringCGLIB$$0.create(<generated>) ~[classes/:na]
	at java.base/jdk.internal.reflect.DirectMethodHandleAccessor.invoke(Unknown Source) ~[na:na]
	at java.base/java.lang.reflect.Method.invoke(Unknown Source) ~[na:na]
	at org.springframework.web.method.support.InvocableHandlerMethod.doInvoke(InvocableHandlerMethod.java:255) ~[spring-web-6.1.21.jar:6.1.21]
	at org.springframework.web.method.support.InvocableHandlerMethod.invokeForRequest(InvocableHandlerMethod.java:188) ~[spring-web-6.1.21.jar:6.1.21]
	at org.springframework.web.servlet.mvc.method.annotation.ServletInvocableHandlerMethod.invokeAndHandle(ServletInvocableHandlerMethod.java:118) ~[spring-webmvc-6.1.21.jar:6.1.21]
	at org.springframework.web.servlet.mvc.method.annotation.RequestMappingHandlerAdapter.invokeHandlerMethod(RequestMappingHandlerAdapter.java:926) ~[spring-webmvc-6.1.21.jar:6.1.21]
	at org.springframework.web.servlet.mvc.method.annotation.RequestMappingHandlerAdapter.handleInternal(RequestMappingHandlerAdapter.java:831) ~[spring-webmvc-6.1.21.jar:6.1.21]
	at org.springframework.web.servlet.mvc.method.AbstractHandlerMethodAdapter.handle(AbstractHandlerMethodAdapter.java:87) ~[spring-webmvc-6.1.21.jar:6.1.21]
	at org.springframework.web.servlet.DispatcherServlet.doDispatch(DispatcherServlet.java:1089) ~[spring-webmvc-6.1.21.jar:6.1.21]
	at org.springframework.web.servlet.DispatcherServlet.doService(DispatcherServlet.java:979) ~[spring-webmvc-6.1.21.jar:6.1.21]
	at org.springframework.web.servlet.FrameworkServlet.processRequest(FrameworkServlet.java:1014) ~[spring-webmvc-6.1.21.jar:6.1.21]
	at org.springframework.web.servlet.FrameworkServlet.doPost(FrameworkServlet.java:914) ~[spring-webmvc-6.1.21.jar:6.1.21]
	at jakarta.servlet.http.HttpServlet.service(HttpServlet.java:590) ~[tomcat-embed-core-10.1.42.jar:6.0]
	at org.springframework.web.servlet.FrameworkServlet.service(FrameworkServlet.java:885) ~[spring-webmvc-6.1.21.jar:6.1.21]
	at jakarta.servlet.http.HttpServlet.service(HttpServlet.java:658) ~[tomcat-embed-core-10.1.42.jar:6.0]
	at org.apache.catalina.core.ApplicationFilterChain.internalDoFilter(ApplicationFilterChain.java:195) ~[tomcat-embed-core-10.1.42.jar:10.1.42]
	at org.apache.catalina.core.ApplicationFilterChain.doFilter(ApplicationFilterChain.java:140) ~[tomcat-embed-core-10.1.42.jar:10.1.42]
	at org.apache.tomcat.websocket.server.WsFilter.doFilter(WsFilter.java:51) ~[tomcat-embed-websocket-10.1.42.jar:10.1.42]
	at org.apache.catalina.core.ApplicationFilterChain.internalDoFilter(ApplicationFilterChain.java:164) ~[tomcat-embed-core-10.1.42.jar:10.1.42]
	at org.apache.catalina.core.ApplicationFilterChain.doFilter(ApplicationFilterChain.java:140) ~[tomcat-embed-core-10.1.42.jar:10.1.42]
	at org.springframework.web.filter.CompositeFilter$VirtualFilterChain.doFilter(CompositeFilter.java:108) ~[spring-web-6.1.21.jar:6.1.21]
	at org.springframework.security.web.FilterChainProxy.lambda$doFilterInternal$3(FilterChainProxy.java:231) ~[spring-security-web-6.3.10.jar:6.3.10]
	at org.springframework.security.web.FilterChainProxy$VirtualFilterChain.doFilter(FilterChainProxy.java:365) ~[spring-security-web-6.3.10.jar:6.3.10]
	at org.springframework.security.web.access.intercept.AuthorizationFilter.doFilter(AuthorizationFilter.java:100) ~[spring-security-web-6.3.10.jar:6.3.10]
	at org.springframework.security.web.FilterChainProxy$VirtualFilterChain.doFilter(FilterChainProxy.java:374) ~[spring-security-web-6.3.10.jar:6.3.10]
	at org.springframework.security.web.access.ExceptionTranslationFilter.doFilter(ExceptionTranslationFilter.java:126) ~[spring-security-web-6.3.10.jar:6.3.10]
	at org.springframework.security.web.access.ExceptionTranslationFilter.doFilter(ExceptionTranslationFilter.java:120) ~[spring-security-web-6.3.10.jar:6.3.10]
	at org.springframework.security.web.FilterChainProxy$VirtualFilterChain.doFilter(FilterChainProxy.java:374) ~[spring-security-web-6.3.10.jar:6.3.10]
	at org.springframework.security.web.session.SessionManagementFilter.doFilter(SessionManagementFilter.java:131) ~[spring-security-web-6.3.10.jar:6.3.10]
	at org.springframework.security.web.session.SessionManagementFilter.doFilter(SessionManagementFilter.java:85) ~[spring-security-web-6.3.10.jar:6.3.10]
	at org.springframework.security.web.FilterChainProxy$VirtualFilterChain.doFilter(FilterChainProxy.java:374) ~[spring-security-web-6.3.10.jar:6.3.10]
	at org.springframework.security.web.authentication.AnonymousAuthenticationFilter.doFilter(AnonymousAuthenticationFilter.java:100) ~[spring-security-web-6.3.10.jar:6.3.10]
	at org.springframework.security.web.FilterChainProxy$VirtualFilterChain.doFilter(FilterChainProxy.java:374) ~[spring-security-web-6.3.10.jar:6.3.10]
	at org.springframework.security.web.servletapi.SecurityContextHolderAwareRequestFilter.doFilter(SecurityContextHolderAwareRequestFilter.java:179) ~[spring-security-web-6.3.10.jar:6.3.10]
	at org.springframework.security.web.FilterChainProxy$VirtualFilterChain.doFilter(FilterChainProxy.java:374) ~[spring-security-web-6.3.10.jar:6.3.10]
	at org.springframework.security.web.savedrequest.RequestCacheAwareFilter.doFilter(RequestCacheAwareFilter.java:63) ~[spring-security-web-6.3.10.jar:6.3.10]
	at org.springframework.security.web.FilterChainProxy$VirtualFilterChain.doFilter(FilterChainProxy.java:374) ~[spring-security-web-6.3.10.jar:6.3.10]
	at com.example.firstapp.filter.JwtAuthFilter.doFilterInternal(JwtAuthFilter.java:205) ~[classes/:na]
	at org.springframework.web.filter.OncePerRequestFilter.doFilter(OncePerRequestFilter.java:116) ~[spring-web-6.1.21.jar:6.1.21]
	at org.springframework.security.web.FilterChainProxy$VirtualFilterChain.doFilter(FilterChainProxy.java:374) ~[spring-security-web-6.3.10.jar:6.3.10]
	at org.springframework.security.web.authentication.logout.LogoutFilter.doFilter(LogoutFilter.java:107) ~[spring-security-web-6.3.10.jar:6.3.10]
	at org.springframework.security.web.authentication.logout.LogoutFilter.doFilter(LogoutFilter.java:93) ~[spring-security-web-6.3.10.jar:6.3.10]
	at org.springframework.security.web.FilterChainProxy$VirtualFilterChain.doFilter(FilterChainProxy.java:374) ~[spring-security-web-6.3.10.jar:6.3.10]
	at org.springframework.security.web.header.HeaderWriterFilter.doHeadersAfter(HeaderWriterFilter.java:90) ~[spring-security-web-6.3.10.jar:6.3.10]
	at org.springframework.security.web.header.HeaderWriterFilter.doFilterInternal(HeaderWriterFilter.java:75) ~[spring-security-web-6.3.10.jar:6.3.10]
	at org.springframework.web.filter.OncePerRequestFilter.doFilter(OncePerRequestFilter.java:116) ~[spring-web-6.1.21.jar:6.1.21]
	at org.springframework.security.web.FilterChainProxy$VirtualFilterChain.doFilter(FilterChainProxy.java:374) ~[spring-security-web-6.3.10.jar:6.3.10]
	at org.springframework.security.web.context.SecurityContextHolderFilter.doFilter(SecurityContextHolderFilter.java:82) ~[spring-security-web-6.3.10.jar:6.3.10]
	at org.springframework.security.web.context.SecurityContextHolderFilter.doFilter(SecurityContextHolderFilter.java:69) ~[spring-security-web-6.3.10.jar:6.3.10]
	at org.springframework.security.web.FilterChainProxy$VirtualFilterChain.doFilter(FilterChainProxy.java:374) ~[spring-security-web-6.3.10.jar:6.3.10]
	at org.springframework.security.web.context.request.async.WebAsyncManagerIntegrationFilter.doFilterInternal(WebAsyncManagerIntegrationFilter.java:62) ~[spring-security-web-6.3.10.jar:6.3.10]
	at org.springframework.web.filter.OncePerRequestFilter.doFilter(OncePerRequestFilter.java:116) ~[spring-web-6.1.21.jar:6.1.21]
	at org.springframework.security.web.FilterChainProxy$VirtualFilterChain.doFilter(FilterChainProxy.java:374) ~[spring-security-web-6.3.10.jar:6.3.10]
	at org.springframework.security.web.session.DisableEncodeUrlFilter.doFilterInternal(DisableEncodeUrlFilter.java:42) ~[spring-security-web-6.3.10.jar:6.3.10]
	at org.springframework.web.filter.OncePerRequestFilter.doFilter(OncePerRequestFilter.java:116) ~[spring-web-6.1.21.jar:6.1.21]
	at org.springframework.security.web.FilterChainProxy$VirtualFilterChain.doFilter(FilterChainProxy.java:374) ~[spring-security-web-6.3.10.jar:6.3.10]
	at org.springframework.security.web.FilterChainProxy.doFilterInternal(FilterChainProxy.java:233) ~[spring-security-web-6.3.10.jar:6.3.10]
	at org.springframework.security.web.FilterChainProxy.doFilter(FilterChainProxy.java:191) ~[spring-security-web-6.3.10.jar:6.3.10]
	at org.springframework.web.filter.CompositeFilter$VirtualFilterChain.doFilter(CompositeFilter.java:113) ~[spring-web-6.1.21.jar:6.1.21]
	at org.springframework.web.servlet.handler.HandlerMappingIntrospector.lambda$createCacheFilter$3(HandlerMappingIntrospector.java:195) ~[spring-webmvc-6.1.21.jar:6.1.21]
	at org.springframework.web.filter.CompositeFilter$VirtualFilterChain.doFilter(CompositeFilter.java:113) ~[spring-web-6.1.21.jar:6.1.21]
	at org.springframework.web.filter.CompositeFilter.doFilter(CompositeFilter.java:74) ~[spring-web-6.1.21.jar:6.1.21]
	at org.springframework.security.config.annotation.web.configuration.WebMvcSecurityConfiguration$CompositeFilterChainProxy.doFilter(WebMvcSecurityConfiguration.java:230) ~[spring-security-config-6.3.10.jar:6.3.10]
	at org.springframework.web.filter.DelegatingFilterProxy.invokeDelegate(DelegatingFilterProxy.java:362) ~[spring-web-6.1.21.jar:6.1.21]
	at org.springframework.web.filter.DelegatingFilterProxy.doFilter(DelegatingFilterProxy.java:278) ~[spring-web-6.1.21.jar:6.1.21]
	at org.apache.catalina.core.ApplicationFilterChain.internalDoFilter(ApplicationFilterChain.java:164) ~[tomcat-embed-core-10.1.42.jar:10.1.42]
	at org.apache.catalina.core.ApplicationFilterChain.doFilter(ApplicationFilterChain.java:140) ~[tomcat-embed-core-10.1.42.jar:10.1.42]
	at org.springframework.web.filter.RequestContextFilter.doFilterInternal(RequestContextFilter.java:100) ~[spring-web-6.1.21.jar:6.1.21]
	at org.springframework.web.filter.OncePerRequestFilter.doFilter(OncePerRequestFilter.java:116) ~[spring-web-6.1.21.jar:6.1.21]
	at org.apache.catalina.core.ApplicationFilterChain.internalDoFilter(ApplicationFilterChain.java:164) ~[tomcat-embed-core-10.1.42.jar:10.1.42]
	at org.apache.catalina.core.ApplicationFilterChain.doFilter(ApplicationFilterChain.java:140) ~[tomcat-embed-core-10.1.42.jar:10.1.42]
	at org.springframework.web.filter.FormContentFilter.doFilterInternal(FormContentFilter.java:93) ~[spring-web-6.1.21.jar:6.1.21]
	at org.springframework.web.filter.OncePerRequestFilter.doFilter(OncePerRequestFilter.java:116) ~[spring-web-6.1.21.jar:6.1.21]
	at org.apache.catalina.core.ApplicationFilterChain.internalDoFilter(ApplicationFilterChain.java:164) ~[tomcat-embed-core-10.1.42.jar:10.1.42]
	at org.apache.catalina.core.ApplicationFilterChain.doFilter(ApplicationFilterChain.java:140) ~[tomcat-embed-core-10.1.42.jar:10.1.42]
	at org.springframework.web.filter.CharacterEncodingFilter.doFilterInternal(CharacterEncodingFilter.java:201) ~[spring-web-6.1.21.jar:6.1.21]
	at org.springframework.web.filter.OncePerRequestFilter.doFilter(OncePerRequestFilter.java:116) ~[spring-web-6.1.21.jar:6.1.21]
	at org.apache.catalina.core.ApplicationFilterChain.internalDoFilter(ApplicationFilterChain.java:164) ~[tomcat-embed-core-10.1.42.jar:10.1.42]
	at org.apache.catalina.core.ApplicationFilterChain.doFilter(ApplicationFilterChain.java:140) ~[tomcat-embed-core-10.1.42.jar:10.1.42]
	at com.example.firstapp.filter.RateLimitFilter.doFilterInternal(RateLimitFilter.java:161) ~[classes/:na]
	at org.springframework.web.filter.OncePerRequestFilter.doFilter(OncePerRequestFilter.java:116) ~[spring-web-6.1.21.jar:6.1.21]
	at org.apache.catalina.core.ApplicationFilterChain.internalDoFilter(ApplicationFilterChain.java:164) ~[tomcat-embed-core-10.1.42.jar:10.1.42]
	at org.apache.catalina.core.ApplicationFilterChain.doFilter(ApplicationFilterChain.java:140) ~[tomcat-embed-core-10.1.42.jar:10.1.42]
	at org.apache.catalina.core.StandardWrapperValve.invoke(StandardWrapperValve.java:167) ~[tomcat-embed-core-10.1.42.jar:10.1.42]
	at org.apache.catalina.core.StandardContextValve.invoke(StandardContextValve.java:90) ~[tomcat-embed-core-10.1.42.jar:10.1.42]
	at org.apache.catalina.authenticator.AuthenticatorBase.invoke(AuthenticatorBase.java:483) ~[tomcat-embed-core-10.1.42.jar:10.1.42]
	at org.apache.catalina.core.StandardHostValve.invoke(StandardHostValve.java:116) ~[tomcat-embed-core-10.1.42.jar:10.1.42]
	at org.apache.catalina.valves.ErrorReportValve.invoke(ErrorReportValve.java:93) ~[tomcat-embed-core-10.1.42.jar:10.1.42]
	at org.apache.catalina.core.StandardEngineValve.invoke(StandardEngineValve.java:74) ~[tomcat-embed-core-10.1.42.jar:10.1.42]
	at org.apache.catalina.connector.CoyoteAdapter.service(CoyoteAdapter.java:344) ~[tomcat-embed-core-10.1.42.jar:10.1.42]
	at org.apache.coyote.http11.Http11Processor.service(Http11Processor.java:398) ~[tomcat-embed-core-10.1.42.jar:10.1.42]
	at org.apache.coyote.AbstractProcessorLight.process(AbstractProcessorLight.java:63) ~[tomcat-embed-core-10.1.42.jar:10.1.42]
	at org.apache.coyote.AbstractProtocol$ConnectionHandler.process(AbstractProtocol.java:903) ~[tomcat-embed-core-10.1.42.jar:10.1.42]
	at org.apache.tomcat.util.net.NioEndpoint$SocketProcessor.doRun(NioEndpoint.java:1769) ~[tomcat-embed-core-10.1.42.jar:10.1.42]
	at org.apache.tomcat.util.net.SocketProcessorBase.run(SocketProcessorBase.java:52) ~[tomcat-embed-core-10.1.42.jar:10.1.42]
	at org.apache.tomcat.util.threads.ThreadPoolExecutor.runWorker(ThreadPoolExecutor.java:1189) ~[tomcat-embed-core-10.1.42.jar:10.1.42]
	at org.apache.tomcat.util.threads.ThreadPoolExecutor$Worker.run(ThreadPoolExecutor.java:658) ~[tomcat-embed-core-10.1.42.jar:10.1.42]
	at org.apache.tomcat.util.threads.TaskThread$WrappingRunnable.run(TaskThread.java:63) ~[tomcat-embed-core-10.1.42.jar:10.1.42]
	at java.base/java.lang.Thread.run(Unknown Source) ~[na:na]
Caused by: org.hibernate.exception.ConstraintViolationException: could not execute statement [Duplicate entry '28' for key 'members.uk_member_user_id'] [insert into members (bio,contact_email,cover_photo_url,created_at,first_name,github_url,headline,last_name,linkedin_url,city,country,postal_code,state,street,open_to_work,phone,profile_picture_url,profile_slug,profile_visibility,resume_url,specialization,updated_at,user_id,version,website_url,years_of_experience) values (?,?,?,?,?,?,?,?,?,?,?,?,?,?,?,?,?,?,?,?,?,?,?,?,?,?)]
	at org.hibernate.dialect.MySQLDialect.lambda$buildSQLExceptionConversionDelegate$3(MySQLDialect.java:1243) ~[hibernate-core-6.5.3.Final.jar:6.5.3.Final]
	at org.hibernate.exception.internal.StandardSQLExceptionConverter.convert(StandardSQLExceptionConverter.java:58) ~[hibernate-core-6.5.3.Final.jar:6.5.3.Final]
	at org.hibernate.engine.jdbc.spi.SqlExceptionHelper.convert(SqlExceptionHelper.java:108) ~[hibernate-core-6.5.3.Final.jar:6.5.3.Final]
	at org.hibernate.engine.jdbc.internal.ResultSetReturnImpl.executeUpdate(ResultSetReturnImpl.java:197) ~[hibernate-core-6.5.3.Final.jar:6.5.3.Final]
	at org.hibernate.id.insert.GetGeneratedKeysDelegate.performMutation(GetGeneratedKeysDelegate.java:116) ~[hibernate-core-6.5.3.Final.jar:6.5.3.Final]
	at org.hibernate.engine.jdbc.mutation.internal.MutationExecutorSingleNonBatched.performNonBatchedOperations(MutationExecutorSingleNonBatched.java:47) ~[hibernate-core-6.5.3.Final.jar:6.5.3.Final]
	at org.hibernate.engine.jdbc.mutation.internal.AbstractMutationExecutor.execute(AbstractMutationExecutor.java:55) ~[hibernate-core-6.5.3.Final.jar:6.5.3.Final]
	at org.hibernate.persister.entity.mutation.InsertCoordinatorStandard.doStaticInserts(InsertCoordinatorStandard.java:194) ~[hibernate-core-6.5.3.Final.jar:6.5.3.Final]
	at org.hibernate.persister.entity.mutation.InsertCoordinatorStandard.coordinateInsert(InsertCoordinatorStandard.java:132) ~[hibernate-core-6.5.3.Final.jar:6.5.3.Final]
	at org.hibernate.persister.entity.mutation.InsertCoordinatorStandard.insert(InsertCoordinatorStandard.java:95) ~[hibernate-core-6.5.3.Final.jar:6.5.3.Final]
	at org.hibernate.action.internal.EntityIdentityInsertAction.execute(EntityIdentityInsertAction.java:85) ~[hibernate-core-6.5.3.Final.jar:6.5.3.Final]
	at org.hibernate.engine.spi.ActionQueue.execute(ActionQueue.java:671) ~[hibernate-core-6.5.3.Final.jar:6.5.3.Final]
	at org.hibernate.engine.spi.ActionQueue.addResolvedEntityInsertAction(ActionQueue.java:292) ~[hibernate-core-6.5.3.Final.jar:6.5.3.Final]
	at org.hibernate.engine.spi.ActionQueue.addInsertAction(ActionQueue.java:273) ~[hibernate-core-6.5.3.Final.jar:6.5.3.Final]
	at org.hibernate.engine.spi.ActionQueue.addAction(ActionQueue.java:323) ~[hibernate-core-6.5.3.Final.jar:6.5.3.Final]
	at org.hibernate.event.internal.AbstractSaveEventListener.addInsertAction(AbstractSaveEventListener.java:391) ~[hibernate-core-6.5.3.Final.jar:6.5.3.Final]
	at org.hibernate.event.internal.AbstractSaveEventListener.performSaveOrReplicate(AbstractSaveEventListener.java:305) ~[hibernate-core-6.5.3.Final.jar:6.5.3.Final]
	at org.hibernate.event.internal.AbstractSaveEventListener.performSave(AbstractSaveEventListener.java:224) ~[hibernate-core-6.5.3.Final.jar:6.5.3.Final]
	at org.hibernate.event.internal.AbstractSaveEventListener.saveWithGeneratedId(AbstractSaveEventListener.java:137) ~[hibernate-core-6.5.3.Final.jar:6.5.3.Final]
	at org.hibernate.event.internal.DefaultPersistEventListener.entityIsTransient(DefaultPersistEventListener.java:175) ~[hibernate-core-6.5.3.Final.jar:6.5.3.Final]
	at org.hibernate.event.internal.DefaultPersistEventListener.persist(DefaultPersistEventListener.java:93) ~[hibernate-core-6.5.3.Final.jar:6.5.3.Final]
	at org.hibernate.event.internal.DefaultPersistEventListener.onPersist(DefaultPersistEventListener.java:77) ~[hibernate-core-6.5.3.Final.jar:6.5.3.Final]
	at org.hibernate.event.internal.DefaultPersistEventListener.onPersist(DefaultPersistEventListener.java:54) ~[hibernate-core-6.5.3.Final.jar:6.5.3.Final]
	at org.hibernate.event.service.internal.EventListenerGroupImpl.fireEventOnEachListener(EventListenerGroupImpl.java:127) ~[hibernate-core-6.5.3.Final.jar:6.5.3.Final]
	at org.hibernate.internal.SessionImpl.firePersist(SessionImpl.java:757) ~[hibernate-core-6.5.3.Final.jar:6.5.3.Final]
	at org.hibernate.internal.SessionImpl.persist(SessionImpl.java:741) ~[hibernate-core-6.5.3.Final.jar:6.5.3.Final]
	at java.base/jdk.internal.reflect.DirectMethodHandleAccessor.invoke(Unknown Source) ~[na:na]
	at java.base/java.lang.reflect.Method.invoke(Unknown Source) ~[na:na]
	at org.springframework.orm.jpa.SharedEntityManagerCreator$SharedEntityManagerInvocationHandler.invoke(SharedEntityManagerCreator.java:319) ~[spring-orm-6.1.21.jar:6.1.21]
	at jdk.proxy16/jdk.proxy16.$Proxy253.persist(Unknown Source) ~[na:na]
	at org.springframework.data.jpa.repository.support.SimpleJpaRepository.save(SimpleJpaRepository.java:636) ~[spring-data-jpa-3.3.13.jar:3.3.13]
	at java.base/jdk.internal.reflect.DirectMethodHandleAccessor.invoke(Unknown Source) ~[na:na]
	at java.base/java.lang.reflect.Method.invoke(Unknown Source) ~[na:na]
	at org.springframework.aop.support.AopUtils.invokeJoinpointUsingReflection(AopUtils.java:355) ~[spring-aop-6.1.21.jar:6.1.21]
	at org.springframework.data.repository.core.support.RepositoryMethodInvoker$RepositoryFragmentMethodInvoker.lambda$new$0(RepositoryMethodInvoker.java:277) ~[spring-data-commons-3.3.13.jar:3.3.13]
	at org.springframework.data.repository.core.support.RepositoryMethodInvoker.doInvoke(RepositoryMethodInvoker.java:170) ~[spring-data-commons-3.3.13.jar:3.3.13]
	at org.springframework.data.repository.core.support.RepositoryMethodInvoker.invoke(RepositoryMethodInvoker.java:158) ~[spring-data-commons-3.3.13.jar:3.3.13]
	at org.springframework.data.repository.core.support.RepositoryComposition$RepositoryFragments.invoke(RepositoryComposition.java:516) ~[spring-data-commons-3.3.13.jar:3.3.13]
	at org.springframework.data.repository.core.support.RepositoryComposition.invoke(RepositoryComposition.java:285) ~[spring-data-commons-3.3.13.jar:3.3.13]
	at org.springframework.data.repository.core.support.RepositoryFactorySupport$ImplementationMethodExecutionInterceptor.invoke(RepositoryFactorySupport.java:628) ~[spring-data-commons-3.3.13.jar:3.3.13]
	at org.springframework.aop.framework.ReflectiveMethodInvocation.proceed(ReflectiveMethodInvocation.java:184) ~[spring-aop-6.1.21.jar:6.1.21]
	at org.springframework.data.repository.core.support.QueryExecutorMethodInterceptor.doInvoke(QueryExecutorMethodInterceptor.java:173) ~[spring-data-commons-3.3.13.jar:3.3.13]
	at org.springframework.data.repository.core.support.QueryExecutorMethodInterceptor.invoke(QueryExecutorMethodInterceptor.java:148) ~[spring-data-commons-3.3.13.jar:3.3.13]
	at org.springframework.aop.framework.ReflectiveMethodInvocation.proceed(ReflectiveMethodInvocation.java:184) ~[spring-aop-6.1.21.jar:6.1.21]
	at org.springframework.data.projection.DefaultMethodInvokingMethodInterceptor.invoke(DefaultMethodInvokingMethodInterceptor.java:70) ~[spring-data-commons-3.3.13.jar:3.3.13]
	at org.springframework.aop.framework.ReflectiveMethodInvocation.proceed(ReflectiveMethodInvocation.java:184) ~[spring-aop-6.1.21.jar:6.1.21]
	at org.springframework.transaction.interceptor.TransactionAspectSupport.invokeWithinTransaction(TransactionAspectSupport.java:379) ~[spring-tx-6.1.21.jar:6.1.21]
	at org.springframework.transaction.interceptor.TransactionInterceptor.invoke(TransactionInterceptor.java:119) ~[spring-tx-6.1.21.jar:6.1.21]
	at org.springframework.aop.framework.ReflectiveMethodInvocation.proceed(ReflectiveMethodInvocation.java:184) ~[spring-aop-6.1.21.jar:6.1.21]
	at org.springframework.dao.support.PersistenceExceptionTranslationInterceptor.invoke(PersistenceExceptionTranslationInterceptor.java:138) ~[spring-tx-6.1.21.jar:6.1.21]
	... 137 common frames omitted
Caused by: java.sql.SQLIntegrityConstraintViolationException: Duplicate entry '28' for key 'members.uk_member_user_id'
	at com.mysql.cj.jdbc.exceptions.SQLError.createSQLException(SQLError.java:118) ~[mysql-connector-j-8.3.0.jar:8.3.0]
	at com.mysql.cj.jdbc.exceptions.SQLExceptionsMapping.translateException(SQLExceptionsMapping.java:122) ~[mysql-connector-j-8.3.0.jar:8.3.0]
	at com.mysql.cj.jdbc.ClientPreparedStatement.executeInternal(ClientPreparedStatement.java:912) ~[mysql-connector-j-8.3.0.jar:8.3.0]
	at com.mysql.cj.jdbc.ClientPreparedStatement.executeUpdateInternal(ClientPreparedStatement.java:1054) ~[mysql-connector-j-8.3.0.jar:8.3.0]
	at com.mysql.cj.jdbc.ClientPreparedStatement.executeUpdateInternal(ClientPreparedStatement.java:1003) ~[mysql-connector-j-8.3.0.jar:8.3.0]
	at com.mysql.cj.jdbc.ClientPreparedStatement.executeLargeUpdate(ClientPreparedStatement.java:1312) ~[mysql-connector-j-8.3.0.jar:8.3.0]
	at com.mysql.cj.jdbc.ClientPreparedStatement.executeUpdate(ClientPreparedStatement.java:988) ~[mysql-connector-j-8.3.0.jar:8.3.0]
	at com.zaxxer.hikari.pool.ProxyPreparedStatement.executeUpdate(ProxyPreparedStatement.java:61) ~[HikariCP-5.1.0.jar:na]
	at com.zaxxer.hikari.pool.HikariProxyPreparedStatement.executeUpdate(HikariProxyPreparedStatement.java) ~[HikariCP-5.1.0.jar:na]
	at org.hibernate.engine.jdbc.internal.ResultSetReturnImpl.executeUpdate(ResultSetReturnImpl.java:194) ~[hibernate-core-6.5.3.Final.jar:6.5.3.Final]
	... 183 common frames omitted
2026-09-11 18:59:54.011  WARN 13084 --- [nio-8080-exec-4] .m.m.a.ExceptionHandlerExceptionResolver : Resolved [org.springframework.dao.DataIntegrityViolationException: could not execute statement [Duplicate entry '28' for key 'members.uk_member_user_id'] [insert into members (bio,contact_email,cover_photo_url,created_at,first_name,github_url,headline,last_name,linkedin_url,city,country,postal_code,state,street,open_to_work,phone,profile_picture_url,profile_slug,profile_visibility,resume_url,specialization,updated_at,user_id,version,website_url,years_of_experience) values (?,?,?,?,?,?,?,?,?,?,?,?,?,?,?,?,?,?,?,?,?,?,?,?,?,?)]; SQL [insert into members (bio,contact_email,cover_photo_url,created_at,first_name,github_url,headline,last_name,linkedin_url,city,country,postal_code,state,street,open_to_work,phone,profile_picture_url,profile_slug,profile_visibility,resume_url,specialization,updated_at,user_id,version,website_url,years_of_experience) values (?,?,?,?,?,?,?,?,?,?,?,?,?,?,?,?,?,?,?,?,?,?,?,?,?,?)]; constraint [members.uk_member_user_id]]
2026-09-11 19:27:51.019 DEBUG 13084 --- [nio-8080-exec-5] o.s.security.web.FilterChainProxy        : Securing POST /api/v1/members/1/experiences
2026-09-11 19:27:51.068 DEBUG 13084 --- [nio-8080-exec-5] org.hibernate.SQL                        : 
    select
        u1_0.id,
        u1_0.is_active,
        u1_0.created_at,
        u1_0.email,
        u1_0.failed_attempts,
        u1_0.last_login_at,
        u1_0.lock_time,
        u1_0.is_locked,
        u1_0.password,
        u1_0.role,
        u1_0.updated_at,
        u1_0.username 
    from
        users u1_0 
    where
        u1_0.email=?
2026-09-11 19:27:51.104 DEBUG 13084 --- [nio-8080-exec-5] o.s.security.web.FilterChainProxy        : Secured POST /api/v1/members/1/experiences
2026-09-11 19:27:51.286  WARN 13084 --- [nio-8080-exec-5] c.e.f.handler.GlobalExceptionHandler     : Validation failed: {title=must not be blank}
2026-09-11 19:27:51.299  WARN 13084 --- [nio-8080-exec-5] .m.m.a.ExceptionHandlerExceptionResolver : Resolved [org.springframework.web.bind.MethodArgumentNotValidException: Validation failed for argument [1] in public org.springframework.http.ResponseEntity<com.example.firstapp.dto.Member.ExperienceResponse> com.example.firstapp.controller.MemberProfileController.addExperience(java.lang.Long,com.example.firstapp.dto.Member.ExperienceRequest): [Field error in object 'experienceRequest' on field 'title': rejected value [null]; codes [NotBlank.experienceRequest.title,NotBlank.title,NotBlank.java.lang.String,NotBlank]; arguments [org.springframework.context.support.DefaultMessageSourceResolvable: codes [experienceRequest.title,title]; arguments []; default message [title]]; default message [must not be blank]] ]
2026-09-11 19:28:05.962 DEBUG 13084 --- [nio-8080-exec-6] o.s.security.web.FilterChainProxy        : Securing POST /api/v1/members/1/experiences
2026-09-11 19:28:05.974 DEBUG 13084 --- [nio-8080-exec-6] org.hibernate.SQL                        : 
    select
        u1_0.id,
        u1_0.is_active,
        u1_0.created_at,
        u1_0.email,
        u1_0.failed_attempts,
        u1_0.last_login_at,
        u1_0.lock_time,
        u1_0.is_locked,
        u1_0.password,
        u1_0.role,
        u1_0.updated_at,
        u1_0.username 
    from
        users u1_0 
    where
        u1_0.email=?
2026-09-11 19:28:05.985 DEBUG 13084 --- [nio-8080-exec-6] o.s.security.web.FilterChainProxy        : Secured POST /api/v1/members/1/experiences
2026-09-11 19:28:06.022 DEBUG 13084 --- [nio-8080-exec-6] org.hibernate.SQL                        : 
    insert 
    into
        member_experiences
        (company_name, is_current_role, description, end_date, job_title, member_id, start_date) 
    values
        (?, ?, ?, ?, ?, ?, ?)
2026-09-11 20:15:32.483  INFO 13084 --- [   File Watcher] rtingClassPathChangeChangedEventListener : Restarting due to 1 class path change (0 additions, 0 deletions, 1 modification)
2026-09-11 20:15:32.656  INFO 13084 --- [      Thread-23] j.LocalContainerEntityManagerFactoryBean : Closing JPA EntityManagerFactory for persistence unit 'default'
2026-09-11 20:15:32.683  INFO 13084 --- [      Thread-23] com.zaxxer.hikari.HikariDataSource       : BusinessAppHikariPool - Shutdown initiated...
2026-09-11 20:15:32.721  INFO 13084 --- [      Thread-23] com.zaxxer.hikari.HikariDataSource       : BusinessAppHikariPool - Shutdown completed.
2026-09-11 20:15:33.455  INFO 13084 --- [  restartedMain] c.e.firstapp.FirstappApplication         : Starting FirstappApplication using Java 21.0.12.1 with PID 13084 (E:\firstapp\firstapp\target\classes started by Dell in E:\firstapp\firstapp)
2026-09-11 20:15:33.462  INFO 13084 --- [  restartedMain] c.e.firstapp.FirstappApplication         : No active profile set, falling back to 1 default profile: "default"
2026-09-11 20:15:33.982  INFO 13084 --- [  restartedMain] .s.d.r.c.RepositoryConfigurationDelegate : Bootstrapping Spring Data JPA repositories in DEFAULT mode.
2026-09-11 20:15:34.049  INFO 13084 --- [  restartedMain] .s.d.r.c.RepositoryConfigurationDelegate : Finished Spring Data repository scanning in 61 ms. Found 8 JPA repository interfaces.
2026-09-11 20:15:34.371  INFO 13084 --- [  restartedMain] o.s.b.w.e.tomcat.TomcatWebServer         : Tomcat initialized with port 8080 (http)
2026-09-11 20:15:34.374  INFO 13084 --- [  restartedMain] o.a.catalina.core.StandardService        : Starting service [Tomcat]
2026-09-11 20:15:34.381  INFO 13084 --- [  restartedMain] o.a.catalina.core.StandardEngine         : Starting Servlet engine: [Apache Tomcat/10.1.42]
2026-09-11 20:15:34.471  INFO 13084 --- [  restartedMain] o.a.c.c.C.[Tomcat-1].[localhost].[/]     : Initializing Spring embedded WebApplicationContext
2026-09-11 20:15:34.472  INFO 13084 --- [  restartedMain] w.s.c.ServletWebServerApplicationContext : Root WebApplicationContext: initialization completed in 1000 ms
2026-09-11 20:15:34.567 DEBUG 13084 --- [  restartedMain] com.zaxxer.hikari.HikariConfig           : Driver class com.mysql.cj.jdbc.Driver found in Thread context class loader TomcatEmbeddedWebappClassLoader
  context: ROOT
  delegate: true
----------> Parent Classloader:
org.springframework.boot.devtools.restart.classloader.RestartClassLoader@1622ee58

2026-09-11 20:15:34.683  INFO 13084 --- [  restartedMain] o.h.jpa.internal.util.LogHelper          : HHH000204: Processing PersistenceUnitInfo [name: default]
2026-09-11 20:15:34.687  INFO 13084 --- [  restartedMain] o.h.c.i.RegionFactoryInitiator           : HHH000026: Second-level cache disabled
2026-09-11 20:15:34.705  INFO 13084 --- [  restartedMain] o.s.o.j.p.SpringPersistenceUnitInfo      : No LoadTimeWeaver setup: ignoring JPA class transformer
2026-09-11 20:15:34.705 DEBUG 13084 --- [  restartedMain] com.zaxxer.hikari.HikariConfig           : BusinessAppHikariPool - configuration:
2026-09-11 20:15:34.710 DEBUG 13084 --- [  restartedMain] com.zaxxer.hikari.HikariConfig           : allowPoolSuspension.............false
2026-09-11 20:15:34.711 DEBUG 13084 --- [  restartedMain] com.zaxxer.hikari.HikariConfig           : autoCommit......................true
2026-09-11 20:15:34.712 DEBUG 13084 --- [  restartedMain] com.zaxxer.hikari.HikariConfig           : catalog.........................none
2026-09-11 20:15:34.712 DEBUG 13084 --- [  restartedMain] com.zaxxer.hikari.HikariConfig           : connectionInitSql...............none
2026-09-11 20:15:34.712 DEBUG 13084 --- [  restartedMain] com.zaxxer.hikari.HikariConfig           : connectionTestQuery............."SELECT 1"
2026-09-11 20:15:34.713 DEBUG 13084 --- [  restartedMain] com.zaxxer.hikari.HikariConfig           : connectionTimeout...............20000
2026-09-11 20:15:34.714 DEBUG 13084 --- [  restartedMain] com.zaxxer.hikari.HikariConfig           : dataSource......................none
2026-09-11 20:15:34.714 DEBUG 13084 --- [  restartedMain] com.zaxxer.hikari.HikariConfig           : dataSourceClassName.............none
2026-09-11 20:15:34.714 DEBUG 13084 --- [  restartedMain] com.zaxxer.hikari.HikariConfig           : dataSourceJNDI..................none
2026-09-11 20:15:34.714 DEBUG 13084 --- [  restartedMain] com.zaxxer.hikari.HikariConfig           : dataSourceProperties............{password=<masked>}
2026-09-11 20:15:34.715 DEBUG 13084 --- [  restartedMain] com.zaxxer.hikari.HikariConfig           : driverClassName................."com.mysql.cj.jdbc.Driver"
2026-09-11 20:15:34.716 DEBUG 13084 --- [  restartedMain] com.zaxxer.hikari.HikariConfig           : exceptionOverrideClassName......none
2026-09-11 20:15:34.716 DEBUG 13084 --- [  restartedMain] com.zaxxer.hikari.HikariConfig           : healthCheckProperties...........{}
2026-09-11 20:15:34.716 DEBUG 13084 --- [  restartedMain] com.zaxxer.hikari.HikariConfig           : healthCheckRegistry.............none
2026-09-11 20:15:34.716 DEBUG 13084 --- [  restartedMain] com.zaxxer.hikari.HikariConfig           : idleTimeout.....................600000
2026-09-11 20:15:34.716 DEBUG 13084 --- [  restartedMain] com.zaxxer.hikari.HikariConfig           : initializationFailTimeout.......1
2026-09-11 20:15:34.717 DEBUG 13084 --- [  restartedMain] com.zaxxer.hikari.HikariConfig           : isolateInternalQueries..........false
2026-09-11 20:15:34.717 DEBUG 13084 --- [  restartedMain] com.zaxxer.hikari.HikariConfig           : jdbcUrl.........................jdbc:mysql://localhost:3306/businessapp?createDatabaseIfNotExist=true&useSSL=false&serverTimezone=UTC&allowPublicKeyRetrieval=true
2026-09-11 20:15:34.717 DEBUG 13084 --- [  restartedMain] com.zaxxer.hikari.HikariConfig           : keepaliveTime...................0
2026-09-11 20:15:34.718 DEBUG 13084 --- [  restartedMain] com.zaxxer.hikari.HikariConfig           : leakDetectionThreshold..........0
2026-09-11 20:15:34.718 DEBUG 13084 --- [  restartedMain] com.zaxxer.hikari.HikariConfig           : maxLifetime.....................1800000
2026-09-11 20:15:34.719 DEBUG 13084 --- [  restartedMain] com.zaxxer.hikari.HikariConfig           : maximumPoolSize.................10
2026-09-11 20:15:34.719 DEBUG 13084 --- [  restartedMain] com.zaxxer.hikari.HikariConfig           : metricRegistry..................none
2026-09-11 20:15:34.719 DEBUG 13084 --- [  restartedMain] com.zaxxer.hikari.HikariConfig           : metricsTrackerFactory...........none
2026-09-11 20:15:34.719 DEBUG 13084 --- [  restartedMain] com.zaxxer.hikari.HikariConfig           : minimumIdle.....................5
2026-09-11 20:15:34.720 DEBUG 13084 --- [  restartedMain] com.zaxxer.hikari.HikariConfig           : password........................<masked>
2026-09-11 20:15:34.720 DEBUG 13084 --- [  restartedMain] com.zaxxer.hikari.HikariConfig           : poolName........................"BusinessAppHikariPool"
2026-09-11 20:15:34.721 DEBUG 13084 --- [  restartedMain] com.zaxxer.hikari.HikariConfig           : readOnly........................false
2026-09-11 20:15:34.721 DEBUG 13084 --- [  restartedMain] com.zaxxer.hikari.HikariConfig           : registerMbeans..................false
2026-09-11 20:15:34.721 DEBUG 13084 --- [  restartedMain] com.zaxxer.hikari.HikariConfig           : scheduledExecutor...............none
2026-09-11 20:15:34.721 DEBUG 13084 --- [  restartedMain] com.zaxxer.hikari.HikariConfig           : schema..........................none
2026-09-11 20:15:34.721 DEBUG 13084 --- [  restartedMain] com.zaxxer.hikari.HikariConfig           : threadFactory...................internal
2026-09-11 20:15:34.722 DEBUG 13084 --- [  restartedMain] com.zaxxer.hikari.HikariConfig           : transactionIsolation............default
2026-09-11 20:15:34.722 DEBUG 13084 --- [  restartedMain] com.zaxxer.hikari.HikariConfig           : username........................"root"
2026-09-11 20:15:34.722 DEBUG 13084 --- [  restartedMain] com.zaxxer.hikari.HikariConfig           : validationTimeout...............5000
2026-09-11 20:15:34.722  INFO 13084 --- [  restartedMain] com.zaxxer.hikari.HikariDataSource       : BusinessAppHikariPool - Starting...
2026-09-11 20:15:34.729  INFO 13084 --- [  restartedMain] com.zaxxer.hikari.pool.HikariPool        : BusinessAppHikariPool - Added connection com.mysql.cj.jdbc.ConnectionImpl@35ff630c
2026-09-11 20:15:34.737  INFO 13084 --- [  restartedMain] com.zaxxer.hikari.HikariDataSource       : BusinessAppHikariPool - Start completed.
2026-09-11 20:15:35.149  INFO 13084 --- [  restartedMain] o.h.e.t.j.p.i.JtaPlatformInitiator       : HHH000489: No JTA platform available (set 'hibernate.transaction.jta.platform' to enable JTA platform integration)
2026-09-11 20:15:35.234 DEBUG 13084 --- [  restartedMain] org.hibernate.SQL                        : 
    alter table businesses 
       modify column description TEXT
2026-09-11 20:15:35.343 DEBUG 13084 --- [  restartedMain] org.hibernate.SQL                        : 
    alter table member_educations 
       modify column description TEXT
2026-09-11 20:15:35.366 DEBUG 13084 --- [  restartedMain] org.hibernate.SQL                        : 
    alter table member_experiences 
       modify column description TEXT
2026-09-11 20:15:35.394 DEBUG 13084 --- [  restartedMain] org.hibernate.SQL                        : 
    alter table members 
       modify column bio TEXT
2026-09-11 20:15:35.494 DEBUG 13084 --- [  restartedMain] org.hibernate.SQL                        : 
    alter table members 
       modify column profile_visibility enum ('CONNECTIONS_ONLY','PRIVATE','PUBLIC') not null
2026-09-11 20:15:35.525 DEBUG 13084 --- [  restartedMain] org.hibernate.SQL                        : 
    alter table members 
       modify column specialization enum ('ACCOUNTING_AUDIT','ASSET_WEALTH_MANAGEMENT','CORPORATE_FINANCE','FINTECH','INSURANCE','INVESTMENT_BANKING','OTHER','PRIVATE_EQUITY_VC','RISK_COMPLIANCE')
2026-09-11 20:15:35.563 DEBUG 13084 --- [  restartedMain] org.hibernate.SQL                        : 
    alter table opportunities 
       modify column description TEXT not null
2026-09-11 20:15:35.610 DEBUG 13084 --- [  restartedMain] org.hibernate.SQL                        : 
    alter table opportunities 
       modify column experience_level enum ('EXECUTIVE','GRADUATE','JUNIOR','MID','SENIOR') not null
2026-09-11 20:15:35.642 DEBUG 13084 --- [  restartedMain] org.hibernate.SQL                        : 
    alter table opportunities 
       modify column specialization enum ('ACCOUNTING_AUDIT','ASSET_WEALTH_MANAGEMENT','CORPORATE_FINANCE','FINTECH','INSURANCE','INVESTMENT_BANKING','OTHER','PRIVATE_EQUITY_VC','RISK_COMPLIANCE') not null
2026-09-11 20:15:35.672 DEBUG 13084 --- [  restartedMain] org.hibernate.SQL                        : 
    alter table opportunities 
       modify column status enum ('CLOSED','DRAFT','PUBLISHED') not null
2026-09-11 20:15:35.704 DEBUG 13084 --- [  restartedMain] org.hibernate.SQL                        : 
    alter table opportunities 
       modify column type enum ('CONTRACT','FULL_TIME','GIG','INTERNSHIP','PART_TIME') not null
2026-09-11 20:15:35.737 DEBUG 13084 --- [  restartedMain] org.hibernate.SQL                        : 
    alter table opportunities 
       modify column work_mode enum ('HYBRID','ONSITE','REMOTE') not null
2026-09-11 20:15:35.773 DEBUG 13084 --- [  restartedMain] org.hibernate.SQL                        : 
    alter table opportunity_qualifications 
       modify column qualification TEXT not null
2026-09-11 20:15:35.792 DEBUG 13084 --- [  restartedMain] org.hibernate.SQL                        : 
    alter table opportunity_responsibilities 
       modify column responsibility TEXT not null
2026-09-11 20:15:35.809 DEBUG 13084 --- [  restartedMain] org.hibernate.SQL                        : 
    alter table users 
       modify column role enum ('ROLE_ADMIN','ROLE_ADVISORY','ROLE_BUSINESS','ROLE_CUSTOMER','ROLE_MEMBERS') not null
2026-09-11 20:15:36.001  INFO 13084 --- [  restartedMain] j.LocalContainerEntityManagerFactoryBean : Initialized JPA EntityManagerFactory for persistence unit 'default'
2026-09-11 20:15:36.402  INFO 13084 --- [  restartedMain] o.s.b.web.servlet.RegistrationBean       : Filter disableJwtAuthFilterRegistration was not registered (disabled)
2026-09-11 20:15:36.566  INFO 13084 --- [  restartedMain] eAuthenticationProviderManagerConfigurer : Global AuthenticationManager configured with AuthenticationProvider bean with name authenticationProvider
2026-09-11 20:15:36.567  WARN 13084 --- [  restartedMain] r$InitializeUserDetailsManagerConfigurer : Global AuthenticationManager configured with an AuthenticationProvider bean. UserDetailsService beans will not be used for username/password login. Consider removing the AuthenticationProvider bean. Alternatively, consider using the UserDetailsService in a manually instantiated DaoAuthenticationProvider.
2026-09-11 20:15:36.927  INFO 13084 --- [  restartedMain] c.e.firstapp.config.AsyncConfig          : Email thread pool initialized: core=2 max=5 queue=50
2026-09-11 20:15:37.060 DEBUG 13084 --- [  restartedMain] o.s.s.web.DefaultSecurityFilterChain     : Will secure any request with filters: DisableEncodeUrlFilter, WebAsyncManagerIntegrationFilter, SecurityContextHolderFilter, HeaderWriterFilter, LogoutFilter, JwtAuthFilter, RequestCacheAwareFilter, SecurityContextHolderAwareRequestFilter, AnonymousAuthenticationFilter, SessionManagementFilter, ExceptionTranslationFilter, AuthorizationFilter
2026-09-11 20:15:37.244  INFO 13084 --- [  restartedMain] o.s.b.d.a.OptionalLiveReloadServer       : LiveReload server is running on port 35729
2026-09-11 20:15:37.271  INFO 13084 --- [  restartedMain] o.s.b.w.e.tomcat.TomcatWebServer         : Tomcat started on port 8080 (http) with context path '/'
2026-09-11 20:15:37.284  INFO 13084 --- [  restartedMain] c.e.firstapp.FirstappApplication         : Started FirstappApplication in 3.942 seconds (process running for 7036.706)
2026-09-11 20:15:37.287  INFO 13084 --- [  restartedMain] .ConditionEvaluationDeltaLoggingListener : Condition evaluation unchanged
2026-09-11 20:34:24.192  WARN 13084 --- [ool housekeeper] com.zaxxer.hikari.pool.HikariPool        : BusinessAppHikariPool - Thread starvation or clock leap detected (housekeeper delta=5m48s967ms386µs500ns).
2026-09-11 22:03:30.703  WARN 13084 --- [ool housekeeper] com.zaxxer.hikari.pool.HikariPool        : BusinessAppHikariPool - Thread starvation or clock leap detected (housekeeper delta=1h16m6s254ms579µs400ns).
2026-09-11 23:06:07.681  WARN 13084 --- [ool housekeeper] com.zaxxer.hikari.pool.HikariPool        : BusinessAppHikariPool - Thread starvation or clock leap detected (housekeeper delta=56m33s802ms772µs300ns).
