2026-09-09 21:49:03.103  INFO 10520 --- [  restartedMain] c.e.firstapp.FirstappApplication         : Starting FirstappApplication using Java 25.0.3 with PID 10520 (E:\firstapp\firstapp\target\classes started by Dell in E:\firstapp\firstapp)
2026-09-09 21:49:03.114  INFO 10520 --- [  restartedMain] c.e.firstapp.FirstappApplication         : No active profile set, falling back to 1 default profile: "default"
2026-09-09 21:49:03.242  INFO 10520 --- [  restartedMain] .e.DevToolsPropertyDefaultsPostProcessor : Devtools property defaults active! Set 'spring.devtools.add-properties' to 'false' to disable
2026-09-09 21:49:03.243  INFO 10520 --- [  restartedMain] .e.DevToolsPropertyDefaultsPostProcessor : For additional web related logging consider setting the 'logging.level.web' property to 'DEBUG'
2026-09-09 21:49:05.173  INFO 10520 --- [  restartedMain] .s.d.r.c.RepositoryConfigurationDelegate : Bootstrapping Spring Data JPA repositories in DEFAULT mode.
2026-09-09 21:49:05.265  INFO 10520 --- [  restartedMain] .s.d.r.c.RepositoryConfigurationDelegate : Finished Spring Data repository scanning in 83 ms. Found 4 JPA repository interfaces.
2026-09-09 21:49:06.102  INFO 10520 --- [  restartedMain] o.s.b.w.e.tomcat.TomcatWebServer         : Tomcat initialized with port 8080 (http)
2026-09-09 21:49:06.121  INFO 10520 --- [  restartedMain] o.a.catalina.core.StandardService        : Starting service [Tomcat]
2026-09-09 21:49:06.122  INFO 10520 --- [  restartedMain] o.a.catalina.core.StandardEngine         : Starting Servlet engine: [Apache Tomcat/10.1.42]
2026-09-09 21:49:06.212  INFO 10520 --- [  restartedMain] o.a.c.c.C.[Tomcat].[localhost].[/]       : Initializing Spring embedded WebApplicationContext
2026-09-09 21:49:06.212  INFO 10520 --- [  restartedMain] w.s.c.ServletWebServerApplicationContext : Root WebApplicationContext: initialization completed in 2968 ms
2026-09-09 21:49:06.272 DEBUG 10520 --- [  restartedMain] com.zaxxer.hikari.HikariConfig           : Driver class com.mysql.cj.jdbc.Driver found in Thread context class loader TomcatEmbeddedWebappClassLoader
  context: ROOT
  delegate: true
----------> Parent Classloader:
org.springframework.boot.devtools.restart.classloader.RestartClassLoader@23b66855

2026-09-09 21:49:06.423  INFO 10520 --- [  restartedMain] o.h.jpa.internal.util.LogHelper          : HHH000204: Processing PersistenceUnitInfo [name: default]
2026-09-09 21:49:06.551  INFO 10520 --- [  restartedMain] org.hibernate.Version                    : HHH000412: Hibernate ORM core version 6.5.3.Final
2026-09-09 21:49:06.626  INFO 10520 --- [  restartedMain] o.h.c.i.RegionFactoryInitiator           : HHH000026: Second-level cache disabled
2026-09-09 21:49:07.055  INFO 10520 --- [  restartedMain] o.s.o.j.p.SpringPersistenceUnitInfo      : No LoadTimeWeaver setup: ignoring JPA class transformer
2026-09-09 21:49:07.095 DEBUG 10520 --- [  restartedMain] com.zaxxer.hikari.HikariConfig           : BusinessAppHikariPool - configuration:
2026-09-09 21:49:07.099 DEBUG 10520 --- [  restartedMain] com.zaxxer.hikari.HikariConfig           : allowPoolSuspension.............false
2026-09-09 21:49:07.099 DEBUG 10520 --- [  restartedMain] com.zaxxer.hikari.HikariConfig           : autoCommit......................true
2026-09-09 21:49:07.100 DEBUG 10520 --- [  restartedMain] com.zaxxer.hikari.HikariConfig           : catalog.........................none
2026-09-09 21:49:07.100 DEBUG 10520 --- [  restartedMain] com.zaxxer.hikari.HikariConfig           : connectionInitSql...............none
2026-09-09 21:49:07.100 DEBUG 10520 --- [  restartedMain] com.zaxxer.hikari.HikariConfig           : connectionTestQuery............."SELECT 1"
2026-09-09 21:49:07.102 DEBUG 10520 --- [  restartedMain] com.zaxxer.hikari.HikariConfig           : connectionTimeout...............20000
2026-09-09 21:49:07.103 DEBUG 10520 --- [  restartedMain] com.zaxxer.hikari.HikariConfig           : dataSource......................none
2026-09-09 21:49:07.104 DEBUG 10520 --- [  restartedMain] com.zaxxer.hikari.HikariConfig           : dataSourceClassName.............none
2026-09-09 21:49:07.105 DEBUG 10520 --- [  restartedMain] com.zaxxer.hikari.HikariConfig           : dataSourceJNDI..................none
2026-09-09 21:49:07.106 DEBUG 10520 --- [  restartedMain] com.zaxxer.hikari.HikariConfig           : dataSourceProperties............{password=<masked>}
2026-09-09 21:49:07.107 DEBUG 10520 --- [  restartedMain] com.zaxxer.hikari.HikariConfig           : driverClassName................."com.mysql.cj.jdbc.Driver"
2026-09-09 21:49:07.107 DEBUG 10520 --- [  restartedMain] com.zaxxer.hikari.HikariConfig           : exceptionOverrideClassName......none
2026-09-09 21:49:07.108 DEBUG 10520 --- [  restartedMain] com.zaxxer.hikari.HikariConfig           : healthCheckProperties...........{}
2026-09-09 21:49:07.108 DEBUG 10520 --- [  restartedMain] com.zaxxer.hikari.HikariConfig           : healthCheckRegistry.............none
2026-09-09 21:49:07.108 DEBUG 10520 --- [  restartedMain] com.zaxxer.hikari.HikariConfig           : idleTimeout.....................600000
2026-09-09 21:49:07.109 DEBUG 10520 --- [  restartedMain] com.zaxxer.hikari.HikariConfig           : initializationFailTimeout.......1
2026-09-09 21:49:07.109 DEBUG 10520 --- [  restartedMain] com.zaxxer.hikari.HikariConfig           : isolateInternalQueries..........false
2026-09-09 21:49:07.110 DEBUG 10520 --- [  restartedMain] com.zaxxer.hikari.HikariConfig           : jdbcUrl.........................jdbc:mysql://localhost:3306/businessapp?createDatabaseIfNotExist=true&useSSL=false&serverTimezone=UTC&allowPublicKeyRetrieval=true
2026-09-09 21:49:07.110 DEBUG 10520 --- [  restartedMain] com.zaxxer.hikari.HikariConfig           : keepaliveTime...................0
2026-09-09 21:49:07.110 DEBUG 10520 --- [  restartedMain] com.zaxxer.hikari.HikariConfig           : leakDetectionThreshold..........0
2026-09-09 21:49:07.111 DEBUG 10520 --- [  restartedMain] com.zaxxer.hikari.HikariConfig           : maxLifetime.....................1800000
2026-09-09 21:49:07.111 DEBUG 10520 --- [  restartedMain] com.zaxxer.hikari.HikariConfig           : maximumPoolSize.................10
2026-09-09 21:49:07.111 DEBUG 10520 --- [  restartedMain] com.zaxxer.hikari.HikariConfig           : metricRegistry..................none
2026-09-09 21:49:07.111 DEBUG 10520 --- [  restartedMain] com.zaxxer.hikari.HikariConfig           : metricsTrackerFactory...........none
2026-09-09 21:49:07.112 DEBUG 10520 --- [  restartedMain] com.zaxxer.hikari.HikariConfig           : minimumIdle.....................5
2026-09-09 21:49:07.112 DEBUG 10520 --- [  restartedMain] com.zaxxer.hikari.HikariConfig           : password........................<masked>
2026-09-09 21:49:07.112 DEBUG 10520 --- [  restartedMain] com.zaxxer.hikari.HikariConfig           : poolName........................"BusinessAppHikariPool"
2026-09-09 21:49:07.113 DEBUG 10520 --- [  restartedMain] com.zaxxer.hikari.HikariConfig           : readOnly........................false
2026-09-09 21:49:07.113 DEBUG 10520 --- [  restartedMain] com.zaxxer.hikari.HikariConfig           : registerMbeans..................false
2026-09-09 21:49:07.113 DEBUG 10520 --- [  restartedMain] com.zaxxer.hikari.HikariConfig           : scheduledExecutor...............none
2026-09-09 21:49:07.114 DEBUG 10520 --- [  restartedMain] com.zaxxer.hikari.HikariConfig           : schema..........................none
2026-09-09 21:49:07.115 DEBUG 10520 --- [  restartedMain] com.zaxxer.hikari.HikariConfig           : threadFactory...................internal
2026-09-09 21:49:07.115 DEBUG 10520 --- [  restartedMain] com.zaxxer.hikari.HikariConfig           : transactionIsolation............default
2026-09-09 21:49:07.116 DEBUG 10520 --- [  restartedMain] com.zaxxer.hikari.HikariConfig           : username........................"root"
2026-09-09 21:49:07.116 DEBUG 10520 --- [  restartedMain] com.zaxxer.hikari.HikariConfig           : validationTimeout...............5000
2026-09-09 21:49:07.116  INFO 10520 --- [  restartedMain] com.zaxxer.hikari.HikariDataSource       : BusinessAppHikariPool - Starting...
2026-09-09 21:49:07.481  INFO 10520 --- [  restartedMain] com.zaxxer.hikari.pool.HikariPool        : BusinessAppHikariPool - Added connection com.mysql.cj.jdbc.ConnectionImpl@526aaff4
2026-09-09 21:49:07.484  INFO 10520 --- [  restartedMain] com.zaxxer.hikari.HikariDataSource       : BusinessAppHikariPool - Start completed.
2026-09-09 21:49:12.565  INFO 10520 --- [  restartedMain] o.h.e.t.j.p.i.JtaPlatformInitiator       : HHH000489: No JTA platform available (set 'hibernate.transaction.jta.platform' to enable JTA platform integration)
2026-09-09 21:49:12.847 DEBUG 10520 --- [  restartedMain] org.hibernate.SQL                        : 
    alter table businesses 
       modify column description TEXT
2026-09-09 21:49:14.637 DEBUG 10520 --- [  restartedMain] org.hibernate.SQL                        : 
    alter table opportunities 
       modify column description TEXT not null
2026-09-09 21:49:14.720 DEBUG 10520 --- [  restartedMain] org.hibernate.SQL                        : 
    alter table opportunities 
       modify column experience_level enum ('EXECUTIVE','GRADUATE','JUNIOR','MID','SENIOR') not null
2026-09-09 21:49:14.784 DEBUG 10520 --- [  restartedMain] org.hibernate.SQL                        : 
    alter table opportunities 
       modify column specialization enum ('ACCOUNTING_AUDIT','ASSET_WEALTH_MANAGEMENT','CORPORATE_FINANCE','FINTECH','INSURANCE','INVESTMENT_BANKING','OTHER','PRIVATE_EQUITY_VC','RISK_COMPLIANCE') not null
2026-09-09 21:49:14.825 DEBUG 10520 --- [  restartedMain] org.hibernate.SQL                        : 
    alter table opportunities 
       modify column status enum ('CLOSED','DRAFT','PUBLISHED') not null
2026-09-09 21:49:14.857 DEBUG 10520 --- [  restartedMain] org.hibernate.SQL                        : 
    alter table opportunities 
       modify column type enum ('CONTRACT','FULL_TIME','GIG','INTERNSHIP','PART_TIME') not null
2026-09-09 21:49:14.897 DEBUG 10520 --- [  restartedMain] org.hibernate.SQL                        : 
    alter table opportunities 
       modify column work_mode enum ('HYBRID','ONSITE','REMOTE') not null
2026-09-09 21:49:14.929 DEBUG 10520 --- [  restartedMain] org.hibernate.SQL                        : 
    alter table opportunity_qualifications 
       modify column qualification TEXT not null
2026-09-09 21:49:14.956 DEBUG 10520 --- [  restartedMain] org.hibernate.SQL                        : 
    alter table opportunity_responsibilities 
       modify column responsibility TEXT not null
2026-09-09 21:49:14.982 DEBUG 10520 --- [  restartedMain] org.hibernate.SQL                        : 
    alter table users 
       modify column role enum ('ROLE_ADMIN','ROLE_ADVISORY','ROLE_BUSINESS','ROLE_CUSTOMER','ROLE_MEMBERS') not null
2026-09-09 21:49:15.179  INFO 10520 --- [  restartedMain] j.LocalContainerEntityManagerFactoryBean : Initialized JPA EntityManagerFactory for persistence unit 'default'
2026-09-09 21:49:15.565  INFO 10520 --- [  restartedMain] o.s.d.j.r.query.QueryEnhancerFactory     : Hibernate is in classpath; If applicable, HQL parser will be used.
2026-09-09 21:49:16.148  INFO 10520 --- [  restartedMain] o.s.b.web.servlet.RegistrationBean       : Filter disableJwtAuthFilterRegistration was not registered (disabled)
2026-09-09 21:49:16.371  INFO 10520 --- [  restartedMain] eAuthenticationProviderManagerConfigurer : Global AuthenticationManager configured with AuthenticationProvider bean with name authenticationProvider
2026-09-09 21:49:16.372  WARN 10520 --- [  restartedMain] r$InitializeUserDetailsManagerConfigurer : Global AuthenticationManager configured with an AuthenticationProvider bean. UserDetailsService beans will not be used for username/password login. Consider removing the AuthenticationProvider bean. Alternatively, consider using the UserDetailsService in a manually instantiated DaoAuthenticationProvider.
2026-09-09 21:49:16.777  INFO 10520 --- [  restartedMain] c.e.firstapp.config.AsyncConfig          : Email thread pool initialized: core=2 max=5 queue=50
2026-09-09 21:49:51.193  INFO 17328 --- [  restartedMain] c.e.firstapp.FirstappApplication         : Starting FirstappApplication using Java 25.0.3 with PID 17328 (E:\firstapp\firstapp\target\classes started by Dell in E:\firstapp\firstapp)
2026-09-09 21:49:51.195  INFO 17328 --- [  restartedMain] c.e.firstapp.FirstappApplication         : No active profile set, falling back to 1 default profile: "default"
2026-09-09 21:49:51.246  INFO 17328 --- [  restartedMain] .e.DevToolsPropertyDefaultsPostProcessor : Devtools property defaults active! Set 'spring.devtools.add-properties' to 'false' to disable
2026-09-09 21:49:51.247  INFO 17328 --- [  restartedMain] .e.DevToolsPropertyDefaultsPostProcessor : For additional web related logging consider setting the 'logging.level.web' property to 'DEBUG'
2026-09-09 21:49:52.346  INFO 17328 --- [  restartedMain] .s.d.r.c.RepositoryConfigurationDelegate : Bootstrapping Spring Data JPA repositories in DEFAULT mode.
2026-09-09 21:49:52.460  INFO 17328 --- [  restartedMain] .s.d.r.c.RepositoryConfigurationDelegate : Finished Spring Data repository scanning in 103 ms. Found 4 JPA repository interfaces.
2026-09-09 21:49:53.334  INFO 17328 --- [  restartedMain] o.s.b.w.e.tomcat.TomcatWebServer         : Tomcat initialized with port 8080 (http)
2026-09-09 21:49:53.352  INFO 17328 --- [  restartedMain] o.a.catalina.core.StandardService        : Starting service [Tomcat]
2026-09-09 21:49:53.353  INFO 17328 --- [  restartedMain] o.a.catalina.core.StandardEngine         : Starting Servlet engine: [Apache Tomcat/10.1.42]
2026-09-09 21:49:53.455  INFO 17328 --- [  restartedMain] o.a.c.c.C.[Tomcat].[localhost].[/]       : Initializing Spring embedded WebApplicationContext
2026-09-09 21:49:53.457  INFO 17328 --- [  restartedMain] w.s.c.ServletWebServerApplicationContext : Root WebApplicationContext: initialization completed in 2209 ms
2026-09-09 21:49:53.542 DEBUG 17328 --- [  restartedMain] com.zaxxer.hikari.HikariConfig           : Driver class com.mysql.cj.jdbc.Driver found in Thread context class loader TomcatEmbeddedWebappClassLoader
  context: ROOT
  delegate: true
----------> Parent Classloader:
org.springframework.boot.devtools.restart.classloader.RestartClassLoader@f0f47eb

2026-09-09 21:49:53.675  INFO 17328 --- [  restartedMain] o.h.jpa.internal.util.LogHelper          : HHH000204: Processing PersistenceUnitInfo [name: default]
2026-09-09 21:49:53.751  INFO 17328 --- [  restartedMain] org.hibernate.Version                    : HHH000412: Hibernate ORM core version 6.5.3.Final
2026-09-09 21:49:53.796  INFO 17328 --- [  restartedMain] o.h.c.i.RegionFactoryInitiator           : HHH000026: Second-level cache disabled
2026-09-09 21:49:54.124  INFO 17328 --- [  restartedMain] o.s.o.j.p.SpringPersistenceUnitInfo      : No LoadTimeWeaver setup: ignoring JPA class transformer
2026-09-09 21:49:54.168 DEBUG 17328 --- [  restartedMain] com.zaxxer.hikari.HikariConfig           : BusinessAppHikariPool - configuration:
2026-09-09 21:49:54.172 DEBUG 17328 --- [  restartedMain] com.zaxxer.hikari.HikariConfig           : allowPoolSuspension.............false
2026-09-09 21:49:54.173 DEBUG 17328 --- [  restartedMain] com.zaxxer.hikari.HikariConfig           : autoCommit......................true
2026-09-09 21:49:54.174 DEBUG 17328 --- [  restartedMain] com.zaxxer.hikari.HikariConfig           : catalog.........................none
2026-09-09 21:49:54.174 DEBUG 17328 --- [  restartedMain] com.zaxxer.hikari.HikariConfig           : connectionInitSql...............none
2026-09-09 21:49:54.175 DEBUG 17328 --- [  restartedMain] com.zaxxer.hikari.HikariConfig           : connectionTestQuery............."SELECT 1"
2026-09-09 21:49:54.177 DEBUG 17328 --- [  restartedMain] com.zaxxer.hikari.HikariConfig           : connectionTimeout...............20000
2026-09-09 21:49:54.177 DEBUG 17328 --- [  restartedMain] com.zaxxer.hikari.HikariConfig           : dataSource......................none
2026-09-09 21:49:54.178 DEBUG 17328 --- [  restartedMain] com.zaxxer.hikari.HikariConfig           : dataSourceClassName.............none
2026-09-09 21:49:54.178 DEBUG 17328 --- [  restartedMain] com.zaxxer.hikari.HikariConfig           : dataSourceJNDI..................none
2026-09-09 21:49:54.179 DEBUG 17328 --- [  restartedMain] com.zaxxer.hikari.HikariConfig           : dataSourceProperties............{password=<masked>}
2026-09-09 21:49:54.180 DEBUG 17328 --- [  restartedMain] com.zaxxer.hikari.HikariConfig           : driverClassName................."com.mysql.cj.jdbc.Driver"
2026-09-09 21:49:54.180 DEBUG 17328 --- [  restartedMain] com.zaxxer.hikari.HikariConfig           : exceptionOverrideClassName......none
2026-09-09 21:49:54.180 DEBUG 17328 --- [  restartedMain] com.zaxxer.hikari.HikariConfig           : healthCheckProperties...........{}
2026-09-09 21:49:54.181 DEBUG 17328 --- [  restartedMain] com.zaxxer.hikari.HikariConfig           : healthCheckRegistry.............none
2026-09-09 21:49:54.183 DEBUG 17328 --- [  restartedMain] com.zaxxer.hikari.HikariConfig           : idleTimeout.....................600000
2026-09-09 21:49:54.185 DEBUG 17328 --- [  restartedMain] com.zaxxer.hikari.HikariConfig           : initializationFailTimeout.......1
2026-09-09 21:49:54.186 DEBUG 17328 --- [  restartedMain] com.zaxxer.hikari.HikariConfig           : isolateInternalQueries..........false
2026-09-09 21:49:54.187 DEBUG 17328 --- [  restartedMain] com.zaxxer.hikari.HikariConfig           : jdbcUrl.........................jdbc:mysql://localhost:3306/businessapp?createDatabaseIfNotExist=true&useSSL=false&serverTimezone=UTC&allowPublicKeyRetrieval=true
2026-09-09 21:49:54.187 DEBUG 17328 --- [  restartedMain] com.zaxxer.hikari.HikariConfig           : keepaliveTime...................0
2026-09-09 21:49:54.188 DEBUG 17328 --- [  restartedMain] com.zaxxer.hikari.HikariConfig           : leakDetectionThreshold..........0
2026-09-09 21:49:54.189 DEBUG 17328 --- [  restartedMain] com.zaxxer.hikari.HikariConfig           : maxLifetime.....................1800000
2026-09-09 21:49:54.189 DEBUG 17328 --- [  restartedMain] com.zaxxer.hikari.HikariConfig           : maximumPoolSize.................10
2026-09-09 21:49:54.190 DEBUG 17328 --- [  restartedMain] com.zaxxer.hikari.HikariConfig           : metricRegistry..................none
2026-09-09 21:49:54.190 DEBUG 17328 --- [  restartedMain] com.zaxxer.hikari.HikariConfig           : metricsTrackerFactory...........none
2026-09-09 21:49:54.190 DEBUG 17328 --- [  restartedMain] com.zaxxer.hikari.HikariConfig           : minimumIdle.....................5
2026-09-09 21:49:54.191 DEBUG 17328 --- [  restartedMain] com.zaxxer.hikari.HikariConfig           : password........................<masked>
2026-09-09 21:49:54.191 DEBUG 17328 --- [  restartedMain] com.zaxxer.hikari.HikariConfig           : poolName........................"BusinessAppHikariPool"
2026-09-09 21:49:54.192 DEBUG 17328 --- [  restartedMain] com.zaxxer.hikari.HikariConfig           : readOnly........................false
2026-09-09 21:49:54.192 DEBUG 17328 --- [  restartedMain] com.zaxxer.hikari.HikariConfig           : registerMbeans..................false
2026-09-09 21:49:54.193 DEBUG 17328 --- [  restartedMain] com.zaxxer.hikari.HikariConfig           : scheduledExecutor...............none
2026-09-09 21:49:54.193 DEBUG 17328 --- [  restartedMain] com.zaxxer.hikari.HikariConfig           : schema..........................none
2026-09-09 21:49:54.195 DEBUG 17328 --- [  restartedMain] com.zaxxer.hikari.HikariConfig           : threadFactory...................internal
2026-09-09 21:49:54.196 DEBUG 17328 --- [  restartedMain] com.zaxxer.hikari.HikariConfig           : transactionIsolation............default
2026-09-09 21:49:54.197 DEBUG 17328 --- [  restartedMain] com.zaxxer.hikari.HikariConfig           : username........................"root"
2026-09-09 21:49:54.197 DEBUG 17328 --- [  restartedMain] com.zaxxer.hikari.HikariConfig           : validationTimeout...............5000
2026-09-09 21:49:54.198  INFO 17328 --- [  restartedMain] com.zaxxer.hikari.HikariDataSource       : BusinessAppHikariPool - Starting...
2026-09-09 21:49:54.391  INFO 17328 --- [  restartedMain] com.zaxxer.hikari.pool.HikariPool        : BusinessAppHikariPool - Added connection com.mysql.cj.jdbc.ConnectionImpl@2845f306
2026-09-09 21:49:54.394  INFO 17328 --- [  restartedMain] com.zaxxer.hikari.HikariDataSource       : BusinessAppHikariPool - Start completed.
2026-09-09 21:49:56.282  INFO 17328 --- [  restartedMain] o.h.e.t.j.p.i.JtaPlatformInitiator       : HHH000489: No JTA platform available (set 'hibernate.transaction.jta.platform' to enable JTA platform integration)
2026-09-09 21:49:56.352 DEBUG 17328 --- [  restartedMain] org.hibernate.SQL                        : 
    alter table businesses 
       modify column description TEXT
2026-09-09 21:49:56.468 DEBUG 17328 --- [  restartedMain] org.hibernate.SQL                        : 
    alter table opportunities 
       modify column description TEXT not null
2026-09-09 21:49:56.502 DEBUG 17328 --- [  restartedMain] org.hibernate.SQL                        : 
    alter table opportunities 
       modify column experience_level enum ('EXECUTIVE','GRADUATE','JUNIOR','MID','SENIOR') not null
2026-09-09 21:49:56.564 DEBUG 17328 --- [  restartedMain] org.hibernate.SQL                        : 
    alter table opportunities 
       modify column specialization enum ('ACCOUNTING_AUDIT','ASSET_WEALTH_MANAGEMENT','CORPORATE_FINANCE','FINTECH','INSURANCE','INVESTMENT_BANKING','OTHER','PRIVATE_EQUITY_VC','RISK_COMPLIANCE') not null
2026-09-09 21:49:56.620 DEBUG 17328 --- [  restartedMain] org.hibernate.SQL                        : 
    alter table opportunities 
       modify column status enum ('CLOSED','DRAFT','PUBLISHED') not null
2026-09-09 21:49:56.647 DEBUG 17328 --- [  restartedMain] org.hibernate.SQL                        : 
    alter table opportunities 
       modify column type enum ('CONTRACT','FULL_TIME','GIG','INTERNSHIP','PART_TIME') not null
2026-09-09 21:49:56.682 DEBUG 17328 --- [  restartedMain] org.hibernate.SQL                        : 
    alter table opportunities 
       modify column work_mode enum ('HYBRID','ONSITE','REMOTE') not null
2026-09-09 21:49:56.715 DEBUG 17328 --- [  restartedMain] org.hibernate.SQL                        : 
    alter table opportunity_qualifications 
       modify column qualification TEXT not null
2026-09-09 21:49:56.731 DEBUG 17328 --- [  restartedMain] org.hibernate.SQL                        : 
    alter table opportunity_responsibilities 
       modify column responsibility TEXT not null
2026-09-09 21:49:56.745 DEBUG 17328 --- [  restartedMain] org.hibernate.SQL                        : 
    alter table users 
       modify column role enum ('ROLE_ADMIN','ROLE_ADVISORY','ROLE_BUSINESS','ROLE_CUSTOMER','ROLE_MEMBERS') not null
2026-09-09 21:49:56.866  INFO 17328 --- [  restartedMain] j.LocalContainerEntityManagerFactoryBean : Initialized JPA EntityManagerFactory for persistence unit 'default'
2026-09-09 21:49:57.298  INFO 17328 --- [  restartedMain] o.s.d.j.r.query.QueryEnhancerFactory     : Hibernate is in classpath; If applicable, HQL parser will be used.
2026-09-09 21:49:58.102  INFO 17328 --- [  restartedMain] o.s.b.web.servlet.RegistrationBean       : Filter disableJwtAuthFilterRegistration was not registered (disabled)
2026-09-09 21:49:58.391  INFO 17328 --- [  restartedMain] eAuthenticationProviderManagerConfigurer : Global AuthenticationManager configured with AuthenticationProvider bean with name authenticationProvider
2026-09-09 21:49:58.394  WARN 17328 --- [  restartedMain] r$InitializeUserDetailsManagerConfigurer : Global AuthenticationManager configured with an AuthenticationProvider bean. UserDetailsService beans will not be used for username/password login. Consider removing the AuthenticationProvider bean. Alternatively, consider using the UserDetailsService in a manually instantiated DaoAuthenticationProvider.
2026-09-09 21:49:58.651  INFO 17328 --- [  restartedMain] c.e.firstapp.config.AsyncConfig          : Email thread pool initialized: core=2 max=5 queue=50
2026-09-09 21:49:59.051 DEBUG 17328 --- [  restartedMain] o.s.s.web.DefaultSecurityFilterChain     : Will secure any request with filters: DisableEncodeUrlFilter, WebAsyncManagerIntegrationFilter, SecurityContextHolderFilter, HeaderWriterFilter, LogoutFilter, JwtAuthFilter, RequestCacheAwareFilter, SecurityContextHolderAwareRequestFilter, AnonymousAuthenticationFilter, SessionManagementFilter, ExceptionTranslationFilter, AuthorizationFilter
2026-09-09 21:49:59.389  INFO 17328 --- [  restartedMain] o.s.b.d.a.OptionalLiveReloadServer       : LiveReload server is running on port 35729
2026-09-09 21:49:59.458  INFO 17328 --- [  restartedMain] o.s.b.w.e.tomcat.TomcatWebServer         : Tomcat started on port 8080 (http) with context path '/'
2026-09-09 21:49:59.474  INFO 17328 --- [  restartedMain] c.e.firstapp.FirstappApplication         : Started FirstappApplication in 8.705 seconds (process running for 9.622)
2026-09-09 21:51:01.265  INFO 12916 --- [  restartedMain] c.e.firstapp.FirstappApplication         : Starting FirstappApplication using Java 25.0.3 with PID 12916 (E:\firstapp\firstapp\target\classes started by Dell in E:\firstapp\firstapp)
2026-09-09 21:51:01.267  INFO 12916 --- [  restartedMain] c.e.firstapp.FirstappApplication         : No active profile set, falling back to 1 default profile: "default"
2026-09-09 21:51:01.316  INFO 12916 --- [  restartedMain] .e.DevToolsPropertyDefaultsPostProcessor : Devtools property defaults active! Set 'spring.devtools.add-properties' to 'false' to disable
2026-09-09 21:51:01.317  INFO 12916 --- [  restartedMain] .e.DevToolsPropertyDefaultsPostProcessor : For additional web related logging consider setting the 'logging.level.web' property to 'DEBUG'
2026-09-09 21:51:02.233  INFO 12916 --- [  restartedMain] .s.d.r.c.RepositoryConfigurationDelegate : Bootstrapping Spring Data JPA repositories in DEFAULT mode.
2026-09-09 21:51:02.313  INFO 12916 --- [  restartedMain] .s.d.r.c.RepositoryConfigurationDelegate : Finished Spring Data repository scanning in 71 ms. Found 4 JPA repository interfaces.
2026-09-09 21:51:02.986  INFO 12916 --- [  restartedMain] o.s.b.w.e.tomcat.TomcatWebServer         : Tomcat initialized with port 8080 (http)
2026-09-09 21:51:02.999  INFO 12916 --- [  restartedMain] o.a.catalina.core.StandardService        : Starting service [Tomcat]
2026-09-09 21:51:03.000  INFO 12916 --- [  restartedMain] o.a.catalina.core.StandardEngine         : Starting Servlet engine: [Apache Tomcat/10.1.42]
2026-09-09 21:51:03.073  INFO 12916 --- [  restartedMain] o.a.c.c.C.[Tomcat].[localhost].[/]       : Initializing Spring embedded WebApplicationContext
2026-09-09 21:51:03.074  INFO 12916 --- [  restartedMain] w.s.c.ServletWebServerApplicationContext : Root WebApplicationContext: initialization completed in 1755 ms
2026-09-09 21:51:03.150 DEBUG 12916 --- [  restartedMain] com.zaxxer.hikari.HikariConfig           : Driver class com.mysql.cj.jdbc.Driver found in Thread context class loader TomcatEmbeddedWebappClassLoader
  context: ROOT
  delegate: true
----------> Parent Classloader:
org.springframework.boot.devtools.restart.classloader.RestartClassLoader@74b1913f

2026-09-09 21:51:03.274  INFO 12916 --- [  restartedMain] o.h.jpa.internal.util.LogHelper          : HHH000204: Processing PersistenceUnitInfo [name: default]
2026-09-09 21:51:03.331  INFO 12916 --- [  restartedMain] org.hibernate.Version                    : HHH000412: Hibernate ORM core version 6.5.3.Final
2026-09-09 21:51:03.366  INFO 12916 --- [  restartedMain] o.h.c.i.RegionFactoryInitiator           : HHH000026: Second-level cache disabled
2026-09-09 21:51:03.609  INFO 12916 --- [  restartedMain] o.s.o.j.p.SpringPersistenceUnitInfo      : No LoadTimeWeaver setup: ignoring JPA class transformer
2026-09-09 21:51:03.645 DEBUG 12916 --- [  restartedMain] com.zaxxer.hikari.HikariConfig           : BusinessAppHikariPool - configuration:
2026-09-09 21:51:03.648 DEBUG 12916 --- [  restartedMain] com.zaxxer.hikari.HikariConfig           : allowPoolSuspension.............false
2026-09-09 21:51:03.649 DEBUG 12916 --- [  restartedMain] com.zaxxer.hikari.HikariConfig           : autoCommit......................true
2026-09-09 21:51:03.649 DEBUG 12916 --- [  restartedMain] com.zaxxer.hikari.HikariConfig           : catalog.........................none
2026-09-09 21:51:03.650 DEBUG 12916 --- [  restartedMain] com.zaxxer.hikari.HikariConfig           : connectionInitSql...............none
2026-09-09 21:51:03.650 DEBUG 12916 --- [  restartedMain] com.zaxxer.hikari.HikariConfig           : connectionTestQuery............."SELECT 1"
2026-09-09 21:51:03.652 DEBUG 12916 --- [  restartedMain] com.zaxxer.hikari.HikariConfig           : connectionTimeout...............20000
2026-09-09 21:51:03.654 DEBUG 12916 --- [  restartedMain] com.zaxxer.hikari.HikariConfig           : dataSource......................none
2026-09-09 21:51:03.654 DEBUG 12916 --- [  restartedMain] com.zaxxer.hikari.HikariConfig           : dataSourceClassName.............none
2026-09-09 21:51:03.656 DEBUG 12916 --- [  restartedMain] com.zaxxer.hikari.HikariConfig           : dataSourceJNDI..................none
2026-09-09 21:51:03.659 DEBUG 12916 --- [  restartedMain] com.zaxxer.hikari.HikariConfig           : dataSourceProperties............{password=<masked>}
2026-09-09 21:51:03.660 DEBUG 12916 --- [  restartedMain] com.zaxxer.hikari.HikariConfig           : driverClassName................."com.mysql.cj.jdbc.Driver"
2026-09-09 21:51:03.660 DEBUG 12916 --- [  restartedMain] com.zaxxer.hikari.HikariConfig           : exceptionOverrideClassName......none
2026-09-09 21:51:03.661 DEBUG 12916 --- [  restartedMain] com.zaxxer.hikari.HikariConfig           : healthCheckProperties...........{}
2026-09-09 21:51:03.661 DEBUG 12916 --- [  restartedMain] com.zaxxer.hikari.HikariConfig           : healthCheckRegistry.............none
2026-09-09 21:51:03.661 DEBUG 12916 --- [  restartedMain] com.zaxxer.hikari.HikariConfig           : idleTimeout.....................600000
2026-09-09 21:51:03.662 DEBUG 12916 --- [  restartedMain] com.zaxxer.hikari.HikariConfig           : initializationFailTimeout.......1
2026-09-09 21:51:03.662 DEBUG 12916 --- [  restartedMain] com.zaxxer.hikari.HikariConfig           : isolateInternalQueries..........false
2026-09-09 21:51:03.662 DEBUG 12916 --- [  restartedMain] com.zaxxer.hikari.HikariConfig           : jdbcUrl.........................jdbc:mysql://localhost:3306/businessapp?createDatabaseIfNotExist=true&useSSL=false&serverTimezone=UTC&allowPublicKeyRetrieval=true
2026-09-09 21:51:03.663 DEBUG 12916 --- [  restartedMain] com.zaxxer.hikari.HikariConfig           : keepaliveTime...................0
2026-09-09 21:51:03.663 DEBUG 12916 --- [  restartedMain] com.zaxxer.hikari.HikariConfig           : leakDetectionThreshold..........0
2026-09-09 21:51:03.663 DEBUG 12916 --- [  restartedMain] com.zaxxer.hikari.HikariConfig           : maxLifetime.....................1800000
2026-09-09 21:51:03.663 DEBUG 12916 --- [  restartedMain] com.zaxxer.hikari.HikariConfig           : maximumPoolSize.................10
2026-09-09 21:51:03.664 DEBUG 12916 --- [  restartedMain] com.zaxxer.hikari.HikariConfig           : metricRegistry..................none
2026-09-09 21:51:03.664 DEBUG 12916 --- [  restartedMain] com.zaxxer.hikari.HikariConfig           : metricsTrackerFactory...........none
2026-09-09 21:51:03.664 DEBUG 12916 --- [  restartedMain] com.zaxxer.hikari.HikariConfig           : minimumIdle.....................5
2026-09-09 21:51:03.664 DEBUG 12916 --- [  restartedMain] com.zaxxer.hikari.HikariConfig           : password........................<masked>
2026-09-09 21:51:03.664 DEBUG 12916 --- [  restartedMain] com.zaxxer.hikari.HikariConfig           : poolName........................"BusinessAppHikariPool"
2026-09-09 21:51:03.665 DEBUG 12916 --- [  restartedMain] com.zaxxer.hikari.HikariConfig           : readOnly........................false
2026-09-09 21:51:03.665 DEBUG 12916 --- [  restartedMain] com.zaxxer.hikari.HikariConfig           : registerMbeans..................false
2026-09-09 21:51:03.666 DEBUG 12916 --- [  restartedMain] com.zaxxer.hikari.HikariConfig           : scheduledExecutor...............none
2026-09-09 21:51:03.666 DEBUG 12916 --- [  restartedMain] com.zaxxer.hikari.HikariConfig           : schema..........................none
2026-09-09 21:51:03.666 DEBUG 12916 --- [  restartedMain] com.zaxxer.hikari.HikariConfig           : threadFactory...................internal
2026-09-09 21:51:03.666 DEBUG 12916 --- [  restartedMain] com.zaxxer.hikari.HikariConfig           : transactionIsolation............default
2026-09-09 21:51:03.666 DEBUG 12916 --- [  restartedMain] com.zaxxer.hikari.HikariConfig           : username........................"root"
2026-09-09 21:51:03.667 DEBUG 12916 --- [  restartedMain] com.zaxxer.hikari.HikariConfig           : validationTimeout...............5000
2026-09-09 21:51:03.668  INFO 12916 --- [  restartedMain] com.zaxxer.hikari.HikariDataSource       : BusinessAppHikariPool - Starting...
2026-09-09 21:51:03.822  INFO 12916 --- [  restartedMain] com.zaxxer.hikari.pool.HikariPool        : BusinessAppHikariPool - Added connection com.mysql.cj.jdbc.ConnectionImpl@1f0d6fa8
2026-09-09 21:51:03.824  INFO 12916 --- [  restartedMain] com.zaxxer.hikari.HikariDataSource       : BusinessAppHikariPool - Start completed.
2026-09-09 21:51:04.735  INFO 12916 --- [  restartedMain] o.h.e.t.j.p.i.JtaPlatformInitiator       : HHH000489: No JTA platform available (set 'hibernate.transaction.jta.platform' to enable JTA platform integration)
2026-09-09 21:51:04.774 DEBUG 12916 --- [  restartedMain] org.hibernate.SQL                        : 
    alter table businesses 
       modify column description TEXT
2026-09-09 21:51:04.792 DEBUG 12916 --- [  restartedMain] org.hibernate.SQL                        : 
    alter table opportunities 
       modify column description TEXT not null
2026-09-09 21:51:04.807 DEBUG 12916 --- [  restartedMain] org.hibernate.SQL                        : 
    alter table opportunities 
       modify column experience_level enum ('EXECUTIVE','GRADUATE','JUNIOR','MID','SENIOR') not null
2026-09-09 21:51:04.821 DEBUG 12916 --- [  restartedMain] org.hibernate.SQL                        : 
    alter table opportunities 
       modify column specialization enum ('ACCOUNTING_AUDIT','ASSET_WEALTH_MANAGEMENT','CORPORATE_FINANCE','FINTECH','INSURANCE','INVESTMENT_BANKING','OTHER','PRIVATE_EQUITY_VC','RISK_COMPLIANCE') not null
2026-09-09 21:51:04.839 DEBUG 12916 --- [  restartedMain] org.hibernate.SQL                        : 
    alter table opportunities 
       modify column status enum ('CLOSED','DRAFT','PUBLISHED') not null
2026-09-09 21:51:04.855 DEBUG 12916 --- [  restartedMain] org.hibernate.SQL                        : 
    alter table opportunities 
       modify column type enum ('CONTRACT','FULL_TIME','GIG','INTERNSHIP','PART_TIME') not null
2026-09-09 21:51:04.870 DEBUG 12916 --- [  restartedMain] org.hibernate.SQL                        : 
    alter table opportunities 
       modify column work_mode enum ('HYBRID','ONSITE','REMOTE') not null
2026-09-09 21:51:04.884 DEBUG 12916 --- [  restartedMain] org.hibernate.SQL                        : 
    alter table opportunity_qualifications 
       modify column qualification TEXT not null
2026-09-09 21:51:04.893 DEBUG 12916 --- [  restartedMain] org.hibernate.SQL                        : 
    alter table opportunity_responsibilities 
       modify column responsibility TEXT not null
2026-09-09 21:51:04.903 DEBUG 12916 --- [  restartedMain] org.hibernate.SQL                        : 
    alter table users 
       modify column role enum ('ROLE_ADMIN','ROLE_ADVISORY','ROLE_BUSINESS','ROLE_CUSTOMER','ROLE_MEMBERS') not null
2026-09-09 21:51:04.964  INFO 12916 --- [  restartedMain] j.LocalContainerEntityManagerFactoryBean : Initialized JPA EntityManagerFactory for persistence unit 'default'
2026-09-09 21:51:05.205  INFO 12916 --- [  restartedMain] o.s.d.j.r.query.QueryEnhancerFactory     : Hibernate is in classpath; If applicable, HQL parser will be used.
2026-09-09 21:51:05.774  INFO 12916 --- [  restartedMain] o.s.b.web.servlet.RegistrationBean       : Filter disableJwtAuthFilterRegistration was not registered (disabled)
2026-09-09 21:51:05.995  INFO 12916 --- [  restartedMain] eAuthenticationProviderManagerConfigurer : Global AuthenticationManager configured with AuthenticationProvider bean with name authenticationProvider
2026-09-09 21:51:05.996  WARN 12916 --- [  restartedMain] r$InitializeUserDetailsManagerConfigurer : Global AuthenticationManager configured with an AuthenticationProvider bean. UserDetailsService beans will not be used for username/password login. Consider removing the AuthenticationProvider bean. Alternatively, consider using the UserDetailsService in a manually instantiated DaoAuthenticationProvider.
2026-09-09 21:51:06.230  INFO 12916 --- [  restartedMain] c.e.firstapp.config.AsyncConfig          : Email thread pool initialized: core=2 max=5 queue=50
2026-09-09 21:51:06.739 DEBUG 12916 --- [  restartedMain] o.s.s.web.DefaultSecurityFilterChain     : Will secure any request with filters: DisableEncodeUrlFilter, WebAsyncManagerIntegrationFilter, SecurityContextHolderFilter, HeaderWriterFilter, LogoutFilter, JwtAuthFilter, RequestCacheAwareFilter, SecurityContextHolderAwareRequestFilter, AnonymousAuthenticationFilter, SessionManagementFilter, ExceptionTranslationFilter, AuthorizationFilter
2026-09-09 21:51:07.052  INFO 12916 --- [  restartedMain] o.s.b.d.a.OptionalLiveReloadServer       : LiveReload server is running on port 35729
2026-09-09 21:51:07.157  INFO 12916 --- [  restartedMain] o.s.b.w.e.tomcat.TomcatWebServer         : Tomcat started on port 8080 (http) with context path '/'
2026-09-09 21:51:07.171  INFO 12916 --- [  restartedMain] c.e.firstapp.FirstappApplication         : Started FirstappApplication in 6.302 seconds (process running for 6.91)
2026-09-09 21:59:53.768  INFO 12916 --- [nio-8080-exec-1] o.a.c.c.C.[Tomcat].[localhost].[/]       : Initializing Spring DispatcherServlet 'dispatcherServlet'
2026-09-09 21:59:53.773  INFO 12916 --- [nio-8080-exec-1] o.s.web.servlet.DispatcherServlet        : Initializing Servlet 'dispatcherServlet'
2026-09-09 21:59:53.781  INFO 12916 --- [nio-8080-exec-1] o.s.web.servlet.DispatcherServlet        : Completed initialization in 7 ms
2026-09-09 21:59:53.902 DEBUG 12916 --- [nio-8080-exec-1] o.s.security.web.FilterChainProxy        : Securing POST /api/v1/businesses/register
2026-09-09 21:59:53.917 DEBUG 12916 --- [nio-8080-exec-1] o.s.s.w.a.AnonymousAuthenticationFilter  : Set SecurityContextHolder to anonymous SecurityContext
2026-09-09 21:59:53.923 DEBUG 12916 --- [nio-8080-exec-1] o.s.security.web.FilterChainProxy        : Secured POST /api/v1/businesses/register
2026-09-09 21:59:54.483 DEBUG 12916 --- [nio-8080-exec-1] org.hibernate.SQL                        : 
    select
        u1_0.id 
    from
        users u1_0 
    where
        u1_0.email=? 
    limit
        ?
2026-09-09 21:59:54.504 DEBUG 12916 --- [nio-8080-exec-1] org.hibernate.SQL                        : 
    select
        b1_0.id 
    from
        businesses b1_0 
    where
        b1_0.registration_number=? 
    limit
        ?
2026-09-09 21:59:54.510 DEBUG 12916 --- [nio-8080-exec-1] org.hibernate.SQL                        : 
    select
        b1_0.id 
    from
        businesses b1_0 
    where
        b1_0.contact_email=? 
    limit
        ?
2026-09-09 21:59:54.904 DEBUG 12916 --- [nio-8080-exec-1] org.hibernate.SQL                        : 
    insert 
    into
        users
        (created_at, email, failed_attempts, is_active, is_locked, last_login_at, lock_time, password, role, updated_at, username) 
    values
        (?, ?, ?, ?, ?, ?, ?, ?, ?, ?, ?)
2026-09-09 21:59:54.980 DEBUG 12916 --- [nio-8080-exec-1] org.hibernate.SQL                        : 
    insert 
    into
        businesses
        (company_name, company_size, contact_email, contact_phone, created_at, description, city, country, postal_code, state, street, industry_type, logo_url, user_id, registration_number, status, updated_at, verification_status, verified_at, verified_by_admin_id, website) 
    values
        (?, ?, ?, ?, ?, ?, ?, ?, ?, ?, ?, ?, ?, ?, ?, ?, ?, ?, ?, ?, ?)
2026-09-09 22:00:00.062  WARN 12916 --- [ool housekeeper] com.zaxxer.hikari.pool.HikariPool        : BusinessAppHikariPool - Thread starvation or clock leap detected (housekeeper delta=2m56s120ms690µs400ns).
2026-09-09 22:00:01.115 DEBUG 12916 --- [nio-8080-exec-5] o.s.security.web.FilterChainProxy        : Securing POST /api/v1/businesses/register
2026-09-09 22:00:01.116 DEBUG 12916 --- [nio-8080-exec-5] o.s.s.w.a.AnonymousAuthenticationFilter  : Set SecurityContextHolder to anonymous SecurityContext
2026-09-09 22:00:01.117 DEBUG 12916 --- [nio-8080-exec-5] o.s.security.web.FilterChainProxy        : Secured POST /api/v1/businesses/register
2026-09-09 22:00:01.123 DEBUG 12916 --- [nio-8080-exec-5] org.hibernate.SQL                        : 
    select
        u1_0.id 
    from
        users u1_0 
    where
        u1_0.email=? 
    limit
        ?
2026-09-09 22:00:01.136  WARN 12916 --- [nio-8080-exec-5] c.e.f.handler.GlobalExceptionHandler     : Email conflict: Email already exists: Email is already in use
2026-09-09 22:00:01.148  WARN 12916 --- [nio-8080-exec-5] .m.m.a.ExceptionHandlerExceptionResolver : Resolved [com.example.firstapp.exception.EmailAlreadyExistsException: Email already exists: Email is already in use]
2026-09-09 22:01:08.723 DEBUG 12916 --- [nio-8080-exec-2] o.s.security.web.FilterChainProxy        : Securing POST /api/v1/auth/login
2026-09-09 22:01:08.725 DEBUG 12916 --- [nio-8080-exec-2] o.s.s.w.a.AnonymousAuthenticationFilter  : Set SecurityContextHolder to anonymous SecurityContext
2026-09-09 22:01:08.725 DEBUG 12916 --- [nio-8080-exec-2] o.s.security.web.FilterChainProxy        : Secured POST /api/v1/auth/login
2026-09-09 22:01:08.790  INFO 12916 --- [nio-8080-exec-2] c.e.f.controller.AuthController          : Login request received: tseries@gmail.com
2026-09-09 22:01:08.794  INFO 12916 --- [nio-8080-exec-2] c.e.firstapp.service.AuthService         : Login attempt for: tseries@gmail.com
2026-09-09 22:01:09.108 DEBUG 12916 --- [nio-8080-exec-2] org.hibernate.SQL                        : 
    select
        u1_0.id,
        u1_0.created_at,
        u1_0.email,
        u1_0.failed_attempts,
        u1_0.is_active,
        u1_0.is_locked,
        u1_0.last_login_at,
        u1_0.lock_time,
        u1_0.password,
        u1_0.role,
        u1_0.updated_at,
        u1_0.username 
    from
        users u1_0 
    where
        u1_0.email=?
2026-09-09 22:01:09.411 DEBUG 12916 --- [nio-8080-exec-2] o.s.s.a.d.DaoAuthenticationProvider      : Authenticated user
2026-09-09 22:01:09.430 DEBUG 12916 --- [nio-8080-exec-2] org.hibernate.SQL                        : 
    update
        users u1_0 
    set
        failed_attempts=0,
        is_locked=0,
        lock_time=null 
    where
        u1_0.email=?
2026-09-09 22:01:09.441 DEBUG 12916 --- [nio-8080-exec-2] org.hibernate.SQL                        : 
    update
        users u1_0 
    set
        last_login_at=? 
    where
        u1_0.email=?
2026-09-09 22:01:09.451 DEBUG 12916 --- [nio-8080-exec-2] org.hibernate.SQL                        : 
    select
        u1_0.id,
        u1_0.created_at,
        u1_0.email,
        u1_0.failed_attempts,
        u1_0.is_active,
        u1_0.is_locked,
        u1_0.last_login_at,
        u1_0.lock_time,
        u1_0.password,
        u1_0.role,
        u1_0.updated_at,
        u1_0.username 
    from
        users u1_0 
    where
        u1_0.email=?
2026-09-09 22:01:09.507  INFO 12916 --- [nio-8080-exec-2] c.e.firstapp.service.AuthService         : Login successful: tseries@gmail.com
2026-09-09 22:01:10.228 DEBUG 12916 --- [nio-8080-exec-9] o.s.security.web.FilterChainProxy        : Securing GET /api/v1/me/advisory-sessions
2026-09-09 22:01:10.238 DEBUG 12916 --- [nio-8080-exec-3] o.s.security.web.FilterChainProxy        : Securing GET /api/v1/me/suggestions
2026-09-09 22:01:10.238 DEBUG 12916 --- [nio-8080-exec-6] o.s.security.web.FilterChainProxy        : Securing GET /api/v1/opportunities
2026-09-09 22:01:10.238 DEBUG 12916 --- [nio-8080-exec-7] o.s.security.web.FilterChainProxy        : Securing GET /api/v1/me
2026-09-09 22:01:10.314 DEBUG 12916 --- [nio-8080-exec-6] org.hibernate.SQL                        : 
    select
        u1_0.id,
        u1_0.created_at,
        u1_0.email,
        u1_0.failed_attempts,
        u1_0.is_active,
        u1_0.is_locked,
        u1_0.last_login_at,
        u1_0.lock_time,
        u1_0.password,
        u1_0.role,
        u1_0.updated_at,
        u1_0.username 
    from
        users u1_0 
    where
        u1_0.email=?
2026-09-09 22:01:10.315 DEBUG 12916 --- [nio-8080-exec-7] org.hibernate.SQL                        : 
    select
        u1_0.id,
        u1_0.created_at,
        u1_0.email,
        u1_0.failed_attempts,
        u1_0.is_active,
        u1_0.is_locked,
        u1_0.last_login_at,
        u1_0.lock_time,
        u1_0.password,
        u1_0.role,
        u1_0.updated_at,
        u1_0.username 
    from
        users u1_0 
    where
        u1_0.email=?
2026-09-09 22:01:10.315 DEBUG 12916 --- [nio-8080-exec-3] org.hibernate.SQL                        : 
    select
        u1_0.id,
        u1_0.created_at,
        u1_0.email,
        u1_0.failed_attempts,
        u1_0.is_active,
        u1_0.is_locked,
        u1_0.last_login_at,
        u1_0.lock_time,
        u1_0.password,
        u1_0.role,
        u1_0.updated_at,
        u1_0.username 
    from
        users u1_0 
    where
        u1_0.email=?
2026-09-09 22:01:10.315 DEBUG 12916 --- [nio-8080-exec-9] org.hibernate.SQL                        : 
    select
        u1_0.id,
        u1_0.created_at,
        u1_0.email,
        u1_0.failed_attempts,
        u1_0.is_active,
        u1_0.is_locked,
        u1_0.last_login_at,
        u1_0.lock_time,
        u1_0.password,
        u1_0.role,
        u1_0.updated_at,
        u1_0.username 
    from
        users u1_0 
    where
        u1_0.email=?
2026-09-09 22:01:10.327 DEBUG 12916 --- [nio-8080-exec-6] o.s.security.web.FilterChainProxy        : Secured GET /api/v1/opportunities
2026-09-09 22:01:10.328 DEBUG 12916 --- [nio-8080-exec-7] o.s.security.web.FilterChainProxy        : Secured GET /api/v1/me
2026-09-09 22:01:10.328 DEBUG 12916 --- [nio-8080-exec-3] o.s.security.web.FilterChainProxy        : Secured GET /api/v1/me/suggestions
2026-09-09 22:01:10.330 DEBUG 12916 --- [nio-8080-exec-9] o.s.security.web.FilterChainProxy        : Secured GET /api/v1/me/advisory-sessions
2026-09-09 22:01:10.338 ERROR 12916 --- [nio-8080-exec-9] c.e.f.handler.GlobalExceptionHandler     : Unexpected error at /api/v1/me/advisory-sessions: No static resource api/v1/me/advisory-sessions.
org.springframework.web.servlet.resource.NoResourceFoundException: No static resource api/v1/me/advisory-sessions.
	at org.springframework.web.servlet.resource.ResourceHttpRequestHandler.handleRequest(ResourceHttpRequestHandler.java:586)
	at org.springframework.web.servlet.mvc.HttpRequestHandlerAdapter.handle(HttpRequestHandlerAdapter.java:52)
	at org.springframework.web.servlet.DispatcherServlet.doDispatch(DispatcherServlet.java:1089)
	at org.springframework.web.servlet.DispatcherServlet.doService(DispatcherServlet.java:979)
	at org.springframework.web.servlet.FrameworkServlet.processRequest(FrameworkServlet.java:1014)
	at org.springframework.web.servlet.FrameworkServlet.doGet(FrameworkServlet.java:903)
	at jakarta.servlet.http.HttpServlet.service(HttpServlet.java:564)
	at org.springframework.web.servlet.FrameworkServlet.service(FrameworkServlet.java:885)
	at jakarta.servlet.http.HttpServlet.service(HttpServlet.java:658)
	at org.apache.catalina.core.ApplicationFilterChain.internalDoFilter(ApplicationFilterChain.java:195)
	at org.apache.catalina.core.ApplicationFilterChain.doFilter(ApplicationFilterChain.java:140)
	at org.apache.tomcat.websocket.server.WsFilter.doFilter(WsFilter.java:51)
	at org.apache.catalina.core.ApplicationFilterChain.internalDoFilter(ApplicationFilterChain.java:164)
	at org.apache.catalina.core.ApplicationFilterChain.doFilter(ApplicationFilterChain.java:140)
	at org.springframework.web.filter.CompositeFilter$VirtualFilterChain.doFilter(CompositeFilter.java:108)
	at org.springframework.security.web.FilterChainProxy.lambda$doFilterInternal$3(FilterChainProxy.java:231)
	at org.springframework.security.web.FilterChainProxy$VirtualFilterChain.doFilter(FilterChainProxy.java:365)
	at org.springframework.security.web.access.intercept.AuthorizationFilter.doFilter(AuthorizationFilter.java:100)
	at org.springframework.security.web.FilterChainProxy$VirtualFilterChain.doFilter(FilterChainProxy.java:374)
	at org.springframework.security.web.access.ExceptionTranslationFilter.doFilter(ExceptionTranslationFilter.java:126)
	at org.springframework.security.web.access.ExceptionTranslationFilter.doFilter(ExceptionTranslationFilter.java:120)
	at org.springframework.security.web.FilterChainProxy$VirtualFilterChain.doFilter(FilterChainProxy.java:374)
	at org.springframework.security.web.session.SessionManagementFilter.doFilter(SessionManagementFilter.java:131)
	at org.springframework.security.web.session.SessionManagementFilter.doFilter(SessionManagementFilter.java:85)
	at org.springframework.security.web.FilterChainProxy$VirtualFilterChain.doFilter(FilterChainProxy.java:374)
	at org.springframework.security.web.authentication.AnonymousAuthenticationFilter.doFilter(AnonymousAuthenticationFilter.java:100)
	at org.springframework.security.web.FilterChainProxy$VirtualFilterChain.doFilter(FilterChainProxy.java:374)
	at org.springframework.security.web.servletapi.SecurityContextHolderAwareRequestFilter.doFilter(SecurityContextHolderAwareRequestFilter.java:179)
	at org.springframework.security.web.FilterChainProxy$VirtualFilterChain.doFilter(FilterChainProxy.java:374)
	at org.springframework.security.web.savedrequest.RequestCacheAwareFilter.doFilter(RequestCacheAwareFilter.java:63)
	at org.springframework.security.web.FilterChainProxy$VirtualFilterChain.doFilter(FilterChainProxy.java:374)
	at com.example.firstapp.filter.JwtAuthFilter.doFilterInternal(JwtAuthFilter.java:205)
	at org.springframework.web.filter.OncePerRequestFilter.doFilter(OncePerRequestFilter.java:116)
	at org.springframework.security.web.FilterChainProxy$VirtualFilterChain.doFilter(FilterChainProxy.java:374)
	at org.springframework.security.web.authentication.logout.LogoutFilter.doFilter(LogoutFilter.java:107)
	at org.springframework.security.web.authentication.logout.LogoutFilter.doFilter(LogoutFilter.java:93)
	at org.springframework.security.web.FilterChainProxy$VirtualFilterChain.doFilter(FilterChainProxy.java:374)
	at org.springframework.security.web.header.HeaderWriterFilter.doHeadersAfter(HeaderWriterFilter.java:90)
	at org.springframework.security.web.header.HeaderWriterFilter.doFilterInternal(HeaderWriterFilter.java:75)
	at org.springframework.web.filter.OncePerRequestFilter.doFilter(OncePerRequestFilter.java:116)
	at org.springframework.security.web.FilterChainProxy$VirtualFilterChain.doFilter(FilterChainProxy.java:374)
	at org.springframework.security.web.context.SecurityContextHolderFilter.doFilter(SecurityContextHolderFilter.java:82)
	at org.springframework.security.web.context.SecurityContextHolderFilter.doFilter(SecurityContextHolderFilter.java:69)
	at org.springframework.security.web.FilterChainProxy$VirtualFilterChain.doFilter(FilterChainProxy.java:374)
	at org.springframework.security.web.context.request.async.WebAsyncManagerIntegrationFilter.doFilterInternal(WebAsyncManagerIntegrationFilter.java:62)
	at org.springframework.web.filter.OncePerRequestFilter.doFilter(OncePerRequestFilter.java:116)
	at org.springframework.security.web.FilterChainProxy$VirtualFilterChain.doFilter(FilterChainProxy.java:374)
	at org.springframework.security.web.session.DisableEncodeUrlFilter.doFilterInternal(DisableEncodeUrlFilter.java:42)
	at org.springframework.web.filter.OncePerRequestFilter.doFilter(OncePerRequestFilter.java:116)
	at org.springframework.security.web.FilterChainProxy$VirtualFilterChain.doFilter(FilterChainProxy.java:374)
	at org.springframework.security.web.FilterChainProxy.doFilterInternal(FilterChainProxy.java:233)
	at org.springframework.security.web.FilterChainProxy.doFilter(FilterChainProxy.java:191)
	at org.springframework.web.filter.CompositeFilter$VirtualFilterChain.doFilter(CompositeFilter.java:113)
	at org.springframework.web.servlet.handler.HandlerMappingIntrospector.lambda$createCacheFilter$3(HandlerMappingIntrospector.java:195)
	at org.springframework.web.filter.CompositeFilter$VirtualFilterChain.doFilter(CompositeFilter.java:113)
	at org.springframework.web.filter.CompositeFilter.doFilter(CompositeFilter.java:74)
	at org.springframework.security.config.annotation.web.configuration.WebMvcSecurityConfiguration$CompositeFilterChainProxy.doFilter(WebMvcSecurityConfiguration.java:230)
	at org.springframework.web.filter.DelegatingFilterProxy.invokeDelegate(DelegatingFilterProxy.java:362)
	at org.springframework.web.filter.DelegatingFilterProxy.doFilter(DelegatingFilterProxy.java:278)
	at org.apache.catalina.core.ApplicationFilterChain.internalDoFilter(ApplicationFilterChain.java:164)
	at org.apache.catalina.core.ApplicationFilterChain.doFilter(ApplicationFilterChain.java:140)
	at org.springframework.web.filter.RequestContextFilter.doFilterInternal(RequestContextFilter.java:100)
	at org.springframework.web.filter.OncePerRequestFilter.doFilter(OncePerRequestFilter.java:116)
	at org.apache.catalina.core.ApplicationFilterChain.internalDoFilter(ApplicationFilterChain.java:164)
	at org.apache.catalina.core.ApplicationFilterChain.doFilter(ApplicationFilterChain.java:140)
	at org.springframework.web.filter.FormContentFilter.doFilterInternal(FormContentFilter.java:93)
	at org.springframework.web.filter.OncePerRequestFilter.doFilter(OncePerRequestFilter.java:116)
	at org.apache.catalina.core.ApplicationFilterChain.internalDoFilter(ApplicationFilterChain.java:164)
	at org.apache.catalina.core.ApplicationFilterChain.doFilter(ApplicationFilterChain.java:140)
	at org.springframework.web.filter.CharacterEncodingFilter.doFilterInternal(CharacterEncodingFilter.java:201)
	at org.springframework.web.filter.OncePerRequestFilter.doFilter(OncePerRequestFilter.java:116)
	at org.apache.catalina.core.ApplicationFilterChain.internalDoFilter(ApplicationFilterChain.java:164)
	at org.apache.catalina.core.ApplicationFilterChain.doFilter(ApplicationFilterChain.java:140)
	at com.example.firstapp.filter.RateLimitFilter.doFilterInternal(RateLimitFilter.java:161)
	at org.springframework.web.filter.OncePerRequestFilter.doFilter(OncePerRequestFilter.java:116)
	at org.apache.catalina.core.ApplicationFilterChain.internalDoFilter(ApplicationFilterChain.java:164)
	at org.apache.catalina.core.ApplicationFilterChain.doFilter(ApplicationFilterChain.java:140)
	at org.apache.catalina.core.StandardWrapperValve.invoke(StandardWrapperValve.java:167)
	at org.apache.catalina.core.StandardContextValve.invoke(StandardContextValve.java:90)
	at org.apache.catalina.authenticator.AuthenticatorBase.invoke(AuthenticatorBase.java:483)
	at org.apache.catalina.core.StandardHostValve.invoke(StandardHostValve.java:116)
	at org.apache.catalina.valves.ErrorReportValve.invoke(ErrorReportValve.java:93)
	at org.apache.catalina.core.StandardEngineValve.invoke(StandardEngineValve.java:74)
	at org.apache.catalina.connector.CoyoteAdapter.service(CoyoteAdapter.java:344)
	at org.apache.coyote.http11.Http11Processor.service(Http11Processor.java:398)
	at org.apache.coyote.AbstractProcessorLight.process(AbstractProcessorLight.java:63)
	at org.apache.coyote.AbstractProtocol$ConnectionHandler.process(AbstractProtocol.java:903)
	at org.apache.tomcat.util.net.NioEndpoint$SocketProcessor.doRun(NioEndpoint.java:1769)
	at org.apache.tomcat.util.net.SocketProcessorBase.run(SocketProcessorBase.java:52)
	at org.apache.tomcat.util.threads.ThreadPoolExecutor.runWorker(ThreadPoolExecutor.java:1189)
	at org.apache.tomcat.util.threads.ThreadPoolExecutor$Worker.run(ThreadPoolExecutor.java:658)
	at org.apache.tomcat.util.threads.TaskThread$WrappingRunnable.run(TaskThread.java:63)
	at java.base/java.lang.Thread.run(Thread.java:1474)
2026-09-09 22:01:10.336 ERROR 12916 --- [nio-8080-exec-3] c.e.f.handler.GlobalExceptionHandler     : Unexpected error at /api/v1/me/suggestions: No static resource api/v1/me/suggestions.
org.springframework.web.servlet.resource.NoResourceFoundException: No static resource api/v1/me/suggestions.
	at org.springframework.web.servlet.resource.ResourceHttpRequestHandler.handleRequest(ResourceHttpRequestHandler.java:586)
	at org.springframework.web.servlet.mvc.HttpRequestHandlerAdapter.handle(HttpRequestHandlerAdapter.java:52)
	at org.springframework.web.servlet.DispatcherServlet.doDispatch(DispatcherServlet.java:1089)
	at org.springframework.web.servlet.DispatcherServlet.doService(DispatcherServlet.java:979)
	at org.springframework.web.servlet.FrameworkServlet.processRequest(FrameworkServlet.java:1014)
	at org.springframework.web.servlet.FrameworkServlet.doGet(FrameworkServlet.java:903)
	at jakarta.servlet.http.HttpServlet.service(HttpServlet.java:564)
	at org.springframework.web.servlet.FrameworkServlet.service(FrameworkServlet.java:885)
	at jakarta.servlet.http.HttpServlet.service(HttpServlet.java:658)
	at org.apache.catalina.core.ApplicationFilterChain.internalDoFilter(ApplicationFilterChain.java:195)
	at org.apache.catalina.core.ApplicationFilterChain.doFilter(ApplicationFilterChain.java:140)
	at org.apache.tomcat.websocket.server.WsFilter.doFilter(WsFilter.java:51)
	at org.apache.catalina.core.ApplicationFilterChain.internalDoFilter(ApplicationFilterChain.java:164)
	at org.apache.catalina.core.ApplicationFilterChain.doFilter(ApplicationFilterChain.java:140)
	at org.springframework.web.filter.CompositeFilter$VirtualFilterChain.doFilter(CompositeFilter.java:108)
	at org.springframework.security.web.FilterChainProxy.lambda$doFilterInternal$3(FilterChainProxy.java:231)
	at org.springframework.security.web.FilterChainProxy$VirtualFilterChain.doFilter(FilterChainProxy.java:365)
	at org.springframework.security.web.access.intercept.AuthorizationFilter.doFilter(AuthorizationFilter.java:100)
	at org.springframework.security.web.FilterChainProxy$VirtualFilterChain.doFilter(FilterChainProxy.java:374)
	at org.springframework.security.web.access.ExceptionTranslationFilter.doFilter(ExceptionTranslationFilter.java:126)
	at org.springframework.security.web.access.ExceptionTranslationFilter.doFilter(ExceptionTranslationFilter.java:120)
	at org.springframework.security.web.FilterChainProxy$VirtualFilterChain.doFilter(FilterChainProxy.java:374)
	at org.springframework.security.web.session.SessionManagementFilter.doFilter(SessionManagementFilter.java:131)
	at org.springframework.security.web.session.SessionManagementFilter.doFilter(SessionManagementFilter.java:85)
	at org.springframework.security.web.FilterChainProxy$VirtualFilterChain.doFilter(FilterChainProxy.java:374)
	at org.springframework.security.web.authentication.AnonymousAuthenticationFilter.doFilter(AnonymousAuthenticationFilter.java:100)
	at org.springframework.security.web.FilterChainProxy$VirtualFilterChain.doFilter(FilterChainProxy.java:374)
	at org.springframework.security.web.servletapi.SecurityContextHolderAwareRequestFilter.doFilter(SecurityContextHolderAwareRequestFilter.java:179)
	at org.springframework.security.web.FilterChainProxy$VirtualFilterChain.doFilter(FilterChainProxy.java:374)
	at org.springframework.security.web.savedrequest.RequestCacheAwareFilter.doFilter(RequestCacheAwareFilter.java:63)
	at org.springframework.security.web.FilterChainProxy$VirtualFilterChain.doFilter(FilterChainProxy.java:374)
	at com.example.firstapp.filter.JwtAuthFilter.doFilterInternal(JwtAuthFilter.java:205)
	at org.springframework.web.filter.OncePerRequestFilter.doFilter(OncePerRequestFilter.java:116)
	at org.springframework.security.web.FilterChainProxy$VirtualFilterChain.doFilter(FilterChainProxy.java:374)
	at org.springframework.security.web.authentication.logout.LogoutFilter.doFilter(LogoutFilter.java:107)
	at org.springframework.security.web.authentication.logout.LogoutFilter.doFilter(LogoutFilter.java:93)
	at org.springframework.security.web.FilterChainProxy$VirtualFilterChain.doFilter(FilterChainProxy.java:374)
	at org.springframework.security.web.header.HeaderWriterFilter.doHeadersAfter(HeaderWriterFilter.java:90)
	at org.springframework.security.web.header.HeaderWriterFilter.doFilterInternal(HeaderWriterFilter.java:75)
	at org.springframework.web.filter.OncePerRequestFilter.doFilter(OncePerRequestFilter.java:116)
	at org.springframework.security.web.FilterChainProxy$VirtualFilterChain.doFilter(FilterChainProxy.java:374)
	at org.springframework.security.web.context.SecurityContextHolderFilter.doFilter(SecurityContextHolderFilter.java:82)
	at org.springframework.security.web.context.SecurityContextHolderFilter.doFilter(SecurityContextHolderFilter.java:69)
	at org.springframework.security.web.FilterChainProxy$VirtualFilterChain.doFilter(FilterChainProxy.java:374)
	at org.springframework.security.web.context.request.async.WebAsyncManagerIntegrationFilter.doFilterInternal(WebAsyncManagerIntegrationFilter.java:62)
	at org.springframework.web.filter.OncePerRequestFilter.doFilter(OncePerRequestFilter.java:116)
	at org.springframework.security.web.FilterChainProxy$VirtualFilterChain.doFilter(FilterChainProxy.java:374)
	at org.springframework.security.web.session.DisableEncodeUrlFilter.doFilterInternal(DisableEncodeUrlFilter.java:42)
	at org.springframework.web.filter.OncePerRequestFilter.doFilter(OncePerRequestFilter.java:116)
	at org.springframework.security.web.FilterChainProxy$VirtualFilterChain.doFilter(FilterChainProxy.java:374)
	at org.springframework.security.web.FilterChainProxy.doFilterInternal(FilterChainProxy.java:233)
	at org.springframework.security.web.FilterChainProxy.doFilter(FilterChainProxy.java:191)
	at org.springframework.web.filter.CompositeFilter$VirtualFilterChain.doFilter(CompositeFilter.java:113)
	at org.springframework.web.servlet.handler.HandlerMappingIntrospector.lambda$createCacheFilter$3(HandlerMappingIntrospector.java:195)
	at org.springframework.web.filter.CompositeFilter$VirtualFilterChain.doFilter(CompositeFilter.java:113)
	at org.springframework.web.filter.CompositeFilter.doFilter(CompositeFilter.java:74)
	at org.springframework.security.config.annotation.web.configuration.WebMvcSecurityConfiguration$CompositeFilterChainProxy.doFilter(WebMvcSecurityConfiguration.java:230)
	at org.springframework.web.filter.DelegatingFilterProxy.invokeDelegate(DelegatingFilterProxy.java:362)
	at org.springframework.web.filter.DelegatingFilterProxy.doFilter(DelegatingFilterProxy.java:278)
	at org.apache.catalina.core.ApplicationFilterChain.internalDoFilter(ApplicationFilterChain.java:164)
	at org.apache.catalina.core.ApplicationFilterChain.doFilter(ApplicationFilterChain.java:140)
	at org.springframework.web.filter.RequestContextFilter.doFilterInternal(RequestContextFilter.java:100)
	at org.springframework.web.filter.OncePerRequestFilter.doFilter(OncePerRequestFilter.java:116)
	at org.apache.catalina.core.ApplicationFilterChain.internalDoFilter(ApplicationFilterChain.java:164)
	at org.apache.catalina.core.ApplicationFilterChain.doFilter(ApplicationFilterChain.java:140)
	at org.springframework.web.filter.FormContentFilter.doFilterInternal(FormContentFilter.java:93)
	at org.springframework.web.filter.OncePerRequestFilter.doFilter(OncePerRequestFilter.java:116)
	at org.apache.catalina.core.ApplicationFilterChain.internalDoFilter(ApplicationFilterChain.java:164)
	at org.apache.catalina.core.ApplicationFilterChain.doFilter(ApplicationFilterChain.java:140)
	at org.springframework.web.filter.CharacterEncodingFilter.doFilterInternal(CharacterEncodingFilter.java:201)
	at org.springframework.web.filter.OncePerRequestFilter.doFilter(OncePerRequestFilter.java:116)
	at org.apache.catalina.core.ApplicationFilterChain.internalDoFilter(ApplicationFilterChain.java:164)
	at org.apache.catalina.core.ApplicationFilterChain.doFilter(ApplicationFilterChain.java:140)
	at com.example.firstapp.filter.RateLimitFilter.doFilterInternal(RateLimitFilter.java:161)
	at org.springframework.web.filter.OncePerRequestFilter.doFilter(OncePerRequestFilter.java:116)
	at org.apache.catalina.core.ApplicationFilterChain.internalDoFilter(ApplicationFilterChain.java:164)
	at org.apache.catalina.core.ApplicationFilterChain.doFilter(ApplicationFilterChain.java:140)
	at org.apache.catalina.core.StandardWrapperValve.invoke(StandardWrapperValve.java:167)
	at org.apache.catalina.core.StandardContextValve.invoke(StandardContextValve.java:90)
	at org.apache.catalina.authenticator.AuthenticatorBase.invoke(AuthenticatorBase.java:483)
	at org.apache.catalina.core.StandardHostValve.invoke(StandardHostValve.java:116)
	at org.apache.catalina.valves.ErrorReportValve.invoke(ErrorReportValve.java:93)
	at org.apache.catalina.core.StandardEngineValve.invoke(StandardEngineValve.java:74)
	at org.apache.catalina.connector.CoyoteAdapter.service(CoyoteAdapter.java:344)
	at org.apache.coyote.http11.Http11Processor.service(Http11Processor.java:398)
	at org.apache.coyote.AbstractProcessorLight.process(AbstractProcessorLight.java:63)
	at org.apache.coyote.AbstractProtocol$ConnectionHandler.process(AbstractProtocol.java:903)
	at org.apache.tomcat.util.net.NioEndpoint$SocketProcessor.doRun(NioEndpoint.java:1769)
	at org.apache.tomcat.util.net.SocketProcessorBase.run(SocketProcessorBase.java:52)
	at org.apache.tomcat.util.threads.ThreadPoolExecutor.runWorker(ThreadPoolExecutor.java:1189)
	at org.apache.tomcat.util.threads.ThreadPoolExecutor$Worker.run(ThreadPoolExecutor.java:658)
	at org.apache.tomcat.util.threads.TaskThread$WrappingRunnable.run(TaskThread.java:63)
	at java.base/java.lang.Thread.run(Thread.java:1474)
2026-09-09 22:01:10.342 ERROR 12916 --- [nio-8080-exec-7] c.e.f.handler.GlobalExceptionHandler     : Unexpected error at /api/v1/me: No static resource api/v1/me.
org.springframework.web.servlet.resource.NoResourceFoundException: No static resource api/v1/me.
	at org.springframework.web.servlet.resource.ResourceHttpRequestHandler.handleRequest(ResourceHttpRequestHandler.java:586)
	at org.springframework.web.servlet.mvc.HttpRequestHandlerAdapter.handle(HttpRequestHandlerAdapter.java:52)
	at org.springframework.web.servlet.DispatcherServlet.doDispatch(DispatcherServlet.java:1089)
	at org.springframework.web.servlet.DispatcherServlet.doService(DispatcherServlet.java:979)
	at org.springframework.web.servlet.FrameworkServlet.processRequest(FrameworkServlet.java:1014)
	at org.springframework.web.servlet.FrameworkServlet.doGet(FrameworkServlet.java:903)
	at jakarta.servlet.http.HttpServlet.service(HttpServlet.java:564)
	at org.springframework.web.servlet.FrameworkServlet.service(FrameworkServlet.java:885)
	at jakarta.servlet.http.HttpServlet.service(HttpServlet.java:658)
	at org.apache.catalina.core.ApplicationFilterChain.internalDoFilter(ApplicationFilterChain.java:195)
	at org.apache.catalina.core.ApplicationFilterChain.doFilter(ApplicationFilterChain.java:140)
	at org.apache.tomcat.websocket.server.WsFilter.doFilter(WsFilter.java:51)
	at org.apache.catalina.core.ApplicationFilterChain.internalDoFilter(ApplicationFilterChain.java:164)
	at org.apache.catalina.core.ApplicationFilterChain.doFilter(ApplicationFilterChain.java:140)
	at org.springframework.web.filter.CompositeFilter$VirtualFilterChain.doFilter(CompositeFilter.java:108)
	at org.springframework.security.web.FilterChainProxy.lambda$doFilterInternal$3(FilterChainProxy.java:231)
	at org.springframework.security.web.FilterChainProxy$VirtualFilterChain.doFilter(FilterChainProxy.java:365)
	at org.springframework.security.web.access.intercept.AuthorizationFilter.doFilter(AuthorizationFilter.java:100)
	at org.springframework.security.web.FilterChainProxy$VirtualFilterChain.doFilter(FilterChainProxy.java:374)
	at org.springframework.security.web.access.ExceptionTranslationFilter.doFilter(ExceptionTranslationFilter.java:126)
	at org.springframework.security.web.access.ExceptionTranslationFilter.doFilter(ExceptionTranslationFilter.java:120)
	at org.springframework.security.web.FilterChainProxy$VirtualFilterChain.doFilter(FilterChainProxy.java:374)
	at org.springframework.security.web.session.SessionManagementFilter.doFilter(SessionManagementFilter.java:131)
	at org.springframework.security.web.session.SessionManagementFilter.doFilter(SessionManagementFilter.java:85)
	at org.springframework.security.web.FilterChainProxy$VirtualFilterChain.doFilter(FilterChainProxy.java:374)
	at org.springframework.security.web.authentication.AnonymousAuthenticationFilter.doFilter(AnonymousAuthenticationFilter.java:100)
	at org.springframework.security.web.FilterChainProxy$VirtualFilterChain.doFilter(FilterChainProxy.java:374)
	at org.springframework.security.web.servletapi.SecurityContextHolderAwareRequestFilter.doFilter(SecurityContextHolderAwareRequestFilter.java:179)
	at org.springframework.security.web.FilterChainProxy$VirtualFilterChain.doFilter(FilterChainProxy.java:374)
	at org.springframework.security.web.savedrequest.RequestCacheAwareFilter.doFilter(RequestCacheAwareFilter.java:63)
	at org.springframework.security.web.FilterChainProxy$VirtualFilterChain.doFilter(FilterChainProxy.java:374)
	at com.example.firstapp.filter.JwtAuthFilter.doFilterInternal(JwtAuthFilter.java:205)
	at org.springframework.web.filter.OncePerRequestFilter.doFilter(OncePerRequestFilter.java:116)
	at org.springframework.security.web.FilterChainProxy$VirtualFilterChain.doFilter(FilterChainProxy.java:374)
	at org.springframework.security.web.authentication.logout.LogoutFilter.doFilter(LogoutFilter.java:107)
	at org.springframework.security.web.authentication.logout.LogoutFilter.doFilter(LogoutFilter.java:93)
	at org.springframework.security.web.FilterChainProxy$VirtualFilterChain.doFilter(FilterChainProxy.java:374)
	at org.springframework.security.web.header.HeaderWriterFilter.doHeadersAfter(HeaderWriterFilter.java:90)
	at org.springframework.security.web.header.HeaderWriterFilter.doFilterInternal(HeaderWriterFilter.java:75)
	at org.springframework.web.filter.OncePerRequestFilter.doFilter(OncePerRequestFilter.java:116)
	at org.springframework.security.web.FilterChainProxy$VirtualFilterChain.doFilter(FilterChainProxy.java:374)
	at org.springframework.security.web.context.SecurityContextHolderFilter.doFilter(SecurityContextHolderFilter.java:82)
	at org.springframework.security.web.context.SecurityContextHolderFilter.doFilter(SecurityContextHolderFilter.java:69)
	at org.springframework.security.web.FilterChainProxy$VirtualFilterChain.doFilter(FilterChainProxy.java:374)
	at org.springframework.security.web.context.request.async.WebAsyncManagerIntegrationFilter.doFilterInternal(WebAsyncManagerIntegrationFilter.java:62)
	at org.springframework.web.filter.OncePerRequestFilter.doFilter(OncePerRequestFilter.java:116)
	at org.springframework.security.web.FilterChainProxy$VirtualFilterChain.doFilter(FilterChainProxy.java:374)
	at org.springframework.security.web.session.DisableEncodeUrlFilter.doFilterInternal(DisableEncodeUrlFilter.java:42)
	at org.springframework.web.filter.OncePerRequestFilter.doFilter(OncePerRequestFilter.java:116)
	at org.springframework.security.web.FilterChainProxy$VirtualFilterChain.doFilter(FilterChainProxy.java:374)
	at org.springframework.security.web.FilterChainProxy.doFilterInternal(FilterChainProxy.java:233)
	at org.springframework.security.web.FilterChainProxy.doFilter(FilterChainProxy.java:191)
	at org.springframework.web.filter.CompositeFilter$VirtualFilterChain.doFilter(CompositeFilter.java:113)
	at org.springframework.web.servlet.handler.HandlerMappingIntrospector.lambda$createCacheFilter$3(HandlerMappingIntrospector.java:195)
	at org.springframework.web.filter.CompositeFilter$VirtualFilterChain.doFilter(CompositeFilter.java:113)
	at org.springframework.web.filter.CompositeFilter.doFilter(CompositeFilter.java:74)
	at org.springframework.security.config.annotation.web.configuration.WebMvcSecurityConfiguration$CompositeFilterChainProxy.doFilter(WebMvcSecurityConfiguration.java:230)
	at org.springframework.web.filter.DelegatingFilterProxy.invokeDelegate(DelegatingFilterProxy.java:362)
	at org.springframework.web.filter.DelegatingFilterProxy.doFilter(DelegatingFilterProxy.java:278)
	at org.apache.catalina.core.ApplicationFilterChain.internalDoFilter(ApplicationFilterChain.java:164)
	at org.apache.catalina.core.ApplicationFilterChain.doFilter(ApplicationFilterChain.java:140)
	at org.springframework.web.filter.RequestContextFilter.doFilterInternal(RequestContextFilter.java:100)
	at org.springframework.web.filter.OncePerRequestFilter.doFilter(OncePerRequestFilter.java:116)
	at org.apache.catalina.core.ApplicationFilterChain.internalDoFilter(ApplicationFilterChain.java:164)
	at org.apache.catalina.core.ApplicationFilterChain.doFilter(ApplicationFilterChain.java:140)
	at org.springframework.web.filter.FormContentFilter.doFilterInternal(FormContentFilter.java:93)
	at org.springframework.web.filter.OncePerRequestFilter.doFilter(OncePerRequestFilter.java:116)
	at org.apache.catalina.core.ApplicationFilterChain.internalDoFilter(ApplicationFilterChain.java:164)
	at org.apache.catalina.core.ApplicationFilterChain.doFilter(ApplicationFilterChain.java:140)
	at org.springframework.web.filter.CharacterEncodingFilter.doFilterInternal(CharacterEncodingFilter.java:201)
	at org.springframework.web.filter.OncePerRequestFilter.doFilter(OncePerRequestFilter.java:116)
	at org.apache.catalina.core.ApplicationFilterChain.internalDoFilter(ApplicationFilterChain.java:164)
	at org.apache.catalina.core.ApplicationFilterChain.doFilter(ApplicationFilterChain.java:140)
	at com.example.firstapp.filter.RateLimitFilter.doFilterInternal(RateLimitFilter.java:161)
	at org.springframework.web.filter.OncePerRequestFilter.doFilter(OncePerRequestFilter.java:116)
	at org.apache.catalina.core.ApplicationFilterChain.internalDoFilter(ApplicationFilterChain.java:164)
	at org.apache.catalina.core.ApplicationFilterChain.doFilter(ApplicationFilterChain.java:140)
	at org.apache.catalina.core.StandardWrapperValve.invoke(StandardWrapperValve.java:167)
	at org.apache.catalina.core.StandardContextValve.invoke(StandardContextValve.java:90)
	at org.apache.catalina.authenticator.AuthenticatorBase.invoke(AuthenticatorBase.java:483)
	at org.apache.catalina.core.StandardHostValve.invoke(StandardHostValve.java:116)
	at org.apache.catalina.valves.ErrorReportValve.invoke(ErrorReportValve.java:93)
	at org.apache.catalina.core.StandardEngineValve.invoke(StandardEngineValve.java:74)
	at org.apache.catalina.connector.CoyoteAdapter.service(CoyoteAdapter.java:344)
	at org.apache.coyote.http11.Http11Processor.service(Http11Processor.java:398)
	at org.apache.coyote.AbstractProcessorLight.process(AbstractProcessorLight.java:63)
	at org.apache.coyote.AbstractProtocol$ConnectionHandler.process(AbstractProtocol.java:903)
	at org.apache.tomcat.util.net.NioEndpoint$SocketProcessor.doRun(NioEndpoint.java:1769)
	at org.apache.tomcat.util.net.SocketProcessorBase.run(SocketProcessorBase.java:52)
	at org.apache.tomcat.util.threads.ThreadPoolExecutor.runWorker(ThreadPoolExecutor.java:1189)
	at org.apache.tomcat.util.threads.ThreadPoolExecutor$Worker.run(ThreadPoolExecutor.java:658)
	at org.apache.tomcat.util.threads.TaskThread$WrappingRunnable.run(TaskThread.java:63)
	at java.base/java.lang.Thread.run(Thread.java:1474)
2026-09-09 22:01:10.357  WARN 12916 --- [nio-8080-exec-3] .m.m.a.ExceptionHandlerExceptionResolver : Resolved [org.springframework.web.servlet.resource.NoResourceFoundException: No static resource api/v1/me/suggestions.]
2026-09-09 22:01:10.358  WARN 12916 --- [nio-8080-exec-9] .m.m.a.ExceptionHandlerExceptionResolver : Resolved [org.springframework.web.servlet.resource.NoResourceFoundException: No static resource api/v1/me/advisory-sessions.]
2026-09-09 22:01:10.358  WARN 12916 --- [nio-8080-exec-7] .m.m.a.ExceptionHandlerExceptionResolver : Resolved [org.springframework.web.servlet.resource.NoResourceFoundException: No static resource api/v1/me.]
2026-09-09 22:01:10.397  WARN 12916 --- [nio-8080-exec-6] org.hibernate.orm.query                  : HHH90003004: firstResult/maxResults specified with collection fetch; applying in memory
2026-09-09 22:01:10.429 DEBUG 12916 --- [nio-8080-exec-6] org.hibernate.SQL                        : 
    select
        o1_0.id,
        o1_0.application_deadline,
        o1_0.business_id,
        b1_0.id,
        b1_0.company_name,
        b1_0.company_size,
        b1_0.contact_email,
        b1_0.contact_phone,
        b1_0.created_at,
        b1_0.description,
        b1_0.city,
        b1_0.country,
        b1_0.postal_code,
        b1_0.state,
        b1_0.street,
        b1_0.industry_type,
        b1_0.logo_url,
        b1_0.user_id,
        b1_0.registration_number,
        b1_0.status,
        b1_0.updated_at,
        b1_0.verification_status,
        b1_0.verified_at,
        b1_0.verified_by_admin_id,
        b1_0.website,
        o1_0.business_name,
        o1_0.compensation_currency,
        o1_0.compensation_disclosed,
        o1_0.compensation_max,
        o1_0.compensation_min,
        o1_0.created_at,
        o1_0.description,
        o1_0.experience_level,
        o1_0.location,
        o1_0.openings,
        o1_0.posted_at,
        r1_0.opportunity_id,
        r1_0.responsibility,
        o1_0.specialization,
        o1_0.status,
        o1_0.title,
        o1_0.type,
        o1_0.updated_at,
        o1_0.work_mode 
    from
        opportunities o1_0 
    join
        businesses b1_0 
            on b1_0.id=o1_0.business_id 
    left join
        opportunity_responsibilities r1_0 
            on o1_0.id=r1_0.opportunity_id 
    where
        o1_0.status=? 
    order by
        o1_0.posted_at desc
2026-09-09 22:01:10.498 DEBUG 12916 --- [nio-8080-exec-6] org.hibernate.SQL                        : 
    select
        rs1_0.opportunity_id,
        rs1_0.skill 
    from
        opportunity_required_skills rs1_0 
    where
        rs1_0.opportunity_id in (?, ?, ?, ?, ?, ?, ?, ?, ?, ?, ?, ?, ?, ?, ?, ?, ?, ?, ?, ?, ?, ?, ?, ?, ?)
2026-09-09 22:01:10.514 DEBUG 12916 --- [nio-8080-exec-6] org.hibernate.SQL                        : 
    select
        q1_0.opportunity_id,
        q1_0.qualification 
    from
        opportunity_qualifications q1_0 
    where
        q1_0.opportunity_id in (?, ?, ?, ?, ?, ?, ?, ?, ?, ?, ?, ?, ?, ?, ?, ?, ?, ?, ?, ?, ?, ?, ?, ?, ?)
2026-09-09 22:02:24.609 DEBUG 12916 --- [nio-8080-exec-1] o.s.security.web.FilterChainProxy        : Securing POST /api/v1/opportunities
2026-09-09 22:02:24.615 DEBUG 12916 --- [nio-8080-exec-1] org.hibernate.SQL                        : 
    select
        u1_0.id,
        u1_0.created_at,
        u1_0.email,
        u1_0.failed_attempts,
        u1_0.is_active,
        u1_0.is_locked,
        u1_0.last_login_at,
        u1_0.lock_time,
        u1_0.password,
        u1_0.role,
        u1_0.updated_at,
        u1_0.username 
    from
        users u1_0 
    where
        u1_0.email=?
2026-09-09 22:02:24.628 DEBUG 12916 --- [nio-8080-exec-1] o.s.security.web.FilterChainProxy        : Secured POST /api/v1/opportunities
2026-09-09 22:02:24.667 DEBUG 12916 --- [nio-8080-exec-1] horizationManagerBeforeMethodInterceptor : Authorizing method invocation ReflectiveMethodInvocation: public org.springframework.http.ResponseEntity com.example.firstapp.controller.OpportunityController.createOpportunity(com.example.firstapp.dto.OpportunityCreateRequest,com.example.firstapp.entity.User); target is of class [com.example.firstapp.controller.OpportunityController]
2026-09-09 22:02:24.725 DEBUG 12916 --- [nio-8080-exec-1] horizationManagerBeforeMethodInterceptor : Authorized method invocation ReflectiveMethodInvocation: public org.springframework.http.ResponseEntity com.example.firstapp.controller.OpportunityController.createOpportunity(com.example.firstapp.dto.OpportunityCreateRequest,com.example.firstapp.entity.User); target is of class [com.example.firstapp.controller.OpportunityController]
2026-09-09 22:02:24.725  INFO 12916 --- [nio-8080-exec-1] c.e.f.c.OpportunityController            : Create opportunity request from user: 32
2026-09-09 22:02:24.726  INFO 12916 --- [nio-8080-exec-1] c.e.f.service.OpportunityService         : Creating opportunity for user: 32
2026-09-09 22:02:24.731 DEBUG 12916 --- [nio-8080-exec-1] org.hibernate.SQL                        : 
    select
        b1_0.id,
        b1_0.company_name,
        b1_0.company_size,
        b1_0.contact_email,
        b1_0.contact_phone,
        b1_0.created_at,
        b1_0.description,
        b1_0.city,
        b1_0.country,
        b1_0.postal_code,
        b1_0.state,
        b1_0.street,
        b1_0.industry_type,
        b1_0.logo_url,
        b1_0.user_id,
        b1_0.registration_number,
        b1_0.status,
        b1_0.updated_at,
        b1_0.verification_status,
        b1_0.verified_at,
        b1_0.verified_by_admin_id,
        b1_0.website 
    from
        businesses b1_0 
    where
        b1_0.user_id=?
2026-09-09 22:02:24.741 DEBUG 12916 --- [nio-8080-exec-1] org.hibernate.SQL                        : 
    insert 
    into
        opportunities
        (application_deadline, business_id, business_name, compensation_currency, compensation_disclosed, compensation_max, compensation_min, created_at, description, experience_level, location, openings, posted_at, specialization, status, title, type, updated_at, work_mode) 
    values
        (?, ?, ?, ?, ?, ?, ?, ?, ?, ?, ?, ?, ?, ?, ?, ?, ?, ?, ?)
2026-09-09 22:02:24.749  INFO 12916 --- [nio-8080-exec-1] c.e.f.service.OpportunityService         : Opportunity created successfully: 19
2026-09-09 22:02:24.755 DEBUG 12916 --- [nio-8080-exec-1] org.hibernate.SQL                        : 
    insert 
    into
        opportunity_qualifications
        (opportunity_id, qualification) 
    values
        (?, ?)
2026-09-09 22:02:24.759 DEBUG 12916 --- [nio-8080-exec-1] org.hibernate.SQL                        : 
    insert 
    into
        opportunity_qualifications
        (opportunity_id, qualification) 
    values
        (?, ?)
2026-09-09 22:02:24.762 DEBUG 12916 --- [nio-8080-exec-1] org.hibernate.SQL                        : 
    insert 
    into
        opportunity_required_skills
        (opportunity_id, skill) 
    values
        (?, ?)
2026-09-09 22:02:24.764 DEBUG 12916 --- [nio-8080-exec-1] org.hibernate.SQL                        : 
    insert 
    into
        opportunity_required_skills
        (opportunity_id, skill) 
    values
        (?, ?)
2026-09-09 22:02:24.765 DEBUG 12916 --- [nio-8080-exec-1] org.hibernate.SQL                        : 
    insert 
    into
        opportunity_responsibilities
        (opportunity_id, responsibility) 
    values
        (?, ?)
2026-09-09 22:02:24.768 DEBUG 12916 --- [nio-8080-exec-1] org.hibernate.SQL                        : 
    insert 
    into
        opportunity_responsibilities
        (opportunity_id, responsibility) 
    values
        (?, ?)
2026-09-09 22:02:24.773 DEBUG 12916 --- [nio-8080-exec-1] org.hibernate.SQL                        : 
    insert 
    into
        opportunity_responsibilities
        (opportunity_id, responsibility) 
    values
        (?, ?)
2026-09-09 22:02:41.192 DEBUG 12916 --- [nio-8080-exec-5] o.s.security.web.FilterChainProxy        : Securing POST /api/v1/opportunities
2026-09-09 22:02:41.198 DEBUG 12916 --- [nio-8080-exec-5] org.hibernate.SQL                        : 
    select
        u1_0.id,
        u1_0.created_at,
        u1_0.email,
        u1_0.failed_attempts,
        u1_0.is_active,
        u1_0.is_locked,
        u1_0.last_login_at,
        u1_0.lock_time,
        u1_0.password,
        u1_0.role,
        u1_0.updated_at,
        u1_0.username 
    from
        users u1_0 
    where
        u1_0.email=?
2026-09-09 22:02:41.207 DEBUG 12916 --- [nio-8080-exec-5] o.s.security.web.FilterChainProxy        : Secured POST /api/v1/opportunities
2026-09-09 22:02:41.210 DEBUG 12916 --- [nio-8080-exec-5] horizationManagerBeforeMethodInterceptor : Authorizing method invocation ReflectiveMethodInvocation: public org.springframework.http.ResponseEntity com.example.firstapp.controller.OpportunityController.createOpportunity(com.example.firstapp.dto.OpportunityCreateRequest,com.example.firstapp.entity.User); target is of class [com.example.firstapp.controller.OpportunityController]
2026-09-09 22:02:41.211 DEBUG 12916 --- [nio-8080-exec-5] horizationManagerBeforeMethodInterceptor : Authorized method invocation ReflectiveMethodInvocation: public org.springframework.http.ResponseEntity com.example.firstapp.controller.OpportunityController.createOpportunity(com.example.firstapp.dto.OpportunityCreateRequest,com.example.firstapp.entity.User); target is of class [com.example.firstapp.controller.OpportunityController]
2026-09-09 22:02:41.212  INFO 12916 --- [nio-8080-exec-5] c.e.f.c.OpportunityController            : Create opportunity request from user: 32
2026-09-09 22:02:41.213  INFO 12916 --- [nio-8080-exec-5] c.e.f.service.OpportunityService         : Creating opportunity for user: 32
2026-09-09 22:02:41.216 DEBUG 12916 --- [nio-8080-exec-5] org.hibernate.SQL                        : 
    select
        b1_0.id,
        b1_0.company_name,
        b1_0.company_size,
        b1_0.contact_email,
        b1_0.contact_phone,
        b1_0.created_at,
        b1_0.description,
        b1_0.city,
        b1_0.country,
        b1_0.postal_code,
        b1_0.state,
        b1_0.street,
        b1_0.industry_type,
        b1_0.logo_url,
        b1_0.user_id,
        b1_0.registration_number,
        b1_0.status,
        b1_0.updated_at,
        b1_0.verification_status,
        b1_0.verified_at,
        b1_0.verified_by_admin_id,
        b1_0.website 
    from
        businesses b1_0 
    where
        b1_0.user_id=?
2026-09-09 22:02:41.221 DEBUG 12916 --- [nio-8080-exec-5] org.hibernate.SQL                        : 
    insert 
    into
        opportunities
        (application_deadline, business_id, business_name, compensation_currency, compensation_disclosed, compensation_max, compensation_min, created_at, description, experience_level, location, openings, posted_at, specialization, status, title, type, updated_at, work_mode) 
    values
        (?, ?, ?, ?, ?, ?, ?, ?, ?, ?, ?, ?, ?, ?, ?, ?, ?, ?, ?)
2026-09-09 22:02:41.229  INFO 12916 --- [nio-8080-exec-5] c.e.f.service.OpportunityService         : Opportunity created successfully: 20
2026-09-09 22:02:41.249 DEBUG 12916 --- [nio-8080-exec-5] org.hibernate.SQL                        : 
    insert 
    into
        opportunity_qualifications
        (opportunity_id, qualification) 
    values
        (?, ?)
2026-09-09 22:02:41.270 DEBUG 12916 --- [nio-8080-exec-5] org.hibernate.SQL                        : 
    insert 
    into
        opportunity_qualifications
        (opportunity_id, qualification) 
    values
        (?, ?)
2026-09-09 22:02:41.297 DEBUG 12916 --- [nio-8080-exec-5] org.hibernate.SQL                        : 
    insert 
    into
        opportunity_required_skills
        (opportunity_id, skill) 
    values
        (?, ?)
2026-09-09 22:02:41.299 DEBUG 12916 --- [nio-8080-exec-5] org.hibernate.SQL                        : 
    insert 
    into
        opportunity_required_skills
        (opportunity_id, skill) 
    values
        (?, ?)
2026-09-09 22:02:41.301 DEBUG 12916 --- [nio-8080-exec-5] org.hibernate.SQL                        : 
    insert 
    into
        opportunity_responsibilities
        (opportunity_id, responsibility) 
    values
        (?, ?)
2026-09-09 22:02:41.302 DEBUG 12916 --- [nio-8080-exec-5] org.hibernate.SQL                        : 
    insert 
    into
        opportunity_responsibilities
        (opportunity_id, responsibility) 
    values
        (?, ?)
2026-09-09 22:02:41.305 DEBUG 12916 --- [nio-8080-exec-5] org.hibernate.SQL                        : 
    insert 
    into
        opportunity_responsibilities
        (opportunity_id, responsibility) 
    values
        (?, ?)
2026-09-09 22:02:44.224 DEBUG 12916 --- [nio-8080-exec-8] o.s.security.web.FilterChainProxy        : Securing POST /api/v1/opportunities/draft
2026-09-09 22:02:44.230 DEBUG 12916 --- [nio-8080-exec-8] org.hibernate.SQL                        : 
    select
        u1_0.id,
        u1_0.created_at,
        u1_0.email,
        u1_0.failed_attempts,
        u1_0.is_active,
        u1_0.is_locked,
        u1_0.last_login_at,
        u1_0.lock_time,
        u1_0.password,
        u1_0.role,
        u1_0.updated_at,
        u1_0.username 
    from
        users u1_0 
    where
        u1_0.email=?
2026-09-09 22:02:44.240 DEBUG 12916 --- [nio-8080-exec-8] o.s.security.web.FilterChainProxy        : Secured POST /api/v1/opportunities/draft
2026-09-09 22:02:44.241 ERROR 12916 --- [nio-8080-exec-8] c.e.f.handler.GlobalExceptionHandler     : Unexpected error at /api/v1/opportunities/draft: Request method 'POST' is not supported
org.springframework.web.HttpRequestMethodNotSupportedException: Request method 'POST' is not supported
	at org.springframework.web.servlet.mvc.method.RequestMappingInfoHandlerMapping.handleNoMatch(RequestMappingInfoHandlerMapping.java:267)
	at org.springframework.web.servlet.handler.AbstractHandlerMethodMapping.lookupHandlerMethod(AbstractHandlerMethodMapping.java:441)
	at org.springframework.web.servlet.handler.AbstractHandlerMethodMapping.getHandlerInternal(AbstractHandlerMethodMapping.java:382)
	at org.springframework.web.servlet.mvc.method.RequestMappingInfoHandlerMapping.getHandlerInternal(RequestMappingInfoHandlerMapping.java:127)
	at org.springframework.web.servlet.mvc.method.RequestMappingInfoHandlerMapping.getHandlerInternal(RequestMappingInfoHandlerMapping.java:68)
	at org.springframework.web.servlet.handler.AbstractHandlerMapping.getHandler(AbstractHandlerMapping.java:507)
	at org.springframework.web.servlet.DispatcherServlet.getHandler(DispatcherServlet.java:1284)
	at org.springframework.web.servlet.DispatcherServlet.doDispatch(DispatcherServlet.java:1065)
	at org.springframework.web.servlet.DispatcherServlet.doService(DispatcherServlet.java:979)
	at org.springframework.web.servlet.FrameworkServlet.processRequest(FrameworkServlet.java:1014)
	at org.springframework.web.servlet.FrameworkServlet.doPost(FrameworkServlet.java:914)
	at jakarta.servlet.http.HttpServlet.service(HttpServlet.java:590)
	at org.springframework.web.servlet.FrameworkServlet.service(FrameworkServlet.java:885)
	at jakarta.servlet.http.HttpServlet.service(HttpServlet.java:658)
	at org.apache.catalina.core.ApplicationFilterChain.internalDoFilter(ApplicationFilterChain.java:195)
	at org.apache.catalina.core.ApplicationFilterChain.doFilter(ApplicationFilterChain.java:140)
	at org.apache.tomcat.websocket.server.WsFilter.doFilter(WsFilter.java:51)
	at org.apache.catalina.core.ApplicationFilterChain.internalDoFilter(ApplicationFilterChain.java:164)
	at org.apache.catalina.core.ApplicationFilterChain.doFilter(ApplicationFilterChain.java:140)
	at org.springframework.web.filter.CompositeFilter$VirtualFilterChain.doFilter(CompositeFilter.java:108)
	at org.springframework.security.web.FilterChainProxy.lambda$doFilterInternal$3(FilterChainProxy.java:231)
	at org.springframework.security.web.FilterChainProxy$VirtualFilterChain.doFilter(FilterChainProxy.java:365)
	at org.springframework.security.web.access.intercept.AuthorizationFilter.doFilter(AuthorizationFilter.java:100)
	at org.springframework.security.web.FilterChainProxy$VirtualFilterChain.doFilter(FilterChainProxy.java:374)
	at org.springframework.security.web.access.ExceptionTranslationFilter.doFilter(ExceptionTranslationFilter.java:126)
	at org.springframework.security.web.access.ExceptionTranslationFilter.doFilter(ExceptionTranslationFilter.java:120)
	at org.springframework.security.web.FilterChainProxy$VirtualFilterChain.doFilter(FilterChainProxy.java:374)
	at org.springframework.security.web.session.SessionManagementFilter.doFilter(SessionManagementFilter.java:131)
	at org.springframework.security.web.session.SessionManagementFilter.doFilter(SessionManagementFilter.java:85)
	at org.springframework.security.web.FilterChainProxy$VirtualFilterChain.doFilter(FilterChainProxy.java:374)
	at org.springframework.security.web.authentication.AnonymousAuthenticationFilter.doFilter(AnonymousAuthenticationFilter.java:100)
	at org.springframework.security.web.FilterChainProxy$VirtualFilterChain.doFilter(FilterChainProxy.java:374)
	at org.springframework.security.web.servletapi.SecurityContextHolderAwareRequestFilter.doFilter(SecurityContextHolderAwareRequestFilter.java:179)
	at org.springframework.security.web.FilterChainProxy$VirtualFilterChain.doFilter(FilterChainProxy.java:374)
	at org.springframework.security.web.savedrequest.RequestCacheAwareFilter.doFilter(RequestCacheAwareFilter.java:63)
	at org.springframework.security.web.FilterChainProxy$VirtualFilterChain.doFilter(FilterChainProxy.java:374)
	at com.example.firstapp.filter.JwtAuthFilter.doFilterInternal(JwtAuthFilter.java:205)
	at org.springframework.web.filter.OncePerRequestFilter.doFilter(OncePerRequestFilter.java:116)
	at org.springframework.security.web.FilterChainProxy$VirtualFilterChain.doFilter(FilterChainProxy.java:374)
	at org.springframework.security.web.authentication.logout.LogoutFilter.doFilter(LogoutFilter.java:107)
	at org.springframework.security.web.authentication.logout.LogoutFilter.doFilter(LogoutFilter.java:93)
	at org.springframework.security.web.FilterChainProxy$VirtualFilterChain.doFilter(FilterChainProxy.java:374)
	at org.springframework.security.web.header.HeaderWriterFilter.doHeadersAfter(HeaderWriterFilter.java:90)
	at org.springframework.security.web.header.HeaderWriterFilter.doFilterInternal(HeaderWriterFilter.java:75)
	at org.springframework.web.filter.OncePerRequestFilter.doFilter(OncePerRequestFilter.java:116)
	at org.springframework.security.web.FilterChainProxy$VirtualFilterChain.doFilter(FilterChainProxy.java:374)
	at org.springframework.security.web.context.SecurityContextHolderFilter.doFilter(SecurityContextHolderFilter.java:82)
	at org.springframework.security.web.context.SecurityContextHolderFilter.doFilter(SecurityContextHolderFilter.java:69)
	at org.springframework.security.web.FilterChainProxy$VirtualFilterChain.doFilter(FilterChainProxy.java:374)
	at org.springframework.security.web.context.request.async.WebAsyncManagerIntegrationFilter.doFilterInternal(WebAsyncManagerIntegrationFilter.java:62)
	at org.springframework.web.filter.OncePerRequestFilter.doFilter(OncePerRequestFilter.java:116)
	at org.springframework.security.web.FilterChainProxy$VirtualFilterChain.doFilter(FilterChainProxy.java:374)
	at org.springframework.security.web.session.DisableEncodeUrlFilter.doFilterInternal(DisableEncodeUrlFilter.java:42)
	at org.springframework.web.filter.OncePerRequestFilter.doFilter(OncePerRequestFilter.java:116)
	at org.springframework.security.web.FilterChainProxy$VirtualFilterChain.doFilter(FilterChainProxy.java:374)
	at org.springframework.security.web.FilterChainProxy.doFilterInternal(FilterChainProxy.java:233)
	at org.springframework.security.web.FilterChainProxy.doFilter(FilterChainProxy.java:191)
	at org.springframework.web.filter.CompositeFilter$VirtualFilterChain.doFilter(CompositeFilter.java:113)
	at org.springframework.web.servlet.handler.HandlerMappingIntrospector.lambda$createCacheFilter$3(HandlerMappingIntrospector.java:195)
	at org.springframework.web.filter.CompositeFilter$VirtualFilterChain.doFilter(CompositeFilter.java:113)
	at org.springframework.web.filter.CompositeFilter.doFilter(CompositeFilter.java:74)
	at org.springframework.security.config.annotation.web.configuration.WebMvcSecurityConfiguration$CompositeFilterChainProxy.doFilter(WebMvcSecurityConfiguration.java:230)
	at org.springframework.web.filter.DelegatingFilterProxy.invokeDelegate(DelegatingFilterProxy.java:362)
	at org.springframework.web.filter.DelegatingFilterProxy.doFilter(DelegatingFilterProxy.java:278)
	at org.apache.catalina.core.ApplicationFilterChain.internalDoFilter(ApplicationFilterChain.java:164)
	at org.apache.catalina.core.ApplicationFilterChain.doFilter(ApplicationFilterChain.java:140)
	at org.springframework.web.filter.RequestContextFilter.doFilterInternal(RequestContextFilter.java:100)
	at org.springframework.web.filter.OncePerRequestFilter.doFilter(OncePerRequestFilter.java:116)
	at org.apache.catalina.core.ApplicationFilterChain.internalDoFilter(ApplicationFilterChain.java:164)
	at org.apache.catalina.core.ApplicationFilterChain.doFilter(ApplicationFilterChain.java:140)
	at org.springframework.web.filter.FormContentFilter.doFilterInternal(FormContentFilter.java:93)
	at org.springframework.web.filter.OncePerRequestFilter.doFilter(OncePerRequestFilter.java:116)
	at org.apache.catalina.core.ApplicationFilterChain.internalDoFilter(ApplicationFilterChain.java:164)
	at org.apache.catalina.core.ApplicationFilterChain.doFilter(ApplicationFilterChain.java:140)
	at org.springframework.web.filter.CharacterEncodingFilter.doFilterInternal(CharacterEncodingFilter.java:201)
	at org.springframework.web.filter.OncePerRequestFilter.doFilter(OncePerRequestFilter.java:116)
	at org.apache.catalina.core.ApplicationFilterChain.internalDoFilter(ApplicationFilterChain.java:164)
	at org.apache.catalina.core.ApplicationFilterChain.doFilter(ApplicationFilterChain.java:140)
	at com.example.firstapp.filter.RateLimitFilter.doFilterInternal(RateLimitFilter.java:161)
	at org.springframework.web.filter.OncePerRequestFilter.doFilter(OncePerRequestFilter.java:116)
	at org.apache.catalina.core.ApplicationFilterChain.internalDoFilter(ApplicationFilterChain.java:164)
	at org.apache.catalina.core.ApplicationFilterChain.doFilter(ApplicationFilterChain.java:140)
	at org.apache.catalina.core.StandardWrapperValve.invoke(StandardWrapperValve.java:167)
	at org.apache.catalina.core.StandardContextValve.invoke(StandardContextValve.java:90)
	at org.apache.catalina.authenticator.AuthenticatorBase.invoke(AuthenticatorBase.java:483)
	at org.apache.catalina.core.StandardHostValve.invoke(StandardHostValve.java:116)
	at org.apache.catalina.valves.ErrorReportValve.invoke(ErrorReportValve.java:93)
	at org.apache.catalina.core.StandardEngineValve.invoke(StandardEngineValve.java:74)
	at org.apache.catalina.connector.CoyoteAdapter.service(CoyoteAdapter.java:344)
	at org.apache.coyote.http11.Http11Processor.service(Http11Processor.java:398)
	at org.apache.coyote.AbstractProcessorLight.process(AbstractProcessorLight.java:63)
	at org.apache.coyote.AbstractProtocol$ConnectionHandler.process(AbstractProtocol.java:903)
	at org.apache.tomcat.util.net.NioEndpoint$SocketProcessor.doRun(NioEndpoint.java:1769)
	at org.apache.tomcat.util.net.SocketProcessorBase.run(SocketProcessorBase.java:52)
	at org.apache.tomcat.util.threads.ThreadPoolExecutor.runWorker(ThreadPoolExecutor.java:1189)
	at org.apache.tomcat.util.threads.ThreadPoolExecutor$Worker.run(ThreadPoolExecutor.java:658)
	at org.apache.tomcat.util.threads.TaskThread$WrappingRunnable.run(TaskThread.java:63)
	at java.base/java.lang.Thread.run(Thread.java:1474)
2026-09-09 22:02:44.245  WARN 12916 --- [nio-8080-exec-8] .m.m.a.ExceptionHandlerExceptionResolver : Resolved [org.springframework.web.HttpRequestMethodNotSupportedException: Request method 'POST' is not supported]
2026-09-09 22:02:46.176 DEBUG 12916 --- [nio-8080-exec-2] o.s.security.web.FilterChainProxy        : Securing POST /api/v1/opportunities
2026-09-09 22:02:46.183 DEBUG 12916 --- [nio-8080-exec-2] org.hibernate.SQL                        : 
    select
        u1_0.id,
        u1_0.created_at,
        u1_0.email,
        u1_0.failed_attempts,
        u1_0.is_active,
        u1_0.is_locked,
        u1_0.last_login_at,
        u1_0.lock_time,
        u1_0.password,
        u1_0.role,
        u1_0.updated_at,
        u1_0.username 
    from
        users u1_0 
    where
        u1_0.email=?
2026-09-09 22:02:46.196 DEBUG 12916 --- [nio-8080-exec-2] o.s.security.web.FilterChainProxy        : Secured POST /api/v1/opportunities
2026-09-09 22:02:46.199 DEBUG 12916 --- [nio-8080-exec-2] horizationManagerBeforeMethodInterceptor : Authorizing method invocation ReflectiveMethodInvocation: public org.springframework.http.ResponseEntity com.example.firstapp.controller.OpportunityController.createOpportunity(com.example.firstapp.dto.OpportunityCreateRequest,com.example.firstapp.entity.User); target is of class [com.example.firstapp.controller.OpportunityController]
2026-09-09 22:02:46.200 DEBUG 12916 --- [nio-8080-exec-2] horizationManagerBeforeMethodInterceptor : Authorized method invocation ReflectiveMethodInvocation: public org.springframework.http.ResponseEntity com.example.firstapp.controller.OpportunityController.createOpportunity(com.example.firstapp.dto.OpportunityCreateRequest,com.example.firstapp.entity.User); target is of class [com.example.firstapp.controller.OpportunityController]
2026-09-09 22:02:46.201  INFO 12916 --- [nio-8080-exec-2] c.e.f.c.OpportunityController            : Create opportunity request from user: 32
2026-09-09 22:02:46.203  INFO 12916 --- [nio-8080-exec-2] c.e.f.service.OpportunityService         : Creating opportunity for user: 32
2026-09-09 22:02:46.208 DEBUG 12916 --- [nio-8080-exec-2] org.hibernate.SQL                        : 
    select
        b1_0.id,
        b1_0.company_name,
        b1_0.company_size,
        b1_0.contact_email,
        b1_0.contact_phone,
        b1_0.created_at,
        b1_0.description,
        b1_0.city,
        b1_0.country,
        b1_0.postal_code,
        b1_0.state,
        b1_0.street,
        b1_0.industry_type,
        b1_0.logo_url,
        b1_0.user_id,
        b1_0.registration_number,
        b1_0.status,
        b1_0.updated_at,
        b1_0.verification_status,
        b1_0.verified_at,
        b1_0.verified_by_admin_id,
        b1_0.website 
    from
        businesses b1_0 
    where
        b1_0.user_id=?
2026-09-09 22:02:46.213 DEBUG 12916 --- [nio-8080-exec-2] org.hibernate.SQL                        : 
    insert 
    into
        opportunities
        (application_deadline, business_id, business_name, compensation_currency, compensation_disclosed, compensation_max, compensation_min, created_at, description, experience_level, location, openings, posted_at, specialization, status, title, type, updated_at, work_mode) 
    values
        (?, ?, ?, ?, ?, ?, ?, ?, ?, ?, ?, ?, ?, ?, ?, ?, ?, ?, ?)
2026-09-09 22:02:46.219  INFO 12916 --- [nio-8080-exec-2] c.e.f.service.OpportunityService         : Opportunity created successfully: 21
2026-09-09 22:02:46.221 DEBUG 12916 --- [nio-8080-exec-2] org.hibernate.SQL                        : 
    insert 
    into
        opportunity_qualifications
        (opportunity_id, qualification) 
    values
        (?, ?)
2026-09-09 22:02:46.225 DEBUG 12916 --- [nio-8080-exec-2] org.hibernate.SQL                        : 
    insert 
    into
        opportunity_qualifications
        (opportunity_id, qualification) 
    values
        (?, ?)
2026-09-09 22:02:46.227 DEBUG 12916 --- [nio-8080-exec-2] org.hibernate.SQL                        : 
    insert 
    into
        opportunity_required_skills
        (opportunity_id, skill) 
    values
        (?, ?)
2026-09-09 22:02:46.229 DEBUG 12916 --- [nio-8080-exec-2] org.hibernate.SQL                        : 
    insert 
    into
        opportunity_required_skills
        (opportunity_id, skill) 
    values
        (?, ?)
2026-09-09 22:02:46.232 DEBUG 12916 --- [nio-8080-exec-2] org.hibernate.SQL                        : 
    insert 
    into
        opportunity_responsibilities
        (opportunity_id, responsibility) 
    values
        (?, ?)
2026-09-09 22:02:46.235 DEBUG 12916 --- [nio-8080-exec-2] org.hibernate.SQL                        : 
    insert 
    into
        opportunity_responsibilities
        (opportunity_id, responsibility) 
    values
        (?, ?)
2026-09-09 22:02:46.238 DEBUG 12916 --- [nio-8080-exec-2] org.hibernate.SQL                        : 
    insert 
    into
        opportunity_responsibilities
        (opportunity_id, responsibility) 
    values
        (?, ?)
2026-09-09 22:03:19.016  INFO 1576 --- [  restartedMain] c.e.firstapp.FirstappApplication         : Starting FirstappApplication using Java 25.0.3 with PID 1576 (E:\firstapp\firstapp\target\classes started by Dell in E:\firstapp\firstapp)
2026-09-09 22:03:19.019  INFO 1576 --- [  restartedMain] c.e.firstapp.FirstappApplication         : No active profile set, falling back to 1 default profile: "default"
2026-09-09 22:03:19.100  INFO 1576 --- [  restartedMain] .e.DevToolsPropertyDefaultsPostProcessor : Devtools property defaults active! Set 'spring.devtools.add-properties' to 'false' to disable
2026-09-09 22:03:19.101  INFO 1576 --- [  restartedMain] .e.DevToolsPropertyDefaultsPostProcessor : For additional web related logging consider setting the 'logging.level.web' property to 'DEBUG'
2026-09-09 22:03:20.195  INFO 1576 --- [  restartedMain] .s.d.r.c.RepositoryConfigurationDelegate : Bootstrapping Spring Data JPA repositories in DEFAULT mode.
2026-09-09 22:03:20.314  INFO 1576 --- [  restartedMain] .s.d.r.c.RepositoryConfigurationDelegate : Finished Spring Data repository scanning in 109 ms. Found 4 JPA repository interfaces.
2026-09-09 22:03:21.327  INFO 1576 --- [  restartedMain] o.s.b.w.e.tomcat.TomcatWebServer         : Tomcat initialized with port 8080 (http)
2026-09-09 22:03:21.351  INFO 1576 --- [  restartedMain] o.a.catalina.core.StandardService        : Starting service [Tomcat]
2026-09-09 22:03:21.352  INFO 1576 --- [  restartedMain] o.a.catalina.core.StandardEngine         : Starting Servlet engine: [Apache Tomcat/10.1.42]
2026-09-09 22:03:21.450  INFO 1576 --- [  restartedMain] o.a.c.c.C.[Tomcat].[localhost].[/]       : Initializing Spring embedded WebApplicationContext
2026-09-09 22:03:21.451  INFO 1576 --- [  restartedMain] w.s.c.ServletWebServerApplicationContext : Root WebApplicationContext: initialization completed in 2348 ms
2026-09-09 22:03:21.537 DEBUG 1576 --- [  restartedMain] com.zaxxer.hikari.HikariConfig           : Driver class com.mysql.cj.jdbc.Driver found in Thread context class loader TomcatEmbeddedWebappClassLoader
  context: ROOT
  delegate: true
----------> Parent Classloader:
org.springframework.boot.devtools.restart.classloader.RestartClassLoader@820a222

2026-09-09 22:03:21.697  INFO 1576 --- [  restartedMain] o.h.jpa.internal.util.LogHelper          : HHH000204: Processing PersistenceUnitInfo [name: default]
2026-09-09 22:03:22.000  INFO 1576 --- [  restartedMain] org.hibernate.Version                    : HHH000412: Hibernate ORM core version 6.5.3.Final
2026-09-09 22:03:22.087  INFO 1576 --- [  restartedMain] o.h.c.i.RegionFactoryInitiator           : HHH000026: Second-level cache disabled
2026-09-09 22:03:22.566  INFO 1576 --- [  restartedMain] o.s.o.j.p.SpringPersistenceUnitInfo      : No LoadTimeWeaver setup: ignoring JPA class transformer
2026-09-09 22:03:22.614 DEBUG 1576 --- [  restartedMain] com.zaxxer.hikari.HikariConfig           : BusinessAppHikariPool - configuration:
2026-09-09 22:03:22.620 DEBUG 1576 --- [  restartedMain] com.zaxxer.hikari.HikariConfig           : allowPoolSuspension.............false
2026-09-09 22:03:22.621 DEBUG 1576 --- [  restartedMain] com.zaxxer.hikari.HikariConfig           : autoCommit......................true
2026-09-09 22:03:22.621 DEBUG 1576 --- [  restartedMain] com.zaxxer.hikari.HikariConfig           : catalog.........................none
2026-09-09 22:03:22.622 DEBUG 1576 --- [  restartedMain] com.zaxxer.hikari.HikariConfig           : connectionInitSql...............none
2026-09-09 22:03:22.623 DEBUG 1576 --- [  restartedMain] com.zaxxer.hikari.HikariConfig           : connectionTestQuery............."SELECT 1"
2026-09-09 22:03:22.625 DEBUG 1576 --- [  restartedMain] com.zaxxer.hikari.HikariConfig           : connectionTimeout...............20000
2026-09-09 22:03:22.625 DEBUG 1576 --- [  restartedMain] com.zaxxer.hikari.HikariConfig           : dataSource......................none
2026-09-09 22:03:22.626 DEBUG 1576 --- [  restartedMain] com.zaxxer.hikari.HikariConfig           : dataSourceClassName.............none
2026-09-09 22:03:22.626 DEBUG 1576 --- [  restartedMain] com.zaxxer.hikari.HikariConfig           : dataSourceJNDI..................none
2026-09-09 22:03:22.627 DEBUG 1576 --- [  restartedMain] com.zaxxer.hikari.HikariConfig           : dataSourceProperties............{password=<masked>}
2026-09-09 22:03:22.628 DEBUG 1576 --- [  restartedMain] com.zaxxer.hikari.HikariConfig           : driverClassName................."com.mysql.cj.jdbc.Driver"
2026-09-09 22:03:22.629 DEBUG 1576 --- [  restartedMain] com.zaxxer.hikari.HikariConfig           : exceptionOverrideClassName......none
2026-09-09 22:03:22.630 DEBUG 1576 --- [  restartedMain] com.zaxxer.hikari.HikariConfig           : healthCheckProperties...........{}
2026-09-09 22:03:22.630 DEBUG 1576 --- [  restartedMain] com.zaxxer.hikari.HikariConfig           : healthCheckRegistry.............none
2026-09-09 22:03:22.631 DEBUG 1576 --- [  restartedMain] com.zaxxer.hikari.HikariConfig           : idleTimeout.....................600000
2026-09-09 22:03:22.631 DEBUG 1576 --- [  restartedMain] com.zaxxer.hikari.HikariConfig           : initializationFailTimeout.......1
2026-09-09 22:03:22.632 DEBUG 1576 --- [  restartedMain] com.zaxxer.hikari.HikariConfig           : isolateInternalQueries..........false
2026-09-09 22:03:22.633 DEBUG 1576 --- [  restartedMain] com.zaxxer.hikari.HikariConfig           : jdbcUrl.........................jdbc:mysql://localhost:3306/businessapp?createDatabaseIfNotExist=true&useSSL=false&serverTimezone=UTC&allowPublicKeyRetrieval=true
2026-09-09 22:03:22.633 DEBUG 1576 --- [  restartedMain] com.zaxxer.hikari.HikariConfig           : keepaliveTime...................0
2026-09-09 22:03:22.634 DEBUG 1576 --- [  restartedMain] com.zaxxer.hikari.HikariConfig           : leakDetectionThreshold..........0
2026-09-09 22:03:22.636 DEBUG 1576 --- [  restartedMain] com.zaxxer.hikari.HikariConfig           : maxLifetime.....................1800000
2026-09-09 22:03:22.637 DEBUG 1576 --- [  restartedMain] com.zaxxer.hikari.HikariConfig           : maximumPoolSize.................10
2026-09-09 22:03:22.637 DEBUG 1576 --- [  restartedMain] com.zaxxer.hikari.HikariConfig           : metricRegistry..................none
2026-09-09 22:03:22.637 DEBUG 1576 --- [  restartedMain] com.zaxxer.hikari.HikariConfig           : metricsTrackerFactory...........none
2026-09-09 22:03:22.638 DEBUG 1576 --- [  restartedMain] com.zaxxer.hikari.HikariConfig           : minimumIdle.....................5
2026-09-09 22:03:22.638 DEBUG 1576 --- [  restartedMain] com.zaxxer.hikari.HikariConfig           : password........................<masked>
2026-09-09 22:03:22.639 DEBUG 1576 --- [  restartedMain] com.zaxxer.hikari.HikariConfig           : poolName........................"BusinessAppHikariPool"
2026-09-09 22:03:22.639 DEBUG 1576 --- [  restartedMain] com.zaxxer.hikari.HikariConfig           : readOnly........................false
2026-09-09 22:03:22.640 DEBUG 1576 --- [  restartedMain] com.zaxxer.hikari.HikariConfig           : registerMbeans..................false
2026-09-09 22:03:22.640 DEBUG 1576 --- [  restartedMain] com.zaxxer.hikari.HikariConfig           : scheduledExecutor...............none
2026-09-09 22:03:22.642 DEBUG 1576 --- [  restartedMain] com.zaxxer.hikari.HikariConfig           : schema..........................none
2026-09-09 22:03:22.643 DEBUG 1576 --- [  restartedMain] com.zaxxer.hikari.HikariConfig           : threadFactory...................internal
2026-09-09 22:03:22.644 DEBUG 1576 --- [  restartedMain] com.zaxxer.hikari.HikariConfig           : transactionIsolation............default
2026-09-09 22:03:22.645 DEBUG 1576 --- [  restartedMain] com.zaxxer.hikari.HikariConfig           : username........................"root"
2026-09-09 22:03:22.646 DEBUG 1576 --- [  restartedMain] com.zaxxer.hikari.HikariConfig           : validationTimeout...............5000
2026-09-09 22:03:22.647  INFO 1576 --- [  restartedMain] com.zaxxer.hikari.HikariDataSource       : BusinessAppHikariPool - Starting...
2026-09-09 22:03:22.907  INFO 1576 --- [  restartedMain] com.zaxxer.hikari.pool.HikariPool        : BusinessAppHikariPool - Added connection com.mysql.cj.jdbc.ConnectionImpl@d69252a
2026-09-09 22:03:22.911  INFO 1576 --- [  restartedMain] com.zaxxer.hikari.HikariDataSource       : BusinessAppHikariPool - Start completed.
2026-09-09 22:03:28.268  INFO 1576 --- [  restartedMain] o.h.e.t.j.p.i.JtaPlatformInitiator       : HHH000489: No JTA platform available (set 'hibernate.transaction.jta.platform' to enable JTA platform integration)
2026-09-09 22:03:28.339 DEBUG 1576 --- [  restartedMain] org.hibernate.SQL                        : 
    alter table businesses 
       modify column description TEXT
2026-09-09 22:03:28.376 DEBUG 1576 --- [  restartedMain] org.hibernate.SQL                        : 
    alter table opportunities 
       modify column description TEXT not null
2026-09-09 22:03:28.400 DEBUG 1576 --- [  restartedMain] org.hibernate.SQL                        : 
    alter table opportunities 
       modify column experience_level enum ('EXECUTIVE','GRADUATE','JUNIOR','MID','SENIOR') not null
2026-09-09 22:03:28.423 DEBUG 1576 --- [  restartedMain] org.hibernate.SQL                        : 
    alter table opportunities 
       modify column specialization enum ('ACCOUNTING_AUDIT','ASSET_WEALTH_MANAGEMENT','CORPORATE_FINANCE','FINTECH','INSURANCE','INVESTMENT_BANKING','OTHER','PRIVATE_EQUITY_VC','RISK_COMPLIANCE') not null
2026-09-09 22:03:28.510 DEBUG 1576 --- [  restartedMain] org.hibernate.SQL                        : 
    alter table opportunities 
       modify column status enum ('CLOSED','DRAFT','PUBLISHED') not null
2026-09-09 22:03:28.533 DEBUG 1576 --- [  restartedMain] org.hibernate.SQL                        : 
    alter table opportunities 
       modify column type enum ('CONTRACT','FULL_TIME','GIG','INTERNSHIP','PART_TIME') not null
2026-09-09 22:03:28.566 DEBUG 1576 --- [  restartedMain] org.hibernate.SQL                        : 
    alter table opportunities 
       modify column work_mode enum ('HYBRID','ONSITE','REMOTE') not null
2026-09-09 22:03:28.586 DEBUG 1576 --- [  restartedMain] org.hibernate.SQL                        : 
    alter table opportunity_qualifications 
       modify column qualification TEXT not null
2026-09-09 22:03:28.599 DEBUG 1576 --- [  restartedMain] org.hibernate.SQL                        : 
    alter table opportunity_responsibilities 
       modify column responsibility TEXT not null
2026-09-09 22:03:28.616 DEBUG 1576 --- [  restartedMain] org.hibernate.SQL                        : 
    alter table users 
       modify column role enum ('ROLE_ADMIN','ROLE_ADVISORY','ROLE_BUSINESS','ROLE_CUSTOMER','ROLE_MEMBERS') not null
2026-09-09 22:03:28.739  INFO 1576 --- [  restartedMain] j.LocalContainerEntityManagerFactoryBean : Initialized JPA EntityManagerFactory for persistence unit 'default'
2026-09-09 22:03:29.033  INFO 1576 --- [  restartedMain] o.s.d.j.r.query.QueryEnhancerFactory     : Hibernate is in classpath; If applicable, HQL parser will be used.
2026-09-09 22:03:29.742  INFO 1576 --- [  restartedMain] o.s.b.web.servlet.RegistrationBean       : Filter disableJwtAuthFilterRegistration was not registered (disabled)
2026-09-09 22:03:29.980  INFO 1576 --- [  restartedMain] eAuthenticationProviderManagerConfigurer : Global AuthenticationManager configured with AuthenticationProvider bean with name authenticationProvider
2026-09-09 22:03:29.981  WARN 1576 --- [  restartedMain] r$InitializeUserDetailsManagerConfigurer : Global AuthenticationManager configured with an AuthenticationProvider bean. UserDetailsService beans will not be used for username/password login. Consider removing the AuthenticationProvider bean. Alternatively, consider using the UserDetailsService in a manually instantiated DaoAuthenticationProvider.
2026-09-09 22:03:30.299  INFO 1576 --- [  restartedMain] c.e.firstapp.config.AsyncConfig          : Email thread pool initialized: core=2 max=5 queue=50
2026-09-09 22:03:30.646 DEBUG 1576 --- [  restartedMain] o.s.s.web.DefaultSecurityFilterChain     : Will secure any request with filters: DisableEncodeUrlFilter, WebAsyncManagerIntegrationFilter, SecurityContextHolderFilter, HeaderWriterFilter, LogoutFilter, JwtAuthFilter, RequestCacheAwareFilter, SecurityContextHolderAwareRequestFilter, AnonymousAuthenticationFilter, SessionManagementFilter, ExceptionTranslationFilter, AuthorizationFilter
2026-09-09 22:03:31.048  INFO 1576 --- [  restartedMain] o.s.b.d.a.OptionalLiveReloadServer       : LiveReload server is running on port 35729
2026-09-09 22:03:31.098  INFO 1576 --- [  restartedMain] o.s.b.w.e.tomcat.TomcatWebServer         : Tomcat started on port 8080 (http) with context path '/'
2026-09-09 22:03:31.113  INFO 1576 --- [  restartedMain] c.e.firstapp.FirstappApplication         : Started FirstappApplication in 12.608 seconds (process running for 13.187)
2026-09-09 22:04:00.009  INFO 20044 --- [  restartedMain] c.e.firstapp.FirstappApplication         : Starting FirstappApplication using Java 25.0.3 with PID 20044 (E:\firstapp\firstapp\target\classes started by Dell in E:\firstapp\firstapp)
2026-09-09 22:04:00.014  INFO 20044 --- [  restartedMain] c.e.firstapp.FirstappApplication         : No active profile set, falling back to 1 default profile: "default"
2026-09-09 22:04:00.092  INFO 20044 --- [  restartedMain] .e.DevToolsPropertyDefaultsPostProcessor : Devtools property defaults active! Set 'spring.devtools.add-properties' to 'false' to disable
2026-09-09 22:04:00.093  INFO 20044 --- [  restartedMain] .e.DevToolsPropertyDefaultsPostProcessor : For additional web related logging consider setting the 'logging.level.web' property to 'DEBUG'
2026-09-09 22:04:01.221  INFO 20044 --- [  restartedMain] .s.d.r.c.RepositoryConfigurationDelegate : Bootstrapping Spring Data JPA repositories in DEFAULT mode.
2026-09-09 22:04:01.336  INFO 20044 --- [  restartedMain] .s.d.r.c.RepositoryConfigurationDelegate : Finished Spring Data repository scanning in 103 ms. Found 4 JPA repository interfaces.
2026-09-09 22:04:02.747  INFO 20044 --- [  restartedMain] o.s.b.w.e.tomcat.TomcatWebServer         : Tomcat initialized with port 8080 (http)
2026-09-09 22:04:02.773  INFO 20044 --- [  restartedMain] o.a.catalina.core.StandardService        : Starting service [Tomcat]
2026-09-09 22:04:02.774  INFO 20044 --- [  restartedMain] o.a.catalina.core.StandardEngine         : Starting Servlet engine: [Apache Tomcat/10.1.42]
2026-09-09 22:04:02.871  INFO 20044 --- [  restartedMain] o.a.c.c.C.[Tomcat].[localhost].[/]       : Initializing Spring embedded WebApplicationContext
2026-09-09 22:04:02.872  INFO 20044 --- [  restartedMain] w.s.c.ServletWebServerApplicationContext : Root WebApplicationContext: initialization completed in 2777 ms
2026-09-09 22:04:02.946 DEBUG 20044 --- [  restartedMain] com.zaxxer.hikari.HikariConfig           : Driver class com.mysql.cj.jdbc.Driver found in Thread context class loader TomcatEmbeddedWebappClassLoader
  context: ROOT
  delegate: true
----------> Parent Classloader:
org.springframework.boot.devtools.restart.classloader.RestartClassLoader@820a222

2026-09-09 22:04:03.118  INFO 20044 --- [  restartedMain] o.h.jpa.internal.util.LogHelper          : HHH000204: Processing PersistenceUnitInfo [name: default]
2026-09-09 22:04:03.208  INFO 20044 --- [  restartedMain] org.hibernate.Version                    : HHH000412: Hibernate ORM core version 6.5.3.Final
2026-09-09 22:04:03.333  INFO 20044 --- [  restartedMain] o.h.c.i.RegionFactoryInitiator           : HHH000026: Second-level cache disabled
2026-09-09 22:04:03.795  INFO 20044 --- [  restartedMain] o.s.o.j.p.SpringPersistenceUnitInfo      : No LoadTimeWeaver setup: ignoring JPA class transformer
2026-09-09 22:04:03.833 DEBUG 20044 --- [  restartedMain] com.zaxxer.hikari.HikariConfig           : BusinessAppHikariPool - configuration:
2026-09-09 22:04:03.838 DEBUG 20044 --- [  restartedMain] com.zaxxer.hikari.HikariConfig           : allowPoolSuspension.............false
2026-09-09 22:04:03.839 DEBUG 20044 --- [  restartedMain] com.zaxxer.hikari.HikariConfig           : autoCommit......................true
2026-09-09 22:04:03.839 DEBUG 20044 --- [  restartedMain] com.zaxxer.hikari.HikariConfig           : catalog.........................none
2026-09-09 22:04:03.839 DEBUG 20044 --- [  restartedMain] com.zaxxer.hikari.HikariConfig           : connectionInitSql...............none
2026-09-09 22:04:03.840 DEBUG 20044 --- [  restartedMain] com.zaxxer.hikari.HikariConfig           : connectionTestQuery............."SELECT 1"
2026-09-09 22:04:03.842 DEBUG 20044 --- [  restartedMain] com.zaxxer.hikari.HikariConfig           : connectionTimeout...............20000
2026-09-09 22:04:03.843 DEBUG 20044 --- [  restartedMain] com.zaxxer.hikari.HikariConfig           : dataSource......................none
2026-09-09 22:04:03.844 DEBUG 20044 --- [  restartedMain] com.zaxxer.hikari.HikariConfig           : dataSourceClassName.............none
2026-09-09 22:04:03.844 DEBUG 20044 --- [  restartedMain] com.zaxxer.hikari.HikariConfig           : dataSourceJNDI..................none
2026-09-09 22:04:03.845 DEBUG 20044 --- [  restartedMain] com.zaxxer.hikari.HikariConfig           : dataSourceProperties............{password=<masked>}
2026-09-09 22:04:03.846 DEBUG 20044 --- [  restartedMain] com.zaxxer.hikari.HikariConfig           : driverClassName................."com.mysql.cj.jdbc.Driver"
2026-09-09 22:04:03.847 DEBUG 20044 --- [  restartedMain] com.zaxxer.hikari.HikariConfig           : exceptionOverrideClassName......none
2026-09-09 22:04:03.847 DEBUG 20044 --- [  restartedMain] com.zaxxer.hikari.HikariConfig           : healthCheckProperties...........{}
2026-09-09 22:04:03.848 DEBUG 20044 --- [  restartedMain] com.zaxxer.hikari.HikariConfig           : healthCheckRegistry.............none
2026-09-09 22:04:03.848 DEBUG 20044 --- [  restartedMain] com.zaxxer.hikari.HikariConfig           : idleTimeout.....................600000
2026-09-09 22:04:03.849 DEBUG 20044 --- [  restartedMain] com.zaxxer.hikari.HikariConfig           : initializationFailTimeout.......1
2026-09-09 22:04:03.850 DEBUG 20044 --- [  restartedMain] com.zaxxer.hikari.HikariConfig           : isolateInternalQueries..........false
2026-09-09 22:04:03.851 DEBUG 20044 --- [  restartedMain] com.zaxxer.hikari.HikariConfig           : jdbcUrl.........................jdbc:mysql://localhost:3306/businessapp?createDatabaseIfNotExist=true&useSSL=false&serverTimezone=UTC&allowPublicKeyRetrieval=true
2026-09-09 22:04:03.852 DEBUG 20044 --- [  restartedMain] com.zaxxer.hikari.HikariConfig           : keepaliveTime...................0
2026-09-09 22:04:03.853 DEBUG 20044 --- [  restartedMain] com.zaxxer.hikari.HikariConfig           : leakDetectionThreshold..........0
2026-09-09 22:04:03.853 DEBUG 20044 --- [  restartedMain] com.zaxxer.hikari.HikariConfig           : maxLifetime.....................1800000
2026-09-09 22:04:03.854 DEBUG 20044 --- [  restartedMain] com.zaxxer.hikari.HikariConfig           : maximumPoolSize.................10
2026-09-09 22:04:03.854 DEBUG 20044 --- [  restartedMain] com.zaxxer.hikari.HikariConfig           : metricRegistry..................none
2026-09-09 22:04:03.855 DEBUG 20044 --- [  restartedMain] com.zaxxer.hikari.HikariConfig           : metricsTrackerFactory...........none
2026-09-09 22:04:03.855 DEBUG 20044 --- [  restartedMain] com.zaxxer.hikari.HikariConfig           : minimumIdle.....................5
2026-09-09 22:04:03.855 DEBUG 20044 --- [  restartedMain] com.zaxxer.hikari.HikariConfig           : password........................<masked>
2026-09-09 22:04:03.856 DEBUG 20044 --- [  restartedMain] com.zaxxer.hikari.HikariConfig           : poolName........................"BusinessAppHikariPool"
2026-09-09 22:04:03.857 DEBUG 20044 --- [  restartedMain] com.zaxxer.hikari.HikariConfig           : readOnly........................false
2026-09-09 22:04:03.857 DEBUG 20044 --- [  restartedMain] com.zaxxer.hikari.HikariConfig           : registerMbeans..................false
2026-09-09 22:04:03.857 DEBUG 20044 --- [  restartedMain] com.zaxxer.hikari.HikariConfig           : scheduledExecutor...............none
2026-09-09 22:04:03.858 DEBUG 20044 --- [  restartedMain] com.zaxxer.hikari.HikariConfig           : schema..........................none
2026-09-09 22:04:03.859 DEBUG 20044 --- [  restartedMain] com.zaxxer.hikari.HikariConfig           : threadFactory...................internal
2026-09-09 22:04:03.859 DEBUG 20044 --- [  restartedMain] com.zaxxer.hikari.HikariConfig           : transactionIsolation............default
2026-09-09 22:04:03.860 DEBUG 20044 --- [  restartedMain] com.zaxxer.hikari.HikariConfig           : username........................"root"
2026-09-09 22:04:03.860 DEBUG 20044 --- [  restartedMain] com.zaxxer.hikari.HikariConfig           : validationTimeout...............5000
2026-09-09 22:04:03.860  INFO 20044 --- [  restartedMain] com.zaxxer.hikari.HikariDataSource       : BusinessAppHikariPool - Starting...
2026-09-09 22:04:04.212  INFO 20044 --- [  restartedMain] com.zaxxer.hikari.pool.HikariPool        : BusinessAppHikariPool - Added connection com.mysql.cj.jdbc.ConnectionImpl@7851a894
2026-09-09 22:04:04.221  INFO 20044 --- [  restartedMain] com.zaxxer.hikari.HikariDataSource       : BusinessAppHikariPool - Start completed.
2026-09-09 22:04:05.742  INFO 20044 --- [  restartedMain] o.h.e.t.j.p.i.JtaPlatformInitiator       : HHH000489: No JTA platform available (set 'hibernate.transaction.jta.platform' to enable JTA platform integration)
2026-09-09 22:04:05.806 DEBUG 20044 --- [  restartedMain] org.hibernate.SQL                        : 
    alter table businesses 
       modify column description TEXT
2026-09-09 22:04:05.828 DEBUG 20044 --- [  restartedMain] org.hibernate.SQL                        : 
    alter table opportunities 
       modify column description TEXT not null
2026-09-09 22:04:05.851 DEBUG 20044 --- [  restartedMain] org.hibernate.SQL                        : 
    alter table opportunities 
       modify column experience_level enum ('EXECUTIVE','GRADUATE','JUNIOR','MID','SENIOR') not null
2026-09-09 22:04:05.867 DEBUG 20044 --- [  restartedMain] org.hibernate.SQL                        : 
    alter table opportunities 
       modify column specialization enum ('ACCOUNTING_AUDIT','ASSET_WEALTH_MANAGEMENT','CORPORATE_FINANCE','FINTECH','INSURANCE','INVESTMENT_BANKING','OTHER','PRIVATE_EQUITY_VC','RISK_COMPLIANCE') not null
2026-09-09 22:04:05.892 DEBUG 20044 --- [  restartedMain] org.hibernate.SQL                        : 
    alter table opportunities 
       modify column status enum ('CLOSED','DRAFT','PUBLISHED') not null
2026-09-09 22:04:05.912 DEBUG 20044 --- [  restartedMain] org.hibernate.SQL                        : 
    alter table opportunities 
       modify column type enum ('CONTRACT','FULL_TIME','GIG','INTERNSHIP','PART_TIME') not null
2026-09-09 22:04:05.931 DEBUG 20044 --- [  restartedMain] org.hibernate.SQL                        : 
    alter table opportunities 
       modify column work_mode enum ('HYBRID','ONSITE','REMOTE') not null
2026-09-09 22:04:05.952 DEBUG 20044 --- [  restartedMain] org.hibernate.SQL                        : 
    alter table opportunity_qualifications 
       modify column qualification TEXT not null
2026-09-09 22:04:05.967 DEBUG 20044 --- [  restartedMain] org.hibernate.SQL                        : 
    alter table opportunity_responsibilities 
       modify column responsibility TEXT not null
2026-09-09 22:04:05.981 DEBUG 20044 --- [  restartedMain] org.hibernate.SQL                        : 
    alter table users 
       modify column role enum ('ROLE_ADMIN','ROLE_ADVISORY','ROLE_BUSINESS','ROLE_CUSTOMER','ROLE_MEMBERS') not null
2026-09-09 22:04:06.094  INFO 20044 --- [  restartedMain] j.LocalContainerEntityManagerFactoryBean : Initialized JPA EntityManagerFactory for persistence unit 'default'
2026-09-09 22:04:06.525  INFO 20044 --- [  restartedMain] o.s.d.j.r.query.QueryEnhancerFactory     : Hibernate is in classpath; If applicable, HQL parser will be used.
2026-09-09 22:04:07.416  INFO 20044 --- [  restartedMain] o.s.b.web.servlet.RegistrationBean       : Filter disableJwtAuthFilterRegistration was not registered (disabled)
2026-09-09 22:04:07.700  INFO 20044 --- [  restartedMain] eAuthenticationProviderManagerConfigurer : Global AuthenticationManager configured with AuthenticationProvider bean with name authenticationProvider
2026-09-09 22:04:07.701  WARN 20044 --- [  restartedMain] r$InitializeUserDetailsManagerConfigurer : Global AuthenticationManager configured with an AuthenticationProvider bean. UserDetailsService beans will not be used for username/password login. Consider removing the AuthenticationProvider bean. Alternatively, consider using the UserDetailsService in a manually instantiated DaoAuthenticationProvider.
2026-09-09 22:04:08.006  INFO 20044 --- [  restartedMain] c.e.firstapp.config.AsyncConfig          : Email thread pool initialized: core=2 max=5 queue=50
2026-09-09 22:04:08.409 DEBUG 20044 --- [  restartedMain] o.s.s.web.DefaultSecurityFilterChain     : Will secure any request with filters: DisableEncodeUrlFilter, WebAsyncManagerIntegrationFilter, SecurityContextHolderFilter, HeaderWriterFilter, LogoutFilter, JwtAuthFilter, RequestCacheAwareFilter, SecurityContextHolderAwareRequestFilter, AnonymousAuthenticationFilter, SessionManagementFilter, ExceptionTranslationFilter, AuthorizationFilter
2026-09-09 22:04:08.727  INFO 20044 --- [  restartedMain] o.s.b.d.a.OptionalLiveReloadServer       : LiveReload server is running on port 35729
2026-09-09 22:04:08.766  INFO 20044 --- [  restartedMain] o.s.b.w.e.tomcat.TomcatWebServer         : Tomcat started on port 8080 (http) with context path '/'
2026-09-09 22:04:08.778  INFO 20044 --- [  restartedMain] c.e.firstapp.FirstappApplication         : Started FirstappApplication in 9.42 seconds (process running for 10.045)
2026-09-09 22:49:45.763  WARN 20044 --- [ool housekeeper] com.zaxxer.hikari.pool.HikariPool        : BusinessAppHikariPool - Thread starvation or clock leap detected (housekeeper delta=7m39s457ms496µs700ns).
2026-09-09 22:51:10.235  INFO 20044 --- [nio-8080-exec-2] o.a.c.c.C.[Tomcat].[localhost].[/]       : Initializing Spring DispatcherServlet 'dispatcherServlet'
2026-09-09 22:51:10.235  INFO 20044 --- [nio-8080-exec-2] o.s.web.servlet.DispatcherServlet        : Initializing Servlet 'dispatcherServlet'
2026-09-09 22:51:10.286  INFO 20044 --- [nio-8080-exec-2] o.s.web.servlet.DispatcherServlet        : Completed initialization in 51 ms
2026-09-09 22:51:10.412 DEBUG 20044 --- [nio-8080-exec-2] o.s.security.web.FilterChainProxy        : Securing GET /api/v1/opportunities?specialization=INSURANCE&type=INTERNSHIP&experienceLevel=JUNIOR&workMode=ONSITE&page=0&size=10
2026-09-09 22:51:10.718  WARN 20044 --- [nio-8080-exec-2] c.e.firstapp.filter.JwtAuthFilter        : Cannot extract username from token: JWT expired at 2026-09-03T10:11:02Z. Current time: 2026-09-09T17:06:10Z, a difference of 543308704 milliseconds.  Allowed clock skew: 0 milliseconds.
2026-09-09 22:51:10.718 DEBUG 20044 --- [nio-8080-exec-2] o.s.s.w.a.AnonymousAuthenticationFilter  : Set SecurityContextHolder to anonymous SecurityContext
2026-09-09 22:51:10.735 DEBUG 20044 --- [nio-8080-exec-2] o.s.security.web.FilterChainProxy        : Secured GET /api/v1/opportunities?specialization=INSURANCE&type=INTERNSHIP&experienceLevel=JUNIOR&workMode=ONSITE&page=0&size=10
2026-09-09 22:51:11.168  WARN 20044 --- [nio-8080-exec-2] org.hibernate.orm.query                  : HHH90003004: firstResult/maxResults specified with collection fetch; applying in memory
2026-09-09 22:51:11.385 DEBUG 20044 --- [nio-8080-exec-2] org.hibernate.SQL                        : 
    select
        o1_0.id,
        o1_0.application_deadline,
        o1_0.business_id,
        b1_0.id,
        b1_0.company_name,
        b1_0.company_size,
        b1_0.contact_email,
        b1_0.contact_phone,
        b1_0.created_at,
        b1_0.description,
        b1_0.city,
        b1_0.country,
        b1_0.postal_code,
        b1_0.state,
        b1_0.street,
        b1_0.industry_type,
        b1_0.logo_url,
        b1_0.user_id,
        b1_0.registration_number,
        b1_0.status,
        b1_0.updated_at,
        b1_0.verification_status,
        b1_0.verified_at,
        b1_0.verified_by_admin_id,
        b1_0.website,
        o1_0.business_name,
        o1_0.compensation_currency,
        o1_0.compensation_disclosed,
        o1_0.compensation_max,
        o1_0.compensation_min,
        o1_0.created_at,
        o1_0.description,
        o1_0.experience_level,
        o1_0.location,
        o1_0.openings,
        o1_0.posted_at,
        r1_0.opportunity_id,
        r1_0.responsibility,
        o1_0.specialization,
        o1_0.status,
        o1_0.title,
        o1_0.type,
        o1_0.updated_at,
        o1_0.work_mode 
    from
        opportunities o1_0 
    join
        businesses b1_0 
            on b1_0.id=o1_0.business_id 
    left join
        opportunity_responsibilities r1_0 
            on o1_0.id=r1_0.opportunity_id 
    where
        o1_0.status=? 
        and o1_0.specialization=? 
        and o1_0.work_mode=? 
        and o1_0.experience_level=? 
        and o1_0.type=? 
    order by
        o1_0.posted_at desc
2026-09-09 22:51:11.568 DEBUG 20044 --- [nio-8080-exec-2] org.hibernate.SQL                        : 
    select
        rs1_0.opportunity_id,
        rs1_0.skill 
    from
        opportunity_required_skills rs1_0 
    where
        rs1_0.opportunity_id in (?, ?, ?, ?, ?, ?, ?, ?, ?, ?, ?, ?, ?, ?, ?, ?, ?, ?, ?, ?, ?, ?, ?, ?, ?)
2026-09-09 22:51:11.651 DEBUG 20044 --- [nio-8080-exec-2] org.hibernate.SQL                        : 
    select
        q1_0.opportunity_id,
        q1_0.qualification 
    from
        opportunity_qualifications q1_0 
    where
        q1_0.opportunity_id in (?, ?, ?, ?, ?, ?, ?, ?, ?, ?, ?, ?, ?, ?, ?, ?, ?, ?, ?, ?, ?, ?, ?, ?, ?)
2026-09-09 22:51:26.126 DEBUG 20044 --- [nio-8080-exec-1] o.s.security.web.FilterChainProxy        : Securing GET /api/v1
2026-09-09 22:51:26.126  WARN 20044 --- [nio-8080-exec-1] c.e.firstapp.filter.JwtAuthFilter        : Cannot extract username from token: JWT expired at 2026-09-03T10:11:02Z. Current time: 2026-09-09T17:06:26Z, a difference of 543324126 milliseconds.  Allowed clock skew: 0 milliseconds.
2026-09-09 22:51:26.126 DEBUG 20044 --- [nio-8080-exec-1] o.s.s.w.a.AnonymousAuthenticationFilter  : Set SecurityContextHolder to anonymous SecurityContext
2026-09-09 22:51:26.126 DEBUG 20044 --- [nio-8080-exec-1] o.s.s.w.a.Http403ForbiddenEntryPoint     : Pre-authenticated entry point called. Rejecting access
2026-09-09 22:51:26.144 DEBUG 20044 --- [nio-8080-exec-1] o.s.security.web.FilterChainProxy        : Securing GET /error
2026-09-09 22:51:26.144 DEBUG 20044 --- [nio-8080-exec-1] o.s.s.w.a.AnonymousAuthenticationFilter  : Set SecurityContextHolder to anonymous SecurityContext
2026-09-09 22:51:26.144 DEBUG 20044 --- [nio-8080-exec-1] o.s.s.w.a.Http403ForbiddenEntryPoint     : Pre-authenticated entry point called. Rejecting access
2026-09-09 22:51:32.622 DEBUG 20044 --- [nio-8080-exec-3] o.s.security.web.FilterChainProxy        : Securing GET /api/v1
2026-09-09 22:51:32.622  WARN 20044 --- [nio-8080-exec-3] c.e.firstapp.filter.JwtAuthFilter        : Cannot extract username from token: JWT expired at 2026-09-03T10:11:02Z. Current time: 2026-09-09T17:06:32Z, a difference of 543330622 milliseconds.  Allowed clock skew: 0 milliseconds.
2026-09-09 22:51:32.622 DEBUG 20044 --- [nio-8080-exec-3] o.s.s.w.a.AnonymousAuthenticationFilter  : Set SecurityContextHolder to anonymous SecurityContext
2026-09-09 22:51:32.622 DEBUG 20044 --- [nio-8080-exec-3] o.s.s.w.a.Http403ForbiddenEntryPoint     : Pre-authenticated entry point called. Rejecting access
2026-09-09 22:51:32.622 DEBUG 20044 --- [nio-8080-exec-3] o.s.security.web.FilterChainProxy        : Securing GET /error
2026-09-09 22:51:32.622 DEBUG 20044 --- [nio-8080-exec-3] o.s.s.w.a.AnonymousAuthenticationFilter  : Set SecurityContextHolder to anonymous SecurityContext
2026-09-09 22:51:32.622 DEBUG 20044 --- [nio-8080-exec-3] o.s.s.w.a.Http403ForbiddenEntryPoint     : Pre-authenticated entry point called. Rejecting access
2026-09-09 22:51:56.881 DEBUG 20044 --- [nio-8080-exec-4] o.s.security.web.FilterChainProxy        : Securing GET /api/v1/opportunities?specialization=INSURANCE&type=INTERNSHIP&experienceLevel=JUNIOR&workMode=ONSITE&page=0&size=10
2026-09-09 22:51:56.881  WARN 20044 --- [nio-8080-exec-4] c.e.firstapp.filter.JwtAuthFilter        : Cannot extract username from token: JWT expired at 2026-09-03T10:11:02Z. Current time: 2026-09-09T17:06:56Z, a difference of 543354881 milliseconds.  Allowed clock skew: 0 milliseconds.
2026-09-09 22:51:56.881 DEBUG 20044 --- [nio-8080-exec-4] o.s.s.w.a.AnonymousAuthenticationFilter  : Set SecurityContextHolder to anonymous SecurityContext
2026-09-09 22:51:56.881 DEBUG 20044 --- [nio-8080-exec-4] o.s.security.web.FilterChainProxy        : Secured GET /api/v1/opportunities?specialization=INSURANCE&type=INTERNSHIP&experienceLevel=JUNIOR&workMode=ONSITE&page=0&size=10
2026-09-09 22:51:56.894  WARN 20044 --- [nio-8080-exec-4] org.hibernate.orm.query                  : HHH90003004: firstResult/maxResults specified with collection fetch; applying in memory
2026-09-09 22:51:56.898 DEBUG 20044 --- [nio-8080-exec-4] org.hibernate.SQL                        : 
    select
        o1_0.id,
        o1_0.application_deadline,
        o1_0.business_id,
        b1_0.id,
        b1_0.company_name,
        b1_0.company_size,
        b1_0.contact_email,
        b1_0.contact_phone,
        b1_0.created_at,
        b1_0.description,
        b1_0.city,
        b1_0.country,
        b1_0.postal_code,
        b1_0.state,
        b1_0.street,
        b1_0.industry_type,
        b1_0.logo_url,
        b1_0.user_id,
        b1_0.registration_number,
        b1_0.status,
        b1_0.updated_at,
        b1_0.verification_status,
        b1_0.verified_at,
        b1_0.verified_by_admin_id,
        b1_0.website,
        o1_0.business_name,
        o1_0.compensation_currency,
        o1_0.compensation_disclosed,
        o1_0.compensation_max,
        o1_0.compensation_min,
        o1_0.created_at,
        o1_0.description,
        o1_0.experience_level,
        o1_0.location,
        o1_0.openings,
        o1_0.posted_at,
        r1_0.opportunity_id,
        r1_0.responsibility,
        o1_0.specialization,
        o1_0.status,
        o1_0.title,
        o1_0.type,
        o1_0.updated_at,
        o1_0.work_mode 
    from
        opportunities o1_0 
    join
        businesses b1_0 
            on b1_0.id=o1_0.business_id 
    left join
        opportunity_responsibilities r1_0 
            on o1_0.id=r1_0.opportunity_id 
    where
        o1_0.status=? 
        and o1_0.specialization=? 
        and o1_0.work_mode=? 
        and o1_0.experience_level=? 
        and o1_0.type=? 
    order by
        o1_0.posted_at desc
2026-09-09 22:51:56.898 DEBUG 20044 --- [nio-8080-exec-4] org.hibernate.SQL                        : 
    select
        rs1_0.opportunity_id,
        rs1_0.skill 
    from
        opportunity_required_skills rs1_0 
    where
        rs1_0.opportunity_id in (?, ?, ?, ?, ?, ?, ?, ?, ?, ?, ?, ?, ?, ?, ?, ?, ?, ?, ?, ?, ?, ?, ?, ?, ?)
2026-09-09 22:51:56.898 DEBUG 20044 --- [nio-8080-exec-4] org.hibernate.SQL                        : 
    select
        q1_0.opportunity_id,
        q1_0.qualification 
    from
        opportunity_qualifications q1_0 
    where
        q1_0.opportunity_id in (?, ?, ?, ?, ?, ?, ?, ?, ?, ?, ?, ?, ?, ?, ?, ?, ?, ?, ?, ?, ?, ?, ?, ?, ?)
2026-09-09 22:53:02.793 DEBUG 20044 --- [io-8080-exec-10] o.s.security.web.FilterChainProxy        : Securing GET /api/v1/opportunities?specialization=INSURANCE&type=INTERNSHIP&experienceLevel=JUNIOR&workMode=ONSITE&page=0&size=10
2026-09-09 22:53:02.793  WARN 20044 --- [io-8080-exec-10] c.e.firstapp.filter.JwtAuthFilter        : Cannot extract username from token: JWT expired at 2026-09-03T10:11:02Z. Current time: 2026-09-09T17:08:02Z, a difference of 543420793 milliseconds.  Allowed clock skew: 0 milliseconds.
2026-09-09 22:53:02.797 DEBUG 20044 --- [io-8080-exec-10] o.s.s.w.a.AnonymousAuthenticationFilter  : Set SecurityContextHolder to anonymous SecurityContext
2026-09-09 22:53:02.797 DEBUG 20044 --- [io-8080-exec-10] o.s.security.web.FilterChainProxy        : Secured GET /api/v1/opportunities?specialization=INSURANCE&type=INTERNSHIP&experienceLevel=JUNIOR&workMode=ONSITE&page=0&size=10
2026-09-09 22:53:02.804  WARN 20044 --- [io-8080-exec-10] org.hibernate.orm.query                  : HHH90003004: firstResult/maxResults specified with collection fetch; applying in memory
2026-09-09 22:53:02.804 DEBUG 20044 --- [io-8080-exec-10] org.hibernate.SQL                        : 
    select
        o1_0.id,
        o1_0.application_deadline,
        o1_0.business_id,
        b1_0.id,
        b1_0.company_name,
        b1_0.company_size,
        b1_0.contact_email,
        b1_0.contact_phone,
        b1_0.created_at,
        b1_0.description,
        b1_0.city,
        b1_0.country,
        b1_0.postal_code,
        b1_0.state,
        b1_0.street,
        b1_0.industry_type,
        b1_0.logo_url,
        b1_0.user_id,
        b1_0.registration_number,
        b1_0.status,
        b1_0.updated_at,
        b1_0.verification_status,
        b1_0.verified_at,
        b1_0.verified_by_admin_id,
        b1_0.website,
        o1_0.business_name,
        o1_0.compensation_currency,
        o1_0.compensation_disclosed,
        o1_0.compensation_max,
        o1_0.compensation_min,
        o1_0.created_at,
        o1_0.description,
        o1_0.experience_level,
        o1_0.location,
        o1_0.openings,
        o1_0.posted_at,
        r1_0.opportunity_id,
        r1_0.responsibility,
        o1_0.specialization,
        o1_0.status,
        o1_0.title,
        o1_0.type,
        o1_0.updated_at,
        o1_0.work_mode 
    from
        opportunities o1_0 
    join
        businesses b1_0 
            on b1_0.id=o1_0.business_id 
    left join
        opportunity_responsibilities r1_0 
            on o1_0.id=r1_0.opportunity_id 
    where
        o1_0.status=? 
        and o1_0.specialization=? 
        and o1_0.work_mode=? 
        and o1_0.experience_level=? 
        and o1_0.type=? 
    order by
        o1_0.posted_at desc
2026-09-09 22:53:02.849 DEBUG 20044 --- [io-8080-exec-10] org.hibernate.SQL                        : 
    select
        rs1_0.opportunity_id,
        rs1_0.skill 
    from
        opportunity_required_skills rs1_0 
    where
        rs1_0.opportunity_id in (?, ?, ?, ?, ?, ?, ?, ?, ?, ?, ?, ?, ?, ?, ?, ?, ?, ?, ?, ?, ?, ?, ?, ?, ?)
2026-09-09 22:53:02.860 DEBUG 20044 --- [io-8080-exec-10] org.hibernate.SQL                        : 
    select
        q1_0.opportunity_id,
        q1_0.qualification 
    from
        opportunity_qualifications q1_0 
    where
        q1_0.opportunity_id in (?, ?, ?, ?, ?, ?, ?, ?, ?, ?, ?, ?, ?, ?, ?, ?, ?, ?, ?, ?, ?, ?, ?, ?, ?)
2026-09-09 22:55:14.955 DEBUG 20044 --- [nio-8080-exec-8] o.s.security.web.FilterChainProxy        : Securing GET /api/v1/opportunities?specialization=INSURANCE&type=INTERNSHIP&experienceLevel=JUNIOR&workMode=ONSITE&page=0&size=10
2026-09-09 22:55:14.955  WARN 20044 --- [nio-8080-exec-8] c.e.firstapp.filter.JwtAuthFilter        : Cannot extract username from token: JWT expired at 2026-09-03T10:11:02Z. Current time: 2026-09-09T17:10:14Z, a difference of 543552955 milliseconds.  Allowed clock skew: 0 milliseconds.
2026-09-09 22:55:14.955 DEBUG 20044 --- [nio-8080-exec-8] o.s.s.w.a.AnonymousAuthenticationFilter  : Set SecurityContextHolder to anonymous SecurityContext
2026-09-09 22:55:14.955 DEBUG 20044 --- [nio-8080-exec-8] o.s.security.web.FilterChainProxy        : Secured GET /api/v1/opportunities?specialization=INSURANCE&type=INTERNSHIP&experienceLevel=JUNIOR&workMode=ONSITE&page=0&size=10
2026-09-09 22:55:14.955  WARN 20044 --- [nio-8080-exec-8] org.hibernate.orm.query                  : HHH90003004: firstResult/maxResults specified with collection fetch; applying in memory
2026-09-09 22:55:14.972 DEBUG 20044 --- [nio-8080-exec-8] org.hibernate.SQL                        : 
    select
        o1_0.id,
        o1_0.application_deadline,
        o1_0.business_id,
        b1_0.id,
        b1_0.company_name,
        b1_0.company_size,
        b1_0.contact_email,
        b1_0.contact_phone,
        b1_0.created_at,
        b1_0.description,
        b1_0.city,
        b1_0.country,
        b1_0.postal_code,
        b1_0.state,
        b1_0.street,
        b1_0.industry_type,
        b1_0.logo_url,
        b1_0.user_id,
        b1_0.registration_number,
        b1_0.status,
        b1_0.updated_at,
        b1_0.verification_status,
        b1_0.verified_at,
        b1_0.verified_by_admin_id,
        b1_0.website,
        o1_0.business_name,
        o1_0.compensation_currency,
        o1_0.compensation_disclosed,
        o1_0.compensation_max,
        o1_0.compensation_min,
        o1_0.created_at,
        o1_0.description,
        o1_0.experience_level,
        o1_0.location,
        o1_0.openings,
        o1_0.posted_at,
        r1_0.opportunity_id,
        r1_0.responsibility,
        o1_0.specialization,
        o1_0.status,
        o1_0.title,
        o1_0.type,
        o1_0.updated_at,
        o1_0.work_mode 
    from
        opportunities o1_0 
    join
        businesses b1_0 
            on b1_0.id=o1_0.business_id 
    left join
        opportunity_responsibilities r1_0 
            on o1_0.id=r1_0.opportunity_id 
    where
        o1_0.status=? 
        and o1_0.specialization=? 
        and o1_0.work_mode=? 
        and o1_0.experience_level=? 
        and o1_0.type=? 
    order by
        o1_0.posted_at desc
2026-09-09 22:55:14.972 DEBUG 20044 --- [nio-8080-exec-8] org.hibernate.SQL                        : 
    select
        rs1_0.opportunity_id,
        rs1_0.skill 
    from
        opportunity_required_skills rs1_0 
    where
        rs1_0.opportunity_id in (?, ?, ?, ?, ?, ?, ?, ?, ?, ?, ?, ?, ?, ?, ?, ?, ?, ?, ?, ?, ?, ?, ?, ?, ?)
2026-09-09 22:55:14.982 DEBUG 20044 --- [nio-8080-exec-8] org.hibernate.SQL                        : 
    select
        q1_0.opportunity_id,
        q1_0.qualification 
    from
        opportunity_qualifications q1_0 
    where
        q1_0.opportunity_id in (?, ?, ?, ?, ?, ?, ?, ?, ?, ?, ?, ?, ?, ?, ?, ?, ?, ?, ?, ?, ?, ?, ?, ?, ?)
2026-09-09 22:56:49.140 DEBUG 20044 --- [nio-8080-exec-6] o.s.security.web.FilterChainProxy        : Securing GET /api/v1/opportunities
2026-09-09 22:56:49.229  WARN 20044 --- [nio-8080-exec-6] c.e.firstapp.filter.JwtAuthFilter        : Cannot extract username from token: JWT expired at 2026-09-03T10:11:02Z. Current time: 2026-09-09T17:11:49Z, a difference of 543647229 milliseconds.  Allowed clock skew: 0 milliseconds.
2026-09-09 22:56:49.238 DEBUG 20044 --- [nio-8080-exec-6] o.s.s.w.a.AnonymousAuthenticationFilter  : Set SecurityContextHolder to anonymous SecurityContext
2026-09-09 22:56:49.241 DEBUG 20044 --- [nio-8080-exec-6] o.s.security.web.FilterChainProxy        : Secured GET /api/v1/opportunities
2026-09-09 22:56:49.309  WARN 20044 --- [nio-8080-exec-6] org.hibernate.orm.query                  : HHH90003004: firstResult/maxResults specified with collection fetch; applying in memory
2026-09-09 22:56:49.312 DEBUG 20044 --- [nio-8080-exec-6] org.hibernate.SQL                        : 
    select
        o1_0.id,
        o1_0.application_deadline,
        o1_0.business_id,
        b1_0.id,
        b1_0.company_name,
        b1_0.company_size,
        b1_0.contact_email,
        b1_0.contact_phone,
        b1_0.created_at,
        b1_0.description,
        b1_0.city,
        b1_0.country,
        b1_0.postal_code,
        b1_0.state,
        b1_0.street,
        b1_0.industry_type,
        b1_0.logo_url,
        b1_0.user_id,
        b1_0.registration_number,
        b1_0.status,
        b1_0.updated_at,
        b1_0.verification_status,
        b1_0.verified_at,
        b1_0.verified_by_admin_id,
        b1_0.website,
        o1_0.business_name,
        o1_0.compensation_currency,
        o1_0.compensation_disclosed,
        o1_0.compensation_max,
        o1_0.compensation_min,
        o1_0.created_at,
        o1_0.description,
        o1_0.experience_level,
        o1_0.location,
        o1_0.openings,
        o1_0.posted_at,
        r1_0.opportunity_id,
        r1_0.responsibility,
        o1_0.specialization,
        o1_0.status,
        o1_0.title,
        o1_0.type,
        o1_0.updated_at,
        o1_0.work_mode 
    from
        opportunities o1_0 
    join
        businesses b1_0 
            on b1_0.id=o1_0.business_id 
    left join
        opportunity_responsibilities r1_0 
            on o1_0.id=r1_0.opportunity_id 
    where
        o1_0.status=? 
    order by
        o1_0.posted_at desc
2026-09-09 22:56:49.399 DEBUG 20044 --- [nio-8080-exec-6] org.hibernate.SQL                        : 
    select
        count(o1_0.id) 
    from
        opportunities o1_0 
    where
        o1_0.status=?
2026-09-09 22:56:49.409 DEBUG 20044 --- [nio-8080-exec-6] org.hibernate.SQL                        : 
    select
        rs1_0.opportunity_id,
        rs1_0.skill 
    from
        opportunity_required_skills rs1_0 
    where
        rs1_0.opportunity_id in (?, ?, ?, ?, ?, ?, ?, ?, ?, ?, ?, ?, ?, ?, ?, ?, ?, ?, ?, ?, ?, ?, ?, ?, ?)
2026-09-09 22:56:49.409 DEBUG 20044 --- [nio-8080-exec-6] org.hibernate.SQL                        : 
    select
        q1_0.opportunity_id,
        q1_0.qualification 
    from
        opportunity_qualifications q1_0 
    where
        q1_0.opportunity_id in (?, ?, ?, ?, ?, ?, ?, ?, ?, ?, ?, ?, ?, ?, ?, ?, ?, ?, ?, ?, ?, ?, ?, ?, ?)
2026-09-09 22:56:52.740 DEBUG 20044 --- [nio-8080-exec-2] o.s.security.web.FilterChainProxy        : Securing GET /api/v1/opportunities
2026-09-09 22:56:52.740  WARN 20044 --- [nio-8080-exec-2] c.e.firstapp.filter.JwtAuthFilter        : Cannot extract username from token: JWT expired at 2026-09-03T10:11:02Z. Current time: 2026-09-09T17:11:52Z, a difference of 543650740 milliseconds.  Allowed clock skew: 0 milliseconds.
2026-09-09 22:56:52.740 DEBUG 20044 --- [nio-8080-exec-2] o.s.s.w.a.AnonymousAuthenticationFilter  : Set SecurityContextHolder to anonymous SecurityContext
2026-09-09 22:56:52.740 DEBUG 20044 --- [nio-8080-exec-2] o.s.security.web.FilterChainProxy        : Secured GET /api/v1/opportunities
2026-09-09 22:56:52.754  WARN 20044 --- [nio-8080-exec-2] org.hibernate.orm.query                  : HHH90003004: firstResult/maxResults specified with collection fetch; applying in memory
2026-09-09 22:56:52.759 DEBUG 20044 --- [nio-8080-exec-2] org.hibernate.SQL                        : 
    select
        o1_0.id,
        o1_0.application_deadline,
        o1_0.business_id,
        b1_0.id,
        b1_0.company_name,
        b1_0.company_size,
        b1_0.contact_email,
        b1_0.contact_phone,
        b1_0.created_at,
        b1_0.description,
        b1_0.city,
        b1_0.country,
        b1_0.postal_code,
        b1_0.state,
        b1_0.street,
        b1_0.industry_type,
        b1_0.logo_url,
        b1_0.user_id,
        b1_0.registration_number,
        b1_0.status,
        b1_0.updated_at,
        b1_0.verification_status,
        b1_0.verified_at,
        b1_0.verified_by_admin_id,
        b1_0.website,
        o1_0.business_name,
        o1_0.compensation_currency,
        o1_0.compensation_disclosed,
        o1_0.compensation_max,
        o1_0.compensation_min,
        o1_0.created_at,
        o1_0.description,
        o1_0.experience_level,
        o1_0.location,
        o1_0.openings,
        o1_0.posted_at,
        r1_0.opportunity_id,
        r1_0.responsibility,
        o1_0.specialization,
        o1_0.status,
        o1_0.title,
        o1_0.type,
        o1_0.updated_at,
        o1_0.work_mode 
    from
        opportunities o1_0 
    join
        businesses b1_0 
            on b1_0.id=o1_0.business_id 
    left join
        opportunity_responsibilities r1_0 
            on o1_0.id=r1_0.opportunity_id 
    where
        o1_0.status=? 
    order by
        o1_0.posted_at desc
2026-09-09 22:56:52.790 DEBUG 20044 --- [nio-8080-exec-2] org.hibernate.SQL                        : 
    select
        count(o1_0.id) 
    from
        opportunities o1_0 
    where
        o1_0.status=?
2026-09-09 22:56:52.792 DEBUG 20044 --- [nio-8080-exec-2] org.hibernate.SQL                        : 
    select
        rs1_0.opportunity_id,
        rs1_0.skill 
    from
        opportunity_required_skills rs1_0 
    where
        rs1_0.opportunity_id in (?, ?, ?, ?, ?, ?, ?, ?, ?, ?, ?, ?, ?, ?, ?, ?, ?, ?, ?, ?, ?, ?, ?, ?, ?)
2026-09-09 22:56:52.798 DEBUG 20044 --- [nio-8080-exec-2] org.hibernate.SQL                        : 
    select
        q1_0.opportunity_id,
        q1_0.qualification 
    from
        opportunity_qualifications q1_0 
    where
        q1_0.opportunity_id in (?, ?, ?, ?, ?, ?, ?, ?, ?, ?, ?, ?, ?, ?, ?, ?, ?, ?, ?, ?, ?, ?, ?, ?, ?)
2026-09-09 22:56:56.616 DEBUG 20044 --- [nio-8080-exec-1] o.s.security.web.FilterChainProxy        : Securing GET /api/v1/opportunities/
2026-09-09 22:56:56.616  WARN 20044 --- [nio-8080-exec-1] c.e.firstapp.filter.JwtAuthFilter        : Cannot extract username from token: JWT expired at 2026-09-03T10:11:02Z. Current time: 2026-09-09T17:11:56Z, a difference of 543654616 milliseconds.  Allowed clock skew: 0 milliseconds.
2026-09-09 22:56:56.616 DEBUG 20044 --- [nio-8080-exec-1] o.s.s.w.a.AnonymousAuthenticationFilter  : Set SecurityContextHolder to anonymous SecurityContext
2026-09-09 22:56:56.616 DEBUG 20044 --- [nio-8080-exec-1] o.s.s.w.a.Http403ForbiddenEntryPoint     : Pre-authenticated entry point called. Rejecting access
2026-09-09 22:56:56.636 DEBUG 20044 --- [nio-8080-exec-1] o.s.security.web.FilterChainProxy        : Securing GET /error
2026-09-09 22:56:56.637 DEBUG 20044 --- [nio-8080-exec-1] o.s.s.w.a.AnonymousAuthenticationFilter  : Set SecurityContextHolder to anonymous SecurityContext
2026-09-09 22:56:56.638 DEBUG 20044 --- [nio-8080-exec-1] o.s.s.w.a.Http403ForbiddenEntryPoint     : Pre-authenticated entry point called. Rejecting access
2026-09-09 22:57:00.303 DEBUG 20044 --- [nio-8080-exec-3] o.s.security.web.FilterChainProxy        : Securing GET /api/v1/opportunities
2026-09-09 22:57:00.303  WARN 20044 --- [nio-8080-exec-3] c.e.firstapp.filter.JwtAuthFilter        : Cannot extract username from token: JWT expired at 2026-09-03T10:11:02Z. Current time: 2026-09-09T17:12:00Z, a difference of 543658303 milliseconds.  Allowed clock skew: 0 milliseconds.
2026-09-09 22:57:00.303 DEBUG 20044 --- [nio-8080-exec-3] o.s.s.w.a.AnonymousAuthenticationFilter  : Set SecurityContextHolder to anonymous SecurityContext
2026-09-09 22:57:00.303 DEBUG 20044 --- [nio-8080-exec-3] o.s.security.web.FilterChainProxy        : Secured GET /api/v1/opportunities
2026-09-09 22:57:00.319  WARN 20044 --- [nio-8080-exec-3] org.hibernate.orm.query                  : HHH90003004: firstResult/maxResults specified with collection fetch; applying in memory
2026-09-09 22:57:00.322 DEBUG 20044 --- [nio-8080-exec-3] org.hibernate.SQL                        : 
    select
        o1_0.id,
        o1_0.application_deadline,
        o1_0.business_id,
        b1_0.id,
        b1_0.company_name,
        b1_0.company_size,
        b1_0.contact_email,
        b1_0.contact_phone,
        b1_0.created_at,
        b1_0.description,
        b1_0.city,
        b1_0.country,
        b1_0.postal_code,
        b1_0.state,
        b1_0.street,
        b1_0.industry_type,
        b1_0.logo_url,
        b1_0.user_id,
        b1_0.registration_number,
        b1_0.status,
        b1_0.updated_at,
        b1_0.verification_status,
        b1_0.verified_at,
        b1_0.verified_by_admin_id,
        b1_0.website,
        o1_0.business_name,
        o1_0.compensation_currency,
        o1_0.compensation_disclosed,
        o1_0.compensation_max,
        o1_0.compensation_min,
        o1_0.created_at,
        o1_0.description,
        o1_0.experience_level,
        o1_0.location,
        o1_0.openings,
        o1_0.posted_at,
        r1_0.opportunity_id,
        r1_0.responsibility,
        o1_0.specialization,
        o1_0.status,
        o1_0.title,
        o1_0.type,
        o1_0.updated_at,
        o1_0.work_mode 
    from
        opportunities o1_0 
    join
        businesses b1_0 
            on b1_0.id=o1_0.business_id 
    left join
        opportunity_responsibilities r1_0 
            on o1_0.id=r1_0.opportunity_id 
    where
        o1_0.status=? 
    order by
        o1_0.posted_at desc
2026-09-09 22:57:00.379 DEBUG 20044 --- [nio-8080-exec-3] org.hibernate.SQL                        : 
    select
        count(o1_0.id) 
    from
        opportunities o1_0 
    where
        o1_0.status=?
2026-09-09 22:57:00.380 DEBUG 20044 --- [nio-8080-exec-3] org.hibernate.SQL                        : 
    select
        rs1_0.opportunity_id,
        rs1_0.skill 
    from
        opportunity_required_skills rs1_0 
    where
        rs1_0.opportunity_id in (?, ?, ?, ?, ?, ?, ?, ?, ?, ?, ?, ?, ?, ?, ?, ?, ?, ?, ?, ?, ?, ?, ?, ?, ?)
2026-09-09 22:57:00.380 DEBUG 20044 --- [nio-8080-exec-3] org.hibernate.SQL                        : 
    select
        q1_0.opportunity_id,
        q1_0.qualification 
    from
        opportunity_qualifications q1_0 
    where
        q1_0.opportunity_id in (?, ?, ?, ?, ?, ?, ?, ?, ?, ?, ?, ?, ?, ?, ?, ?, ?, ?, ?, ?, ?, ?, ?, ?, ?)
2026-09-09 22:59:10.909 DEBUG 20044 --- [nio-8080-exec-5] o.s.security.web.FilterChainProxy        : Securing GET /api/v1/business
2026-09-09 22:59:10.918  WARN 20044 --- [nio-8080-exec-5] c.e.firstapp.filter.JwtAuthFilter        : Cannot extract username from token: JWT expired at 2026-09-03T10:11:02Z. Current time: 2026-09-09T17:14:10Z, a difference of 543788917 milliseconds.  Allowed clock skew: 0 milliseconds.
2026-09-09 22:59:10.918 DEBUG 20044 --- [nio-8080-exec-5] o.s.s.w.a.AnonymousAuthenticationFilter  : Set SecurityContextHolder to anonymous SecurityContext
2026-09-09 22:59:10.919 DEBUG 20044 --- [nio-8080-exec-5] o.s.s.w.a.Http403ForbiddenEntryPoint     : Pre-authenticated entry point called. Rejecting access
2026-09-09 22:59:10.920 DEBUG 20044 --- [nio-8080-exec-5] o.s.security.web.FilterChainProxy        : Securing GET /error
2026-09-09 22:59:10.920 DEBUG 20044 --- [nio-8080-exec-5] o.s.s.w.a.AnonymousAuthenticationFilter  : Set SecurityContextHolder to anonymous SecurityContext
2026-09-09 22:59:10.920 DEBUG 20044 --- [nio-8080-exec-5] o.s.s.w.a.Http403ForbiddenEntryPoint     : Pre-authenticated entry point called. Rejecting access
2026-09-09 23:12:01.558  INFO 7964 --- [  restartedMain] c.e.firstapp.FirstappApplication         : Starting FirstappApplication using Java 25.0.3 with PID 7964 (E:\firstapp\firstapp\target\classes started by Dell in E:\firstapp\firstapp)
2026-09-09 23:12:01.561  INFO 7964 --- [  restartedMain] c.e.firstapp.FirstappApplication         : No active profile set, falling back to 1 default profile: "default"
2026-09-09 23:12:01.630  INFO 7964 --- [  restartedMain] .e.DevToolsPropertyDefaultsPostProcessor : Devtools property defaults active! Set 'spring.devtools.add-properties' to 'false' to disable
2026-09-09 23:12:01.630  INFO 7964 --- [  restartedMain] .e.DevToolsPropertyDefaultsPostProcessor : For additional web related logging consider setting the 'logging.level.web' property to 'DEBUG'
2026-09-09 23:12:03.035  INFO 7964 --- [  restartedMain] .s.d.r.c.RepositoryConfigurationDelegate : Bootstrapping Spring Data JPA repositories in DEFAULT mode.
2026-09-09 23:12:03.121  INFO 7964 --- [  restartedMain] .s.d.r.c.RepositoryConfigurationDelegate : Finished Spring Data repository scanning in 78 ms. Found 4 JPA repository interfaces.
2026-09-09 23:12:03.925  INFO 7964 --- [  restartedMain] o.s.b.w.e.tomcat.TomcatWebServer         : Tomcat initialized with port 8080 (http)
2026-09-09 23:12:03.945  INFO 7964 --- [  restartedMain] o.a.catalina.core.StandardService        : Starting service [Tomcat]
2026-09-09 23:12:03.945  INFO 7964 --- [  restartedMain] o.a.catalina.core.StandardEngine         : Starting Servlet engine: [Apache Tomcat/10.1.42]
2026-09-09 23:12:04.009  INFO 7964 --- [  restartedMain] o.a.c.c.C.[Tomcat].[localhost].[/]       : Initializing Spring embedded WebApplicationContext
2026-09-09 23:12:04.011  INFO 7964 --- [  restartedMain] w.s.c.ServletWebServerApplicationContext : Root WebApplicationContext: initialization completed in 2380 ms
2026-09-09 23:12:04.065 DEBUG 7964 --- [  restartedMain] com.zaxxer.hikari.HikariConfig           : Driver class com.mysql.cj.jdbc.Driver found in Thread context class loader TomcatEmbeddedWebappClassLoader
  context: ROOT
  delegate: true
----------> Parent Classloader:
org.springframework.boot.devtools.restart.classloader.RestartClassLoader@820a222

2026-09-09 23:12:04.196  INFO 7964 --- [  restartedMain] o.h.jpa.internal.util.LogHelper          : HHH000204: Processing PersistenceUnitInfo [name: default]
2026-09-09 23:12:04.282  INFO 7964 --- [  restartedMain] org.hibernate.Version                    : HHH000412: Hibernate ORM core version 6.5.3.Final
2026-09-09 23:12:04.322  INFO 7964 --- [  restartedMain] o.h.c.i.RegionFactoryInitiator           : HHH000026: Second-level cache disabled
2026-09-09 23:12:04.700  INFO 7964 --- [  restartedMain] o.s.o.j.p.SpringPersistenceUnitInfo      : No LoadTimeWeaver setup: ignoring JPA class transformer
2026-09-09 23:12:04.743 DEBUG 7964 --- [  restartedMain] com.zaxxer.hikari.HikariConfig           : BusinessAppHikariPool - configuration:
2026-09-09 23:12:04.749 DEBUG 7964 --- [  restartedMain] com.zaxxer.hikari.HikariConfig           : allowPoolSuspension.............false
2026-09-09 23:12:04.749 DEBUG 7964 --- [  restartedMain] com.zaxxer.hikari.HikariConfig           : autoCommit......................true
2026-09-09 23:12:04.750 DEBUG 7964 --- [  restartedMain] com.zaxxer.hikari.HikariConfig           : catalog.........................none
2026-09-09 23:12:04.750 DEBUG 7964 --- [  restartedMain] com.zaxxer.hikari.HikariConfig           : connectionInitSql...............none
2026-09-09 23:12:04.751 DEBUG 7964 --- [  restartedMain] com.zaxxer.hikari.HikariConfig           : connectionTestQuery............."SELECT 1"
2026-09-09 23:12:04.752 DEBUG 7964 --- [  restartedMain] com.zaxxer.hikari.HikariConfig           : connectionTimeout...............20000
2026-09-09 23:12:04.753 DEBUG 7964 --- [  restartedMain] com.zaxxer.hikari.HikariConfig           : dataSource......................none
2026-09-09 23:12:04.753 DEBUG 7964 --- [  restartedMain] com.zaxxer.hikari.HikariConfig           : dataSourceClassName.............none
2026-09-09 23:12:04.753 DEBUG 7964 --- [  restartedMain] com.zaxxer.hikari.HikariConfig           : dataSourceJNDI..................none
2026-09-09 23:12:04.754 DEBUG 7964 --- [  restartedMain] com.zaxxer.hikari.HikariConfig           : dataSourceProperties............{password=<masked>}
2026-09-09 23:12:04.754 DEBUG 7964 --- [  restartedMain] com.zaxxer.hikari.HikariConfig           : driverClassName................."com.mysql.cj.jdbc.Driver"
2026-09-09 23:12:04.754 DEBUG 7964 --- [  restartedMain] com.zaxxer.hikari.HikariConfig           : exceptionOverrideClassName......none
2026-09-09 23:12:04.755 DEBUG 7964 --- [  restartedMain] com.zaxxer.hikari.HikariConfig           : healthCheckProperties...........{}
2026-09-09 23:12:04.755 DEBUG 7964 --- [  restartedMain] com.zaxxer.hikari.HikariConfig           : healthCheckRegistry.............none
2026-09-09 23:12:04.755 DEBUG 7964 --- [  restartedMain] com.zaxxer.hikari.HikariConfig           : idleTimeout.....................600000
2026-09-09 23:12:04.755 DEBUG 7964 --- [  restartedMain] com.zaxxer.hikari.HikariConfig           : initializationFailTimeout.......1
2026-09-09 23:12:04.756 DEBUG 7964 --- [  restartedMain] com.zaxxer.hikari.HikariConfig           : isolateInternalQueries..........false
2026-09-09 23:12:04.757 DEBUG 7964 --- [  restartedMain] com.zaxxer.hikari.HikariConfig           : jdbcUrl.........................jdbc:mysql://localhost:3306/businessapp?createDatabaseIfNotExist=true&useSSL=false&serverTimezone=UTC&allowPublicKeyRetrieval=true
2026-09-09 23:12:04.757 DEBUG 7964 --- [  restartedMain] com.zaxxer.hikari.HikariConfig           : keepaliveTime...................0
2026-09-09 23:12:04.758 DEBUG 7964 --- [  restartedMain] com.zaxxer.hikari.HikariConfig           : leakDetectionThreshold..........0
2026-09-09 23:12:04.758 DEBUG 7964 --- [  restartedMain] com.zaxxer.hikari.HikariConfig           : maxLifetime.....................1800000
2026-09-09 23:12:04.759 DEBUG 7964 --- [  restartedMain] com.zaxxer.hikari.HikariConfig           : maximumPoolSize.................10
2026-09-09 23:12:04.759 DEBUG 7964 --- [  restartedMain] com.zaxxer.hikari.HikariConfig           : metricRegistry..................none
2026-09-09 23:12:04.760 DEBUG 7964 --- [  restartedMain] com.zaxxer.hikari.HikariConfig           : metricsTrackerFactory...........none
2026-09-09 23:12:04.760 DEBUG 7964 --- [  restartedMain] com.zaxxer.hikari.HikariConfig           : minimumIdle.....................5
2026-09-09 23:12:04.761 DEBUG 7964 --- [  restartedMain] com.zaxxer.hikari.HikariConfig           : password........................<masked>
2026-09-09 23:12:04.763 DEBUG 7964 --- [  restartedMain] com.zaxxer.hikari.HikariConfig           : poolName........................"BusinessAppHikariPool"
2026-09-09 23:12:04.764 DEBUG 7964 --- [  restartedMain] com.zaxxer.hikari.HikariConfig           : readOnly........................false
2026-09-09 23:12:04.765 DEBUG 7964 --- [  restartedMain] com.zaxxer.hikari.HikariConfig           : registerMbeans..................false
2026-09-09 23:12:04.765 DEBUG 7964 --- [  restartedMain] com.zaxxer.hikari.HikariConfig           : scheduledExecutor...............none
2026-09-09 23:12:04.765 DEBUG 7964 --- [  restartedMain] com.zaxxer.hikari.HikariConfig           : schema..........................none
2026-09-09 23:12:04.765 DEBUG 7964 --- [  restartedMain] com.zaxxer.hikari.HikariConfig           : threadFactory...................internal
2026-09-09 23:12:04.765 DEBUG 7964 --- [  restartedMain] com.zaxxer.hikari.HikariConfig           : transactionIsolation............default
2026-09-09 23:12:04.766 DEBUG 7964 --- [  restartedMain] com.zaxxer.hikari.HikariConfig           : username........................"root"
2026-09-09 23:12:04.766 DEBUG 7964 --- [  restartedMain] com.zaxxer.hikari.HikariConfig           : validationTimeout...............5000
2026-09-09 23:12:04.766  INFO 7964 --- [  restartedMain] com.zaxxer.hikari.HikariDataSource       : BusinessAppHikariPool - Starting...
2026-09-09 23:12:04.991  INFO 7964 --- [  restartedMain] com.zaxxer.hikari.pool.HikariPool        : BusinessAppHikariPool - Added connection com.mysql.cj.jdbc.ConnectionImpl@40df0faa
2026-09-09 23:12:04.993  INFO 7964 --- [  restartedMain] com.zaxxer.hikari.HikariDataSource       : BusinessAppHikariPool - Start completed.
2026-09-09 23:12:06.100  INFO 7964 --- [  restartedMain] o.h.e.t.j.p.i.JtaPlatformInitiator       : HHH000489: No JTA platform available (set 'hibernate.transaction.jta.platform' to enable JTA platform integration)
2026-09-09 23:12:06.215 DEBUG 7964 --- [  restartedMain] org.hibernate.SQL                        : 
    alter table businesses 
       modify column description TEXT
2026-09-09 23:12:06.318 DEBUG 7964 --- [  restartedMain] org.hibernate.SQL                        : 
    alter table opportunities 
       modify column description TEXT not null
2026-09-09 23:12:06.340 DEBUG 7964 --- [  restartedMain] org.hibernate.SQL                        : 
    alter table opportunities 
       modify column experience_level enum ('EXECUTIVE','GRADUATE','JUNIOR','MID','SENIOR') not null
2026-09-09 23:12:06.360 DEBUG 7964 --- [  restartedMain] org.hibernate.SQL                        : 
    alter table opportunities 
       modify column specialization enum ('ACCOUNTING_AUDIT','ASSET_WEALTH_MANAGEMENT','CORPORATE_FINANCE','FINTECH','INSURANCE','INVESTMENT_BANKING','OTHER','PRIVATE_EQUITY_VC','RISK_COMPLIANCE') not null
2026-09-09 23:12:06.376 DEBUG 7964 --- [  restartedMain] org.hibernate.SQL                        : 
    alter table opportunities 
       modify column status enum ('CLOSED','DRAFT','PUBLISHED') not null
2026-09-09 23:12:06.400 DEBUG 7964 --- [  restartedMain] org.hibernate.SQL                        : 
    alter table opportunities 
       modify column type enum ('CONTRACT','FULL_TIME','GIG','INTERNSHIP','PART_TIME') not null
2026-09-09 23:12:06.416 DEBUG 7964 --- [  restartedMain] org.hibernate.SQL                        : 
    alter table opportunities 
       modify column work_mode enum ('HYBRID','ONSITE','REMOTE') not null
2026-09-09 23:12:06.434 DEBUG 7964 --- [  restartedMain] org.hibernate.SQL                        : 
    alter table opportunity_qualifications 
       modify column qualification TEXT not null
2026-09-09 23:12:06.446 DEBUG 7964 --- [  restartedMain] org.hibernate.SQL                        : 
    alter table opportunity_responsibilities 
       modify column responsibility TEXT not null
2026-09-09 23:12:06.458 DEBUG 7964 --- [  restartedMain] org.hibernate.SQL                        : 
    alter table users 
       modify column role enum ('ROLE_ADMIN','ROLE_ADVISORY','ROLE_BUSINESS','ROLE_CUSTOMER','ROLE_MEMBERS') not null
2026-09-09 23:12:06.538  INFO 7964 --- [  restartedMain] j.LocalContainerEntityManagerFactoryBean : Initialized JPA EntityManagerFactory for persistence unit 'default'
2026-09-09 23:12:06.827  INFO 7964 --- [  restartedMain] o.s.d.j.r.query.QueryEnhancerFactory     : Hibernate is in classpath; If applicable, HQL parser will be used.
2026-09-09 23:12:07.300  INFO 7964 --- [  restartedMain] o.s.b.web.servlet.RegistrationBean       : Filter disableJwtAuthFilterRegistration was not registered (disabled)
2026-09-09 23:12:07.694  INFO 7964 --- [  restartedMain] eAuthenticationProviderManagerConfigurer : Global AuthenticationManager configured with AuthenticationProvider bean with name authenticationProvider
2026-09-09 23:12:07.695  WARN 7964 --- [  restartedMain] r$InitializeUserDetailsManagerConfigurer : Global AuthenticationManager configured with an AuthenticationProvider bean. UserDetailsService beans will not be used for username/password login. Consider removing the AuthenticationProvider bean. Alternatively, consider using the UserDetailsService in a manually instantiated DaoAuthenticationProvider.
2026-09-09 23:12:07.880  INFO 7964 --- [  restartedMain] c.e.firstapp.config.AsyncConfig          : Email thread pool initialized: core=2 max=5 queue=50
2026-09-09 23:12:08.250 DEBUG 7964 --- [  restartedMain] o.s.s.web.DefaultSecurityFilterChain     : Will secure any request with filters: DisableEncodeUrlFilter, WebAsyncManagerIntegrationFilter, SecurityContextHolderFilter, HeaderWriterFilter, LogoutFilter, JwtAuthFilter, RequestCacheAwareFilter, SecurityContextHolderAwareRequestFilter, AnonymousAuthenticationFilter, SessionManagementFilter, ExceptionTranslationFilter, AuthorizationFilter
2026-09-09 23:12:08.534  INFO 7964 --- [  restartedMain] o.s.b.d.a.OptionalLiveReloadServer       : LiveReload server is running on port 35729
2026-09-09 23:12:08.598  INFO 7964 --- [  restartedMain] o.s.b.w.e.tomcat.TomcatWebServer         : Tomcat started on port 8080 (http) with context path '/'
2026-09-09 23:12:08.611  INFO 7964 --- [  restartedMain] c.e.firstapp.FirstappApplication         : Started FirstappApplication in 7.464 seconds (process running for 8.14)
2026-09-09 23:25:09.349  INFO 7964 --- [nio-8080-exec-1] o.a.c.c.C.[Tomcat].[localhost].[/]       : Initializing Spring DispatcherServlet 'dispatcherServlet'
2026-09-09 23:25:09.372  INFO 7964 --- [nio-8080-exec-1] o.s.web.servlet.DispatcherServlet        : Initializing Servlet 'dispatcherServlet'
2026-09-09 23:25:09.510  INFO 7964 --- [nio-8080-exec-1] o.s.web.servlet.DispatcherServlet        : Completed initialization in 135 ms
2026-09-09 23:25:09.718 DEBUG 7964 --- [nio-8080-exec-1] o.s.security.web.FilterChainProxy        : Securing POST /api/v1/auth/login
2026-09-09 23:25:09.755 DEBUG 7964 --- [nio-8080-exec-1] o.s.s.w.a.AnonymousAuthenticationFilter  : Set SecurityContextHolder to anonymous SecurityContext
2026-09-09 23:25:09.764 DEBUG 7964 --- [nio-8080-exec-1] o.s.security.web.FilterChainProxy        : Secured POST /api/v1/auth/login
2026-09-09 23:25:10.565  INFO 7964 --- [nio-8080-exec-1] c.e.f.controller.AuthController          : Login request received: rakesh@gmail.com
2026-09-09 23:25:10.671  INFO 7964 --- [nio-8080-exec-1] c.e.firstapp.service.AuthService         : Login attempt for: rakesh@gmail.com
2026-09-09 23:25:11.440 DEBUG 7964 --- [nio-8080-exec-1] org.hibernate.SQL                        : 
    select
        u1_0.id,
        u1_0.created_at,
        u1_0.email,
        u1_0.failed_attempts,
        u1_0.is_active,
        u1_0.is_locked,
        u1_0.last_login_at,
        u1_0.lock_time,
        u1_0.password,
        u1_0.role,
        u1_0.updated_at,
        u1_0.username 
    from
        users u1_0 
    where
        u1_0.email=?
2026-09-09 23:25:11.994 DEBUG 7964 --- [nio-8080-exec-1] o.s.s.a.d.DaoAuthenticationProvider      : Authenticated user
2026-09-09 23:25:12.065 DEBUG 7964 --- [nio-8080-exec-1] org.hibernate.SQL                        : 
    update
        users u1_0 
    set
        failed_attempts=0,
        is_locked=0,
        lock_time=null 
    where
        u1_0.email=?
2026-09-09 23:25:12.082 DEBUG 7964 --- [nio-8080-exec-1] org.hibernate.SQL                        : 
    update
        users u1_0 
    set
        last_login_at=? 
    where
        u1_0.email=?
2026-09-09 23:25:12.109 DEBUG 7964 --- [nio-8080-exec-1] org.hibernate.SQL                        : 
    select
        u1_0.id,
        u1_0.created_at,
        u1_0.email,
        u1_0.failed_attempts,
        u1_0.is_active,
        u1_0.is_locked,
        u1_0.last_login_at,
        u1_0.lock_time,
        u1_0.password,
        u1_0.role,
        u1_0.updated_at,
        u1_0.username 
    from
        users u1_0 
    where
        u1_0.email=?
2026-09-09 23:25:12.187  INFO 7964 --- [nio-8080-exec-1] c.e.firstapp.service.AuthService         : Login successful: rakesh@gmail.com
2026-09-09 23:25:13.162 DEBUG 7964 --- [nio-8080-exec-2] o.s.security.web.FilterChainProxy        : Securing GET /api/v1/me/advisory-sessions
2026-09-09 23:25:13.164 DEBUG 7964 --- [nio-8080-exec-3] o.s.security.web.FilterChainProxy        : Securing GET /api/v1/me
2026-09-09 23:25:13.166 DEBUG 7964 --- [nio-8080-exec-5] o.s.security.web.FilterChainProxy        : Securing GET /api/v1/opportunities
2026-09-09 23:25:13.169 DEBUG 7964 --- [nio-8080-exec-4] o.s.security.web.FilterChainProxy        : Securing GET /api/v1/me/suggestions
2026-09-09 23:25:13.264 DEBUG 7964 --- [nio-8080-exec-2] org.hibernate.SQL                        : 
    select
        u1_0.id,
        u1_0.created_at,
        u1_0.email,
        u1_0.failed_attempts,
        u1_0.is_active,
        u1_0.is_locked,
        u1_0.last_login_at,
        u1_0.lock_time,
        u1_0.password,
        u1_0.role,
        u1_0.updated_at,
        u1_0.username 
    from
        users u1_0 
    where
        u1_0.email=?
2026-09-09 23:25:13.264 DEBUG 7964 --- [nio-8080-exec-4] org.hibernate.SQL                        : 
    select
        u1_0.id,
        u1_0.created_at,
        u1_0.email,
        u1_0.failed_attempts,
        u1_0.is_active,
        u1_0.is_locked,
        u1_0.last_login_at,
        u1_0.lock_time,
        u1_0.password,
        u1_0.role,
        u1_0.updated_at,
        u1_0.username 
    from
        users u1_0 
    where
        u1_0.email=?
2026-09-09 23:25:13.264 DEBUG 7964 --- [nio-8080-exec-3] org.hibernate.SQL                        : 
    select
        u1_0.id,
        u1_0.created_at,
        u1_0.email,
        u1_0.failed_attempts,
        u1_0.is_active,
        u1_0.is_locked,
        u1_0.last_login_at,
        u1_0.lock_time,
        u1_0.password,
        u1_0.role,
        u1_0.updated_at,
        u1_0.username 
    from
        users u1_0 
    where
        u1_0.email=?
2026-09-09 23:25:13.264 DEBUG 7964 --- [nio-8080-exec-5] org.hibernate.SQL                        : 
    select
        u1_0.id,
        u1_0.created_at,
        u1_0.email,
        u1_0.failed_attempts,
        u1_0.is_active,
        u1_0.is_locked,
        u1_0.last_login_at,
        u1_0.lock_time,
        u1_0.password,
        u1_0.role,
        u1_0.updated_at,
        u1_0.username 
    from
        users u1_0 
    where
        u1_0.email=?
2026-09-09 23:25:13.275 DEBUG 7964 --- [nio-8080-exec-2] o.s.security.web.FilterChainProxy        : Secured GET /api/v1/me/advisory-sessions
2026-09-09 23:25:13.289 DEBUG 7964 --- [nio-8080-exec-3] o.s.security.web.FilterChainProxy        : Secured GET /api/v1/me
2026-09-09 23:25:13.289 DEBUG 7964 --- [nio-8080-exec-4] o.s.security.web.FilterChainProxy        : Secured GET /api/v1/me/suggestions
2026-09-09 23:25:13.289 DEBUG 7964 --- [nio-8080-exec-5] o.s.security.web.FilterChainProxy        : Secured GET /api/v1/opportunities
2026-09-09 23:25:13.297 ERROR 7964 --- [nio-8080-exec-3] c.e.f.handler.GlobalExceptionHandler     : Unexpected error at /api/v1/me: No static resource api/v1/me.
org.springframework.web.servlet.resource.NoResourceFoundException: No static resource api/v1/me.
	at org.springframework.web.servlet.resource.ResourceHttpRequestHandler.handleRequest(ResourceHttpRequestHandler.java:586)
	at org.springframework.web.servlet.mvc.HttpRequestHandlerAdapter.handle(HttpRequestHandlerAdapter.java:52)
	at org.springframework.web.servlet.DispatcherServlet.doDispatch(DispatcherServlet.java:1089)
	at org.springframework.web.servlet.DispatcherServlet.doService(DispatcherServlet.java:979)
	at org.springframework.web.servlet.FrameworkServlet.processRequest(FrameworkServlet.java:1014)
	at org.springframework.web.servlet.FrameworkServlet.doGet(FrameworkServlet.java:903)
	at jakarta.servlet.http.HttpServlet.service(HttpServlet.java:564)
	at org.springframework.web.servlet.FrameworkServlet.service(FrameworkServlet.java:885)
	at jakarta.servlet.http.HttpServlet.service(HttpServlet.java:658)
	at org.apache.catalina.core.ApplicationFilterChain.internalDoFilter(ApplicationFilterChain.java:195)
	at org.apache.catalina.core.ApplicationFilterChain.doFilter(ApplicationFilterChain.java:140)
	at org.apache.tomcat.websocket.server.WsFilter.doFilter(WsFilter.java:51)
	at org.apache.catalina.core.ApplicationFilterChain.internalDoFilter(ApplicationFilterChain.java:164)
	at org.apache.catalina.core.ApplicationFilterChain.doFilter(ApplicationFilterChain.java:140)
	at org.springframework.web.filter.CompositeFilter$VirtualFilterChain.doFilter(CompositeFilter.java:108)
	at org.springframework.security.web.FilterChainProxy.lambda$doFilterInternal$3(FilterChainProxy.java:231)
	at org.springframework.security.web.FilterChainProxy$VirtualFilterChain.doFilter(FilterChainProxy.java:365)
	at org.springframework.security.web.access.intercept.AuthorizationFilter.doFilter(AuthorizationFilter.java:100)
	at org.springframework.security.web.FilterChainProxy$VirtualFilterChain.doFilter(FilterChainProxy.java:374)
	at org.springframework.security.web.access.ExceptionTranslationFilter.doFilter(ExceptionTranslationFilter.java:126)
	at org.springframework.security.web.access.ExceptionTranslationFilter.doFilter(ExceptionTranslationFilter.java:120)
	at org.springframework.security.web.FilterChainProxy$VirtualFilterChain.doFilter(FilterChainProxy.java:374)
	at org.springframework.security.web.session.SessionManagementFilter.doFilter(SessionManagementFilter.java:131)
	at org.springframework.security.web.session.SessionManagementFilter.doFilter(SessionManagementFilter.java:85)
	at org.springframework.security.web.FilterChainProxy$VirtualFilterChain.doFilter(FilterChainProxy.java:374)
	at org.springframework.security.web.authentication.AnonymousAuthenticationFilter.doFilter(AnonymousAuthenticationFilter.java:100)
	at org.springframework.security.web.FilterChainProxy$VirtualFilterChain.doFilter(FilterChainProxy.java:374)
	at org.springframework.security.web.servletapi.SecurityContextHolderAwareRequestFilter.doFilter(SecurityContextHolderAwareRequestFilter.java:179)
	at org.springframework.security.web.FilterChainProxy$VirtualFilterChain.doFilter(FilterChainProxy.java:374)
	at org.springframework.security.web.savedrequest.RequestCacheAwareFilter.doFilter(RequestCacheAwareFilter.java:63)
	at org.springframework.security.web.FilterChainProxy$VirtualFilterChain.doFilter(FilterChainProxy.java:374)
	at com.example.firstapp.filter.JwtAuthFilter.doFilterInternal(JwtAuthFilter.java:205)
	at org.springframework.web.filter.OncePerRequestFilter.doFilter(OncePerRequestFilter.java:116)
	at org.springframework.security.web.FilterChainProxy$VirtualFilterChain.doFilter(FilterChainProxy.java:374)
	at org.springframework.security.web.authentication.logout.LogoutFilter.doFilter(LogoutFilter.java:107)
	at org.springframework.security.web.authentication.logout.LogoutFilter.doFilter(LogoutFilter.java:93)
	at org.springframework.security.web.FilterChainProxy$VirtualFilterChain.doFilter(FilterChainProxy.java:374)
	at org.springframework.security.web.header.HeaderWriterFilter.doHeadersAfter(HeaderWriterFilter.java:90)
	at org.springframework.security.web.header.HeaderWriterFilter.doFilterInternal(HeaderWriterFilter.java:75)
	at org.springframework.web.filter.OncePerRequestFilter.doFilter(OncePerRequestFilter.java:116)
	at org.springframework.security.web.FilterChainProxy$VirtualFilterChain.doFilter(FilterChainProxy.java:374)
	at org.springframework.security.web.context.SecurityContextHolderFilter.doFilter(SecurityContextHolderFilter.java:82)
	at org.springframework.security.web.context.SecurityContextHolderFilter.doFilter(SecurityContextHolderFilter.java:69)
	at org.springframework.security.web.FilterChainProxy$VirtualFilterChain.doFilter(FilterChainProxy.java:374)
	at org.springframework.security.web.context.request.async.WebAsyncManagerIntegrationFilter.doFilterInternal(WebAsyncManagerIntegrationFilter.java:62)
	at org.springframework.web.filter.OncePerRequestFilter.doFilter(OncePerRequestFilter.java:116)
	at org.springframework.security.web.FilterChainProxy$VirtualFilterChain.doFilter(FilterChainProxy.java:374)
	at org.springframework.security.web.session.DisableEncodeUrlFilter.doFilterInternal(DisableEncodeUrlFilter.java:42)
	at org.springframework.web.filter.OncePerRequestFilter.doFilter(OncePerRequestFilter.java:116)
	at org.springframework.security.web.FilterChainProxy$VirtualFilterChain.doFilter(FilterChainProxy.java:374)
	at org.springframework.security.web.FilterChainProxy.doFilterInternal(FilterChainProxy.java:233)
	at org.springframework.security.web.FilterChainProxy.doFilter(FilterChainProxy.java:191)
	at org.springframework.web.filter.CompositeFilter$VirtualFilterChain.doFilter(CompositeFilter.java:113)
	at org.springframework.web.servlet.handler.HandlerMappingIntrospector.lambda$createCacheFilter$3(HandlerMappingIntrospector.java:195)
	at org.springframework.web.filter.CompositeFilter$VirtualFilterChain.doFilter(CompositeFilter.java:113)
	at org.springframework.web.filter.CompositeFilter.doFilter(CompositeFilter.java:74)
	at org.springframework.security.config.annotation.web.configuration.WebMvcSecurityConfiguration$CompositeFilterChainProxy.doFilter(WebMvcSecurityConfiguration.java:230)
	at org.springframework.web.filter.DelegatingFilterProxy.invokeDelegate(DelegatingFilterProxy.java:362)
	at org.springframework.web.filter.DelegatingFilterProxy.doFilter(DelegatingFilterProxy.java:278)
	at org.apache.catalina.core.ApplicationFilterChain.internalDoFilter(ApplicationFilterChain.java:164)
	at org.apache.catalina.core.ApplicationFilterChain.doFilter(ApplicationFilterChain.java:140)
	at org.springframework.web.filter.RequestContextFilter.doFilterInternal(RequestContextFilter.java:100)
	at org.springframework.web.filter.OncePerRequestFilter.doFilter(OncePerRequestFilter.java:116)
	at org.apache.catalina.core.ApplicationFilterChain.internalDoFilter(ApplicationFilterChain.java:164)
	at org.apache.catalina.core.ApplicationFilterChain.doFilter(ApplicationFilterChain.java:140)
	at org.springframework.web.filter.FormContentFilter.doFilterInternal(FormContentFilter.java:93)
	at org.springframework.web.filter.OncePerRequestFilter.doFilter(OncePerRequestFilter.java:116)
	at org.apache.catalina.core.ApplicationFilterChain.internalDoFilter(ApplicationFilterChain.java:164)
	at org.apache.catalina.core.ApplicationFilterChain.doFilter(ApplicationFilterChain.java:140)
	at org.springframework.web.filter.CharacterEncodingFilter.doFilterInternal(CharacterEncodingFilter.java:201)
	at org.springframework.web.filter.OncePerRequestFilter.doFilter(OncePerRequestFilter.java:116)
	at org.apache.catalina.core.ApplicationFilterChain.internalDoFilter(ApplicationFilterChain.java:164)
	at org.apache.catalina.core.ApplicationFilterChain.doFilter(ApplicationFilterChain.java:140)
	at com.example.firstapp.filter.RateLimitFilter.doFilterInternal(RateLimitFilter.java:161)
	at org.springframework.web.filter.OncePerRequestFilter.doFilter(OncePerRequestFilter.java:116)
	at org.apache.catalina.core.ApplicationFilterChain.internalDoFilter(ApplicationFilterChain.java:164)
	at org.apache.catalina.core.ApplicationFilterChain.doFilter(ApplicationFilterChain.java:140)
	at org.apache.catalina.core.StandardWrapperValve.invoke(StandardWrapperValve.java:167)
	at org.apache.catalina.core.StandardContextValve.invoke(StandardContextValve.java:90)
	at org.apache.catalina.authenticator.AuthenticatorBase.invoke(AuthenticatorBase.java:483)
	at org.apache.catalina.core.StandardHostValve.invoke(StandardHostValve.java:116)
	at org.apache.catalina.valves.ErrorReportValve.invoke(ErrorReportValve.java:93)
	at org.apache.catalina.core.StandardEngineValve.invoke(StandardEngineValve.java:74)
	at org.apache.catalina.connector.CoyoteAdapter.service(CoyoteAdapter.java:344)
	at org.apache.coyote.http11.Http11Processor.service(Http11Processor.java:398)
	at org.apache.coyote.AbstractProcessorLight.process(AbstractProcessorLight.java:63)
	at org.apache.coyote.AbstractProtocol$ConnectionHandler.process(AbstractProtocol.java:903)
	at org.apache.tomcat.util.net.NioEndpoint$SocketProcessor.doRun(NioEndpoint.java:1769)
	at org.apache.tomcat.util.net.SocketProcessorBase.run(SocketProcessorBase.java:52)
	at org.apache.tomcat.util.threads.ThreadPoolExecutor.runWorker(ThreadPoolExecutor.java:1189)
	at org.apache.tomcat.util.threads.ThreadPoolExecutor$Worker.run(ThreadPoolExecutor.java:658)
	at org.apache.tomcat.util.threads.TaskThread$WrappingRunnable.run(TaskThread.java:63)
	at java.base/java.lang.Thread.run(Thread.java:1474)
2026-09-09 23:25:13.297 ERROR 7964 --- [nio-8080-exec-4] c.e.f.handler.GlobalExceptionHandler     : Unexpected error at /api/v1/me/suggestions: No static resource api/v1/me/suggestions.
org.springframework.web.servlet.resource.NoResourceFoundException: No static resource api/v1/me/suggestions.
	at org.springframework.web.servlet.resource.ResourceHttpRequestHandler.handleRequest(ResourceHttpRequestHandler.java:586)
	at org.springframework.web.servlet.mvc.HttpRequestHandlerAdapter.handle(HttpRequestHandlerAdapter.java:52)
	at org.springframework.web.servlet.DispatcherServlet.doDispatch(DispatcherServlet.java:1089)
	at org.springframework.web.servlet.DispatcherServlet.doService(DispatcherServlet.java:979)
	at org.springframework.web.servlet.FrameworkServlet.processRequest(FrameworkServlet.java:1014)
	at org.springframework.web.servlet.FrameworkServlet.doGet(FrameworkServlet.java:903)
	at jakarta.servlet.http.HttpServlet.service(HttpServlet.java:564)
	at org.springframework.web.servlet.FrameworkServlet.service(FrameworkServlet.java:885)
	at jakarta.servlet.http.HttpServlet.service(HttpServlet.java:658)
	at org.apache.catalina.core.ApplicationFilterChain.internalDoFilter(ApplicationFilterChain.java:195)
	at org.apache.catalina.core.ApplicationFilterChain.doFilter(ApplicationFilterChain.java:140)
	at org.apache.tomcat.websocket.server.WsFilter.doFilter(WsFilter.java:51)
	at org.apache.catalina.core.ApplicationFilterChain.internalDoFilter(ApplicationFilterChain.java:164)
	at org.apache.catalina.core.ApplicationFilterChain.doFilter(ApplicationFilterChain.java:140)
	at org.springframework.web.filter.CompositeFilter$VirtualFilterChain.doFilter(CompositeFilter.java:108)
	at org.springframework.security.web.FilterChainProxy.lambda$doFilterInternal$3(FilterChainProxy.java:231)
	at org.springframework.security.web.FilterChainProxy$VirtualFilterChain.doFilter(FilterChainProxy.java:365)
	at org.springframework.security.web.access.intercept.AuthorizationFilter.doFilter(AuthorizationFilter.java:100)
	at org.springframework.security.web.FilterChainProxy$VirtualFilterChain.doFilter(FilterChainProxy.java:374)
	at org.springframework.security.web.access.ExceptionTranslationFilter.doFilter(ExceptionTranslationFilter.java:126)
	at org.springframework.security.web.access.ExceptionTranslationFilter.doFilter(ExceptionTranslationFilter.java:120)
	at org.springframework.security.web.FilterChainProxy$VirtualFilterChain.doFilter(FilterChainProxy.java:374)
	at org.springframework.security.web.session.SessionManagementFilter.doFilter(SessionManagementFilter.java:131)
	at org.springframework.security.web.session.SessionManagementFilter.doFilter(SessionManagementFilter.java:85)
	at org.springframework.security.web.FilterChainProxy$VirtualFilterChain.doFilter(FilterChainProxy.java:374)
	at org.springframework.security.web.authentication.AnonymousAuthenticationFilter.doFilter(AnonymousAuthenticationFilter.java:100)
	at org.springframework.security.web.FilterChainProxy$VirtualFilterChain.doFilter(FilterChainProxy.java:374)
	at org.springframework.security.web.servletapi.SecurityContextHolderAwareRequestFilter.doFilter(SecurityContextHolderAwareRequestFilter.java:179)
	at org.springframework.security.web.FilterChainProxy$VirtualFilterChain.doFilter(FilterChainProxy.java:374)
	at org.springframework.security.web.savedrequest.RequestCacheAwareFilter.doFilter(RequestCacheAwareFilter.java:63)
	at org.springframework.security.web.FilterChainProxy$VirtualFilterChain.doFilter(FilterChainProxy.java:374)
	at com.example.firstapp.filter.JwtAuthFilter.doFilterInternal(JwtAuthFilter.java:205)
	at org.springframework.web.filter.OncePerRequestFilter.doFilter(OncePerRequestFilter.java:116)
	at org.springframework.security.web.FilterChainProxy$VirtualFilterChain.doFilter(FilterChainProxy.java:374)
	at org.springframework.security.web.authentication.logout.LogoutFilter.doFilter(LogoutFilter.java:107)
	at org.springframework.security.web.authentication.logout.LogoutFilter.doFilter(LogoutFilter.java:93)
	at org.springframework.security.web.FilterChainProxy$VirtualFilterChain.doFilter(FilterChainProxy.java:374)
	at org.springframework.security.web.header.HeaderWriterFilter.doHeadersAfter(HeaderWriterFilter.java:90)
	at org.springframework.security.web.header.HeaderWriterFilter.doFilterInternal(HeaderWriterFilter.java:75)
	at org.springframework.web.filter.OncePerRequestFilter.doFilter(OncePerRequestFilter.java:116)
	at org.springframework.security.web.FilterChainProxy$VirtualFilterChain.doFilter(FilterChainProxy.java:374)
	at org.springframework.security.web.context.SecurityContextHolderFilter.doFilter(SecurityContextHolderFilter.java:82)
	at org.springframework.security.web.context.SecurityContextHolderFilter.doFilter(SecurityContextHolderFilter.java:69)
	at org.springframework.security.web.FilterChainProxy$VirtualFilterChain.doFilter(FilterChainProxy.java:374)
	at org.springframework.security.web.context.request.async.WebAsyncManagerIntegrationFilter.doFilterInternal(WebAsyncManagerIntegrationFilter.java:62)
	at org.springframework.web.filter.OncePerRequestFilter.doFilter(OncePerRequestFilter.java:116)
	at org.springframework.security.web.FilterChainProxy$VirtualFilterChain.doFilter(FilterChainProxy.java:374)
	at org.springframework.security.web.session.DisableEncodeUrlFilter.doFilterInternal(DisableEncodeUrlFilter.java:42)
	at org.springframework.web.filter.OncePerRequestFilter.doFilter(OncePerRequestFilter.java:116)
	at org.springframework.security.web.FilterChainProxy$VirtualFilterChain.doFilter(FilterChainProxy.java:374)
	at org.springframework.security.web.FilterChainProxy.doFilterInternal(FilterChainProxy.java:233)
	at org.springframework.security.web.FilterChainProxy.doFilter(FilterChainProxy.java:191)
	at org.springframework.web.filter.CompositeFilter$VirtualFilterChain.doFilter(CompositeFilter.java:113)
	at org.springframework.web.servlet.handler.HandlerMappingIntrospector.lambda$createCacheFilter$3(HandlerMappingIntrospector.java:195)
	at org.springframework.web.filter.CompositeFilter$VirtualFilterChain.doFilter(CompositeFilter.java:113)
	at org.springframework.web.filter.CompositeFilter.doFilter(CompositeFilter.java:74)
	at org.springframework.security.config.annotation.web.configuration.WebMvcSecurityConfiguration$CompositeFilterChainProxy.doFilter(WebMvcSecurityConfiguration.java:230)
	at org.springframework.web.filter.DelegatingFilterProxy.invokeDelegate(DelegatingFilterProxy.java:362)
	at org.springframework.web.filter.DelegatingFilterProxy.doFilter(DelegatingFilterProxy.java:278)
	at org.apache.catalina.core.ApplicationFilterChain.internalDoFilter(ApplicationFilterChain.java:164)
	at org.apache.catalina.core.ApplicationFilterChain.doFilter(ApplicationFilterChain.java:140)
	at org.springframework.web.filter.RequestContextFilter.doFilterInternal(RequestContextFilter.java:100)
	at org.springframework.web.filter.OncePerRequestFilter.doFilter(OncePerRequestFilter.java:116)
	at org.apache.catalina.core.ApplicationFilterChain.internalDoFilter(ApplicationFilterChain.java:164)
	at org.apache.catalina.core.ApplicationFilterChain.doFilter(ApplicationFilterChain.java:140)
	at org.springframework.web.filter.FormContentFilter.doFilterInternal(FormContentFilter.java:93)
	at org.springframework.web.filter.OncePerRequestFilter.doFilter(OncePerRequestFilter.java:116)
	at org.apache.catalina.core.ApplicationFilterChain.internalDoFilter(ApplicationFilterChain.java:164)
	at org.apache.catalina.core.ApplicationFilterChain.doFilter(ApplicationFilterChain.java:140)
	at org.springframework.web.filter.CharacterEncodingFilter.doFilterInternal(CharacterEncodingFilter.java:201)
	at org.springframework.web.filter.OncePerRequestFilter.doFilter(OncePerRequestFilter.java:116)
	at org.apache.catalina.core.ApplicationFilterChain.internalDoFilter(ApplicationFilterChain.java:164)
	at org.apache.catalina.core.ApplicationFilterChain.doFilter(ApplicationFilterChain.java:140)
	at com.example.firstapp.filter.RateLimitFilter.doFilterInternal(RateLimitFilter.java:161)
	at org.springframework.web.filter.OncePerRequestFilter.doFilter(OncePerRequestFilter.java:116)
	at org.apache.catalina.core.ApplicationFilterChain.internalDoFilter(ApplicationFilterChain.java:164)
	at org.apache.catalina.core.ApplicationFilterChain.doFilter(ApplicationFilterChain.java:140)
	at org.apache.catalina.core.StandardWrapperValve.invoke(StandardWrapperValve.java:167)
	at org.apache.catalina.core.StandardContextValve.invoke(StandardContextValve.java:90)
	at org.apache.catalina.authenticator.AuthenticatorBase.invoke(AuthenticatorBase.java:483)
	at org.apache.catalina.core.StandardHostValve.invoke(StandardHostValve.java:116)
	at org.apache.catalina.valves.ErrorReportValve.invoke(ErrorReportValve.java:93)
	at org.apache.catalina.core.StandardEngineValve.invoke(StandardEngineValve.java:74)
	at org.apache.catalina.connector.CoyoteAdapter.service(CoyoteAdapter.java:344)
	at org.apache.coyote.http11.Http11Processor.service(Http11Processor.java:398)
	at org.apache.coyote.AbstractProcessorLight.process(AbstractProcessorLight.java:63)
	at org.apache.coyote.AbstractProtocol$ConnectionHandler.process(AbstractProtocol.java:903)
	at org.apache.tomcat.util.net.NioEndpoint$SocketProcessor.doRun(NioEndpoint.java:1769)
	at org.apache.tomcat.util.net.SocketProcessorBase.run(SocketProcessorBase.java:52)
	at org.apache.tomcat.util.threads.ThreadPoolExecutor.runWorker(ThreadPoolExecutor.java:1189)
	at org.apache.tomcat.util.threads.ThreadPoolExecutor$Worker.run(ThreadPoolExecutor.java:658)
	at org.apache.tomcat.util.threads.TaskThread$WrappingRunnable.run(TaskThread.java:63)
	at java.base/java.lang.Thread.run(Thread.java:1474)
2026-09-09 23:25:13.297 ERROR 7964 --- [nio-8080-exec-2] c.e.f.handler.GlobalExceptionHandler     : Unexpected error at /api/v1/me/advisory-sessions: No static resource api/v1/me/advisory-sessions.
org.springframework.web.servlet.resource.NoResourceFoundException: No static resource api/v1/me/advisory-sessions.
	at org.springframework.web.servlet.resource.ResourceHttpRequestHandler.handleRequest(ResourceHttpRequestHandler.java:586)
	at org.springframework.web.servlet.mvc.HttpRequestHandlerAdapter.handle(HttpRequestHandlerAdapter.java:52)
	at org.springframework.web.servlet.DispatcherServlet.doDispatch(DispatcherServlet.java:1089)
	at org.springframework.web.servlet.DispatcherServlet.doService(DispatcherServlet.java:979)
	at org.springframework.web.servlet.FrameworkServlet.processRequest(FrameworkServlet.java:1014)
	at org.springframework.web.servlet.FrameworkServlet.doGet(FrameworkServlet.java:903)
	at jakarta.servlet.http.HttpServlet.service(HttpServlet.java:564)
	at org.springframework.web.servlet.FrameworkServlet.service(FrameworkServlet.java:885)
	at jakarta.servlet.http.HttpServlet.service(HttpServlet.java:658)
	at org.apache.catalina.core.ApplicationFilterChain.internalDoFilter(ApplicationFilterChain.java:195)
	at org.apache.catalina.core.ApplicationFilterChain.doFilter(ApplicationFilterChain.java:140)
	at org.apache.tomcat.websocket.server.WsFilter.doFilter(WsFilter.java:51)
	at org.apache.catalina.core.ApplicationFilterChain.internalDoFilter(ApplicationFilterChain.java:164)
	at org.apache.catalina.core.ApplicationFilterChain.doFilter(ApplicationFilterChain.java:140)
	at org.springframework.web.filter.CompositeFilter$VirtualFilterChain.doFilter(CompositeFilter.java:108)
	at org.springframework.security.web.FilterChainProxy.lambda$doFilterInternal$3(FilterChainProxy.java:231)
	at org.springframework.security.web.FilterChainProxy$VirtualFilterChain.doFilter(FilterChainProxy.java:365)
	at org.springframework.security.web.access.intercept.AuthorizationFilter.doFilter(AuthorizationFilter.java:100)
	at org.springframework.security.web.FilterChainProxy$VirtualFilterChain.doFilter(FilterChainProxy.java:374)
	at org.springframework.security.web.access.ExceptionTranslationFilter.doFilter(ExceptionTranslationFilter.java:126)
	at org.springframework.security.web.access.ExceptionTranslationFilter.doFilter(ExceptionTranslationFilter.java:120)
	at org.springframework.security.web.FilterChainProxy$VirtualFilterChain.doFilter(FilterChainProxy.java:374)
	at org.springframework.security.web.session.SessionManagementFilter.doFilter(SessionManagementFilter.java:131)
	at org.springframework.security.web.session.SessionManagementFilter.doFilter(SessionManagementFilter.java:85)
	at org.springframework.security.web.FilterChainProxy$VirtualFilterChain.doFilter(FilterChainProxy.java:374)
	at org.springframework.security.web.authentication.AnonymousAuthenticationFilter.doFilter(AnonymousAuthenticationFilter.java:100)
	at org.springframework.security.web.FilterChainProxy$VirtualFilterChain.doFilter(FilterChainProxy.java:374)
	at org.springframework.security.web.servletapi.SecurityContextHolderAwareRequestFilter.doFilter(SecurityContextHolderAwareRequestFilter.java:179)
	at org.springframework.security.web.FilterChainProxy$VirtualFilterChain.doFilter(FilterChainProxy.java:374)
	at org.springframework.security.web.savedrequest.RequestCacheAwareFilter.doFilter(RequestCacheAwareFilter.java:63)
	at org.springframework.security.web.FilterChainProxy$VirtualFilterChain.doFilter(FilterChainProxy.java:374)
	at com.example.firstapp.filter.JwtAuthFilter.doFilterInternal(JwtAuthFilter.java:205)
	at org.springframework.web.filter.OncePerRequestFilter.doFilter(OncePerRequestFilter.java:116)
	at org.springframework.security.web.FilterChainProxy$VirtualFilterChain.doFilter(FilterChainProxy.java:374)
	at org.springframework.security.web.authentication.logout.LogoutFilter.doFilter(LogoutFilter.java:107)
	at org.springframework.security.web.authentication.logout.LogoutFilter.doFilter(LogoutFilter.java:93)
	at org.springframework.security.web.FilterChainProxy$VirtualFilterChain.doFilter(FilterChainProxy.java:374)
	at org.springframework.security.web.header.HeaderWriterFilter.doHeadersAfter(HeaderWriterFilter.java:90)
	at org.springframework.security.web.header.HeaderWriterFilter.doFilterInternal(HeaderWriterFilter.java:75)
	at org.springframework.web.filter.OncePerRequestFilter.doFilter(OncePerRequestFilter.java:116)
	at org.springframework.security.web.FilterChainProxy$VirtualFilterChain.doFilter(FilterChainProxy.java:374)
	at org.springframework.security.web.context.SecurityContextHolderFilter.doFilter(SecurityContextHolderFilter.java:82)
	at org.springframework.security.web.context.SecurityContextHolderFilter.doFilter(SecurityContextHolderFilter.java:69)
	at org.springframework.security.web.FilterChainProxy$VirtualFilterChain.doFilter(FilterChainProxy.java:374)
	at org.springframework.security.web.context.request.async.WebAsyncManagerIntegrationFilter.doFilterInternal(WebAsyncManagerIntegrationFilter.java:62)
	at org.springframework.web.filter.OncePerRequestFilter.doFilter(OncePerRequestFilter.java:116)
	at org.springframework.security.web.FilterChainProxy$VirtualFilterChain.doFilter(FilterChainProxy.java:374)
	at org.springframework.security.web.session.DisableEncodeUrlFilter.doFilterInternal(DisableEncodeUrlFilter.java:42)
	at org.springframework.web.filter.OncePerRequestFilter.doFilter(OncePerRequestFilter.java:116)
	at org.springframework.security.web.FilterChainProxy$VirtualFilterChain.doFilter(FilterChainProxy.java:374)
	at org.springframework.security.web.FilterChainProxy.doFilterInternal(FilterChainProxy.java:233)
	at org.springframework.security.web.FilterChainProxy.doFilter(FilterChainProxy.java:191)
	at org.springframework.web.filter.CompositeFilter$VirtualFilterChain.doFilter(CompositeFilter.java:113)
	at org.springframework.web.servlet.handler.HandlerMappingIntrospector.lambda$createCacheFilter$3(HandlerMappingIntrospector.java:195)
	at org.springframework.web.filter.CompositeFilter$VirtualFilterChain.doFilter(CompositeFilter.java:113)
	at org.springframework.web.filter.CompositeFilter.doFilter(CompositeFilter.java:74)
	at org.springframework.security.config.annotation.web.configuration.WebMvcSecurityConfiguration$CompositeFilterChainProxy.doFilter(WebMvcSecurityConfiguration.java:230)
	at org.springframework.web.filter.DelegatingFilterProxy.invokeDelegate(DelegatingFilterProxy.java:362)
	at org.springframework.web.filter.DelegatingFilterProxy.doFilter(DelegatingFilterProxy.java:278)
	at org.apache.catalina.core.ApplicationFilterChain.internalDoFilter(ApplicationFilterChain.java:164)
	at org.apache.catalina.core.ApplicationFilterChain.doFilter(ApplicationFilterChain.java:140)
	at org.springframework.web.filter.RequestContextFilter.doFilterInternal(RequestContextFilter.java:100)
	at org.springframework.web.filter.OncePerRequestFilter.doFilter(OncePerRequestFilter.java:116)
	at org.apache.catalina.core.ApplicationFilterChain.internalDoFilter(ApplicationFilterChain.java:164)
	at org.apache.catalina.core.ApplicationFilterChain.doFilter(ApplicationFilterChain.java:140)
	at org.springframework.web.filter.FormContentFilter.doFilterInternal(FormContentFilter.java:93)
	at org.springframework.web.filter.OncePerRequestFilter.doFilter(OncePerRequestFilter.java:116)
	at org.apache.catalina.core.ApplicationFilterChain.internalDoFilter(ApplicationFilterChain.java:164)
	at org.apache.catalina.core.ApplicationFilterChain.doFilter(ApplicationFilterChain.java:140)
	at org.springframework.web.filter.CharacterEncodingFilter.doFilterInternal(CharacterEncodingFilter.java:201)
	at org.springframework.web.filter.OncePerRequestFilter.doFilter(OncePerRequestFilter.java:116)
	at org.apache.catalina.core.ApplicationFilterChain.internalDoFilter(ApplicationFilterChain.java:164)
	at org.apache.catalina.core.ApplicationFilterChain.doFilter(ApplicationFilterChain.java:140)
	at com.example.firstapp.filter.RateLimitFilter.doFilterInternal(RateLimitFilter.java:161)
	at org.springframework.web.filter.OncePerRequestFilter.doFilter(OncePerRequestFilter.java:116)
	at org.apache.catalina.core.ApplicationFilterChain.internalDoFilter(ApplicationFilterChain.java:164)
	at org.apache.catalina.core.ApplicationFilterChain.doFilter(ApplicationFilterChain.java:140)
	at org.apache.catalina.core.StandardWrapperValve.invoke(StandardWrapperValve.java:167)
	at org.apache.catalina.core.StandardContextValve.invoke(StandardContextValve.java:90)
	at org.apache.catalina.authenticator.AuthenticatorBase.invoke(AuthenticatorBase.java:483)
	at org.apache.catalina.core.StandardHostValve.invoke(StandardHostValve.java:116)
	at org.apache.catalina.valves.ErrorReportValve.invoke(ErrorReportValve.java:93)
	at org.apache.catalina.core.StandardEngineValve.invoke(StandardEngineValve.java:74)
	at org.apache.catalina.connector.CoyoteAdapter.service(CoyoteAdapter.java:344)
	at org.apache.coyote.http11.Http11Processor.service(Http11Processor.java:398)
	at org.apache.coyote.AbstractProcessorLight.process(AbstractProcessorLight.java:63)
	at org.apache.coyote.AbstractProtocol$ConnectionHandler.process(AbstractProtocol.java:903)
	at org.apache.tomcat.util.net.NioEndpoint$SocketProcessor.doRun(NioEndpoint.java:1769)
	at org.apache.tomcat.util.net.SocketProcessorBase.run(SocketProcessorBase.java:52)
	at org.apache.tomcat.util.threads.ThreadPoolExecutor.runWorker(ThreadPoolExecutor.java:1189)
	at org.apache.tomcat.util.threads.ThreadPoolExecutor$Worker.run(ThreadPoolExecutor.java:658)
	at org.apache.tomcat.util.threads.TaskThread$WrappingRunnable.run(TaskThread.java:63)
	at java.base/java.lang.Thread.run(Thread.java:1474)
2026-09-09 23:25:13.316  WARN 7964 --- [nio-8080-exec-3] .m.m.a.ExceptionHandlerExceptionResolver : Resolved [org.springframework.web.servlet.resource.NoResourceFoundException: No static resource api/v1/me.]
2026-09-09 23:25:13.316  WARN 7964 --- [nio-8080-exec-2] .m.m.a.ExceptionHandlerExceptionResolver : Resolved [org.springframework.web.servlet.resource.NoResourceFoundException: No static resource api/v1/me/advisory-sessions.]
2026-09-09 23:25:13.316  WARN 7964 --- [nio-8080-exec-4] .m.m.a.ExceptionHandlerExceptionResolver : Resolved [org.springframework.web.servlet.resource.NoResourceFoundException: No static resource api/v1/me/suggestions.]
2026-09-09 23:25:13.376  WARN 7964 --- [nio-8080-exec-5] org.hibernate.orm.query                  : HHH90003004: firstResult/maxResults specified with collection fetch; applying in memory
2026-09-09 23:25:13.416 DEBUG 7964 --- [nio-8080-exec-5] org.hibernate.SQL                        : 
    select
        o1_0.id,
        o1_0.application_deadline,
        o1_0.business_id,
        b1_0.id,
        b1_0.company_name,
        b1_0.company_size,
        b1_0.contact_email,
        b1_0.contact_phone,
        b1_0.created_at,
        b1_0.description,
        b1_0.city,
        b1_0.country,
        b1_0.postal_code,
        b1_0.state,
        b1_0.street,
        b1_0.industry_type,
        b1_0.logo_url,
        b1_0.user_id,
        b1_0.registration_number,
        b1_0.status,
        b1_0.updated_at,
        b1_0.verification_status,
        b1_0.verified_at,
        b1_0.verified_by_admin_id,
        b1_0.website,
        o1_0.business_name,
        o1_0.compensation_currency,
        o1_0.compensation_disclosed,
        o1_0.compensation_max,
        o1_0.compensation_min,
        o1_0.created_at,
        o1_0.description,
        o1_0.experience_level,
        o1_0.location,
        o1_0.openings,
        o1_0.posted_at,
        r1_0.opportunity_id,
        r1_0.responsibility,
        o1_0.specialization,
        o1_0.status,
        o1_0.title,
        o1_0.type,
        o1_0.updated_at,
        o1_0.work_mode 
    from
        opportunities o1_0 
    join
        businesses b1_0 
            on b1_0.id=o1_0.business_id 
    left join
        opportunity_responsibilities r1_0 
            on o1_0.id=r1_0.opportunity_id 
    where
        o1_0.status=? 
    order by
        o1_0.posted_at desc
2026-09-09 23:25:13.515 DEBUG 7964 --- [nio-8080-exec-5] org.hibernate.SQL                        : 
    select
        count(o1_0.id) 
    from
        opportunities o1_0 
    where
        o1_0.status=?
2026-09-09 23:25:13.534 DEBUG 7964 --- [nio-8080-exec-5] org.hibernate.SQL                        : 
    select
        rs1_0.opportunity_id,
        rs1_0.skill 
    from
        opportunity_required_skills rs1_0 
    where
        rs1_0.opportunity_id in (?, ?, ?, ?, ?, ?, ?, ?, ?, ?, ?, ?, ?, ?, ?, ?, ?, ?, ?, ?, ?, ?, ?, ?, ?)
2026-09-09 23:25:13.593 DEBUG 7964 --- [nio-8080-exec-5] org.hibernate.SQL                        : 
    select
        q1_0.opportunity_id,
        q1_0.qualification 
    from
        opportunity_qualifications q1_0 
    where
        q1_0.opportunity_id in (?, ?, ?, ?, ?, ?, ?, ?, ?, ?, ?, ?, ?, ?, ?, ?, ?, ?, ?, ?, ?, ?, ?, ?, ?)
2026-09-09 23:25:29.911 DEBUG 7964 --- [nio-8080-exec-7] o.s.security.web.FilterChainProxy        : Securing GET /api/v1/me
2026-09-09 23:25:29.911 DEBUG 7964 --- [nio-8080-exec-8] o.s.security.web.FilterChainProxy        : Securing GET /api/v1/me/applications
2026-09-09 23:25:29.918 DEBUG 7964 --- [io-8080-exec-10] o.s.security.web.FilterChainProxy        : Securing GET /api/v1/me/advisory-sessions
2026-09-09 23:25:29.918 DEBUG 7964 --- [nio-8080-exec-9] o.s.security.web.FilterChainProxy        : Securing GET /api/v1/me/suggestions
2026-09-09 23:25:29.923 DEBUG 7964 --- [nio-8080-exec-1] o.s.security.web.FilterChainProxy        : Securing GET /api/v1/opportunities
2026-09-09 23:25:29.927 DEBUG 7964 --- [io-8080-exec-10] org.hibernate.SQL                        : 
    select
        u1_0.id,
        u1_0.created_at,
        u1_0.email,
        u1_0.failed_attempts,
        u1_0.is_active,
        u1_0.is_locked,
        u1_0.last_login_at,
        u1_0.lock_time,
        u1_0.password,
        u1_0.role,
        u1_0.updated_at,
        u1_0.username 
    from
        users u1_0 
    where
        u1_0.email=?
2026-09-09 23:25:29.927 DEBUG 7964 --- [nio-8080-exec-9] org.hibernate.SQL                        : 
    select
        u1_0.id,
        u1_0.created_at,
        u1_0.email,
        u1_0.failed_attempts,
        u1_0.is_active,
        u1_0.is_locked,
        u1_0.last_login_at,
        u1_0.lock_time,
        u1_0.password,
        u1_0.role,
        u1_0.updated_at,
        u1_0.username 
    from
        users u1_0 
    where
        u1_0.email=?
2026-09-09 23:25:29.927 DEBUG 7964 --- [nio-8080-exec-7] org.hibernate.SQL                        : 
    select
        u1_0.id,
        u1_0.created_at,
        u1_0.email,
        u1_0.failed_attempts,
        u1_0.is_active,
        u1_0.is_locked,
        u1_0.last_login_at,
        u1_0.lock_time,
        u1_0.password,
        u1_0.role,
        u1_0.updated_at,
        u1_0.username 
    from
        users u1_0 
    where
        u1_0.email=?
2026-09-09 23:25:29.927 DEBUG 7964 --- [nio-8080-exec-8] org.hibernate.SQL                        : 
    select
        u1_0.id,
        u1_0.created_at,
        u1_0.email,
        u1_0.failed_attempts,
        u1_0.is_active,
        u1_0.is_locked,
        u1_0.last_login_at,
        u1_0.lock_time,
        u1_0.password,
        u1_0.role,
        u1_0.updated_at,
        u1_0.username 
    from
        users u1_0 
    where
        u1_0.email=?
2026-09-09 23:25:29.943 DEBUG 7964 --- [io-8080-exec-10] o.s.security.web.FilterChainProxy        : Secured GET /api/v1/me/advisory-sessions
2026-09-09 23:25:29.943 DEBUG 7964 --- [nio-8080-exec-1] org.hibernate.SQL                        : 
    select
        u1_0.id,
        u1_0.created_at,
        u1_0.email,
        u1_0.failed_attempts,
        u1_0.is_active,
        u1_0.is_locked,
        u1_0.last_login_at,
        u1_0.lock_time,
        u1_0.password,
        u1_0.role,
        u1_0.updated_at,
        u1_0.username 
    from
        users u1_0 
    where
        u1_0.email=?
2026-09-09 23:25:29.943 DEBUG 7964 --- [nio-8080-exec-7] o.s.security.web.FilterChainProxy        : Secured GET /api/v1/me
2026-09-09 23:25:29.943 DEBUG 7964 --- [nio-8080-exec-9] o.s.security.web.FilterChainProxy        : Secured GET /api/v1/me/suggestions
2026-09-09 23:25:29.945 DEBUG 7964 --- [nio-8080-exec-8] o.s.security.web.FilterChainProxy        : Secured GET /api/v1/me/applications
2026-09-09 23:25:29.945 ERROR 7964 --- [nio-8080-exec-8] c.e.f.handler.GlobalExceptionHandler     : Unexpected error at /api/v1/me/applications: No static resource api/v1/me/applications.
org.springframework.web.servlet.resource.NoResourceFoundException: No static resource api/v1/me/applications.
	at org.springframework.web.servlet.resource.ResourceHttpRequestHandler.handleRequest(ResourceHttpRequestHandler.java:586)
	at org.springframework.web.servlet.mvc.HttpRequestHandlerAdapter.handle(HttpRequestHandlerAdapter.java:52)
	at org.springframework.web.servlet.DispatcherServlet.doDispatch(DispatcherServlet.java:1089)
	at org.springframework.web.servlet.DispatcherServlet.doService(DispatcherServlet.java:979)
	at org.springframework.web.servlet.FrameworkServlet.processRequest(FrameworkServlet.java:1014)
	at org.springframework.web.servlet.FrameworkServlet.doGet(FrameworkServlet.java:903)
	at jakarta.servlet.http.HttpServlet.service(HttpServlet.java:564)
	at org.springframework.web.servlet.FrameworkServlet.service(FrameworkServlet.java:885)
	at jakarta.servlet.http.HttpServlet.service(HttpServlet.java:658)
	at org.apache.catalina.core.ApplicationFilterChain.internalDoFilter(ApplicationFilterChain.java:195)
	at org.apache.catalina.core.ApplicationFilterChain.doFilter(ApplicationFilterChain.java:140)
	at org.apache.tomcat.websocket.server.WsFilter.doFilter(WsFilter.java:51)
	at org.apache.catalina.core.ApplicationFilterChain.internalDoFilter(ApplicationFilterChain.java:164)
	at org.apache.catalina.core.ApplicationFilterChain.doFilter(ApplicationFilterChain.java:140)
	at org.springframework.web.filter.CompositeFilter$VirtualFilterChain.doFilter(CompositeFilter.java:108)
	at org.springframework.security.web.FilterChainProxy.lambda$doFilterInternal$3(FilterChainProxy.java:231)
	at org.springframework.security.web.FilterChainProxy$VirtualFilterChain.doFilter(FilterChainProxy.java:365)
	at org.springframework.security.web.access.intercept.AuthorizationFilter.doFilter(AuthorizationFilter.java:100)
	at org.springframework.security.web.FilterChainProxy$VirtualFilterChain.doFilter(FilterChainProxy.java:374)
	at org.springframework.security.web.access.ExceptionTranslationFilter.doFilter(ExceptionTranslationFilter.java:126)
	at org.springframework.security.web.access.ExceptionTranslationFilter.doFilter(ExceptionTranslationFilter.java:120)
	at org.springframework.security.web.FilterChainProxy$VirtualFilterChain.doFilter(FilterChainProxy.java:374)
	at org.springframework.security.web.session.SessionManagementFilter.doFilter(SessionManagementFilter.java:131)
	at org.springframework.security.web.session.SessionManagementFilter.doFilter(SessionManagementFilter.java:85)
	at org.springframework.security.web.FilterChainProxy$VirtualFilterChain.doFilter(FilterChainProxy.java:374)
	at org.springframework.security.web.authentication.AnonymousAuthenticationFilter.doFilter(AnonymousAuthenticationFilter.java:100)
	at org.springframework.security.web.FilterChainProxy$VirtualFilterChain.doFilter(FilterChainProxy.java:374)
	at org.springframework.security.web.servletapi.SecurityContextHolderAwareRequestFilter.doFilter(SecurityContextHolderAwareRequestFilter.java:179)
	at org.springframework.security.web.FilterChainProxy$VirtualFilterChain.doFilter(FilterChainProxy.java:374)
	at org.springframework.security.web.savedrequest.RequestCacheAwareFilter.doFilter(RequestCacheAwareFilter.java:63)
	at org.springframework.security.web.FilterChainProxy$VirtualFilterChain.doFilter(FilterChainProxy.java:374)
	at com.example.firstapp.filter.JwtAuthFilter.doFilterInternal(JwtAuthFilter.java:205)
	at org.springframework.web.filter.OncePerRequestFilter.doFilter(OncePerRequestFilter.java:116)
	at org.springframework.security.web.FilterChainProxy$VirtualFilterChain.doFilter(FilterChainProxy.java:374)
	at org.springframework.security.web.authentication.logout.LogoutFilter.doFilter(LogoutFilter.java:107)
	at org.springframework.security.web.authentication.logout.LogoutFilter.doFilter(LogoutFilter.java:93)
	at org.springframework.security.web.FilterChainProxy$VirtualFilterChain.doFilter(FilterChainProxy.java:374)
	at org.springframework.security.web.header.HeaderWriterFilter.doHeadersAfter(HeaderWriterFilter.java:90)
	at org.springframework.security.web.header.HeaderWriterFilter.doFilterInternal(HeaderWriterFilter.java:75)
	at org.springframework.web.filter.OncePerRequestFilter.doFilter(OncePerRequestFilter.java:116)
	at org.springframework.security.web.FilterChainProxy$VirtualFilterChain.doFilter(FilterChainProxy.java:374)
	at org.springframework.security.web.context.SecurityContextHolderFilter.doFilter(SecurityContextHolderFilter.java:82)
	at org.springframework.security.web.context.SecurityContextHolderFilter.doFilter(SecurityContextHolderFilter.java:69)
	at org.springframework.security.web.FilterChainProxy$VirtualFilterChain.doFilter(FilterChainProxy.java:374)
	at org.springframework.security.web.context.request.async.WebAsyncManagerIntegrationFilter.doFilterInternal(WebAsyncManagerIntegrationFilter.java:62)
	at org.springframework.web.filter.OncePerRequestFilter.doFilter(OncePerRequestFilter.java:116)
	at org.springframework.security.web.FilterChainProxy$VirtualFilterChain.doFilter(FilterChainProxy.java:374)
	at org.springframework.security.web.session.DisableEncodeUrlFilter.doFilterInternal(DisableEncodeUrlFilter.java:42)
	at org.springframework.web.filter.OncePerRequestFilter.doFilter(OncePerRequestFilter.java:116)
	at org.springframework.security.web.FilterChainProxy$VirtualFilterChain.doFilter(FilterChainProxy.java:374)
	at org.springframework.security.web.FilterChainProxy.doFilterInternal(FilterChainProxy.java:233)
	at org.springframework.security.web.FilterChainProxy.doFilter(FilterChainProxy.java:191)
	at org.springframework.web.filter.CompositeFilter$VirtualFilterChain.doFilter(CompositeFilter.java:113)
	at org.springframework.web.servlet.handler.HandlerMappingIntrospector.lambda$createCacheFilter$3(HandlerMappingIntrospector.java:195)
	at org.springframework.web.filter.CompositeFilter$VirtualFilterChain.doFilter(CompositeFilter.java:113)
	at org.springframework.web.filter.CompositeFilter.doFilter(CompositeFilter.java:74)
	at org.springframework.security.config.annotation.web.configuration.WebMvcSecurityConfiguration$CompositeFilterChainProxy.doFilter(WebMvcSecurityConfiguration.java:230)
	at org.springframework.web.filter.DelegatingFilterProxy.invokeDelegate(DelegatingFilterProxy.java:362)
	at org.springframework.web.filter.DelegatingFilterProxy.doFilter(DelegatingFilterProxy.java:278)
	at org.apache.catalina.core.ApplicationFilterChain.internalDoFilter(ApplicationFilterChain.java:164)
	at org.apache.catalina.core.ApplicationFilterChain.doFilter(ApplicationFilterChain.java:140)
	at org.springframework.web.filter.RequestContextFilter.doFilterInternal(RequestContextFilter.java:100)
	at org.springframework.web.filter.OncePerRequestFilter.doFilter(OncePerRequestFilter.java:116)
	at org.apache.catalina.core.ApplicationFilterChain.internalDoFilter(ApplicationFilterChain.java:164)
	at org.apache.catalina.core.ApplicationFilterChain.doFilter(ApplicationFilterChain.java:140)
	at org.springframework.web.filter.FormContentFilter.doFilterInternal(FormContentFilter.java:93)
	at org.springframework.web.filter.OncePerRequestFilter.doFilter(OncePerRequestFilter.java:116)
	at org.apache.catalina.core.ApplicationFilterChain.internalDoFilter(ApplicationFilterChain.java:164)
	at org.apache.catalina.core.ApplicationFilterChain.doFilter(ApplicationFilterChain.java:140)
	at org.springframework.web.filter.CharacterEncodingFilter.doFilterInternal(CharacterEncodingFilter.java:201)
	at org.springframework.web.filter.OncePerRequestFilter.doFilter(OncePerRequestFilter.java:116)
	at org.apache.catalina.core.ApplicationFilterChain.internalDoFilter(ApplicationFilterChain.java:164)
	at org.apache.catalina.core.ApplicationFilterChain.doFilter(ApplicationFilterChain.java:140)
	at com.example.firstapp.filter.RateLimitFilter.doFilterInternal(RateLimitFilter.java:161)
	at org.springframework.web.filter.OncePerRequestFilter.doFilter(OncePerRequestFilter.java:116)
	at org.apache.catalina.core.ApplicationFilterChain.internalDoFilter(ApplicationFilterChain.java:164)
	at org.apache.catalina.core.ApplicationFilterChain.doFilter(ApplicationFilterChain.java:140)
	at org.apache.catalina.core.StandardWrapperValve.invoke(StandardWrapperValve.java:167)
	at org.apache.catalina.core.StandardContextValve.invoke(StandardContextValve.java:90)
	at org.apache.catalina.authenticator.AuthenticatorBase.invoke(AuthenticatorBase.java:483)
	at org.apache.catalina.core.StandardHostValve.invoke(StandardHostValve.java:116)
	at org.apache.catalina.valves.ErrorReportValve.invoke(ErrorReportValve.java:93)
	at org.apache.catalina.core.StandardEngineValve.invoke(StandardEngineValve.java:74)
	at org.apache.catalina.connector.CoyoteAdapter.service(CoyoteAdapter.java:344)
	at org.apache.coyote.http11.Http11Processor.service(Http11Processor.java:398)
	at org.apache.coyote.AbstractProcessorLight.process(AbstractProcessorLight.java:63)
	at org.apache.coyote.AbstractProtocol$ConnectionHandler.process(AbstractProtocol.java:903)
	at org.apache.tomcat.util.net.NioEndpoint$SocketProcessor.doRun(NioEndpoint.java:1769)
	at org.apache.tomcat.util.net.SocketProcessorBase.run(SocketProcessorBase.java:52)
	at org.apache.tomcat.util.threads.ThreadPoolExecutor.runWorker(ThreadPoolExecutor.java:1189)
	at org.apache.tomcat.util.threads.ThreadPoolExecutor$Worker.run(ThreadPoolExecutor.java:658)
	at org.apache.tomcat.util.threads.TaskThread$WrappingRunnable.run(TaskThread.java:63)
	at java.base/java.lang.Thread.run(Thread.java:1474)
2026-09-09 23:25:29.945  WARN 7964 --- [nio-8080-exec-8] .m.m.a.ExceptionHandlerExceptionResolver : Resolved [org.springframework.web.servlet.resource.NoResourceFoundException: No static resource api/v1/me/applications.]
2026-09-09 23:25:29.957 DEBUG 7964 --- [nio-8080-exec-1] o.s.security.web.FilterChainProxy        : Secured GET /api/v1/opportunities
2026-09-09 23:25:29.955 ERROR 7964 --- [nio-8080-exec-7] c.e.f.handler.GlobalExceptionHandler     : Unexpected error at /api/v1/me: No static resource api/v1/me.
org.springframework.web.servlet.resource.NoResourceFoundException: No static resource api/v1/me.
	at org.springframework.web.servlet.resource.ResourceHttpRequestHandler.handleRequest(ResourceHttpRequestHandler.java:586)
	at org.springframework.web.servlet.mvc.HttpRequestHandlerAdapter.handle(HttpRequestHandlerAdapter.java:52)
	at org.springframework.web.servlet.DispatcherServlet.doDispatch(DispatcherServlet.java:1089)
	at org.springframework.web.servlet.DispatcherServlet.doService(DispatcherServlet.java:979)
	at org.springframework.web.servlet.FrameworkServlet.processRequest(FrameworkServlet.java:1014)
	at org.springframework.web.servlet.FrameworkServlet.doGet(FrameworkServlet.java:903)
	at jakarta.servlet.http.HttpServlet.service(HttpServlet.java:564)
	at org.springframework.web.servlet.FrameworkServlet.service(FrameworkServlet.java:885)
	at jakarta.servlet.http.HttpServlet.service(HttpServlet.java:658)
	at org.apache.catalina.core.ApplicationFilterChain.internalDoFilter(ApplicationFilterChain.java:195)
	at org.apache.catalina.core.ApplicationFilterChain.doFilter(ApplicationFilterChain.java:140)
	at org.apache.tomcat.websocket.server.WsFilter.doFilter(WsFilter.java:51)
	at org.apache.catalina.core.ApplicationFilterChain.internalDoFilter(ApplicationFilterChain.java:164)
	at org.apache.catalina.core.ApplicationFilterChain.doFilter(ApplicationFilterChain.java:140)
	at org.springframework.web.filter.CompositeFilter$VirtualFilterChain.doFilter(CompositeFilter.java:108)
	at org.springframework.security.web.FilterChainProxy.lambda$doFilterInternal$3(FilterChainProxy.java:231)
	at org.springframework.security.web.FilterChainProxy$VirtualFilterChain.doFilter(FilterChainProxy.java:365)
	at org.springframework.security.web.access.intercept.AuthorizationFilter.doFilter(AuthorizationFilter.java:100)
	at org.springframework.security.web.FilterChainProxy$VirtualFilterChain.doFilter(FilterChainProxy.java:374)
	at org.springframework.security.web.access.ExceptionTranslationFilter.doFilter(ExceptionTranslationFilter.java:126)
	at org.springframework.security.web.access.ExceptionTranslationFilter.doFilter(ExceptionTranslationFilter.java:120)
	at org.springframework.security.web.FilterChainProxy$VirtualFilterChain.doFilter(FilterChainProxy.java:374)
	at org.springframework.security.web.session.SessionManagementFilter.doFilter(SessionManagementFilter.java:131)
	at org.springframework.security.web.session.SessionManagementFilter.doFilter(SessionManagementFilter.java:85)
	at org.springframework.security.web.FilterChainProxy$VirtualFilterChain.doFilter(FilterChainProxy.java:374)
	at org.springframework.security.web.authentication.AnonymousAuthenticationFilter.doFilter(AnonymousAuthenticationFilter.java:100)
	at org.springframework.security.web.FilterChainProxy$VirtualFilterChain.doFilter(FilterChainProxy.java:374)
	at org.springframework.security.web.servletapi.SecurityContextHolderAwareRequestFilter.doFilter(SecurityContextHolderAwareRequestFilter.java:179)
	at org.springframework.security.web.FilterChainProxy$VirtualFilterChain.doFilter(FilterChainProxy.java:374)
	at org.springframework.security.web.savedrequest.RequestCacheAwareFilter.doFilter(RequestCacheAwareFilter.java:63)
	at org.springframework.security.web.FilterChainProxy$VirtualFilterChain.doFilter(FilterChainProxy.java:374)
	at com.example.firstapp.filter.JwtAuthFilter.doFilterInternal(JwtAuthFilter.java:205)
	at org.springframework.web.filter.OncePerRequestFilter.doFilter(OncePerRequestFilter.java:116)
	at org.springframework.security.web.FilterChainProxy$VirtualFilterChain.doFilter(FilterChainProxy.java:374)
	at org.springframework.security.web.authentication.logout.LogoutFilter.doFilter(LogoutFilter.java:107)
	at org.springframework.security.web.authentication.logout.LogoutFilter.doFilter(LogoutFilter.java:93)
	at org.springframework.security.web.FilterChainProxy$VirtualFilterChain.doFilter(FilterChainProxy.java:374)
	at org.springframework.security.web.header.HeaderWriterFilter.doHeadersAfter(HeaderWriterFilter.java:90)
	at org.springframework.security.web.header.HeaderWriterFilter.doFilterInternal(HeaderWriterFilter.java:75)
	at org.springframework.web.filter.OncePerRequestFilter.doFilter(OncePerRequestFilter.java:116)
	at org.springframework.security.web.FilterChainProxy$VirtualFilterChain.doFilter(FilterChainProxy.java:374)
	at org.springframework.security.web.context.SecurityContextHolderFilter.doFilter(SecurityContextHolderFilter.java:82)
	at org.springframework.security.web.context.SecurityContextHolderFilter.doFilter(SecurityContextHolderFilter.java:69)
	at org.springframework.security.web.FilterChainProxy$VirtualFilterChain.doFilter(FilterChainProxy.java:374)
	at org.springframework.security.web.context.request.async.WebAsyncManagerIntegrationFilter.doFilterInternal(WebAsyncManagerIntegrationFilter.java:62)
	at org.springframework.web.filter.OncePerRequestFilter.doFilter(OncePerRequestFilter.java:116)
	at org.springframework.security.web.FilterChainProxy$VirtualFilterChain.doFilter(FilterChainProxy.java:374)
	at org.springframework.security.web.session.DisableEncodeUrlFilter.doFilterInternal(DisableEncodeUrlFilter.java:42)
	at org.springframework.web.filter.OncePerRequestFilter.doFilter(OncePerRequestFilter.java:116)
	at org.springframework.security.web.FilterChainProxy$VirtualFilterChain.doFilter(FilterChainProxy.java:374)
	at org.springframework.security.web.FilterChainProxy.doFilterInternal(FilterChainProxy.java:233)
	at org.springframework.security.web.FilterChainProxy.doFilter(FilterChainProxy.java:191)
	at org.springframework.web.filter.CompositeFilter$VirtualFilterChain.doFilter(CompositeFilter.java:113)
	at org.springframework.web.servlet.handler.HandlerMappingIntrospector.lambda$createCacheFilter$3(HandlerMappingIntrospector.java:195)
	at org.springframework.web.filter.CompositeFilter$VirtualFilterChain.doFilter(CompositeFilter.java:113)
	at org.springframework.web.filter.CompositeFilter.doFilter(CompositeFilter.java:74)
	at org.springframework.security.config.annotation.web.configuration.WebMvcSecurityConfiguration$CompositeFilterChainProxy.doFilter(WebMvcSecurityConfiguration.java:230)
	at org.springframework.web.filter.DelegatingFilterProxy.invokeDelegate(DelegatingFilterProxy.java:362)
	at org.springframework.web.filter.DelegatingFilterProxy.doFilter(DelegatingFilterProxy.java:278)
	at org.apache.catalina.core.ApplicationFilterChain.internalDoFilter(ApplicationFilterChain.java:164)
	at org.apache.catalina.core.ApplicationFilterChain.doFilter(ApplicationFilterChain.java:140)
	at org.springframework.web.filter.RequestContextFilter.doFilterInternal(RequestContextFilter.java:100)
	at org.springframework.web.filter.OncePerRequestFilter.doFilter(OncePerRequestFilter.java:116)
	at org.apache.catalina.core.ApplicationFilterChain.internalDoFilter(ApplicationFilterChain.java:164)
	at org.apache.catalina.core.ApplicationFilterChain.doFilter(ApplicationFilterChain.java:140)
	at org.springframework.web.filter.FormContentFilter.doFilterInternal(FormContentFilter.java:93)
	at org.springframework.web.filter.OncePerRequestFilter.doFilter(OncePerRequestFilter.java:116)
	at org.apache.catalina.core.ApplicationFilterChain.internalDoFilter(ApplicationFilterChain.java:164)
	at org.apache.catalina.core.ApplicationFilterChain.doFilter(ApplicationFilterChain.java:140)
	at org.springframework.web.filter.CharacterEncodingFilter.doFilterInternal(CharacterEncodingFilter.java:201)
	at org.springframework.web.filter.OncePerRequestFilter.doFilter(OncePerRequestFilter.java:116)
	at org.apache.catalina.core.ApplicationFilterChain.internalDoFilter(ApplicationFilterChain.java:164)
	at org.apache.catalina.core.ApplicationFilterChain.doFilter(ApplicationFilterChain.java:140)
	at com.example.firstapp.filter.RateLimitFilter.doFilterInternal(RateLimitFilter.java:161)
	at org.springframework.web.filter.OncePerRequestFilter.doFilter(OncePerRequestFilter.java:116)
	at org.apache.catalina.core.ApplicationFilterChain.internalDoFilter(ApplicationFilterChain.java:164)
	at org.apache.catalina.core.ApplicationFilterChain.doFilter(ApplicationFilterChain.java:140)
	at org.apache.catalina.core.StandardWrapperValve.invoke(StandardWrapperValve.java:167)
	at org.apache.catalina.core.StandardContextValve.invoke(StandardContextValve.java:90)
	at org.apache.catalina.authenticator.AuthenticatorBase.invoke(AuthenticatorBase.java:483)
	at org.apache.catalina.core.StandardHostValve.invoke(StandardHostValve.java:116)
	at org.apache.catalina.valves.ErrorReportValve.invoke(ErrorReportValve.java:93)
	at org.apache.catalina.core.StandardEngineValve.invoke(StandardEngineValve.java:74)
	at org.apache.catalina.connector.CoyoteAdapter.service(CoyoteAdapter.java:344)
	at org.apache.coyote.http11.Http11Processor.service(Http11Processor.java:398)
	at org.apache.coyote.AbstractProcessorLight.process(AbstractProcessorLight.java:63)
	at org.apache.coyote.AbstractProtocol$ConnectionHandler.process(AbstractProtocol.java:903)
	at org.apache.tomcat.util.net.NioEndpoint$SocketProcessor.doRun(NioEndpoint.java:1769)
	at org.apache.tomcat.util.net.SocketProcessorBase.run(SocketProcessorBase.java:52)
	at org.apache.tomcat.util.threads.ThreadPoolExecutor.runWorker(ThreadPoolExecutor.java:1189)
	at org.apache.tomcat.util.threads.ThreadPoolExecutor$Worker.run(ThreadPoolExecutor.java:658)
	at org.apache.tomcat.util.threads.TaskThread$WrappingRunnable.run(TaskThread.java:63)
	at java.base/java.lang.Thread.run(Thread.java:1474)
2026-09-09 23:25:29.956 ERROR 7964 --- [io-8080-exec-10] c.e.f.handler.GlobalExceptionHandler     : Unexpected error at /api/v1/me/advisory-sessions: No static resource api/v1/me/advisory-sessions.
org.springframework.web.servlet.resource.NoResourceFoundException: No static resource api/v1/me/advisory-sessions.
	at org.springframework.web.servlet.resource.ResourceHttpRequestHandler.handleRequest(ResourceHttpRequestHandler.java:586)
	at org.springframework.web.servlet.mvc.HttpRequestHandlerAdapter.handle(HttpRequestHandlerAdapter.java:52)
	at org.springframework.web.servlet.DispatcherServlet.doDispatch(DispatcherServlet.java:1089)
	at org.springframework.web.servlet.DispatcherServlet.doService(DispatcherServlet.java:979)
	at org.springframework.web.servlet.FrameworkServlet.processRequest(FrameworkServlet.java:1014)
	at org.springframework.web.servlet.FrameworkServlet.doGet(FrameworkServlet.java:903)
	at jakarta.servlet.http.HttpServlet.service(HttpServlet.java:564)
	at org.springframework.web.servlet.FrameworkServlet.service(FrameworkServlet.java:885)
	at jakarta.servlet.http.HttpServlet.service(HttpServlet.java:658)
	at org.apache.catalina.core.ApplicationFilterChain.internalDoFilter(ApplicationFilterChain.java:195)
	at org.apache.catalina.core.ApplicationFilterChain.doFilter(ApplicationFilterChain.java:140)
	at org.apache.tomcat.websocket.server.WsFilter.doFilter(WsFilter.java:51)
	at org.apache.catalina.core.ApplicationFilterChain.internalDoFilter(ApplicationFilterChain.java:164)
	at org.apache.catalina.core.ApplicationFilterChain.doFilter(ApplicationFilterChain.java:140)
	at org.springframework.web.filter.CompositeFilter$VirtualFilterChain.doFilter(CompositeFilter.java:108)
	at org.springframework.security.web.FilterChainProxy.lambda$doFilterInternal$3(FilterChainProxy.java:231)
	at org.springframework.security.web.FilterChainProxy$VirtualFilterChain.doFilter(FilterChainProxy.java:365)
	at org.springframework.security.web.access.intercept.AuthorizationFilter.doFilter(AuthorizationFilter.java:100)
	at org.springframework.security.web.FilterChainProxy$VirtualFilterChain.doFilter(FilterChainProxy.java:374)
	at org.springframework.security.web.access.ExceptionTranslationFilter.doFilter(ExceptionTranslationFilter.java:126)
	at org.springframework.security.web.access.ExceptionTranslationFilter.doFilter(ExceptionTranslationFilter.java:120)
	at org.springframework.security.web.FilterChainProxy$VirtualFilterChain.doFilter(FilterChainProxy.java:374)
	at org.springframework.security.web.session.SessionManagementFilter.doFilter(SessionManagementFilter.java:131)
	at org.springframework.security.web.session.SessionManagementFilter.doFilter(SessionManagementFilter.java:85)
	at org.springframework.security.web.FilterChainProxy$VirtualFilterChain.doFilter(FilterChainProxy.java:374)
	at org.springframework.security.web.authentication.AnonymousAuthenticationFilter.doFilter(AnonymousAuthenticationFilter.java:100)
	at org.springframework.security.web.FilterChainProxy$VirtualFilterChain.doFilter(FilterChainProxy.java:374)
	at org.springframework.security.web.servletapi.SecurityContextHolderAwareRequestFilter.doFilter(SecurityContextHolderAwareRequestFilter.java:179)
	at org.springframework.security.web.FilterChainProxy$VirtualFilterChain.doFilter(FilterChainProxy.java:374)
	at org.springframework.security.web.savedrequest.RequestCacheAwareFilter.doFilter(RequestCacheAwareFilter.java:63)
	at org.springframework.security.web.FilterChainProxy$VirtualFilterChain.doFilter(FilterChainProxy.java:374)
	at com.example.firstapp.filter.JwtAuthFilter.doFilterInternal(JwtAuthFilter.java:205)
	at org.springframework.web.filter.OncePerRequestFilter.doFilter(OncePerRequestFilter.java:116)
	at org.springframework.security.web.FilterChainProxy$VirtualFilterChain.doFilter(FilterChainProxy.java:374)
	at org.springframework.security.web.authentication.logout.LogoutFilter.doFilter(LogoutFilter.java:107)
	at org.springframework.security.web.authentication.logout.LogoutFilter.doFilter(LogoutFilter.java:93)
	at org.springframework.security.web.FilterChainProxy$VirtualFilterChain.doFilter(FilterChainProxy.java:374)
	at org.springframework.security.web.header.HeaderWriterFilter.doHeadersAfter(HeaderWriterFilter.java:90)
	at org.springframework.security.web.header.HeaderWriterFilter.doFilterInternal(HeaderWriterFilter.java:75)
	at org.springframework.web.filter.OncePerRequestFilter.doFilter(OncePerRequestFilter.java:116)
	at org.springframework.security.web.FilterChainProxy$VirtualFilterChain.doFilter(FilterChainProxy.java:374)
	at org.springframework.security.web.context.SecurityContextHolderFilter.doFilter(SecurityContextHolderFilter.java:82)
	at org.springframework.security.web.context.SecurityContextHolderFilter.doFilter(SecurityContextHolderFilter.java:69)
	at org.springframework.security.web.FilterChainProxy$VirtualFilterChain.doFilter(FilterChainProxy.java:374)
	at org.springframework.security.web.context.request.async.WebAsyncManagerIntegrationFilter.doFilterInternal(WebAsyncManagerIntegrationFilter.java:62)
	at org.springframework.web.filter.OncePerRequestFilter.doFilter(OncePerRequestFilter.java:116)
	at org.springframework.security.web.FilterChainProxy$VirtualFilterChain.doFilter(FilterChainProxy.java:374)
	at org.springframework.security.web.session.DisableEncodeUrlFilter.doFilterInternal(DisableEncodeUrlFilter.java:42)
	at org.springframework.web.filter.OncePerRequestFilter.doFilter(OncePerRequestFilter.java:116)
	at org.springframework.security.web.FilterChainProxy$VirtualFilterChain.doFilter(FilterChainProxy.java:374)
	at org.springframework.security.web.FilterChainProxy.doFilterInternal(FilterChainProxy.java:233)
	at org.springframework.security.web.FilterChainProxy.doFilter(FilterChainProxy.java:191)
	at org.springframework.web.filter.CompositeFilter$VirtualFilterChain.doFilter(CompositeFilter.java:113)
	at org.springframework.web.servlet.handler.HandlerMappingIntrospector.lambda$createCacheFilter$3(HandlerMappingIntrospector.java:195)
	at org.springframework.web.filter.CompositeFilter$VirtualFilterChain.doFilter(CompositeFilter.java:113)
	at org.springframework.web.filter.CompositeFilter.doFilter(CompositeFilter.java:74)
	at org.springframework.security.config.annotation.web.configuration.WebMvcSecurityConfiguration$CompositeFilterChainProxy.doFilter(WebMvcSecurityConfiguration.java:230)
	at org.springframework.web.filter.DelegatingFilterProxy.invokeDelegate(DelegatingFilterProxy.java:362)
	at org.springframework.web.filter.DelegatingFilterProxy.doFilter(DelegatingFilterProxy.java:278)
	at org.apache.catalina.core.ApplicationFilterChain.internalDoFilter(ApplicationFilterChain.java:164)
	at org.apache.catalina.core.ApplicationFilterChain.doFilter(ApplicationFilterChain.java:140)
	at org.springframework.web.filter.RequestContextFilter.doFilterInternal(RequestContextFilter.java:100)
	at org.springframework.web.filter.OncePerRequestFilter.doFilter(OncePerRequestFilter.java:116)
	at org.apache.catalina.core.ApplicationFilterChain.internalDoFilter(ApplicationFilterChain.java:164)
	at org.apache.catalina.core.ApplicationFilterChain.doFilter(ApplicationFilterChain.java:140)
	at org.springframework.web.filter.FormContentFilter.doFilterInternal(FormContentFilter.java:93)
	at org.springframework.web.filter.OncePerRequestFilter.doFilter(OncePerRequestFilter.java:116)
	at org.apache.catalina.core.ApplicationFilterChain.internalDoFilter(ApplicationFilterChain.java:164)
	at org.apache.catalina.core.ApplicationFilterChain.doFilter(ApplicationFilterChain.java:140)
	at org.springframework.web.filter.CharacterEncodingFilter.doFilterInternal(CharacterEncodingFilter.java:201)
	at org.springframework.web.filter.OncePerRequestFilter.doFilter(OncePerRequestFilter.java:116)
	at org.apache.catalina.core.ApplicationFilterChain.internalDoFilter(ApplicationFilterChain.java:164)
	at org.apache.catalina.core.ApplicationFilterChain.doFilter(ApplicationFilterChain.java:140)
	at com.example.firstapp.filter.RateLimitFilter.doFilterInternal(RateLimitFilter.java:161)
	at org.springframework.web.filter.OncePerRequestFilter.doFilter(OncePerRequestFilter.java:116)
	at org.apache.catalina.core.ApplicationFilterChain.internalDoFilter(ApplicationFilterChain.java:164)
	at org.apache.catalina.core.ApplicationFilterChain.doFilter(ApplicationFilterChain.java:140)
	at org.apache.catalina.core.StandardWrapperValve.invoke(StandardWrapperValve.java:167)
	at org.apache.catalina.core.StandardContextValve.invoke(StandardContextValve.java:90)
	at org.apache.catalina.authenticator.AuthenticatorBase.invoke(AuthenticatorBase.java:483)
	at org.apache.catalina.core.StandardHostValve.invoke(StandardHostValve.java:116)
	at org.apache.catalina.valves.ErrorReportValve.invoke(ErrorReportValve.java:93)
	at org.apache.catalina.core.StandardEngineValve.invoke(StandardEngineValve.java:74)
	at org.apache.catalina.connector.CoyoteAdapter.service(CoyoteAdapter.java:344)
	at org.apache.coyote.http11.Http11Processor.service(Http11Processor.java:398)
	at org.apache.coyote.AbstractProcessorLight.process(AbstractProcessorLight.java:63)
	at org.apache.coyote.AbstractProtocol$ConnectionHandler.process(AbstractProtocol.java:903)
	at org.apache.tomcat.util.net.NioEndpoint$SocketProcessor.doRun(NioEndpoint.java:1769)
	at org.apache.tomcat.util.net.SocketProcessorBase.run(SocketProcessorBase.java:52)
	at org.apache.tomcat.util.threads.ThreadPoolExecutor.runWorker(ThreadPoolExecutor.java:1189)
	at org.apache.tomcat.util.threads.ThreadPoolExecutor$Worker.run(ThreadPoolExecutor.java:658)
	at org.apache.tomcat.util.threads.TaskThread$WrappingRunnable.run(TaskThread.java:63)
	at java.base/java.lang.Thread.run(Thread.java:1474)
2026-09-09 23:25:29.955 ERROR 7964 --- [nio-8080-exec-9] c.e.f.handler.GlobalExceptionHandler     : Unexpected error at /api/v1/me/suggestions: No static resource api/v1/me/suggestions.
org.springframework.web.servlet.resource.NoResourceFoundException: No static resource api/v1/me/suggestions.
	at org.springframework.web.servlet.resource.ResourceHttpRequestHandler.handleRequest(ResourceHttpRequestHandler.java:586)
	at org.springframework.web.servlet.mvc.HttpRequestHandlerAdapter.handle(HttpRequestHandlerAdapter.java:52)
	at org.springframework.web.servlet.DispatcherServlet.doDispatch(DispatcherServlet.java:1089)
	at org.springframework.web.servlet.DispatcherServlet.doService(DispatcherServlet.java:979)
	at org.springframework.web.servlet.FrameworkServlet.processRequest(FrameworkServlet.java:1014)
	at org.springframework.web.servlet.FrameworkServlet.doGet(FrameworkServlet.java:903)
	at jakarta.servlet.http.HttpServlet.service(HttpServlet.java:564)
	at org.springframework.web.servlet.FrameworkServlet.service(FrameworkServlet.java:885)
	at jakarta.servlet.http.HttpServlet.service(HttpServlet.java:658)
	at org.apache.catalina.core.ApplicationFilterChain.internalDoFilter(ApplicationFilterChain.java:195)
	at org.apache.catalina.core.ApplicationFilterChain.doFilter(ApplicationFilterChain.java:140)
	at org.apache.tomcat.websocket.server.WsFilter.doFilter(WsFilter.java:51)
	at org.apache.catalina.core.ApplicationFilterChain.internalDoFilter(ApplicationFilterChain.java:164)
	at org.apache.catalina.core.ApplicationFilterChain.doFilter(ApplicationFilterChain.java:140)
	at org.springframework.web.filter.CompositeFilter$VirtualFilterChain.doFilter(CompositeFilter.java:108)
	at org.springframework.security.web.FilterChainProxy.lambda$doFilterInternal$3(FilterChainProxy.java:231)
	at org.springframework.security.web.FilterChainProxy$VirtualFilterChain.doFilter(FilterChainProxy.java:365)
	at org.springframework.security.web.access.intercept.AuthorizationFilter.doFilter(AuthorizationFilter.java:100)
	at org.springframework.security.web.FilterChainProxy$VirtualFilterChain.doFilter(FilterChainProxy.java:374)
	at org.springframework.security.web.access.ExceptionTranslationFilter.doFilter(ExceptionTranslationFilter.java:126)
	at org.springframework.security.web.access.ExceptionTranslationFilter.doFilter(ExceptionTranslationFilter.java:120)
	at org.springframework.security.web.FilterChainProxy$VirtualFilterChain.doFilter(FilterChainProxy.java:374)
	at org.springframework.security.web.session.SessionManagementFilter.doFilter(SessionManagementFilter.java:131)
	at org.springframework.security.web.session.SessionManagementFilter.doFilter(SessionManagementFilter.java:85)
	at org.springframework.security.web.FilterChainProxy$VirtualFilterChain.doFilter(FilterChainProxy.java:374)
	at org.springframework.security.web.authentication.AnonymousAuthenticationFilter.doFilter(AnonymousAuthenticationFilter.java:100)
	at org.springframework.security.web.FilterChainProxy$VirtualFilterChain.doFilter(FilterChainProxy.java:374)
	at org.springframework.security.web.servletapi.SecurityContextHolderAwareRequestFilter.doFilter(SecurityContextHolderAwareRequestFilter.java:179)
	at org.springframework.security.web.FilterChainProxy$VirtualFilterChain.doFilter(FilterChainProxy.java:374)
	at org.springframework.security.web.savedrequest.RequestCacheAwareFilter.doFilter(RequestCacheAwareFilter.java:63)
	at org.springframework.security.web.FilterChainProxy$VirtualFilterChain.doFilter(FilterChainProxy.java:374)
	at com.example.firstapp.filter.JwtAuthFilter.doFilterInternal(JwtAuthFilter.java:205)
	at org.springframework.web.filter.OncePerRequestFilter.doFilter(OncePerRequestFilter.java:116)
	at org.springframework.security.web.FilterChainProxy$VirtualFilterChain.doFilter(FilterChainProxy.java:374)
	at org.springframework.security.web.authentication.logout.LogoutFilter.doFilter(LogoutFilter.java:107)
	at org.springframework.security.web.authentication.logout.LogoutFilter.doFilter(LogoutFilter.java:93)
	at org.springframework.security.web.FilterChainProxy$VirtualFilterChain.doFilter(FilterChainProxy.java:374)
	at org.springframework.security.web.header.HeaderWriterFilter.doHeadersAfter(HeaderWriterFilter.java:90)
	at org.springframework.security.web.header.HeaderWriterFilter.doFilterInternal(HeaderWriterFilter.java:75)
	at org.springframework.web.filter.OncePerRequestFilter.doFilter(OncePerRequestFilter.java:116)
	at org.springframework.security.web.FilterChainProxy$VirtualFilterChain.doFilter(FilterChainProxy.java:374)
	at org.springframework.security.web.context.SecurityContextHolderFilter.doFilter(SecurityContextHolderFilter.java:82)
	at org.springframework.security.web.context.SecurityContextHolderFilter.doFilter(SecurityContextHolderFilter.java:69)
	at org.springframework.security.web.FilterChainProxy$VirtualFilterChain.doFilter(FilterChainProxy.java:374)
	at org.springframework.security.web.context.request.async.WebAsyncManagerIntegrationFilter.doFilterInternal(WebAsyncManagerIntegrationFilter.java:62)
	at org.springframework.web.filter.OncePerRequestFilter.doFilter(OncePerRequestFilter.java:116)
	at org.springframework.security.web.FilterChainProxy$VirtualFilterChain.doFilter(FilterChainProxy.java:374)
	at org.springframework.security.web.session.DisableEncodeUrlFilter.doFilterInternal(DisableEncodeUrlFilter.java:42)
	at org.springframework.web.filter.OncePerRequestFilter.doFilter(OncePerRequestFilter.java:116)
	at org.springframework.security.web.FilterChainProxy$VirtualFilterChain.doFilter(FilterChainProxy.java:374)
	at org.springframework.security.web.FilterChainProxy.doFilterInternal(FilterChainProxy.java:233)
	at org.springframework.security.web.FilterChainProxy.doFilter(FilterChainProxy.java:191)
	at org.springframework.web.filter.CompositeFilter$VirtualFilterChain.doFilter(CompositeFilter.java:113)
	at org.springframework.web.servlet.handler.HandlerMappingIntrospector.lambda$createCacheFilter$3(HandlerMappingIntrospector.java:195)
	at org.springframework.web.filter.CompositeFilter$VirtualFilterChain.doFilter(CompositeFilter.java:113)
	at org.springframework.web.filter.CompositeFilter.doFilter(CompositeFilter.java:74)
	at org.springframework.security.config.annotation.web.configuration.WebMvcSecurityConfiguration$CompositeFilterChainProxy.doFilter(WebMvcSecurityConfiguration.java:230)
	at org.springframework.web.filter.DelegatingFilterProxy.invokeDelegate(DelegatingFilterProxy.java:362)
	at org.springframework.web.filter.DelegatingFilterProxy.doFilter(DelegatingFilterProxy.java:278)
	at org.apache.catalina.core.ApplicationFilterChain.internalDoFilter(ApplicationFilterChain.java:164)
	at org.apache.catalina.core.ApplicationFilterChain.doFilter(ApplicationFilterChain.java:140)
	at org.springframework.web.filter.RequestContextFilter.doFilterInternal(RequestContextFilter.java:100)
	at org.springframework.web.filter.OncePerRequestFilter.doFilter(OncePerRequestFilter.java:116)
	at org.apache.catalina.core.ApplicationFilterChain.internalDoFilter(ApplicationFilterChain.java:164)
	at org.apache.catalina.core.ApplicationFilterChain.doFilter(ApplicationFilterChain.java:140)
	at org.springframework.web.filter.FormContentFilter.doFilterInternal(FormContentFilter.java:93)
	at org.springframework.web.filter.OncePerRequestFilter.doFilter(OncePerRequestFilter.java:116)
	at org.apache.catalina.core.ApplicationFilterChain.internalDoFilter(ApplicationFilterChain.java:164)
	at org.apache.catalina.core.ApplicationFilterChain.doFilter(ApplicationFilterChain.java:140)
	at org.springframework.web.filter.CharacterEncodingFilter.doFilterInternal(CharacterEncodingFilter.java:201)
	at org.springframework.web.filter.OncePerRequestFilter.doFilter(OncePerRequestFilter.java:116)
	at org.apache.catalina.core.ApplicationFilterChain.internalDoFilter(ApplicationFilterChain.java:164)
	at org.apache.catalina.core.ApplicationFilterChain.doFilter(ApplicationFilterChain.java:140)
	at com.example.firstapp.filter.RateLimitFilter.doFilterInternal(RateLimitFilter.java:161)
	at org.springframework.web.filter.OncePerRequestFilter.doFilter(OncePerRequestFilter.java:116)
	at org.apache.catalina.core.ApplicationFilterChain.internalDoFilter(ApplicationFilterChain.java:164)
	at org.apache.catalina.core.ApplicationFilterChain.doFilter(ApplicationFilterChain.java:140)
	at org.apache.catalina.core.StandardWrapperValve.invoke(StandardWrapperValve.java:167)
	at org.apache.catalina.core.StandardContextValve.invoke(StandardContextValve.java:90)
	at org.apache.catalina.authenticator.AuthenticatorBase.invoke(AuthenticatorBase.java:483)
	at org.apache.catalina.core.StandardHostValve.invoke(StandardHostValve.java:116)
	at org.apache.catalina.valves.ErrorReportValve.invoke(ErrorReportValve.java:93)
	at org.apache.catalina.core.StandardEngineValve.invoke(StandardEngineValve.java:74)
	at org.apache.catalina.connector.CoyoteAdapter.service(CoyoteAdapter.java:344)
	at org.apache.coyote.http11.Http11Processor.service(Http11Processor.java:398)
	at org.apache.coyote.AbstractProcessorLight.process(AbstractProcessorLight.java:63)
	at org.apache.coyote.AbstractProtocol$ConnectionHandler.process(AbstractProtocol.java:903)
	at org.apache.tomcat.util.net.NioEndpoint$SocketProcessor.doRun(NioEndpoint.java:1769)
	at org.apache.tomcat.util.net.SocketProcessorBase.run(SocketProcessorBase.java:52)
	at org.apache.tomcat.util.threads.ThreadPoolExecutor.runWorker(ThreadPoolExecutor.java:1189)
	at org.apache.tomcat.util.threads.ThreadPoolExecutor$Worker.run(ThreadPoolExecutor.java:658)
	at org.apache.tomcat.util.threads.TaskThread$WrappingRunnable.run(TaskThread.java:63)
	at java.base/java.lang.Thread.run(Thread.java:1474)
2026-09-09 23:25:29.960  WARN 7964 --- [nio-8080-exec-9] .m.m.a.ExceptionHandlerExceptionResolver : Resolved [org.springframework.web.servlet.resource.NoResourceFoundException: No static resource api/v1/me/suggestions.]
2026-09-09 23:25:29.960  WARN 7964 --- [io-8080-exec-10] .m.m.a.ExceptionHandlerExceptionResolver : Resolved [org.springframework.web.servlet.resource.NoResourceFoundException: No static resource api/v1/me/advisory-sessions.]
2026-09-09 23:25:29.960  WARN 7964 --- [nio-8080-exec-7] .m.m.a.ExceptionHandlerExceptionResolver : Resolved [org.springframework.web.servlet.resource.NoResourceFoundException: No static resource api/v1/me.]
2026-09-09 23:25:29.962  WARN 7964 --- [nio-8080-exec-1] org.hibernate.orm.query                  : HHH90003004: firstResult/maxResults specified with collection fetch; applying in memory
2026-09-09 23:25:29.970 DEBUG 7964 --- [nio-8080-exec-1] org.hibernate.SQL                        : 
    select
        o1_0.id,
        o1_0.application_deadline,
        o1_0.business_id,
        b1_0.id,
        b1_0.company_name,
        b1_0.company_size,
        b1_0.contact_email,
        b1_0.contact_phone,
        b1_0.created_at,
        b1_0.description,
        b1_0.city,
        b1_0.country,
        b1_0.postal_code,
        b1_0.state,
        b1_0.street,
        b1_0.industry_type,
        b1_0.logo_url,
        b1_0.user_id,
        b1_0.registration_number,
        b1_0.status,
        b1_0.updated_at,
        b1_0.verification_status,
        b1_0.verified_at,
        b1_0.verified_by_admin_id,
        b1_0.website,
        o1_0.business_name,
        o1_0.compensation_currency,
        o1_0.compensation_disclosed,
        o1_0.compensation_max,
        o1_0.compensation_min,
        o1_0.created_at,
        o1_0.description,
        o1_0.experience_level,
        o1_0.location,
        o1_0.openings,
        o1_0.posted_at,
        r1_0.opportunity_id,
        r1_0.responsibility,
        o1_0.specialization,
        o1_0.status,
        o1_0.title,
        o1_0.type,
        o1_0.updated_at,
        o1_0.work_mode 
    from
        opportunities o1_0 
    join
        businesses b1_0 
            on b1_0.id=o1_0.business_id 
    left join
        opportunity_responsibilities r1_0 
            on o1_0.id=r1_0.opportunity_id 
    where
        o1_0.status=? 
    order by
        o1_0.posted_at desc
2026-09-09 23:25:30.030 DEBUG 7964 --- [nio-8080-exec-1] org.hibernate.SQL                        : 
    select
        count(o1_0.id) 
    from
        opportunities o1_0 
    where
        o1_0.status=?
2026-09-09 23:25:30.033 DEBUG 7964 --- [nio-8080-exec-1] org.hibernate.SQL                        : 
    select
        rs1_0.opportunity_id,
        rs1_0.skill 
    from
        opportunity_required_skills rs1_0 
    where
        rs1_0.opportunity_id in (?, ?, ?, ?, ?, ?, ?, ?, ?, ?, ?, ?, ?, ?, ?, ?, ?, ?, ?, ?, ?, ?, ?, ?, ?)
2026-09-09 23:25:30.039 DEBUG 7964 --- [nio-8080-exec-1] org.hibernate.SQL                        : 
    select
        q1_0.opportunity_id,
        q1_0.qualification 
    from
        opportunity_qualifications q1_0 
    where
        q1_0.opportunity_id in (?, ?, ?, ?, ?, ?, ?, ?, ?, ?, ?, ?, ?, ?, ?, ?, ?, ?, ?, ?, ?, ?, ?, ?, ?)
2026-09-09 23:25:37.200 DEBUG 7964 --- [nio-8080-exec-3] o.s.security.web.FilterChainProxy        : Securing GET /api/v1/me
2026-09-09 23:25:37.200 DEBUG 7964 --- [nio-8080-exec-4] o.s.security.web.FilterChainProxy        : Securing GET /api/v1/me/applications
2026-09-09 23:25:37.200 DEBUG 7964 --- [nio-8080-exec-5] o.s.security.web.FilterChainProxy        : Securing GET /api/v1/me/advisory-sessions
2026-09-09 23:25:37.200 DEBUG 7964 --- [nio-8080-exec-6] o.s.security.web.FilterChainProxy        : Securing GET /api/v1/me/suggestions
2026-09-09 23:25:37.200 DEBUG 7964 --- [nio-8080-exec-8] o.s.security.web.FilterChainProxy        : Securing GET /api/v1/opportunities
2026-09-09 23:25:37.200 DEBUG 7964 --- [nio-8080-exec-3] org.hibernate.SQL                        : 
    select
        u1_0.id,
        u1_0.created_at,
        u1_0.email,
        u1_0.failed_attempts,
        u1_0.is_active,
        u1_0.is_locked,
        u1_0.last_login_at,
        u1_0.lock_time,
        u1_0.password,
        u1_0.role,
        u1_0.updated_at,
        u1_0.username 
    from
        users u1_0 
    where
        u1_0.email=?
2026-09-09 23:25:37.200 DEBUG 7964 --- [nio-8080-exec-4] org.hibernate.SQL                        : 
    select
        u1_0.id,
        u1_0.created_at,
        u1_0.email,
        u1_0.failed_attempts,
        u1_0.is_active,
        u1_0.is_locked,
        u1_0.last_login_at,
        u1_0.lock_time,
        u1_0.password,
        u1_0.role,
        u1_0.updated_at,
        u1_0.username 
    from
        users u1_0 
    where
        u1_0.email=?
2026-09-09 23:25:37.214 DEBUG 7964 --- [nio-8080-exec-5] org.hibernate.SQL                        : 
    select
        u1_0.id,
        u1_0.created_at,
        u1_0.email,
        u1_0.failed_attempts,
        u1_0.is_active,
        u1_0.is_locked,
        u1_0.last_login_at,
        u1_0.lock_time,
        u1_0.password,
        u1_0.role,
        u1_0.updated_at,
        u1_0.username 
    from
        users u1_0 
    where
        u1_0.email=?
2026-09-09 23:25:37.215 DEBUG 7964 --- [nio-8080-exec-6] org.hibernate.SQL                        : 
    select
        u1_0.id,
        u1_0.created_at,
        u1_0.email,
        u1_0.failed_attempts,
        u1_0.is_active,
        u1_0.is_locked,
        u1_0.last_login_at,
        u1_0.lock_time,
        u1_0.password,
        u1_0.role,
        u1_0.updated_at,
        u1_0.username 
    from
        users u1_0 
    where
        u1_0.email=?
2026-09-09 23:25:37.225 DEBUG 7964 --- [nio-8080-exec-3] o.s.security.web.FilterChainProxy        : Secured GET /api/v1/me
2026-09-09 23:25:37.225 DEBUG 7964 --- [nio-8080-exec-4] o.s.security.web.FilterChainProxy        : Secured GET /api/v1/me/applications
2026-09-09 23:25:37.227 DEBUG 7964 --- [nio-8080-exec-8] org.hibernate.SQL                        : 
    select
        u1_0.id,
        u1_0.created_at,
        u1_0.email,
        u1_0.failed_attempts,
        u1_0.is_active,
        u1_0.is_locked,
        u1_0.last_login_at,
        u1_0.lock_time,
        u1_0.password,
        u1_0.role,
        u1_0.updated_at,
        u1_0.username 
    from
        users u1_0 
    where
        u1_0.email=?
2026-09-09 23:25:37.232 DEBUG 7964 --- [nio-8080-exec-6] o.s.security.web.FilterChainProxy        : Secured GET /api/v1/me/suggestions
2026-09-09 23:25:37.234 DEBUG 7964 --- [nio-8080-exec-5] o.s.security.web.FilterChainProxy        : Secured GET /api/v1/me/advisory-sessions
2026-09-09 23:25:37.234 ERROR 7964 --- [nio-8080-exec-4] c.e.f.handler.GlobalExceptionHandler     : Unexpected error at /api/v1/me/applications: No static resource api/v1/me/applications.
org.springframework.web.servlet.resource.NoResourceFoundException: No static resource api/v1/me/applications.
	at org.springframework.web.servlet.resource.ResourceHttpRequestHandler.handleRequest(ResourceHttpRequestHandler.java:586)
	at org.springframework.web.servlet.mvc.HttpRequestHandlerAdapter.handle(HttpRequestHandlerAdapter.java:52)
	at org.springframework.web.servlet.DispatcherServlet.doDispatch(DispatcherServlet.java:1089)
	at org.springframework.web.servlet.DispatcherServlet.doService(DispatcherServlet.java:979)
	at org.springframework.web.servlet.FrameworkServlet.processRequest(FrameworkServlet.java:1014)
	at org.springframework.web.servlet.FrameworkServlet.doGet(FrameworkServlet.java:903)
	at jakarta.servlet.http.HttpServlet.service(HttpServlet.java:564)
	at org.springframework.web.servlet.FrameworkServlet.service(FrameworkServlet.java:885)
	at jakarta.servlet.http.HttpServlet.service(HttpServlet.java:658)
	at org.apache.catalina.core.ApplicationFilterChain.internalDoFilter(ApplicationFilterChain.java:195)
	at org.apache.catalina.core.ApplicationFilterChain.doFilter(ApplicationFilterChain.java:140)
	at org.apache.tomcat.websocket.server.WsFilter.doFilter(WsFilter.java:51)
	at org.apache.catalina.core.ApplicationFilterChain.internalDoFilter(ApplicationFilterChain.java:164)
	at org.apache.catalina.core.ApplicationFilterChain.doFilter(ApplicationFilterChain.java:140)
	at org.springframework.web.filter.CompositeFilter$VirtualFilterChain.doFilter(CompositeFilter.java:108)
	at org.springframework.security.web.FilterChainProxy.lambda$doFilterInternal$3(FilterChainProxy.java:231)
	at org.springframework.security.web.FilterChainProxy$VirtualFilterChain.doFilter(FilterChainProxy.java:365)
	at org.springframework.security.web.access.intercept.AuthorizationFilter.doFilter(AuthorizationFilter.java:100)
	at org.springframework.security.web.FilterChainProxy$VirtualFilterChain.doFilter(FilterChainProxy.java:374)
	at org.springframework.security.web.access.ExceptionTranslationFilter.doFilter(ExceptionTranslationFilter.java:126)
	at org.springframework.security.web.access.ExceptionTranslationFilter.doFilter(ExceptionTranslationFilter.java:120)
	at org.springframework.security.web.FilterChainProxy$VirtualFilterChain.doFilter(FilterChainProxy.java:374)
	at org.springframework.security.web.session.SessionManagementFilter.doFilter(SessionManagementFilter.java:131)
	at org.springframework.security.web.session.SessionManagementFilter.doFilter(SessionManagementFilter.java:85)
	at org.springframework.security.web.FilterChainProxy$VirtualFilterChain.doFilter(FilterChainProxy.java:374)
	at org.springframework.security.web.authentication.AnonymousAuthenticationFilter.doFilter(AnonymousAuthenticationFilter.java:100)
	at org.springframework.security.web.FilterChainProxy$VirtualFilterChain.doFilter(FilterChainProxy.java:374)
	at org.springframework.security.web.servletapi.SecurityContextHolderAwareRequestFilter.doFilter(SecurityContextHolderAwareRequestFilter.java:179)
	at org.springframework.security.web.FilterChainProxy$VirtualFilterChain.doFilter(FilterChainProxy.java:374)
	at org.springframework.security.web.savedrequest.RequestCacheAwareFilter.doFilter(RequestCacheAwareFilter.java:63)
	at org.springframework.security.web.FilterChainProxy$VirtualFilterChain.doFilter(FilterChainProxy.java:374)
	at com.example.firstapp.filter.JwtAuthFilter.doFilterInternal(JwtAuthFilter.java:205)
	at org.springframework.web.filter.OncePerRequestFilter.doFilter(OncePerRequestFilter.java:116)
	at org.springframework.security.web.FilterChainProxy$VirtualFilterChain.doFilter(FilterChainProxy.java:374)
	at org.springframework.security.web.authentication.logout.LogoutFilter.doFilter(LogoutFilter.java:107)
	at org.springframework.security.web.authentication.logout.LogoutFilter.doFilter(LogoutFilter.java:93)
	at org.springframework.security.web.FilterChainProxy$VirtualFilterChain.doFilter(FilterChainProxy.java:374)
	at org.springframework.security.web.header.HeaderWriterFilter.doHeadersAfter(HeaderWriterFilter.java:90)
	at org.springframework.security.web.header.HeaderWriterFilter.doFilterInternal(HeaderWriterFilter.java:75)
	at org.springframework.web.filter.OncePerRequestFilter.doFilter(OncePerRequestFilter.java:116)
	at org.springframework.security.web.FilterChainProxy$VirtualFilterChain.doFilter(FilterChainProxy.java:374)
	at org.springframework.security.web.context.SecurityContextHolderFilter.doFilter(SecurityContextHolderFilter.java:82)
	at org.springframework.security.web.context.SecurityContextHolderFilter.doFilter(SecurityContextHolderFilter.java:69)
	at org.springframework.security.web.FilterChainProxy$VirtualFilterChain.doFilter(FilterChainProxy.java:374)
	at org.springframework.security.web.context.request.async.WebAsyncManagerIntegrationFilter.doFilterInternal(WebAsyncManagerIntegrationFilter.java:62)
	at org.springframework.web.filter.OncePerRequestFilter.doFilter(OncePerRequestFilter.java:116)
	at org.springframework.security.web.FilterChainProxy$VirtualFilterChain.doFilter(FilterChainProxy.java:374)
	at org.springframework.security.web.session.DisableEncodeUrlFilter.doFilterInternal(DisableEncodeUrlFilter.java:42)
	at org.springframework.web.filter.OncePerRequestFilter.doFilter(OncePerRequestFilter.java:116)
	at org.springframework.security.web.FilterChainProxy$VirtualFilterChain.doFilter(FilterChainProxy.java:374)
	at org.springframework.security.web.FilterChainProxy.doFilterInternal(FilterChainProxy.java:233)
	at org.springframework.security.web.FilterChainProxy.doFilter(FilterChainProxy.java:191)
	at org.springframework.web.filter.CompositeFilter$VirtualFilterChain.doFilter(CompositeFilter.java:113)
	at org.springframework.web.servlet.handler.HandlerMappingIntrospector.lambda$createCacheFilter$3(HandlerMappingIntrospector.java:195)
	at org.springframework.web.filter.CompositeFilter$VirtualFilterChain.doFilter(CompositeFilter.java:113)
	at org.springframework.web.filter.CompositeFilter.doFilter(CompositeFilter.java:74)
	at org.springframework.security.config.annotation.web.configuration.WebMvcSecurityConfiguration$CompositeFilterChainProxy.doFilter(WebMvcSecurityConfiguration.java:230)
	at org.springframework.web.filter.DelegatingFilterProxy.invokeDelegate(DelegatingFilterProxy.java:362)
	at org.springframework.web.filter.DelegatingFilterProxy.doFilter(DelegatingFilterProxy.java:278)
	at org.apache.catalina.core.ApplicationFilterChain.internalDoFilter(ApplicationFilterChain.java:164)
	at org.apache.catalina.core.ApplicationFilterChain.doFilter(ApplicationFilterChain.java:140)
	at org.springframework.web.filter.RequestContextFilter.doFilterInternal(RequestContextFilter.java:100)
	at org.springframework.web.filter.OncePerRequestFilter.doFilter(OncePerRequestFilter.java:116)
	at org.apache.catalina.core.ApplicationFilterChain.internalDoFilter(ApplicationFilterChain.java:164)
	at org.apache.catalina.core.ApplicationFilterChain.doFilter(ApplicationFilterChain.java:140)
	at org.springframework.web.filter.FormContentFilter.doFilterInternal(FormContentFilter.java:93)
	at org.springframework.web.filter.OncePerRequestFilter.doFilter(OncePerRequestFilter.java:116)
	at org.apache.catalina.core.ApplicationFilterChain.internalDoFilter(ApplicationFilterChain.java:164)
	at org.apache.catalina.core.ApplicationFilterChain.doFilter(ApplicationFilterChain.java:140)
	at org.springframework.web.filter.CharacterEncodingFilter.doFilterInternal(CharacterEncodingFilter.java:201)
	at org.springframework.web.filter.OncePerRequestFilter.doFilter(OncePerRequestFilter.java:116)
	at org.apache.catalina.core.ApplicationFilterChain.internalDoFilter(ApplicationFilterChain.java:164)
	at org.apache.catalina.core.ApplicationFilterChain.doFilter(ApplicationFilterChain.java:140)
	at com.example.firstapp.filter.RateLimitFilter.doFilterInternal(RateLimitFilter.java:161)
	at org.springframework.web.filter.OncePerRequestFilter.doFilter(OncePerRequestFilter.java:116)
	at org.apache.catalina.core.ApplicationFilterChain.internalDoFilter(ApplicationFilterChain.java:164)
	at org.apache.catalina.core.ApplicationFilterChain.doFilter(ApplicationFilterChain.java:140)
	at org.apache.catalina.core.StandardWrapperValve.invoke(StandardWrapperValve.java:167)
	at org.apache.catalina.core.StandardContextValve.invoke(StandardContextValve.java:90)
	at org.apache.catalina.authenticator.AuthenticatorBase.invoke(AuthenticatorBase.java:483)
	at org.apache.catalina.core.StandardHostValve.invoke(StandardHostValve.java:116)
	at org.apache.catalina.valves.ErrorReportValve.invoke(ErrorReportValve.java:93)
	at org.apache.catalina.core.StandardEngineValve.invoke(StandardEngineValve.java:74)
	at org.apache.catalina.connector.CoyoteAdapter.service(CoyoteAdapter.java:344)
	at org.apache.coyote.http11.Http11Processor.service(Http11Processor.java:398)
	at org.apache.coyote.AbstractProcessorLight.process(AbstractProcessorLight.java:63)
	at org.apache.coyote.AbstractProtocol$ConnectionHandler.process(AbstractProtocol.java:903)
	at org.apache.tomcat.util.net.NioEndpoint$SocketProcessor.doRun(NioEndpoint.java:1769)
	at org.apache.tomcat.util.net.SocketProcessorBase.run(SocketProcessorBase.java:52)
	at org.apache.tomcat.util.threads.ThreadPoolExecutor.runWorker(ThreadPoolExecutor.java:1189)
	at org.apache.tomcat.util.threads.ThreadPoolExecutor$Worker.run(ThreadPoolExecutor.java:658)
	at org.apache.tomcat.util.threads.TaskThread$WrappingRunnable.run(TaskThread.java:63)
	at java.base/java.lang.Thread.run(Thread.java:1474)
2026-09-09 23:25:37.234 ERROR 7964 --- [nio-8080-exec-3] c.e.f.handler.GlobalExceptionHandler     : Unexpected error at /api/v1/me: No static resource api/v1/me.
org.springframework.web.servlet.resource.NoResourceFoundException: No static resource api/v1/me.
	at org.springframework.web.servlet.resource.ResourceHttpRequestHandler.handleRequest(ResourceHttpRequestHandler.java:586)
	at org.springframework.web.servlet.mvc.HttpRequestHandlerAdapter.handle(HttpRequestHandlerAdapter.java:52)
	at org.springframework.web.servlet.DispatcherServlet.doDispatch(DispatcherServlet.java:1089)
	at org.springframework.web.servlet.DispatcherServlet.doService(DispatcherServlet.java:979)
	at org.springframework.web.servlet.FrameworkServlet.processRequest(FrameworkServlet.java:1014)
	at org.springframework.web.servlet.FrameworkServlet.doGet(FrameworkServlet.java:903)
	at jakarta.servlet.http.HttpServlet.service(HttpServlet.java:564)
	at org.springframework.web.servlet.FrameworkServlet.service(FrameworkServlet.java:885)
	at jakarta.servlet.http.HttpServlet.service(HttpServlet.java:658)
	at org.apache.catalina.core.ApplicationFilterChain.internalDoFilter(ApplicationFilterChain.java:195)
	at org.apache.catalina.core.ApplicationFilterChain.doFilter(ApplicationFilterChain.java:140)
	at org.apache.tomcat.websocket.server.WsFilter.doFilter(WsFilter.java:51)
	at org.apache.catalina.core.ApplicationFilterChain.internalDoFilter(ApplicationFilterChain.java:164)
	at org.apache.catalina.core.ApplicationFilterChain.doFilter(ApplicationFilterChain.java:140)
	at org.springframework.web.filter.CompositeFilter$VirtualFilterChain.doFilter(CompositeFilter.java:108)
	at org.springframework.security.web.FilterChainProxy.lambda$doFilterInternal$3(FilterChainProxy.java:231)
	at org.springframework.security.web.FilterChainProxy$VirtualFilterChain.doFilter(FilterChainProxy.java:365)
	at org.springframework.security.web.access.intercept.AuthorizationFilter.doFilter(AuthorizationFilter.java:100)
	at org.springframework.security.web.FilterChainProxy$VirtualFilterChain.doFilter(FilterChainProxy.java:374)
	at org.springframework.security.web.access.ExceptionTranslationFilter.doFilter(ExceptionTranslationFilter.java:126)
	at org.springframework.security.web.access.ExceptionTranslationFilter.doFilter(ExceptionTranslationFilter.java:120)
	at org.springframework.security.web.FilterChainProxy$VirtualFilterChain.doFilter(FilterChainProxy.java:374)
	at org.springframework.security.web.session.SessionManagementFilter.doFilter(SessionManagementFilter.java:131)
	at org.springframework.security.web.session.SessionManagementFilter.doFilter(SessionManagementFilter.java:85)
	at org.springframework.security.web.FilterChainProxy$VirtualFilterChain.doFilter(FilterChainProxy.java:374)
	at org.springframework.security.web.authentication.AnonymousAuthenticationFilter.doFilter(AnonymousAuthenticationFilter.java:100)
	at org.springframework.security.web.FilterChainProxy$VirtualFilterChain.doFilter(FilterChainProxy.java:374)
	at org.springframework.security.web.servletapi.SecurityContextHolderAwareRequestFilter.doFilter(SecurityContextHolderAwareRequestFilter.java:179)
	at org.springframework.security.web.FilterChainProxy$VirtualFilterChain.doFilter(FilterChainProxy.java:374)
	at org.springframework.security.web.savedrequest.RequestCacheAwareFilter.doFilter(RequestCacheAwareFilter.java:63)
	at org.springframework.security.web.FilterChainProxy$VirtualFilterChain.doFilter(FilterChainProxy.java:374)
	at com.example.firstapp.filter.JwtAuthFilter.doFilterInternal(JwtAuthFilter.java:205)
	at org.springframework.web.filter.OncePerRequestFilter.doFilter(OncePerRequestFilter.java:116)
	at org.springframework.security.web.FilterChainProxy$VirtualFilterChain.doFilter(FilterChainProxy.java:374)
	at org.springframework.security.web.authentication.logout.LogoutFilter.doFilter(LogoutFilter.java:107)
	at org.springframework.security.web.authentication.logout.LogoutFilter.doFilter(LogoutFilter.java:93)
	at org.springframework.security.web.FilterChainProxy$VirtualFilterChain.doFilter(FilterChainProxy.java:374)
	at org.springframework.security.web.header.HeaderWriterFilter.doHeadersAfter(HeaderWriterFilter.java:90)
	at org.springframework.security.web.header.HeaderWriterFilter.doFilterInternal(HeaderWriterFilter.java:75)
	at org.springframework.web.filter.OncePerRequestFilter.doFilter(OncePerRequestFilter.java:116)
	at org.springframework.security.web.FilterChainProxy$VirtualFilterChain.doFilter(FilterChainProxy.java:374)
	at org.springframework.security.web.context.SecurityContextHolderFilter.doFilter(SecurityContextHolderFilter.java:82)
	at org.springframework.security.web.context.SecurityContextHolderFilter.doFilter(SecurityContextHolderFilter.java:69)
	at org.springframework.security.web.FilterChainProxy$VirtualFilterChain.doFilter(FilterChainProxy.java:374)
	at org.springframework.security.web.context.request.async.WebAsyncManagerIntegrationFilter.doFilterInternal(WebAsyncManagerIntegrationFilter.java:62)
	at org.springframework.web.filter.OncePerRequestFilter.doFilter(OncePerRequestFilter.java:116)
	at org.springframework.security.web.FilterChainProxy$VirtualFilterChain.doFilter(FilterChainProxy.java:374)
	at org.springframework.security.web.session.DisableEncodeUrlFilter.doFilterInternal(DisableEncodeUrlFilter.java:42)
	at org.springframework.web.filter.OncePerRequestFilter.doFilter(OncePerRequestFilter.java:116)
	at org.springframework.security.web.FilterChainProxy$VirtualFilterChain.doFilter(FilterChainProxy.java:374)
	at org.springframework.security.web.FilterChainProxy.doFilterInternal(FilterChainProxy.java:233)
	at org.springframework.security.web.FilterChainProxy.doFilter(FilterChainProxy.java:191)
	at org.springframework.web.filter.CompositeFilter$VirtualFilterChain.doFilter(CompositeFilter.java:113)
	at org.springframework.web.servlet.handler.HandlerMappingIntrospector.lambda$createCacheFilter$3(HandlerMappingIntrospector.java:195)
	at org.springframework.web.filter.CompositeFilter$VirtualFilterChain.doFilter(CompositeFilter.java:113)
	at org.springframework.web.filter.CompositeFilter.doFilter(CompositeFilter.java:74)
	at org.springframework.security.config.annotation.web.configuration.WebMvcSecurityConfiguration$CompositeFilterChainProxy.doFilter(WebMvcSecurityConfiguration.java:230)
	at org.springframework.web.filter.DelegatingFilterProxy.invokeDelegate(DelegatingFilterProxy.java:362)
	at org.springframework.web.filter.DelegatingFilterProxy.doFilter(DelegatingFilterProxy.java:278)
	at org.apache.catalina.core.ApplicationFilterChain.internalDoFilter(ApplicationFilterChain.java:164)
	at org.apache.catalina.core.ApplicationFilterChain.doFilter(ApplicationFilterChain.java:140)
	at org.springframework.web.filter.RequestContextFilter.doFilterInternal(RequestContextFilter.java:100)
	at org.springframework.web.filter.OncePerRequestFilter.doFilter(OncePerRequestFilter.java:116)
	at org.apache.catalina.core.ApplicationFilterChain.internalDoFilter(ApplicationFilterChain.java:164)
	at org.apache.catalina.core.ApplicationFilterChain.doFilter(ApplicationFilterChain.java:140)
	at org.springframework.web.filter.FormContentFilter.doFilterInternal(FormContentFilter.java:93)
	at org.springframework.web.filter.OncePerRequestFilter.doFilter(OncePerRequestFilter.java:116)
	at org.apache.catalina.core.ApplicationFilterChain.internalDoFilter(ApplicationFilterChain.java:164)
	at org.apache.catalina.core.ApplicationFilterChain.doFilter(ApplicationFilterChain.java:140)
	at org.springframework.web.filter.CharacterEncodingFilter.doFilterInternal(CharacterEncodingFilter.java:201)
	at org.springframework.web.filter.OncePerRequestFilter.doFilter(OncePerRequestFilter.java:116)
	at org.apache.catalina.core.ApplicationFilterChain.internalDoFilter(ApplicationFilterChain.java:164)
	at org.apache.catalina.core.ApplicationFilterChain.doFilter(ApplicationFilterChain.java:140)
	at com.example.firstapp.filter.RateLimitFilter.doFilterInternal(RateLimitFilter.java:161)
	at org.springframework.web.filter.OncePerRequestFilter.doFilter(OncePerRequestFilter.java:116)
	at org.apache.catalina.core.ApplicationFilterChain.internalDoFilter(ApplicationFilterChain.java:164)
	at org.apache.catalina.core.ApplicationFilterChain.doFilter(ApplicationFilterChain.java:140)
	at org.apache.catalina.core.StandardWrapperValve.invoke(StandardWrapperValve.java:167)
	at org.apache.catalina.core.StandardContextValve.invoke(StandardContextValve.java:90)
	at org.apache.catalina.authenticator.AuthenticatorBase.invoke(AuthenticatorBase.java:483)
	at org.apache.catalina.core.StandardHostValve.invoke(StandardHostValve.java:116)
	at org.apache.catalina.valves.ErrorReportValve.invoke(ErrorReportValve.java:93)
	at org.apache.catalina.core.StandardEngineValve.invoke(StandardEngineValve.java:74)
	at org.apache.catalina.connector.CoyoteAdapter.service(CoyoteAdapter.java:344)
	at org.apache.coyote.http11.Http11Processor.service(Http11Processor.java:398)
	at org.apache.coyote.AbstractProcessorLight.process(AbstractProcessorLight.java:63)
	at org.apache.coyote.AbstractProtocol$ConnectionHandler.process(AbstractProtocol.java:903)
	at org.apache.tomcat.util.net.NioEndpoint$SocketProcessor.doRun(NioEndpoint.java:1769)
	at org.apache.tomcat.util.net.SocketProcessorBase.run(SocketProcessorBase.java:52)
	at org.apache.tomcat.util.threads.ThreadPoolExecutor.runWorker(ThreadPoolExecutor.java:1189)
	at org.apache.tomcat.util.threads.ThreadPoolExecutor$Worker.run(ThreadPoolExecutor.java:658)
	at org.apache.tomcat.util.threads.TaskThread$WrappingRunnable.run(TaskThread.java:63)
	at java.base/java.lang.Thread.run(Thread.java:1474)
2026-09-09 23:25:37.238  WARN 7964 --- [nio-8080-exec-4] .m.m.a.ExceptionHandlerExceptionResolver : Resolved [org.springframework.web.servlet.resource.NoResourceFoundException: No static resource api/v1/me/applications.]
2026-09-09 23:25:37.238  WARN 7964 --- [nio-8080-exec-3] .m.m.a.ExceptionHandlerExceptionResolver : Resolved [org.springframework.web.servlet.resource.NoResourceFoundException: No static resource api/v1/me.]
2026-09-09 23:25:37.238 ERROR 7964 --- [nio-8080-exec-5] c.e.f.handler.GlobalExceptionHandler     : Unexpected error at /api/v1/me/advisory-sessions: No static resource api/v1/me/advisory-sessions.
org.springframework.web.servlet.resource.NoResourceFoundException: No static resource api/v1/me/advisory-sessions.
	at org.springframework.web.servlet.resource.ResourceHttpRequestHandler.handleRequest(ResourceHttpRequestHandler.java:586)
	at org.springframework.web.servlet.mvc.HttpRequestHandlerAdapter.handle(HttpRequestHandlerAdapter.java:52)
	at org.springframework.web.servlet.DispatcherServlet.doDispatch(DispatcherServlet.java:1089)
	at org.springframework.web.servlet.DispatcherServlet.doService(DispatcherServlet.java:979)
	at org.springframework.web.servlet.FrameworkServlet.processRequest(FrameworkServlet.java:1014)
	at org.springframework.web.servlet.FrameworkServlet.doGet(FrameworkServlet.java:903)
	at jakarta.servlet.http.HttpServlet.service(HttpServlet.java:564)
	at org.springframework.web.servlet.FrameworkServlet.service(FrameworkServlet.java:885)
	at jakarta.servlet.http.HttpServlet.service(HttpServlet.java:658)
	at org.apache.catalina.core.ApplicationFilterChain.internalDoFilter(ApplicationFilterChain.java:195)
	at org.apache.catalina.core.ApplicationFilterChain.doFilter(ApplicationFilterChain.java:140)
	at org.apache.tomcat.websocket.server.WsFilter.doFilter(WsFilter.java:51)
	at org.apache.catalina.core.ApplicationFilterChain.internalDoFilter(ApplicationFilterChain.java:164)
	at org.apache.catalina.core.ApplicationFilterChain.doFilter(ApplicationFilterChain.java:140)
	at org.springframework.web.filter.CompositeFilter$VirtualFilterChain.doFilter(CompositeFilter.java:108)
	at org.springframework.security.web.FilterChainProxy.lambda$doFilterInternal$3(FilterChainProxy.java:231)
	at org.springframework.security.web.FilterChainProxy$VirtualFilterChain.doFilter(FilterChainProxy.java:365)
	at org.springframework.security.web.access.intercept.AuthorizationFilter.doFilter(AuthorizationFilter.java:100)
	at org.springframework.security.web.FilterChainProxy$VirtualFilterChain.doFilter(FilterChainProxy.java:374)
	at org.springframework.security.web.access.ExceptionTranslationFilter.doFilter(ExceptionTranslationFilter.java:126)
	at org.springframework.security.web.access.ExceptionTranslationFilter.doFilter(ExceptionTranslationFilter.java:120)
	at org.springframework.security.web.FilterChainProxy$VirtualFilterChain.doFilter(FilterChainProxy.java:374)
	at org.springframework.security.web.session.SessionManagementFilter.doFilter(SessionManagementFilter.java:131)
	at org.springframework.security.web.session.SessionManagementFilter.doFilter(SessionManagementFilter.java:85)
	at org.springframework.security.web.FilterChainProxy$VirtualFilterChain.doFilter(FilterChainProxy.java:374)
	at org.springframework.security.web.authentication.AnonymousAuthenticationFilter.doFilter(AnonymousAuthenticationFilter.java:100)
	at org.springframework.security.web.FilterChainProxy$VirtualFilterChain.doFilter(FilterChainProxy.java:374)
	at org.springframework.security.web.servletapi.SecurityContextHolderAwareRequestFilter.doFilter(SecurityContextHolderAwareRequestFilter.java:179)
	at org.springframework.security.web.FilterChainProxy$VirtualFilterChain.doFilter(FilterChainProxy.java:374)
	at org.springframework.security.web.savedrequest.RequestCacheAwareFilter.doFilter(RequestCacheAwareFilter.java:63)
	at org.springframework.security.web.FilterChainProxy$VirtualFilterChain.doFilter(FilterChainProxy.java:374)
	at com.example.firstapp.filter.JwtAuthFilter.doFilterInternal(JwtAuthFilter.java:205)
	at org.springframework.web.filter.OncePerRequestFilter.doFilter(OncePerRequestFilter.java:116)
	at org.springframework.security.web.FilterChainProxy$VirtualFilterChain.doFilter(FilterChainProxy.java:374)
	at org.springframework.security.web.authentication.logout.LogoutFilter.doFilter(LogoutFilter.java:107)
	at org.springframework.security.web.authentication.logout.LogoutFilter.doFilter(LogoutFilter.java:93)
	at org.springframework.security.web.FilterChainProxy$VirtualFilterChain.doFilter(FilterChainProxy.java:374)
	at org.springframework.security.web.header.HeaderWriterFilter.doHeadersAfter(HeaderWriterFilter.java:90)
	at org.springframework.security.web.header.HeaderWriterFilter.doFilterInternal(HeaderWriterFilter.java:75)
	at org.springframework.web.filter.OncePerRequestFilter.doFilter(OncePerRequestFilter.java:116)
	at org.springframework.security.web.FilterChainProxy$VirtualFilterChain.doFilter(FilterChainProxy.java:374)
	at org.springframework.security.web.context.SecurityContextHolderFilter.doFilter(SecurityContextHolderFilter.java:82)
	at org.springframework.security.web.context.SecurityContextHolderFilter.doFilter(SecurityContextHolderFilter.java:69)
	at org.springframework.security.web.FilterChainProxy$VirtualFilterChain.doFilter(FilterChainProxy.java:374)
	at org.springframework.security.web.context.request.async.WebAsyncManagerIntegrationFilter.doFilterInternal(WebAsyncManagerIntegrationFilter.java:62)
	at org.springframework.web.filter.OncePerRequestFilter.doFilter(OncePerRequestFilter.java:116)
	at org.springframework.security.web.FilterChainProxy$VirtualFilterChain.doFilter(FilterChainProxy.java:374)
	at org.springframework.security.web.session.DisableEncodeUrlFilter.doFilterInternal(DisableEncodeUrlFilter.java:42)
	at org.springframework.web.filter.OncePerRequestFilter.doFilter(OncePerRequestFilter.java:116)
	at org.springframework.security.web.FilterChainProxy$VirtualFilterChain.doFilter(FilterChainProxy.java:374)
	at org.springframework.security.web.FilterChainProxy.doFilterInternal(FilterChainProxy.java:233)
	at org.springframework.security.web.FilterChainProxy.doFilter(FilterChainProxy.java:191)
	at org.springframework.web.filter.CompositeFilter$VirtualFilterChain.doFilter(CompositeFilter.java:113)
	at org.springframework.web.servlet.handler.HandlerMappingIntrospector.lambda$createCacheFilter$3(HandlerMappingIntrospector.java:195)
	at org.springframework.web.filter.CompositeFilter$VirtualFilterChain.doFilter(CompositeFilter.java:113)
	at org.springframework.web.filter.CompositeFilter.doFilter(CompositeFilter.java:74)
	at org.springframework.security.config.annotation.web.configuration.WebMvcSecurityConfiguration$CompositeFilterChainProxy.doFilter(WebMvcSecurityConfiguration.java:230)
	at org.springframework.web.filter.DelegatingFilterProxy.invokeDelegate(DelegatingFilterProxy.java:362)
	at org.springframework.web.filter.DelegatingFilterProxy.doFilter(DelegatingFilterProxy.java:278)
	at org.apache.catalina.core.ApplicationFilterChain.internalDoFilter(ApplicationFilterChain.java:164)
	at org.apache.catalina.core.ApplicationFilterChain.doFilter(ApplicationFilterChain.java:140)
	at org.springframework.web.filter.RequestContextFilter.doFilterInternal(RequestContextFilter.java:100)
	at org.springframework.web.filter.OncePerRequestFilter.doFilter(OncePerRequestFilter.java:116)
	at org.apache.catalina.core.ApplicationFilterChain.internalDoFilter(ApplicationFilterChain.java:164)
	at org.apache.catalina.core.ApplicationFilterChain.doFilter(ApplicationFilterChain.java:140)
	at org.springframework.web.filter.FormContentFilter.doFilterInternal(FormContentFilter.java:93)
	at org.springframework.web.filter.OncePerRequestFilter.doFilter(OncePerRequestFilter.java:116)
	at org.apache.catalina.core.ApplicationFilterChain.internalDoFilter(ApplicationFilterChain.java:164)
	at org.apache.catalina.core.ApplicationFilterChain.doFilter(ApplicationFilterChain.java:140)
	at org.springframework.web.filter.CharacterEncodingFilter.doFilterInternal(CharacterEncodingFilter.java:201)
	at org.springframework.web.filter.OncePerRequestFilter.doFilter(OncePerRequestFilter.java:116)
	at org.apache.catalina.core.ApplicationFilterChain.internalDoFilter(ApplicationFilterChain.java:164)
	at org.apache.catalina.core.ApplicationFilterChain.doFilter(ApplicationFilterChain.java:140)
	at com.example.firstapp.filter.RateLimitFilter.doFilterInternal(RateLimitFilter.java:161)
	at org.springframework.web.filter.OncePerRequestFilter.doFilter(OncePerRequestFilter.java:116)
	at org.apache.catalina.core.ApplicationFilterChain.internalDoFilter(ApplicationFilterChain.java:164)
	at org.apache.catalina.core.ApplicationFilterChain.doFilter(ApplicationFilterChain.java:140)
	at org.apache.catalina.core.StandardWrapperValve.invoke(StandardWrapperValve.java:167)
	at org.apache.catalina.core.StandardContextValve.invoke(StandardContextValve.java:90)
	at org.apache.catalina.authenticator.AuthenticatorBase.invoke(AuthenticatorBase.java:483)
	at org.apache.catalina.core.StandardHostValve.invoke(StandardHostValve.java:116)
	at org.apache.catalina.valves.ErrorReportValve.invoke(ErrorReportValve.java:93)
	at org.apache.catalina.core.StandardEngineValve.invoke(StandardEngineValve.java:74)
	at org.apache.catalina.connector.CoyoteAdapter.service(CoyoteAdapter.java:344)
	at org.apache.coyote.http11.Http11Processor.service(Http11Processor.java:398)
	at org.apache.coyote.AbstractProcessorLight.process(AbstractProcessorLight.java:63)
	at org.apache.coyote.AbstractProtocol$ConnectionHandler.process(AbstractProtocol.java:903)
	at org.apache.tomcat.util.net.NioEndpoint$SocketProcessor.doRun(NioEndpoint.java:1769)
	at org.apache.tomcat.util.net.SocketProcessorBase.run(SocketProcessorBase.java:52)
	at org.apache.tomcat.util.threads.ThreadPoolExecutor.runWorker(ThreadPoolExecutor.java:1189)
	at org.apache.tomcat.util.threads.ThreadPoolExecutor$Worker.run(ThreadPoolExecutor.java:658)
	at org.apache.tomcat.util.threads.TaskThread$WrappingRunnable.run(TaskThread.java:63)
	at java.base/java.lang.Thread.run(Thread.java:1474)
2026-09-09 23:25:37.238 ERROR 7964 --- [nio-8080-exec-6] c.e.f.handler.GlobalExceptionHandler     : Unexpected error at /api/v1/me/suggestions: No static resource api/v1/me/suggestions.
org.springframework.web.servlet.resource.NoResourceFoundException: No static resource api/v1/me/suggestions.
	at org.springframework.web.servlet.resource.ResourceHttpRequestHandler.handleRequest(ResourceHttpRequestHandler.java:586)
	at org.springframework.web.servlet.mvc.HttpRequestHandlerAdapter.handle(HttpRequestHandlerAdapter.java:52)
	at org.springframework.web.servlet.DispatcherServlet.doDispatch(DispatcherServlet.java:1089)
	at org.springframework.web.servlet.DispatcherServlet.doService(DispatcherServlet.java:979)
	at org.springframework.web.servlet.FrameworkServlet.processRequest(FrameworkServlet.java:1014)
	at org.springframework.web.servlet.FrameworkServlet.doGet(FrameworkServlet.java:903)
	at jakarta.servlet.http.HttpServlet.service(HttpServlet.java:564)
	at org.springframework.web.servlet.FrameworkServlet.service(FrameworkServlet.java:885)
	at jakarta.servlet.http.HttpServlet.service(HttpServlet.java:658)
	at org.apache.catalina.core.ApplicationFilterChain.internalDoFilter(ApplicationFilterChain.java:195)
	at org.apache.catalina.core.ApplicationFilterChain.doFilter(ApplicationFilterChain.java:140)
	at org.apache.tomcat.websocket.server.WsFilter.doFilter(WsFilter.java:51)
	at org.apache.catalina.core.ApplicationFilterChain.internalDoFilter(ApplicationFilterChain.java:164)
	at org.apache.catalina.core.ApplicationFilterChain.doFilter(ApplicationFilterChain.java:140)
	at org.springframework.web.filter.CompositeFilter$VirtualFilterChain.doFilter(CompositeFilter.java:108)
	at org.springframework.security.web.FilterChainProxy.lambda$doFilterInternal$3(FilterChainProxy.java:231)
	at org.springframework.security.web.FilterChainProxy$VirtualFilterChain.doFilter(FilterChainProxy.java:365)
	at org.springframework.security.web.access.intercept.AuthorizationFilter.doFilter(AuthorizationFilter.java:100)
	at org.springframework.security.web.FilterChainProxy$VirtualFilterChain.doFilter(FilterChainProxy.java:374)
	at org.springframework.security.web.access.ExceptionTranslationFilter.doFilter(ExceptionTranslationFilter.java:126)
	at org.springframework.security.web.access.ExceptionTranslationFilter.doFilter(ExceptionTranslationFilter.java:120)
	at org.springframework.security.web.FilterChainProxy$VirtualFilterChain.doFilter(FilterChainProxy.java:374)
	at org.springframework.security.web.session.SessionManagementFilter.doFilter(SessionManagementFilter.java:131)
	at org.springframework.security.web.session.SessionManagementFilter.doFilter(SessionManagementFilter.java:85)
	at org.springframework.security.web.FilterChainProxy$VirtualFilterChain.doFilter(FilterChainProxy.java:374)
	at org.springframework.security.web.authentication.AnonymousAuthenticationFilter.doFilter(AnonymousAuthenticationFilter.java:100)
	at org.springframework.security.web.FilterChainProxy$VirtualFilterChain.doFilter(FilterChainProxy.java:374)
	at org.springframework.security.web.servletapi.SecurityContextHolderAwareRequestFilter.doFilter(SecurityContextHolderAwareRequestFilter.java:179)
	at org.springframework.security.web.FilterChainProxy$VirtualFilterChain.doFilter(FilterChainProxy.java:374)
	at org.springframework.security.web.savedrequest.RequestCacheAwareFilter.doFilter(RequestCacheAwareFilter.java:63)
	at org.springframework.security.web.FilterChainProxy$VirtualFilterChain.doFilter(FilterChainProxy.java:374)
	at com.example.firstapp.filter.JwtAuthFilter.doFilterInternal(JwtAuthFilter.java:205)
	at org.springframework.web.filter.OncePerRequestFilter.doFilter(OncePerRequestFilter.java:116)
	at org.springframework.security.web.FilterChainProxy$VirtualFilterChain.doFilter(FilterChainProxy.java:374)
	at org.springframework.security.web.authentication.logout.LogoutFilter.doFilter(LogoutFilter.java:107)
	at org.springframework.security.web.authentication.logout.LogoutFilter.doFilter(LogoutFilter.java:93)
	at org.springframework.security.web.FilterChainProxy$VirtualFilterChain.doFilter(FilterChainProxy.java:374)
	at org.springframework.security.web.header.HeaderWriterFilter.doHeadersAfter(HeaderWriterFilter.java:90)
	at org.springframework.security.web.header.HeaderWriterFilter.doFilterInternal(HeaderWriterFilter.java:75)
	at org.springframework.web.filter.OncePerRequestFilter.doFilter(OncePerRequestFilter.java:116)
	at org.springframework.security.web.FilterChainProxy$VirtualFilterChain.doFilter(FilterChainProxy.java:374)
	at org.springframework.security.web.context.SecurityContextHolderFilter.doFilter(SecurityContextHolderFilter.java:82)
	at org.springframework.security.web.context.SecurityContextHolderFilter.doFilter(SecurityContextHolderFilter.java:69)
	at org.springframework.security.web.FilterChainProxy$VirtualFilterChain.doFilter(FilterChainProxy.java:374)
	at org.springframework.security.web.context.request.async.WebAsyncManagerIntegrationFilter.doFilterInternal(WebAsyncManagerIntegrationFilter.java:62)
	at org.springframework.web.filter.OncePerRequestFilter.doFilter(OncePerRequestFilter.java:116)
	at org.springframework.security.web.FilterChainProxy$VirtualFilterChain.doFilter(FilterChainProxy.java:374)
	at org.springframework.security.web.session.DisableEncodeUrlFilter.doFilterInternal(DisableEncodeUrlFilter.java:42)
	at org.springframework.web.filter.OncePerRequestFilter.doFilter(OncePerRequestFilter.java:116)
	at org.springframework.security.web.FilterChainProxy$VirtualFilterChain.doFilter(FilterChainProxy.java:374)
	at org.springframework.security.web.FilterChainProxy.doFilterInternal(FilterChainProxy.java:233)
	at org.springframework.security.web.FilterChainProxy.doFilter(FilterChainProxy.java:191)
	at org.springframework.web.filter.CompositeFilter$VirtualFilterChain.doFilter(CompositeFilter.java:113)
	at org.springframework.web.servlet.handler.HandlerMappingIntrospector.lambda$createCacheFilter$3(HandlerMappingIntrospector.java:195)
	at org.springframework.web.filter.CompositeFilter$VirtualFilterChain.doFilter(CompositeFilter.java:113)
	at org.springframework.web.filter.CompositeFilter.doFilter(CompositeFilter.java:74)
	at org.springframework.security.config.annotation.web.configuration.WebMvcSecurityConfiguration$CompositeFilterChainProxy.doFilter(WebMvcSecurityConfiguration.java:230)
	at org.springframework.web.filter.DelegatingFilterProxy.invokeDelegate(DelegatingFilterProxy.java:362)
	at org.springframework.web.filter.DelegatingFilterProxy.doFilter(DelegatingFilterProxy.java:278)
	at org.apache.catalina.core.ApplicationFilterChain.internalDoFilter(ApplicationFilterChain.java:164)
	at org.apache.catalina.core.ApplicationFilterChain.doFilter(ApplicationFilterChain.java:140)
	at org.springframework.web.filter.RequestContextFilter.doFilterInternal(RequestContextFilter.java:100)
	at org.springframework.web.filter.OncePerRequestFilter.doFilter(OncePerRequestFilter.java:116)
	at org.apache.catalina.core.ApplicationFilterChain.internalDoFilter(ApplicationFilterChain.java:164)
	at org.apache.catalina.core.ApplicationFilterChain.doFilter(ApplicationFilterChain.java:140)
	at org.springframework.web.filter.FormContentFilter.doFilterInternal(FormContentFilter.java:93)
	at org.springframework.web.filter.OncePerRequestFilter.doFilter(OncePerRequestFilter.java:116)
	at org.apache.catalina.core.ApplicationFilterChain.internalDoFilter(ApplicationFilterChain.java:164)
	at org.apache.catalina.core.ApplicationFilterChain.doFilter(ApplicationFilterChain.java:140)
	at org.springframework.web.filter.CharacterEncodingFilter.doFilterInternal(CharacterEncodingFilter.java:201)
	at org.springframework.web.filter.OncePerRequestFilter.doFilter(OncePerRequestFilter.java:116)
	at org.apache.catalina.core.ApplicationFilterChain.internalDoFilter(ApplicationFilterChain.java:164)
	at org.apache.catalina.core.ApplicationFilterChain.doFilter(ApplicationFilterChain.java:140)
	at com.example.firstapp.filter.RateLimitFilter.doFilterInternal(RateLimitFilter.java:161)
	at org.springframework.web.filter.OncePerRequestFilter.doFilter(OncePerRequestFilter.java:116)
	at org.apache.catalina.core.ApplicationFilterChain.internalDoFilter(ApplicationFilterChain.java:164)
	at org.apache.catalina.core.ApplicationFilterChain.doFilter(ApplicationFilterChain.java:140)
	at org.apache.catalina.core.StandardWrapperValve.invoke(StandardWrapperValve.java:167)
	at org.apache.catalina.core.StandardContextValve.invoke(StandardContextValve.java:90)
	at org.apache.catalina.authenticator.AuthenticatorBase.invoke(AuthenticatorBase.java:483)
	at org.apache.catalina.core.StandardHostValve.invoke(StandardHostValve.java:116)
	at org.apache.catalina.valves.ErrorReportValve.invoke(ErrorReportValve.java:93)
	at org.apache.catalina.core.StandardEngineValve.invoke(StandardEngineValve.java:74)
	at org.apache.catalina.connector.CoyoteAdapter.service(CoyoteAdapter.java:344)
	at org.apache.coyote.http11.Http11Processor.service(Http11Processor.java:398)
	at org.apache.coyote.AbstractProcessorLight.process(AbstractProcessorLight.java:63)
	at org.apache.coyote.AbstractProtocol$ConnectionHandler.process(AbstractProtocol.java:903)
	at org.apache.tomcat.util.net.NioEndpoint$SocketProcessor.doRun(NioEndpoint.java:1769)
	at org.apache.tomcat.util.net.SocketProcessorBase.run(SocketProcessorBase.java:52)
	at org.apache.tomcat.util.threads.ThreadPoolExecutor.runWorker(ThreadPoolExecutor.java:1189)
	at org.apache.tomcat.util.threads.ThreadPoolExecutor$Worker.run(ThreadPoolExecutor.java:658)
	at org.apache.tomcat.util.threads.TaskThread$WrappingRunnable.run(TaskThread.java:63)
	at java.base/java.lang.Thread.run(Thread.java:1474)
2026-09-09 23:25:37.244  WARN 7964 --- [nio-8080-exec-6] .m.m.a.ExceptionHandlerExceptionResolver : Resolved [org.springframework.web.servlet.resource.NoResourceFoundException: No static resource api/v1/me/suggestions.]
2026-09-09 23:25:37.242 DEBUG 7964 --- [nio-8080-exec-8] o.s.security.web.FilterChainProxy        : Secured GET /api/v1/opportunities
2026-09-09 23:25:37.246  WARN 7964 --- [nio-8080-exec-5] .m.m.a.ExceptionHandlerExceptionResolver : Resolved [org.springframework.web.servlet.resource.NoResourceFoundException: No static resource api/v1/me/advisory-sessions.]
2026-09-09 23:25:37.254  WARN 7964 --- [nio-8080-exec-8] org.hibernate.orm.query                  : HHH90003004: firstResult/maxResults specified with collection fetch; applying in memory
2026-09-09 23:25:37.258 DEBUG 7964 --- [nio-8080-exec-8] org.hibernate.SQL                        : 
    select
        o1_0.id,
        o1_0.application_deadline,
        o1_0.business_id,
        b1_0.id,
        b1_0.company_name,
        b1_0.company_size,
        b1_0.contact_email,
        b1_0.contact_phone,
        b1_0.created_at,
        b1_0.description,
        b1_0.city,
        b1_0.country,
        b1_0.postal_code,
        b1_0.state,
        b1_0.street,
        b1_0.industry_type,
        b1_0.logo_url,
        b1_0.user_id,
        b1_0.registration_number,
        b1_0.status,
        b1_0.updated_at,
        b1_0.verification_status,
        b1_0.verified_at,
        b1_0.verified_by_admin_id,
        b1_0.website,
        o1_0.business_name,
        o1_0.compensation_currency,
        o1_0.compensation_disclosed,
        o1_0.compensation_max,
        o1_0.compensation_min,
        o1_0.created_at,
        o1_0.description,
        o1_0.experience_level,
        o1_0.location,
        o1_0.openings,
        o1_0.posted_at,
        r1_0.opportunity_id,
        r1_0.responsibility,
        o1_0.specialization,
        o1_0.status,
        o1_0.title,
        o1_0.type,
        o1_0.updated_at,
        o1_0.work_mode 
    from
        opportunities o1_0 
    join
        businesses b1_0 
            on b1_0.id=o1_0.business_id 
    left join
        opportunity_responsibilities r1_0 
            on o1_0.id=r1_0.opportunity_id 
    where
        o1_0.status=? 
    order by
        o1_0.posted_at desc
2026-09-09 23:25:37.297 DEBUG 7964 --- [nio-8080-exec-8] org.hibernate.SQL                        : 
    select
        count(o1_0.id) 
    from
        opportunities o1_0 
    where
        o1_0.status=?
2026-09-09 23:25:37.301 DEBUG 7964 --- [nio-8080-exec-8] org.hibernate.SQL                        : 
    select
        rs1_0.opportunity_id,
        rs1_0.skill 
    from
        opportunity_required_skills rs1_0 
    where
        rs1_0.opportunity_id in (?, ?, ?, ?, ?, ?, ?, ?, ?, ?, ?, ?, ?, ?, ?, ?, ?, ?, ?, ?, ?, ?, ?, ?, ?)
2026-09-09 23:25:37.305 DEBUG 7964 --- [nio-8080-exec-8] org.hibernate.SQL                        : 
    select
        q1_0.opportunity_id,
        q1_0.qualification 
    from
        opportunity_qualifications q1_0 
    where
        q1_0.opportunity_id in (?, ?, ?, ?, ?, ?, ?, ?, ?, ?, ?, ?, ?, ?, ?, ?, ?, ?, ?, ?, ?, ?, ?, ?, ?)
2026-09-09 23:35:30.092 DEBUG 7964 --- [nio-8080-exec-1] o.s.security.web.FilterChainProxy        : Securing GET /api/v1/opportunities
2026-09-09 23:35:30.092 DEBUG 7964 --- [nio-8080-exec-9] o.s.security.web.FilterChainProxy        : Securing GET /api/v1/me/applications
2026-09-09 23:35:30.092 DEBUG 7964 --- [io-8080-exec-10] o.s.security.web.FilterChainProxy        : Securing GET /api/v1/me/advisory-sessions
2026-09-09 23:35:30.092 DEBUG 7964 --- [nio-8080-exec-2] o.s.security.web.FilterChainProxy        : Securing GET /api/v1/me/suggestions
2026-09-09 23:35:30.150 DEBUG 7964 --- [nio-8080-exec-1] org.hibernate.SQL                        : 
    select
        u1_0.id,
        u1_0.created_at,
        u1_0.email,
        u1_0.failed_attempts,
        u1_0.is_active,
        u1_0.is_locked,
        u1_0.last_login_at,
        u1_0.lock_time,
        u1_0.password,
        u1_0.role,
        u1_0.updated_at,
        u1_0.username 
    from
        users u1_0 
    where
        u1_0.email=?
2026-09-09 23:35:30.150 DEBUG 7964 --- [nio-8080-exec-9] org.hibernate.SQL                        : 
    select
        u1_0.id,
        u1_0.created_at,
        u1_0.email,
        u1_0.failed_attempts,
        u1_0.is_active,
        u1_0.is_locked,
        u1_0.last_login_at,
        u1_0.lock_time,
        u1_0.password,
        u1_0.role,
        u1_0.updated_at,
        u1_0.username 
    from
        users u1_0 
    where
        u1_0.email=?
2026-09-09 23:35:30.152 DEBUG 7964 --- [io-8080-exec-10] org.hibernate.SQL                        : 
    select
        u1_0.id,
        u1_0.created_at,
        u1_0.email,
        u1_0.failed_attempts,
        u1_0.is_active,
        u1_0.is_locked,
        u1_0.last_login_at,
        u1_0.lock_time,
        u1_0.password,
        u1_0.role,
        u1_0.updated_at,
        u1_0.username 
    from
        users u1_0 
    where
        u1_0.email=?
2026-09-09 23:35:30.153 DEBUG 7964 --- [nio-8080-exec-2] org.hibernate.SQL                        : 
    select
        u1_0.id,
        u1_0.created_at,
        u1_0.email,
        u1_0.failed_attempts,
        u1_0.is_active,
        u1_0.is_locked,
        u1_0.last_login_at,
        u1_0.lock_time,
        u1_0.password,
        u1_0.role,
        u1_0.updated_at,
        u1_0.username 
    from
        users u1_0 
    where
        u1_0.email=?
2026-09-09 23:35:30.200 DEBUG 7964 --- [nio-8080-exec-9] o.s.security.web.FilterChainProxy        : Secured GET /api/v1/me/applications
2026-09-09 23:35:30.200 DEBUG 7964 --- [nio-8080-exec-1] o.s.security.web.FilterChainProxy        : Secured GET /api/v1/opportunities
2026-09-09 23:35:30.200 DEBUG 7964 --- [nio-8080-exec-2] o.s.security.web.FilterChainProxy        : Secured GET /api/v1/me/suggestions
2026-09-09 23:35:30.200 DEBUG 7964 --- [io-8080-exec-10] o.s.security.web.FilterChainProxy        : Secured GET /api/v1/me/advisory-sessions
2026-09-09 23:35:30.213 ERROR 7964 --- [io-8080-exec-10] c.e.f.handler.GlobalExceptionHandler     : Unexpected error at /api/v1/me/advisory-sessions: No static resource api/v1/me/advisory-sessions.
org.springframework.web.servlet.resource.NoResourceFoundException: No static resource api/v1/me/advisory-sessions.
	at org.springframework.web.servlet.resource.ResourceHttpRequestHandler.handleRequest(ResourceHttpRequestHandler.java:586)
	at org.springframework.web.servlet.mvc.HttpRequestHandlerAdapter.handle(HttpRequestHandlerAdapter.java:52)
	at org.springframework.web.servlet.DispatcherServlet.doDispatch(DispatcherServlet.java:1089)
	at org.springframework.web.servlet.DispatcherServlet.doService(DispatcherServlet.java:979)
	at org.springframework.web.servlet.FrameworkServlet.processRequest(FrameworkServlet.java:1014)
	at org.springframework.web.servlet.FrameworkServlet.doGet(FrameworkServlet.java:903)
	at jakarta.servlet.http.HttpServlet.service(HttpServlet.java:564)
	at org.springframework.web.servlet.FrameworkServlet.service(FrameworkServlet.java:885)
	at jakarta.servlet.http.HttpServlet.service(HttpServlet.java:658)
	at org.apache.catalina.core.ApplicationFilterChain.internalDoFilter(ApplicationFilterChain.java:195)
	at org.apache.catalina.core.ApplicationFilterChain.doFilter(ApplicationFilterChain.java:140)
	at org.apache.tomcat.websocket.server.WsFilter.doFilter(WsFilter.java:51)
	at org.apache.catalina.core.ApplicationFilterChain.internalDoFilter(ApplicationFilterChain.java:164)
	at org.apache.catalina.core.ApplicationFilterChain.doFilter(ApplicationFilterChain.java:140)
	at org.springframework.web.filter.CompositeFilter$VirtualFilterChain.doFilter(CompositeFilter.java:108)
	at org.springframework.security.web.FilterChainProxy.lambda$doFilterInternal$3(FilterChainProxy.java:231)
	at org.springframework.security.web.FilterChainProxy$VirtualFilterChain.doFilter(FilterChainProxy.java:365)
	at org.springframework.security.web.access.intercept.AuthorizationFilter.doFilter(AuthorizationFilter.java:100)
	at org.springframework.security.web.FilterChainProxy$VirtualFilterChain.doFilter(FilterChainProxy.java:374)
	at org.springframework.security.web.access.ExceptionTranslationFilter.doFilter(ExceptionTranslationFilter.java:126)
	at org.springframework.security.web.access.ExceptionTranslationFilter.doFilter(ExceptionTranslationFilter.java:120)
	at org.springframework.security.web.FilterChainProxy$VirtualFilterChain.doFilter(FilterChainProxy.java:374)
	at org.springframework.security.web.session.SessionManagementFilter.doFilter(SessionManagementFilter.java:131)
	at org.springframework.security.web.session.SessionManagementFilter.doFilter(SessionManagementFilter.java:85)
	at org.springframework.security.web.FilterChainProxy$VirtualFilterChain.doFilter(FilterChainProxy.java:374)
	at org.springframework.security.web.authentication.AnonymousAuthenticationFilter.doFilter(AnonymousAuthenticationFilter.java:100)
	at org.springframework.security.web.FilterChainProxy$VirtualFilterChain.doFilter(FilterChainProxy.java:374)
	at org.springframework.security.web.servletapi.SecurityContextHolderAwareRequestFilter.doFilter(SecurityContextHolderAwareRequestFilter.java:179)
	at org.springframework.security.web.FilterChainProxy$VirtualFilterChain.doFilter(FilterChainProxy.java:374)
	at org.springframework.security.web.savedrequest.RequestCacheAwareFilter.doFilter(RequestCacheAwareFilter.java:63)
	at org.springframework.security.web.FilterChainProxy$VirtualFilterChain.doFilter(FilterChainProxy.java:374)
	at com.example.firstapp.filter.JwtAuthFilter.doFilterInternal(JwtAuthFilter.java:205)
	at org.springframework.web.filter.OncePerRequestFilter.doFilter(OncePerRequestFilter.java:116)
	at org.springframework.security.web.FilterChainProxy$VirtualFilterChain.doFilter(FilterChainProxy.java:374)
	at org.springframework.security.web.authentication.logout.LogoutFilter.doFilter(LogoutFilter.java:107)
	at org.springframework.security.web.authentication.logout.LogoutFilter.doFilter(LogoutFilter.java:93)
	at org.springframework.security.web.FilterChainProxy$VirtualFilterChain.doFilter(FilterChainProxy.java:374)
	at org.springframework.security.web.header.HeaderWriterFilter.doHeadersAfter(HeaderWriterFilter.java:90)
	at org.springframework.security.web.header.HeaderWriterFilter.doFilterInternal(HeaderWriterFilter.java:75)
	at org.springframework.web.filter.OncePerRequestFilter.doFilter(OncePerRequestFilter.java:116)
	at org.springframework.security.web.FilterChainProxy$VirtualFilterChain.doFilter(FilterChainProxy.java:374)
	at org.springframework.security.web.context.SecurityContextHolderFilter.doFilter(SecurityContextHolderFilter.java:82)
	at org.springframework.security.web.context.SecurityContextHolderFilter.doFilter(SecurityContextHolderFilter.java:69)
	at org.springframework.security.web.FilterChainProxy$VirtualFilterChain.doFilter(FilterChainProxy.java:374)
	at org.springframework.security.web.context.request.async.WebAsyncManagerIntegrationFilter.doFilterInternal(WebAsyncManagerIntegrationFilter.java:62)
	at org.springframework.web.filter.OncePerRequestFilter.doFilter(OncePerRequestFilter.java:116)
	at org.springframework.security.web.FilterChainProxy$VirtualFilterChain.doFilter(FilterChainProxy.java:374)
	at org.springframework.security.web.session.DisableEncodeUrlFilter.doFilterInternal(DisableEncodeUrlFilter.java:42)
	at org.springframework.web.filter.OncePerRequestFilter.doFilter(OncePerRequestFilter.java:116)
	at org.springframework.security.web.FilterChainProxy$VirtualFilterChain.doFilter(FilterChainProxy.java:374)
	at org.springframework.security.web.FilterChainProxy.doFilterInternal(FilterChainProxy.java:233)
	at org.springframework.security.web.FilterChainProxy.doFilter(FilterChainProxy.java:191)
	at org.springframework.web.filter.CompositeFilter$VirtualFilterChain.doFilter(CompositeFilter.java:113)
	at org.springframework.web.servlet.handler.HandlerMappingIntrospector.lambda$createCacheFilter$3(HandlerMappingIntrospector.java:195)
	at org.springframework.web.filter.CompositeFilter$VirtualFilterChain.doFilter(CompositeFilter.java:113)
	at org.springframework.web.filter.CompositeFilter.doFilter(CompositeFilter.java:74)
	at org.springframework.security.config.annotation.web.configuration.WebMvcSecurityConfiguration$CompositeFilterChainProxy.doFilter(WebMvcSecurityConfiguration.java:230)
	at org.springframework.web.filter.DelegatingFilterProxy.invokeDelegate(DelegatingFilterProxy.java:362)
	at org.springframework.web.filter.DelegatingFilterProxy.doFilter(DelegatingFilterProxy.java:278)
	at org.apache.catalina.core.ApplicationFilterChain.internalDoFilter(ApplicationFilterChain.java:164)
	at org.apache.catalina.core.ApplicationFilterChain.doFilter(ApplicationFilterChain.java:140)
	at org.springframework.web.filter.RequestContextFilter.doFilterInternal(RequestContextFilter.java:100)
	at org.springframework.web.filter.OncePerRequestFilter.doFilter(OncePerRequestFilter.java:116)
	at org.apache.catalina.core.ApplicationFilterChain.internalDoFilter(ApplicationFilterChain.java:164)
	at org.apache.catalina.core.ApplicationFilterChain.doFilter(ApplicationFilterChain.java:140)
	at org.springframework.web.filter.FormContentFilter.doFilterInternal(FormContentFilter.java:93)
	at org.springframework.web.filter.OncePerRequestFilter.doFilter(OncePerRequestFilter.java:116)
	at org.apache.catalina.core.ApplicationFilterChain.internalDoFilter(ApplicationFilterChain.java:164)
	at org.apache.catalina.core.ApplicationFilterChain.doFilter(ApplicationFilterChain.java:140)
	at org.springframework.web.filter.CharacterEncodingFilter.doFilterInternal(CharacterEncodingFilter.java:201)
	at org.springframework.web.filter.OncePerRequestFilter.doFilter(OncePerRequestFilter.java:116)
	at org.apache.catalina.core.ApplicationFilterChain.internalDoFilter(ApplicationFilterChain.java:164)
	at org.apache.catalina.core.ApplicationFilterChain.doFilter(ApplicationFilterChain.java:140)
	at com.example.firstapp.filter.RateLimitFilter.doFilterInternal(RateLimitFilter.java:161)
	at org.springframework.web.filter.OncePerRequestFilter.doFilter(OncePerRequestFilter.java:116)
	at org.apache.catalina.core.ApplicationFilterChain.internalDoFilter(ApplicationFilterChain.java:164)
	at org.apache.catalina.core.ApplicationFilterChain.doFilter(ApplicationFilterChain.java:140)
	at org.apache.catalina.core.StandardWrapperValve.invoke(StandardWrapperValve.java:167)
	at org.apache.catalina.core.StandardContextValve.invoke(StandardContextValve.java:90)
	at org.apache.catalina.authenticator.AuthenticatorBase.invoke(AuthenticatorBase.java:483)
	at org.apache.catalina.core.StandardHostValve.invoke(StandardHostValve.java:116)
	at org.apache.catalina.valves.ErrorReportValve.invoke(ErrorReportValve.java:93)
	at org.apache.catalina.core.StandardEngineValve.invoke(StandardEngineValve.java:74)
	at org.apache.catalina.connector.CoyoteAdapter.service(CoyoteAdapter.java:344)
	at org.apache.coyote.http11.Http11Processor.service(Http11Processor.java:398)
	at org.apache.coyote.AbstractProcessorLight.process(AbstractProcessorLight.java:63)
	at org.apache.coyote.AbstractProtocol$ConnectionHandler.process(AbstractProtocol.java:903)
	at org.apache.tomcat.util.net.NioEndpoint$SocketProcessor.doRun(NioEndpoint.java:1769)
	at org.apache.tomcat.util.net.SocketProcessorBase.run(SocketProcessorBase.java:52)
	at org.apache.tomcat.util.threads.ThreadPoolExecutor.runWorker(ThreadPoolExecutor.java:1189)
	at org.apache.tomcat.util.threads.ThreadPoolExecutor$Worker.run(ThreadPoolExecutor.java:658)
	at org.apache.tomcat.util.threads.TaskThread$WrappingRunnable.run(TaskThread.java:63)
	at java.base/java.lang.Thread.run(Thread.java:1474)
2026-09-09 23:35:30.213 ERROR 7964 --- [nio-8080-exec-9] c.e.f.handler.GlobalExceptionHandler     : Unexpected error at /api/v1/me/applications: No static resource api/v1/me/applications.
org.springframework.web.servlet.resource.NoResourceFoundException: No static resource api/v1/me/applications.
	at org.springframework.web.servlet.resource.ResourceHttpRequestHandler.handleRequest(ResourceHttpRequestHandler.java:586)
	at org.springframework.web.servlet.mvc.HttpRequestHandlerAdapter.handle(HttpRequestHandlerAdapter.java:52)
	at org.springframework.web.servlet.DispatcherServlet.doDispatch(DispatcherServlet.java:1089)
	at org.springframework.web.servlet.DispatcherServlet.doService(DispatcherServlet.java:979)
	at org.springframework.web.servlet.FrameworkServlet.processRequest(FrameworkServlet.java:1014)
	at org.springframework.web.servlet.FrameworkServlet.doGet(FrameworkServlet.java:903)
	at jakarta.servlet.http.HttpServlet.service(HttpServlet.java:564)
	at org.springframework.web.servlet.FrameworkServlet.service(FrameworkServlet.java:885)
	at jakarta.servlet.http.HttpServlet.service(HttpServlet.java:658)
	at org.apache.catalina.core.ApplicationFilterChain.internalDoFilter(ApplicationFilterChain.java:195)
	at org.apache.catalina.core.ApplicationFilterChain.doFilter(ApplicationFilterChain.java:140)
	at org.apache.tomcat.websocket.server.WsFilter.doFilter(WsFilter.java:51)
	at org.apache.catalina.core.ApplicationFilterChain.internalDoFilter(ApplicationFilterChain.java:164)
	at org.apache.catalina.core.ApplicationFilterChain.doFilter(ApplicationFilterChain.java:140)
	at org.springframework.web.filter.CompositeFilter$VirtualFilterChain.doFilter(CompositeFilter.java:108)
	at org.springframework.security.web.FilterChainProxy.lambda$doFilterInternal$3(FilterChainProxy.java:231)
	at org.springframework.security.web.FilterChainProxy$VirtualFilterChain.doFilter(FilterChainProxy.java:365)
	at org.springframework.security.web.access.intercept.AuthorizationFilter.doFilter(AuthorizationFilter.java:100)
	at org.springframework.security.web.FilterChainProxy$VirtualFilterChain.doFilter(FilterChainProxy.java:374)
	at org.springframework.security.web.access.ExceptionTranslationFilter.doFilter(ExceptionTranslationFilter.java:126)
	at org.springframework.security.web.access.ExceptionTranslationFilter.doFilter(ExceptionTranslationFilter.java:120)
	at org.springframework.security.web.FilterChainProxy$VirtualFilterChain.doFilter(FilterChainProxy.java:374)
	at org.springframework.security.web.session.SessionManagementFilter.doFilter(SessionManagementFilter.java:131)
	at org.springframework.security.web.session.SessionManagementFilter.doFilter(SessionManagementFilter.java:85)
	at org.springframework.security.web.FilterChainProxy$VirtualFilterChain.doFilter(FilterChainProxy.java:374)
	at org.springframework.security.web.authentication.AnonymousAuthenticationFilter.doFilter(AnonymousAuthenticationFilter.java:100)
	at org.springframework.security.web.FilterChainProxy$VirtualFilterChain.doFilter(FilterChainProxy.java:374)
	at org.springframework.security.web.servletapi.SecurityContextHolderAwareRequestFilter.doFilter(SecurityContextHolderAwareRequestFilter.java:179)
	at org.springframework.security.web.FilterChainProxy$VirtualFilterChain.doFilter(FilterChainProxy.java:374)
	at org.springframework.security.web.savedrequest.RequestCacheAwareFilter.doFilter(RequestCacheAwareFilter.java:63)
	at org.springframework.security.web.FilterChainProxy$VirtualFilterChain.doFilter(FilterChainProxy.java:374)
	at com.example.firstapp.filter.JwtAuthFilter.doFilterInternal(JwtAuthFilter.java:205)
	at org.springframework.web.filter.OncePerRequestFilter.doFilter(OncePerRequestFilter.java:116)
	at org.springframework.security.web.FilterChainProxy$VirtualFilterChain.doFilter(FilterChainProxy.java:374)
	at org.springframework.security.web.authentication.logout.LogoutFilter.doFilter(LogoutFilter.java:107)
	at org.springframework.security.web.authentication.logout.LogoutFilter.doFilter(LogoutFilter.java:93)
	at org.springframework.security.web.FilterChainProxy$VirtualFilterChain.doFilter(FilterChainProxy.java:374)
	at org.springframework.security.web.header.HeaderWriterFilter.doHeadersAfter(HeaderWriterFilter.java:90)
	at org.springframework.security.web.header.HeaderWriterFilter.doFilterInternal(HeaderWriterFilter.java:75)
	at org.springframework.web.filter.OncePerRequestFilter.doFilter(OncePerRequestFilter.java:116)
	at org.springframework.security.web.FilterChainProxy$VirtualFilterChain.doFilter(FilterChainProxy.java:374)
	at org.springframework.security.web.context.SecurityContextHolderFilter.doFilter(SecurityContextHolderFilter.java:82)
	at org.springframework.security.web.context.SecurityContextHolderFilter.doFilter(SecurityContextHolderFilter.java:69)
	at org.springframework.security.web.FilterChainProxy$VirtualFilterChain.doFilter(FilterChainProxy.java:374)
	at org.springframework.security.web.context.request.async.WebAsyncManagerIntegrationFilter.doFilterInternal(WebAsyncManagerIntegrationFilter.java:62)
	at org.springframework.web.filter.OncePerRequestFilter.doFilter(OncePerRequestFilter.java:116)
	at org.springframework.security.web.FilterChainProxy$VirtualFilterChain.doFilter(FilterChainProxy.java:374)
	at org.springframework.security.web.session.DisableEncodeUrlFilter.doFilterInternal(DisableEncodeUrlFilter.java:42)
	at org.springframework.web.filter.OncePerRequestFilter.doFilter(OncePerRequestFilter.java:116)
	at org.springframework.security.web.FilterChainProxy$VirtualFilterChain.doFilter(FilterChainProxy.java:374)
	at org.springframework.security.web.FilterChainProxy.doFilterInternal(FilterChainProxy.java:233)
	at org.springframework.security.web.FilterChainProxy.doFilter(FilterChainProxy.java:191)
	at org.springframework.web.filter.CompositeFilter$VirtualFilterChain.doFilter(CompositeFilter.java:113)
	at org.springframework.web.servlet.handler.HandlerMappingIntrospector.lambda$createCacheFilter$3(HandlerMappingIntrospector.java:195)
	at org.springframework.web.filter.CompositeFilter$VirtualFilterChain.doFilter(CompositeFilter.java:113)
	at org.springframework.web.filter.CompositeFilter.doFilter(CompositeFilter.java:74)
	at org.springframework.security.config.annotation.web.configuration.WebMvcSecurityConfiguration$CompositeFilterChainProxy.doFilter(WebMvcSecurityConfiguration.java:230)
	at org.springframework.web.filter.DelegatingFilterProxy.invokeDelegate(DelegatingFilterProxy.java:362)
	at org.springframework.web.filter.DelegatingFilterProxy.doFilter(DelegatingFilterProxy.java:278)
	at org.apache.catalina.core.ApplicationFilterChain.internalDoFilter(ApplicationFilterChain.java:164)
	at org.apache.catalina.core.ApplicationFilterChain.doFilter(ApplicationFilterChain.java:140)
	at org.springframework.web.filter.RequestContextFilter.doFilterInternal(RequestContextFilter.java:100)
	at org.springframework.web.filter.OncePerRequestFilter.doFilter(OncePerRequestFilter.java:116)
	at org.apache.catalina.core.ApplicationFilterChain.internalDoFilter(ApplicationFilterChain.java:164)
	at org.apache.catalina.core.ApplicationFilterChain.doFilter(ApplicationFilterChain.java:140)
	at org.springframework.web.filter.FormContentFilter.doFilterInternal(FormContentFilter.java:93)
	at org.springframework.web.filter.OncePerRequestFilter.doFilter(OncePerRequestFilter.java:116)
	at org.apache.catalina.core.ApplicationFilterChain.internalDoFilter(ApplicationFilterChain.java:164)
	at org.apache.catalina.core.ApplicationFilterChain.doFilter(ApplicationFilterChain.java:140)
	at org.springframework.web.filter.CharacterEncodingFilter.doFilterInternal(CharacterEncodingFilter.java:201)
	at org.springframework.web.filter.OncePerRequestFilter.doFilter(OncePerRequestFilter.java:116)
	at org.apache.catalina.core.ApplicationFilterChain.internalDoFilter(ApplicationFilterChain.java:164)
	at org.apache.catalina.core.ApplicationFilterChain.doFilter(ApplicationFilterChain.java:140)
	at com.example.firstapp.filter.RateLimitFilter.doFilterInternal(RateLimitFilter.java:161)
	at org.springframework.web.filter.OncePerRequestFilter.doFilter(OncePerRequestFilter.java:116)
	at org.apache.catalina.core.ApplicationFilterChain.internalDoFilter(ApplicationFilterChain.java:164)
	at org.apache.catalina.core.ApplicationFilterChain.doFilter(ApplicationFilterChain.java:140)
	at org.apache.catalina.core.StandardWrapperValve.invoke(StandardWrapperValve.java:167)
	at org.apache.catalina.core.StandardContextValve.invoke(StandardContextValve.java:90)
	at org.apache.catalina.authenticator.AuthenticatorBase.invoke(AuthenticatorBase.java:483)
	at org.apache.catalina.core.StandardHostValve.invoke(StandardHostValve.java:116)
	at org.apache.catalina.valves.ErrorReportValve.invoke(ErrorReportValve.java:93)
	at org.apache.catalina.core.StandardEngineValve.invoke(StandardEngineValve.java:74)
	at org.apache.catalina.connector.CoyoteAdapter.service(CoyoteAdapter.java:344)
	at org.apache.coyote.http11.Http11Processor.service(Http11Processor.java:398)
	at org.apache.coyote.AbstractProcessorLight.process(AbstractProcessorLight.java:63)
	at org.apache.coyote.AbstractProtocol$ConnectionHandler.process(AbstractProtocol.java:903)
	at org.apache.tomcat.util.net.NioEndpoint$SocketProcessor.doRun(NioEndpoint.java:1769)
	at org.apache.tomcat.util.net.SocketProcessorBase.run(SocketProcessorBase.java:52)
	at org.apache.tomcat.util.threads.ThreadPoolExecutor.runWorker(ThreadPoolExecutor.java:1189)
	at org.apache.tomcat.util.threads.ThreadPoolExecutor$Worker.run(ThreadPoolExecutor.java:658)
	at org.apache.tomcat.util.threads.TaskThread$WrappingRunnable.run(TaskThread.java:63)
	at java.base/java.lang.Thread.run(Thread.java:1474)
2026-09-09 23:35:30.213 ERROR 7964 --- [nio-8080-exec-2] c.e.f.handler.GlobalExceptionHandler     : Unexpected error at /api/v1/me/suggestions: No static resource api/v1/me/suggestions.
org.springframework.web.servlet.resource.NoResourceFoundException: No static resource api/v1/me/suggestions.
	at org.springframework.web.servlet.resource.ResourceHttpRequestHandler.handleRequest(ResourceHttpRequestHandler.java:586)
	at org.springframework.web.servlet.mvc.HttpRequestHandlerAdapter.handle(HttpRequestHandlerAdapter.java:52)
	at org.springframework.web.servlet.DispatcherServlet.doDispatch(DispatcherServlet.java:1089)
	at org.springframework.web.servlet.DispatcherServlet.doService(DispatcherServlet.java:979)
	at org.springframework.web.servlet.FrameworkServlet.processRequest(FrameworkServlet.java:1014)
	at org.springframework.web.servlet.FrameworkServlet.doGet(FrameworkServlet.java:903)
	at jakarta.servlet.http.HttpServlet.service(HttpServlet.java:564)
	at org.springframework.web.servlet.FrameworkServlet.service(FrameworkServlet.java:885)
	at jakarta.servlet.http.HttpServlet.service(HttpServlet.java:658)
	at org.apache.catalina.core.ApplicationFilterChain.internalDoFilter(ApplicationFilterChain.java:195)
	at org.apache.catalina.core.ApplicationFilterChain.doFilter(ApplicationFilterChain.java:140)
	at org.apache.tomcat.websocket.server.WsFilter.doFilter(WsFilter.java:51)
	at org.apache.catalina.core.ApplicationFilterChain.internalDoFilter(ApplicationFilterChain.java:164)
	at org.apache.catalina.core.ApplicationFilterChain.doFilter(ApplicationFilterChain.java:140)
	at org.springframework.web.filter.CompositeFilter$VirtualFilterChain.doFilter(CompositeFilter.java:108)
	at org.springframework.security.web.FilterChainProxy.lambda$doFilterInternal$3(FilterChainProxy.java:231)
	at org.springframework.security.web.FilterChainProxy$VirtualFilterChain.doFilter(FilterChainProxy.java:365)
	at org.springframework.security.web.access.intercept.AuthorizationFilter.doFilter(AuthorizationFilter.java:100)
	at org.springframework.security.web.FilterChainProxy$VirtualFilterChain.doFilter(FilterChainProxy.java:374)
	at org.springframework.security.web.access.ExceptionTranslationFilter.doFilter(ExceptionTranslationFilter.java:126)
	at org.springframework.security.web.access.ExceptionTranslationFilter.doFilter(ExceptionTranslationFilter.java:120)
	at org.springframework.security.web.FilterChainProxy$VirtualFilterChain.doFilter(FilterChainProxy.java:374)
	at org.springframework.security.web.session.SessionManagementFilter.doFilter(SessionManagementFilter.java:131)
	at org.springframework.security.web.session.SessionManagementFilter.doFilter(SessionManagementFilter.java:85)
	at org.springframework.security.web.FilterChainProxy$VirtualFilterChain.doFilter(FilterChainProxy.java:374)
	at org.springframework.security.web.authentication.AnonymousAuthenticationFilter.doFilter(AnonymousAuthenticationFilter.java:100)
	at org.springframework.security.web.FilterChainProxy$VirtualFilterChain.doFilter(FilterChainProxy.java:374)
	at org.springframework.security.web.servletapi.SecurityContextHolderAwareRequestFilter.doFilter(SecurityContextHolderAwareRequestFilter.java:179)
	at org.springframework.security.web.FilterChainProxy$VirtualFilterChain.doFilter(FilterChainProxy.java:374)
	at org.springframework.security.web.savedrequest.RequestCacheAwareFilter.doFilter(RequestCacheAwareFilter.java:63)
	at org.springframework.security.web.FilterChainProxy$VirtualFilterChain.doFilter(FilterChainProxy.java:374)
	at com.example.firstapp.filter.JwtAuthFilter.doFilterInternal(JwtAuthFilter.java:205)
	at org.springframework.web.filter.OncePerRequestFilter.doFilter(OncePerRequestFilter.java:116)
	at org.springframework.security.web.FilterChainProxy$VirtualFilterChain.doFilter(FilterChainProxy.java:374)
	at org.springframework.security.web.authentication.logout.LogoutFilter.doFilter(LogoutFilter.java:107)
	at org.springframework.security.web.authentication.logout.LogoutFilter.doFilter(LogoutFilter.java:93)
	at org.springframework.security.web.FilterChainProxy$VirtualFilterChain.doFilter(FilterChainProxy.java:374)
	at org.springframework.security.web.header.HeaderWriterFilter.doHeadersAfter(HeaderWriterFilter.java:90)
	at org.springframework.security.web.header.HeaderWriterFilter.doFilterInternal(HeaderWriterFilter.java:75)
	at org.springframework.web.filter.OncePerRequestFilter.doFilter(OncePerRequestFilter.java:116)
	at org.springframework.security.web.FilterChainProxy$VirtualFilterChain.doFilter(FilterChainProxy.java:374)
	at org.springframework.security.web.context.SecurityContextHolderFilter.doFilter(SecurityContextHolderFilter.java:82)
	at org.springframework.security.web.context.SecurityContextHolderFilter.doFilter(SecurityContextHolderFilter.java:69)
	at org.springframework.security.web.FilterChainProxy$VirtualFilterChain.doFilter(FilterChainProxy.java:374)
	at org.springframework.security.web.context.request.async.WebAsyncManagerIntegrationFilter.doFilterInternal(WebAsyncManagerIntegrationFilter.java:62)
	at org.springframework.web.filter.OncePerRequestFilter.doFilter(OncePerRequestFilter.java:116)
	at org.springframework.security.web.FilterChainProxy$VirtualFilterChain.doFilter(FilterChainProxy.java:374)
	at org.springframework.security.web.session.DisableEncodeUrlFilter.doFilterInternal(DisableEncodeUrlFilter.java:42)
	at org.springframework.web.filter.OncePerRequestFilter.doFilter(OncePerRequestFilter.java:116)
	at org.springframework.security.web.FilterChainProxy$VirtualFilterChain.doFilter(FilterChainProxy.java:374)
	at org.springframework.security.web.FilterChainProxy.doFilterInternal(FilterChainProxy.java:233)
	at org.springframework.security.web.FilterChainProxy.doFilter(FilterChainProxy.java:191)
	at org.springframework.web.filter.CompositeFilter$VirtualFilterChain.doFilter(CompositeFilter.java:113)
	at org.springframework.web.servlet.handler.HandlerMappingIntrospector.lambda$createCacheFilter$3(HandlerMappingIntrospector.java:195)
	at org.springframework.web.filter.CompositeFilter$VirtualFilterChain.doFilter(CompositeFilter.java:113)
	at org.springframework.web.filter.CompositeFilter.doFilter(CompositeFilter.java:74)
	at org.springframework.security.config.annotation.web.configuration.WebMvcSecurityConfiguration$CompositeFilterChainProxy.doFilter(WebMvcSecurityConfiguration.java:230)
	at org.springframework.web.filter.DelegatingFilterProxy.invokeDelegate(DelegatingFilterProxy.java:362)
	at org.springframework.web.filter.DelegatingFilterProxy.doFilter(DelegatingFilterProxy.java:278)
	at org.apache.catalina.core.ApplicationFilterChain.internalDoFilter(ApplicationFilterChain.java:164)
	at org.apache.catalina.core.ApplicationFilterChain.doFilter(ApplicationFilterChain.java:140)
	at org.springframework.web.filter.RequestContextFilter.doFilterInternal(RequestContextFilter.java:100)
	at org.springframework.web.filter.OncePerRequestFilter.doFilter(OncePerRequestFilter.java:116)
	at org.apache.catalina.core.ApplicationFilterChain.internalDoFilter(ApplicationFilterChain.java:164)
	at org.apache.catalina.core.ApplicationFilterChain.doFilter(ApplicationFilterChain.java:140)
	at org.springframework.web.filter.FormContentFilter.doFilterInternal(FormContentFilter.java:93)
	at org.springframework.web.filter.OncePerRequestFilter.doFilter(OncePerRequestFilter.java:116)
	at org.apache.catalina.core.ApplicationFilterChain.internalDoFilter(ApplicationFilterChain.java:164)
	at org.apache.catalina.core.ApplicationFilterChain.doFilter(ApplicationFilterChain.java:140)
	at org.springframework.web.filter.CharacterEncodingFilter.doFilterInternal(CharacterEncodingFilter.java:201)
	at org.springframework.web.filter.OncePerRequestFilter.doFilter(OncePerRequestFilter.java:116)
	at org.apache.catalina.core.ApplicationFilterChain.internalDoFilter(ApplicationFilterChain.java:164)
	at org.apache.catalina.core.ApplicationFilterChain.doFilter(ApplicationFilterChain.java:140)
	at com.example.firstapp.filter.RateLimitFilter.doFilterInternal(RateLimitFilter.java:161)
	at org.springframework.web.filter.OncePerRequestFilter.doFilter(OncePerRequestFilter.java:116)
	at org.apache.catalina.core.ApplicationFilterChain.internalDoFilter(ApplicationFilterChain.java:164)
	at org.apache.catalina.core.ApplicationFilterChain.doFilter(ApplicationFilterChain.java:140)
	at org.apache.catalina.core.StandardWrapperValve.invoke(StandardWrapperValve.java:167)
	at org.apache.catalina.core.StandardContextValve.invoke(StandardContextValve.java:90)
	at org.apache.catalina.authenticator.AuthenticatorBase.invoke(AuthenticatorBase.java:483)
	at org.apache.catalina.core.StandardHostValve.invoke(StandardHostValve.java:116)
	at org.apache.catalina.valves.ErrorReportValve.invoke(ErrorReportValve.java:93)
	at org.apache.catalina.core.StandardEngineValve.invoke(StandardEngineValve.java:74)
	at org.apache.catalina.connector.CoyoteAdapter.service(CoyoteAdapter.java:344)
	at org.apache.coyote.http11.Http11Processor.service(Http11Processor.java:398)
	at org.apache.coyote.AbstractProcessorLight.process(AbstractProcessorLight.java:63)
	at org.apache.coyote.AbstractProtocol$ConnectionHandler.process(AbstractProtocol.java:903)
	at org.apache.tomcat.util.net.NioEndpoint$SocketProcessor.doRun(NioEndpoint.java:1769)
	at org.apache.tomcat.util.net.SocketProcessorBase.run(SocketProcessorBase.java:52)
	at org.apache.tomcat.util.threads.ThreadPoolExecutor.runWorker(ThreadPoolExecutor.java:1189)
	at org.apache.tomcat.util.threads.ThreadPoolExecutor$Worker.run(ThreadPoolExecutor.java:658)
	at org.apache.tomcat.util.threads.TaskThread$WrappingRunnable.run(TaskThread.java:63)
	at java.base/java.lang.Thread.run(Thread.java:1474)
2026-09-09 23:35:30.219  WARN 7964 --- [nio-8080-exec-9] .m.m.a.ExceptionHandlerExceptionResolver : Resolved [org.springframework.web.servlet.resource.NoResourceFoundException: No static resource api/v1/me/applications.]
2026-09-09 23:35:30.219  WARN 7964 --- [nio-8080-exec-2] .m.m.a.ExceptionHandlerExceptionResolver : Resolved [org.springframework.web.servlet.resource.NoResourceFoundException: No static resource api/v1/me/suggestions.]
2026-09-09 23:35:30.219  WARN 7964 --- [io-8080-exec-10] .m.m.a.ExceptionHandlerExceptionResolver : Resolved [org.springframework.web.servlet.resource.NoResourceFoundException: No static resource api/v1/me/advisory-sessions.]
2026-09-09 23:35:30.224  WARN 7964 --- [nio-8080-exec-1] org.hibernate.orm.query                  : HHH90003004: firstResult/maxResults specified with collection fetch; applying in memory
2026-09-09 23:35:30.266 DEBUG 7964 --- [nio-8080-exec-1] org.hibernate.SQL                        : 
    select
        o1_0.id,
        o1_0.application_deadline,
        o1_0.business_id,
        b1_0.id,
        b1_0.company_name,
        b1_0.company_size,
        b1_0.contact_email,
        b1_0.contact_phone,
        b1_0.created_at,
        b1_0.description,
        b1_0.city,
        b1_0.country,
        b1_0.postal_code,
        b1_0.state,
        b1_0.street,
        b1_0.industry_type,
        b1_0.logo_url,
        b1_0.user_id,
        b1_0.registration_number,
        b1_0.status,
        b1_0.updated_at,
        b1_0.verification_status,
        b1_0.verified_at,
        b1_0.verified_by_admin_id,
        b1_0.website,
        o1_0.business_name,
        o1_0.compensation_currency,
        o1_0.compensation_disclosed,
        o1_0.compensation_max,
        o1_0.compensation_min,
        o1_0.created_at,
        o1_0.description,
        o1_0.experience_level,
        o1_0.location,
        o1_0.openings,
        o1_0.posted_at,
        r1_0.opportunity_id,
        r1_0.responsibility,
        o1_0.specialization,
        o1_0.status,
        o1_0.title,
        o1_0.type,
        o1_0.updated_at,
        o1_0.work_mode 
    from
        opportunities o1_0 
    join
        businesses b1_0 
            on b1_0.id=o1_0.business_id 
    left join
        opportunity_responsibilities r1_0 
            on o1_0.id=r1_0.opportunity_id 
    where
        o1_0.status=? 
    order by
        o1_0.posted_at desc
2026-09-09 23:35:30.293 DEBUG 7964 --- [nio-8080-exec-1] org.hibernate.SQL                        : 
    select
        count(o1_0.id) 
    from
        opportunities o1_0 
    where
        o1_0.status=?
2026-09-09 23:35:30.295 DEBUG 7964 --- [nio-8080-exec-1] org.hibernate.SQL                        : 
    select
        rs1_0.opportunity_id,
        rs1_0.skill 
    from
        opportunity_required_skills rs1_0 
    where
        rs1_0.opportunity_id in (?, ?, ?, ?, ?, ?, ?, ?, ?, ?, ?, ?, ?, ?, ?, ?, ?, ?, ?, ?, ?, ?, ?, ?, ?)
2026-09-09 23:35:30.299 DEBUG 7964 --- [nio-8080-exec-1] org.hibernate.SQL                        : 
    select
        q1_0.opportunity_id,
        q1_0.qualification 
    from
        opportunity_qualifications q1_0 
    where
        q1_0.opportunity_id in (?, ?, ?, ?, ?, ?, ?, ?, ?, ?, ?, ?, ?, ?, ?, ?, ?, ?, ?, ?, ?, ?, ?, ?, ?)
2026-09-09 23:35:31.080 DEBUG 7964 --- [nio-8080-exec-4] o.s.security.web.FilterChainProxy        : Securing GET /api/v1/me
2026-09-09 23:35:31.080 DEBUG 7964 --- [nio-8080-exec-4] org.hibernate.SQL                        : 
    select
        u1_0.id,
        u1_0.created_at,
        u1_0.email,
        u1_0.failed_attempts,
        u1_0.is_active,
        u1_0.is_locked,
        u1_0.last_login_at,
        u1_0.lock_time,
        u1_0.password,
        u1_0.role,
        u1_0.updated_at,
        u1_0.username 
    from
        users u1_0 
    where
        u1_0.email=?
2026-09-09 23:35:31.096 DEBUG 7964 --- [nio-8080-exec-4] o.s.security.web.FilterChainProxy        : Secured GET /api/v1/me
2026-09-09 23:35:31.096 ERROR 7964 --- [nio-8080-exec-4] c.e.f.handler.GlobalExceptionHandler     : Unexpected error at /api/v1/me: No static resource api/v1/me.
org.springframework.web.servlet.resource.NoResourceFoundException: No static resource api/v1/me.
	at org.springframework.web.servlet.resource.ResourceHttpRequestHandler.handleRequest(ResourceHttpRequestHandler.java:586)
	at org.springframework.web.servlet.mvc.HttpRequestHandlerAdapter.handle(HttpRequestHandlerAdapter.java:52)
	at org.springframework.web.servlet.DispatcherServlet.doDispatch(DispatcherServlet.java:1089)
	at org.springframework.web.servlet.DispatcherServlet.doService(DispatcherServlet.java:979)
	at org.springframework.web.servlet.FrameworkServlet.processRequest(FrameworkServlet.java:1014)
	at org.springframework.web.servlet.FrameworkServlet.doGet(FrameworkServlet.java:903)
	at jakarta.servlet.http.HttpServlet.service(HttpServlet.java:564)
	at org.springframework.web.servlet.FrameworkServlet.service(FrameworkServlet.java:885)
	at jakarta.servlet.http.HttpServlet.service(HttpServlet.java:658)
	at org.apache.catalina.core.ApplicationFilterChain.internalDoFilter(ApplicationFilterChain.java:195)
	at org.apache.catalina.core.ApplicationFilterChain.doFilter(ApplicationFilterChain.java:140)
	at org.apache.tomcat.websocket.server.WsFilter.doFilter(WsFilter.java:51)
	at org.apache.catalina.core.ApplicationFilterChain.internalDoFilter(ApplicationFilterChain.java:164)
	at org.apache.catalina.core.ApplicationFilterChain.doFilter(ApplicationFilterChain.java:140)
	at org.springframework.web.filter.CompositeFilter$VirtualFilterChain.doFilter(CompositeFilter.java:108)
	at org.springframework.security.web.FilterChainProxy.lambda$doFilterInternal$3(FilterChainProxy.java:231)
	at org.springframework.security.web.FilterChainProxy$VirtualFilterChain.doFilter(FilterChainProxy.java:365)
	at org.springframework.security.web.access.intercept.AuthorizationFilter.doFilter(AuthorizationFilter.java:100)
	at org.springframework.security.web.FilterChainProxy$VirtualFilterChain.doFilter(FilterChainProxy.java:374)
	at org.springframework.security.web.access.ExceptionTranslationFilter.doFilter(ExceptionTranslationFilter.java:126)
	at org.springframework.security.web.access.ExceptionTranslationFilter.doFilter(ExceptionTranslationFilter.java:120)
	at org.springframework.security.web.FilterChainProxy$VirtualFilterChain.doFilter(FilterChainProxy.java:374)
	at org.springframework.security.web.session.SessionManagementFilter.doFilter(SessionManagementFilter.java:131)
	at org.springframework.security.web.session.SessionManagementFilter.doFilter(SessionManagementFilter.java:85)
	at org.springframework.security.web.FilterChainProxy$VirtualFilterChain.doFilter(FilterChainProxy.java:374)
	at org.springframework.security.web.authentication.AnonymousAuthenticationFilter.doFilter(AnonymousAuthenticationFilter.java:100)
	at org.springframework.security.web.FilterChainProxy$VirtualFilterChain.doFilter(FilterChainProxy.java:374)
	at org.springframework.security.web.servletapi.SecurityContextHolderAwareRequestFilter.doFilter(SecurityContextHolderAwareRequestFilter.java:179)
	at org.springframework.security.web.FilterChainProxy$VirtualFilterChain.doFilter(FilterChainProxy.java:374)
	at org.springframework.security.web.savedrequest.RequestCacheAwareFilter.doFilter(RequestCacheAwareFilter.java:63)
	at org.springframework.security.web.FilterChainProxy$VirtualFilterChain.doFilter(FilterChainProxy.java:374)
	at com.example.firstapp.filter.JwtAuthFilter.doFilterInternal(JwtAuthFilter.java:205)
	at org.springframework.web.filter.OncePerRequestFilter.doFilter(OncePerRequestFilter.java:116)
	at org.springframework.security.web.FilterChainProxy$VirtualFilterChain.doFilter(FilterChainProxy.java:374)
	at org.springframework.security.web.authentication.logout.LogoutFilter.doFilter(LogoutFilter.java:107)
	at org.springframework.security.web.authentication.logout.LogoutFilter.doFilter(LogoutFilter.java:93)
	at org.springframework.security.web.FilterChainProxy$VirtualFilterChain.doFilter(FilterChainProxy.java:374)
	at org.springframework.security.web.header.HeaderWriterFilter.doHeadersAfter(HeaderWriterFilter.java:90)
	at org.springframework.security.web.header.HeaderWriterFilter.doFilterInternal(HeaderWriterFilter.java:75)
	at org.springframework.web.filter.OncePerRequestFilter.doFilter(OncePerRequestFilter.java:116)
	at org.springframework.security.web.FilterChainProxy$VirtualFilterChain.doFilter(FilterChainProxy.java:374)
	at org.springframework.security.web.context.SecurityContextHolderFilter.doFilter(SecurityContextHolderFilter.java:82)
	at org.springframework.security.web.context.SecurityContextHolderFilter.doFilter(SecurityContextHolderFilter.java:69)
	at org.springframework.security.web.FilterChainProxy$VirtualFilterChain.doFilter(FilterChainProxy.java:374)
	at org.springframework.security.web.context.request.async.WebAsyncManagerIntegrationFilter.doFilterInternal(WebAsyncManagerIntegrationFilter.java:62)
	at org.springframework.web.filter.OncePerRequestFilter.doFilter(OncePerRequestFilter.java:116)
	at org.springframework.security.web.FilterChainProxy$VirtualFilterChain.doFilter(FilterChainProxy.java:374)
	at org.springframework.security.web.session.DisableEncodeUrlFilter.doFilterInternal(DisableEncodeUrlFilter.java:42)
	at org.springframework.web.filter.OncePerRequestFilter.doFilter(OncePerRequestFilter.java:116)
	at org.springframework.security.web.FilterChainProxy$VirtualFilterChain.doFilter(FilterChainProxy.java:374)
	at org.springframework.security.web.FilterChainProxy.doFilterInternal(FilterChainProxy.java:233)
	at org.springframework.security.web.FilterChainProxy.doFilter(FilterChainProxy.java:191)
	at org.springframework.web.filter.CompositeFilter$VirtualFilterChain.doFilter(CompositeFilter.java:113)
	at org.springframework.web.servlet.handler.HandlerMappingIntrospector.lambda$createCacheFilter$3(HandlerMappingIntrospector.java:195)
	at org.springframework.web.filter.CompositeFilter$VirtualFilterChain.doFilter(CompositeFilter.java:113)
	at org.springframework.web.filter.CompositeFilter.doFilter(CompositeFilter.java:74)
	at org.springframework.security.config.annotation.web.configuration.WebMvcSecurityConfiguration$CompositeFilterChainProxy.doFilter(WebMvcSecurityConfiguration.java:230)
	at org.springframework.web.filter.DelegatingFilterProxy.invokeDelegate(DelegatingFilterProxy.java:362)
	at org.springframework.web.filter.DelegatingFilterProxy.doFilter(DelegatingFilterProxy.java:278)
	at org.apache.catalina.core.ApplicationFilterChain.internalDoFilter(ApplicationFilterChain.java:164)
	at org.apache.catalina.core.ApplicationFilterChain.doFilter(ApplicationFilterChain.java:140)
	at org.springframework.web.filter.RequestContextFilter.doFilterInternal(RequestContextFilter.java:100)
	at org.springframework.web.filter.OncePerRequestFilter.doFilter(OncePerRequestFilter.java:116)
	at org.apache.catalina.core.ApplicationFilterChain.internalDoFilter(ApplicationFilterChain.java:164)
	at org.apache.catalina.core.ApplicationFilterChain.doFilter(ApplicationFilterChain.java:140)
	at org.springframework.web.filter.FormContentFilter.doFilterInternal(FormContentFilter.java:93)
	at org.springframework.web.filter.OncePerRequestFilter.doFilter(OncePerRequestFilter.java:116)
	at org.apache.catalina.core.ApplicationFilterChain.internalDoFilter(ApplicationFilterChain.java:164)
	at org.apache.catalina.core.ApplicationFilterChain.doFilter(ApplicationFilterChain.java:140)
	at org.springframework.web.filter.CharacterEncodingFilter.doFilterInternal(CharacterEncodingFilter.java:201)
	at org.springframework.web.filter.OncePerRequestFilter.doFilter(OncePerRequestFilter.java:116)
	at org.apache.catalina.core.ApplicationFilterChain.internalDoFilter(ApplicationFilterChain.java:164)
	at org.apache.catalina.core.ApplicationFilterChain.doFilter(ApplicationFilterChain.java:140)
	at com.example.firstapp.filter.RateLimitFilter.doFilterInternal(RateLimitFilter.java:161)
	at org.springframework.web.filter.OncePerRequestFilter.doFilter(OncePerRequestFilter.java:116)
	at org.apache.catalina.core.ApplicationFilterChain.internalDoFilter(ApplicationFilterChain.java:164)
	at org.apache.catalina.core.ApplicationFilterChain.doFilter(ApplicationFilterChain.java:140)
	at org.apache.catalina.core.StandardWrapperValve.invoke(StandardWrapperValve.java:167)
	at org.apache.catalina.core.StandardContextValve.invoke(StandardContextValve.java:90)
	at org.apache.catalina.authenticator.AuthenticatorBase.invoke(AuthenticatorBase.java:483)
	at org.apache.catalina.core.StandardHostValve.invoke(StandardHostValve.java:116)
	at org.apache.catalina.valves.ErrorReportValve.invoke(ErrorReportValve.java:93)
	at org.apache.catalina.core.StandardEngineValve.invoke(StandardEngineValve.java:74)
	at org.apache.catalina.connector.CoyoteAdapter.service(CoyoteAdapter.java:344)
	at org.apache.coyote.http11.Http11Processor.service(Http11Processor.java:398)
	at org.apache.coyote.AbstractProcessorLight.process(AbstractProcessorLight.java:63)
	at org.apache.coyote.AbstractProtocol$ConnectionHandler.process(AbstractProtocol.java:903)
	at org.apache.tomcat.util.net.NioEndpoint$SocketProcessor.doRun(NioEndpoint.java:1769)
	at org.apache.tomcat.util.net.SocketProcessorBase.run(SocketProcessorBase.java:52)
	at org.apache.tomcat.util.threads.ThreadPoolExecutor.runWorker(ThreadPoolExecutor.java:1189)
	at org.apache.tomcat.util.threads.ThreadPoolExecutor$Worker.run(ThreadPoolExecutor.java:658)
	at org.apache.tomcat.util.threads.TaskThread$WrappingRunnable.run(TaskThread.java:63)
	at java.base/java.lang.Thread.run(Thread.java:1474)
2026-09-09 23:35:31.096  WARN 7964 --- [nio-8080-exec-4] .m.m.a.ExceptionHandlerExceptionResolver : Resolved [org.springframework.web.servlet.resource.NoResourceFoundException: No static resource api/v1/me.]
2026-09-09 23:35:34.260 DEBUG 7964 --- [nio-8080-exec-6] o.s.security.web.FilterChainProxy        : Securing GET /api/v1/me/advisory-sessions
2026-09-09 23:35:34.266 DEBUG 7964 --- [nio-8080-exec-5] o.s.security.web.FilterChainProxy        : Securing GET /api/v1/me
2026-09-09 23:35:34.266 DEBUG 7964 --- [nio-8080-exec-8] o.s.security.web.FilterChainProxy        : Securing GET /api/v1/me/applications
2026-09-09 23:35:34.266 DEBUG 7964 --- [nio-8080-exec-9] o.s.security.web.FilterChainProxy        : Securing GET /api/v1/opportunities
2026-09-09 23:35:34.266 DEBUG 7964 --- [nio-8080-exec-7] o.s.security.web.FilterChainProxy        : Securing GET /api/v1/me/suggestions
2026-09-09 23:35:34.266 DEBUG 7964 --- [nio-8080-exec-6] org.hibernate.SQL                        : 
    select
        u1_0.id,
        u1_0.created_at,
        u1_0.email,
        u1_0.failed_attempts,
        u1_0.is_active,
        u1_0.is_locked,
        u1_0.last_login_at,
        u1_0.lock_time,
        u1_0.password,
        u1_0.role,
        u1_0.updated_at,
        u1_0.username 
    from
        users u1_0 
    where
        u1_0.email=?
2026-09-09 23:35:34.266 DEBUG 7964 --- [nio-8080-exec-5] org.hibernate.SQL                        : 
    select
        u1_0.id,
        u1_0.created_at,
        u1_0.email,
        u1_0.failed_attempts,
        u1_0.is_active,
        u1_0.is_locked,
        u1_0.last_login_at,
        u1_0.lock_time,
        u1_0.password,
        u1_0.role,
        u1_0.updated_at,
        u1_0.username 
    from
        users u1_0 
    where
        u1_0.email=?
2026-09-09 23:35:34.266 DEBUG 7964 --- [nio-8080-exec-9] org.hibernate.SQL                        : 
    select
        u1_0.id,
        u1_0.created_at,
        u1_0.email,
        u1_0.failed_attempts,
        u1_0.is_active,
        u1_0.is_locked,
        u1_0.last_login_at,
        u1_0.lock_time,
        u1_0.password,
        u1_0.role,
        u1_0.updated_at,
        u1_0.username 
    from
        users u1_0 
    where
        u1_0.email=?
2026-09-09 23:35:34.266 DEBUG 7964 --- [nio-8080-exec-7] org.hibernate.SQL                        : 
    select
        u1_0.id,
        u1_0.created_at,
        u1_0.email,
        u1_0.failed_attempts,
        u1_0.is_active,
        u1_0.is_locked,
        u1_0.last_login_at,
        u1_0.lock_time,
        u1_0.password,
        u1_0.role,
        u1_0.updated_at,
        u1_0.username 
    from
        users u1_0 
    where
        u1_0.email=?
2026-09-09 23:35:34.266 DEBUG 7964 --- [nio-8080-exec-8] org.hibernate.SQL                        : 
    select
        u1_0.id,
        u1_0.created_at,
        u1_0.email,
        u1_0.failed_attempts,
        u1_0.is_active,
        u1_0.is_locked,
        u1_0.last_login_at,
        u1_0.lock_time,
        u1_0.password,
        u1_0.role,
        u1_0.updated_at,
        u1_0.username 
    from
        users u1_0 
    where
        u1_0.email=?
2026-09-09 23:35:34.272 DEBUG 7964 --- [nio-8080-exec-6] o.s.security.web.FilterChainProxy        : Secured GET /api/v1/me/advisory-sessions
2026-09-09 23:35:34.277 DEBUG 7964 --- [nio-8080-exec-9] o.s.security.web.FilterChainProxy        : Secured GET /api/v1/opportunities
2026-09-09 23:35:34.279 DEBUG 7964 --- [nio-8080-exec-7] o.s.security.web.FilterChainProxy        : Secured GET /api/v1/me/suggestions
2026-09-09 23:35:34.281 ERROR 7964 --- [nio-8080-exec-6] c.e.f.handler.GlobalExceptionHandler     : Unexpected error at /api/v1/me/advisory-sessions: No static resource api/v1/me/advisory-sessions.
org.springframework.web.servlet.resource.NoResourceFoundException: No static resource api/v1/me/advisory-sessions.
	at org.springframework.web.servlet.resource.ResourceHttpRequestHandler.handleRequest(ResourceHttpRequestHandler.java:586)
	at org.springframework.web.servlet.mvc.HttpRequestHandlerAdapter.handle(HttpRequestHandlerAdapter.java:52)
	at org.springframework.web.servlet.DispatcherServlet.doDispatch(DispatcherServlet.java:1089)
	at org.springframework.web.servlet.DispatcherServlet.doService(DispatcherServlet.java:979)
	at org.springframework.web.servlet.FrameworkServlet.processRequest(FrameworkServlet.java:1014)
	at org.springframework.web.servlet.FrameworkServlet.doGet(FrameworkServlet.java:903)
	at jakarta.servlet.http.HttpServlet.service(HttpServlet.java:564)
	at org.springframework.web.servlet.FrameworkServlet.service(FrameworkServlet.java:885)
	at jakarta.servlet.http.HttpServlet.service(HttpServlet.java:658)
	at org.apache.catalina.core.ApplicationFilterChain.internalDoFilter(ApplicationFilterChain.java:195)
	at org.apache.catalina.core.ApplicationFilterChain.doFilter(ApplicationFilterChain.java:140)
	at org.apache.tomcat.websocket.server.WsFilter.doFilter(WsFilter.java:51)
	at org.apache.catalina.core.ApplicationFilterChain.internalDoFilter(ApplicationFilterChain.java:164)
	at org.apache.catalina.core.ApplicationFilterChain.doFilter(ApplicationFilterChain.java:140)
	at org.springframework.web.filter.CompositeFilter$VirtualFilterChain.doFilter(CompositeFilter.java:108)
	at org.springframework.security.web.FilterChainProxy.lambda$doFilterInternal$3(FilterChainProxy.java:231)
	at org.springframework.security.web.FilterChainProxy$VirtualFilterChain.doFilter(FilterChainProxy.java:365)
	at org.springframework.security.web.access.intercept.AuthorizationFilter.doFilter(AuthorizationFilter.java:100)
	at org.springframework.security.web.FilterChainProxy$VirtualFilterChain.doFilter(FilterChainProxy.java:374)
	at org.springframework.security.web.access.ExceptionTranslationFilter.doFilter(ExceptionTranslationFilter.java:126)
	at org.springframework.security.web.access.ExceptionTranslationFilter.doFilter(ExceptionTranslationFilter.java:120)
	at org.springframework.security.web.FilterChainProxy$VirtualFilterChain.doFilter(FilterChainProxy.java:374)
	at org.springframework.security.web.session.SessionManagementFilter.doFilter(SessionManagementFilter.java:131)
	at org.springframework.security.web.session.SessionManagementFilter.doFilter(SessionManagementFilter.java:85)
	at org.springframework.security.web.FilterChainProxy$VirtualFilterChain.doFilter(FilterChainProxy.java:374)
	at org.springframework.security.web.authentication.AnonymousAuthenticationFilter.doFilter(AnonymousAuthenticationFilter.java:100)
	at org.springframework.security.web.FilterChainProxy$VirtualFilterChain.doFilter(FilterChainProxy.java:374)
	at org.springframework.security.web.servletapi.SecurityContextHolderAwareRequestFilter.doFilter(SecurityContextHolderAwareRequestFilter.java:179)
	at org.springframework.security.web.FilterChainProxy$VirtualFilterChain.doFilter(FilterChainProxy.java:374)
	at org.springframework.security.web.savedrequest.RequestCacheAwareFilter.doFilter(RequestCacheAwareFilter.java:63)
	at org.springframework.security.web.FilterChainProxy$VirtualFilterChain.doFilter(FilterChainProxy.java:374)
	at com.example.firstapp.filter.JwtAuthFilter.doFilterInternal(JwtAuthFilter.java:205)
	at org.springframework.web.filter.OncePerRequestFilter.doFilter(OncePerRequestFilter.java:116)
	at org.springframework.security.web.FilterChainProxy$VirtualFilterChain.doFilter(FilterChainProxy.java:374)
	at org.springframework.security.web.authentication.logout.LogoutFilter.doFilter(LogoutFilter.java:107)
	at org.springframework.security.web.authentication.logout.LogoutFilter.doFilter(LogoutFilter.java:93)
	at org.springframework.security.web.FilterChainProxy$VirtualFilterChain.doFilter(FilterChainProxy.java:374)
	at org.springframework.security.web.header.HeaderWriterFilter.doHeadersAfter(HeaderWriterFilter.java:90)
	at org.springframework.security.web.header.HeaderWriterFilter.doFilterInternal(HeaderWriterFilter.java:75)
	at org.springframework.web.filter.OncePerRequestFilter.doFilter(OncePerRequestFilter.java:116)
	at org.springframework.security.web.FilterChainProxy$VirtualFilterChain.doFilter(FilterChainProxy.java:374)
	at org.springframework.security.web.context.SecurityContextHolderFilter.doFilter(SecurityContextHolderFilter.java:82)
	at org.springframework.security.web.context.SecurityContextHolderFilter.doFilter(SecurityContextHolderFilter.java:69)
	at org.springframework.security.web.FilterChainProxy$VirtualFilterChain.doFilter(FilterChainProxy.java:374)
	at org.springframework.security.web.context.request.async.WebAsyncManagerIntegrationFilter.doFilterInternal(WebAsyncManagerIntegrationFilter.java:62)
	at org.springframework.web.filter.OncePerRequestFilter.doFilter(OncePerRequestFilter.java:116)
	at org.springframework.security.web.FilterChainProxy$VirtualFilterChain.doFilter(FilterChainProxy.java:374)
	at org.springframework.security.web.session.DisableEncodeUrlFilter.doFilterInternal(DisableEncodeUrlFilter.java:42)
	at org.springframework.web.filter.OncePerRequestFilter.doFilter(OncePerRequestFilter.java:116)
	at org.springframework.security.web.FilterChainProxy$VirtualFilterChain.doFilter(FilterChainProxy.java:374)
	at org.springframework.security.web.FilterChainProxy.doFilterInternal(FilterChainProxy.java:233)
	at org.springframework.security.web.FilterChainProxy.doFilter(FilterChainProxy.java:191)
	at org.springframework.web.filter.CompositeFilter$VirtualFilterChain.doFilter(CompositeFilter.java:113)
	at org.springframework.web.servlet.handler.HandlerMappingIntrospector.lambda$createCacheFilter$3(HandlerMappingIntrospector.java:195)
	at org.springframework.web.filter.CompositeFilter$VirtualFilterChain.doFilter(CompositeFilter.java:113)
	at org.springframework.web.filter.CompositeFilter.doFilter(CompositeFilter.java:74)
	at org.springframework.security.config.annotation.web.configuration.WebMvcSecurityConfiguration$CompositeFilterChainProxy.doFilter(WebMvcSecurityConfiguration.java:230)
	at org.springframework.web.filter.DelegatingFilterProxy.invokeDelegate(DelegatingFilterProxy.java:362)
	at org.springframework.web.filter.DelegatingFilterProxy.doFilter(DelegatingFilterProxy.java:278)
	at org.apache.catalina.core.ApplicationFilterChain.internalDoFilter(ApplicationFilterChain.java:164)
	at org.apache.catalina.core.ApplicationFilterChain.doFilter(ApplicationFilterChain.java:140)
	at org.springframework.web.filter.RequestContextFilter.doFilterInternal(RequestContextFilter.java:100)
	at org.springframework.web.filter.OncePerRequestFilter.doFilter(OncePerRequestFilter.java:116)
	at org.apache.catalina.core.ApplicationFilterChain.internalDoFilter(ApplicationFilterChain.java:164)
	at org.apache.catalina.core.ApplicationFilterChain.doFilter(ApplicationFilterChain.java:140)
	at org.springframework.web.filter.FormContentFilter.doFilterInternal(FormContentFilter.java:93)
	at org.springframework.web.filter.OncePerRequestFilter.doFilter(OncePerRequestFilter.java:116)
	at org.apache.catalina.core.ApplicationFilterChain.internalDoFilter(ApplicationFilterChain.java:164)
	at org.apache.catalina.core.ApplicationFilterChain.doFilter(ApplicationFilterChain.java:140)
	at org.springframework.web.filter.CharacterEncodingFilter.doFilterInternal(CharacterEncodingFilter.java:201)
	at org.springframework.web.filter.OncePerRequestFilter.doFilter(OncePerRequestFilter.java:116)
	at org.apache.catalina.core.ApplicationFilterChain.internalDoFilter(ApplicationFilterChain.java:164)
	at org.apache.catalina.core.ApplicationFilterChain.doFilter(ApplicationFilterChain.java:140)
	at com.example.firstapp.filter.RateLimitFilter.doFilterInternal(RateLimitFilter.java:161)
	at org.springframework.web.filter.OncePerRequestFilter.doFilter(OncePerRequestFilter.java:116)
	at org.apache.catalina.core.ApplicationFilterChain.internalDoFilter(ApplicationFilterChain.java:164)
	at org.apache.catalina.core.ApplicationFilterChain.doFilter(ApplicationFilterChain.java:140)
	at org.apache.catalina.core.StandardWrapperValve.invoke(StandardWrapperValve.java:167)
	at org.apache.catalina.core.StandardContextValve.invoke(StandardContextValve.java:90)
	at org.apache.catalina.authenticator.AuthenticatorBase.invoke(AuthenticatorBase.java:483)
	at org.apache.catalina.core.StandardHostValve.invoke(StandardHostValve.java:116)
	at org.apache.catalina.valves.ErrorReportValve.invoke(ErrorReportValve.java:93)
	at org.apache.catalina.core.StandardEngineValve.invoke(StandardEngineValve.java:74)
	at org.apache.catalina.connector.CoyoteAdapter.service(CoyoteAdapter.java:344)
	at org.apache.coyote.http11.Http11Processor.service(Http11Processor.java:398)
	at org.apache.coyote.AbstractProcessorLight.process(AbstractProcessorLight.java:63)
	at org.apache.coyote.AbstractProtocol$ConnectionHandler.process(AbstractProtocol.java:903)
	at org.apache.tomcat.util.net.NioEndpoint$SocketProcessor.doRun(NioEndpoint.java:1769)
	at org.apache.tomcat.util.net.SocketProcessorBase.run(SocketProcessorBase.java:52)
	at org.apache.tomcat.util.threads.ThreadPoolExecutor.runWorker(ThreadPoolExecutor.java:1189)
	at org.apache.tomcat.util.threads.ThreadPoolExecutor$Worker.run(ThreadPoolExecutor.java:658)
	at org.apache.tomcat.util.threads.TaskThread$WrappingRunnable.run(TaskThread.java:63)
	at java.base/java.lang.Thread.run(Thread.java:1474)
2026-09-09 23:35:34.281 ERROR 7964 --- [nio-8080-exec-7] c.e.f.handler.GlobalExceptionHandler     : Unexpected error at /api/v1/me/suggestions: No static resource api/v1/me/suggestions.
org.springframework.web.servlet.resource.NoResourceFoundException: No static resource api/v1/me/suggestions.
	at org.springframework.web.servlet.resource.ResourceHttpRequestHandler.handleRequest(ResourceHttpRequestHandler.java:586)
	at org.springframework.web.servlet.mvc.HttpRequestHandlerAdapter.handle(HttpRequestHandlerAdapter.java:52)
	at org.springframework.web.servlet.DispatcherServlet.doDispatch(DispatcherServlet.java:1089)
	at org.springframework.web.servlet.DispatcherServlet.doService(DispatcherServlet.java:979)
	at org.springframework.web.servlet.FrameworkServlet.processRequest(FrameworkServlet.java:1014)
	at org.springframework.web.servlet.FrameworkServlet.doGet(FrameworkServlet.java:903)
	at jakarta.servlet.http.HttpServlet.service(HttpServlet.java:564)
	at org.springframework.web.servlet.FrameworkServlet.service(FrameworkServlet.java:885)
	at jakarta.servlet.http.HttpServlet.service(HttpServlet.java:658)
	at org.apache.catalina.core.ApplicationFilterChain.internalDoFilter(ApplicationFilterChain.java:195)
	at org.apache.catalina.core.ApplicationFilterChain.doFilter(ApplicationFilterChain.java:140)
	at org.apache.tomcat.websocket.server.WsFilter.doFilter(WsFilter.java:51)
	at org.apache.catalina.core.ApplicationFilterChain.internalDoFilter(ApplicationFilterChain.java:164)
	at org.apache.catalina.core.ApplicationFilterChain.doFilter(ApplicationFilterChain.java:140)
	at org.springframework.web.filter.CompositeFilter$VirtualFilterChain.doFilter(CompositeFilter.java:108)
	at org.springframework.security.web.FilterChainProxy.lambda$doFilterInternal$3(FilterChainProxy.java:231)
	at org.springframework.security.web.FilterChainProxy$VirtualFilterChain.doFilter(FilterChainProxy.java:365)
	at org.springframework.security.web.access.intercept.AuthorizationFilter.doFilter(AuthorizationFilter.java:100)
	at org.springframework.security.web.FilterChainProxy$VirtualFilterChain.doFilter(FilterChainProxy.java:374)
	at org.springframework.security.web.access.ExceptionTranslationFilter.doFilter(ExceptionTranslationFilter.java:126)
	at org.springframework.security.web.access.ExceptionTranslationFilter.doFilter(ExceptionTranslationFilter.java:120)
	at org.springframework.security.web.FilterChainProxy$VirtualFilterChain.doFilter(FilterChainProxy.java:374)
	at org.springframework.security.web.session.SessionManagementFilter.doFilter(SessionManagementFilter.java:131)
	at org.springframework.security.web.session.SessionManagementFilter.doFilter(SessionManagementFilter.java:85)
	at org.springframework.security.web.FilterChainProxy$VirtualFilterChain.doFilter(FilterChainProxy.java:374)
	at org.springframework.security.web.authentication.AnonymousAuthenticationFilter.doFilter(AnonymousAuthenticationFilter.java:100)
	at org.springframework.security.web.FilterChainProxy$VirtualFilterChain.doFilter(FilterChainProxy.java:374)
	at org.springframework.security.web.servletapi.SecurityContextHolderAwareRequestFilter.doFilter(SecurityContextHolderAwareRequestFilter.java:179)
	at org.springframework.security.web.FilterChainProxy$VirtualFilterChain.doFilter(FilterChainProxy.java:374)
	at org.springframework.security.web.savedrequest.RequestCacheAwareFilter.doFilter(RequestCacheAwareFilter.java:63)
	at org.springframework.security.web.FilterChainProxy$VirtualFilterChain.doFilter(FilterChainProxy.java:374)
	at com.example.firstapp.filter.JwtAuthFilter.doFilterInternal(JwtAuthFilter.java:205)
	at org.springframework.web.filter.OncePerRequestFilter.doFilter(OncePerRequestFilter.java:116)
	at org.springframework.security.web.FilterChainProxy$VirtualFilterChain.doFilter(FilterChainProxy.java:374)
	at org.springframework.security.web.authentication.logout.LogoutFilter.doFilter(LogoutFilter.java:107)
	at org.springframework.security.web.authentication.logout.LogoutFilter.doFilter(LogoutFilter.java:93)
	at org.springframework.security.web.FilterChainProxy$VirtualFilterChain.doFilter(FilterChainProxy.java:374)
	at org.springframework.security.web.header.HeaderWriterFilter.doHeadersAfter(HeaderWriterFilter.java:90)
	at org.springframework.security.web.header.HeaderWriterFilter.doFilterInternal(HeaderWriterFilter.java:75)
	at org.springframework.web.filter.OncePerRequestFilter.doFilter(OncePerRequestFilter.java:116)
	at org.springframework.security.web.FilterChainProxy$VirtualFilterChain.doFilter(FilterChainProxy.java:374)
	at org.springframework.security.web.context.SecurityContextHolderFilter.doFilter(SecurityContextHolderFilter.java:82)
	at org.springframework.security.web.context.SecurityContextHolderFilter.doFilter(SecurityContextHolderFilter.java:69)
	at org.springframework.security.web.FilterChainProxy$VirtualFilterChain.doFilter(FilterChainProxy.java:374)
	at org.springframework.security.web.context.request.async.WebAsyncManagerIntegrationFilter.doFilterInternal(WebAsyncManagerIntegrationFilter.java:62)
	at org.springframework.web.filter.OncePerRequestFilter.doFilter(OncePerRequestFilter.java:116)
	at org.springframework.security.web.FilterChainProxy$VirtualFilterChain.doFilter(FilterChainProxy.java:374)
	at org.springframework.security.web.session.DisableEncodeUrlFilter.doFilterInternal(DisableEncodeUrlFilter.java:42)
	at org.springframework.web.filter.OncePerRequestFilter.doFilter(OncePerRequestFilter.java:116)
	at org.springframework.security.web.FilterChainProxy$VirtualFilterChain.doFilter(FilterChainProxy.java:374)
	at org.springframework.security.web.FilterChainProxy.doFilterInternal(FilterChainProxy.java:233)
	at org.springframework.security.web.FilterChainProxy.doFilter(FilterChainProxy.java:191)
	at org.springframework.web.filter.CompositeFilter$VirtualFilterChain.doFilter(CompositeFilter.java:113)
	at org.springframework.web.servlet.handler.HandlerMappingIntrospector.lambda$createCacheFilter$3(HandlerMappingIntrospector.java:195)
	at org.springframework.web.filter.CompositeFilter$VirtualFilterChain.doFilter(CompositeFilter.java:113)
	at org.springframework.web.filter.CompositeFilter.doFilter(CompositeFilter.java:74)
	at org.springframework.security.config.annotation.web.configuration.WebMvcSecurityConfiguration$CompositeFilterChainProxy.doFilter(WebMvcSecurityConfiguration.java:230)
	at org.springframework.web.filter.DelegatingFilterProxy.invokeDelegate(DelegatingFilterProxy.java:362)
	at org.springframework.web.filter.DelegatingFilterProxy.doFilter(DelegatingFilterProxy.java:278)
	at org.apache.catalina.core.ApplicationFilterChain.internalDoFilter(ApplicationFilterChain.java:164)
	at org.apache.catalina.core.ApplicationFilterChain.doFilter(ApplicationFilterChain.java:140)
	at org.springframework.web.filter.RequestContextFilter.doFilterInternal(RequestContextFilter.java:100)
	at org.springframework.web.filter.OncePerRequestFilter.doFilter(OncePerRequestFilter.java:116)
	at org.apache.catalina.core.ApplicationFilterChain.internalDoFilter(ApplicationFilterChain.java:164)
	at org.apache.catalina.core.ApplicationFilterChain.doFilter(ApplicationFilterChain.java:140)
	at org.springframework.web.filter.FormContentFilter.doFilterInternal(FormContentFilter.java:93)
	at org.springframework.web.filter.OncePerRequestFilter.doFilter(OncePerRequestFilter.java:116)
	at org.apache.catalina.core.ApplicationFilterChain.internalDoFilter(ApplicationFilterChain.java:164)
	at org.apache.catalina.core.ApplicationFilterChain.doFilter(ApplicationFilterChain.java:140)
	at org.springframework.web.filter.CharacterEncodingFilter.doFilterInternal(CharacterEncodingFilter.java:201)
	at org.springframework.web.filter.OncePerRequestFilter.doFilter(OncePerRequestFilter.java:116)
	at org.apache.catalina.core.ApplicationFilterChain.internalDoFilter(ApplicationFilterChain.java:164)
	at org.apache.catalina.core.ApplicationFilterChain.doFilter(ApplicationFilterChain.java:140)
	at com.example.firstapp.filter.RateLimitFilter.doFilterInternal(RateLimitFilter.java:161)
	at org.springframework.web.filter.OncePerRequestFilter.doFilter(OncePerRequestFilter.java:116)
	at org.apache.catalina.core.ApplicationFilterChain.internalDoFilter(ApplicationFilterChain.java:164)
	at org.apache.catalina.core.ApplicationFilterChain.doFilter(ApplicationFilterChain.java:140)
	at org.apache.catalina.core.StandardWrapperValve.invoke(StandardWrapperValve.java:167)
	at org.apache.catalina.core.StandardContextValve.invoke(StandardContextValve.java:90)
	at org.apache.catalina.authenticator.AuthenticatorBase.invoke(AuthenticatorBase.java:483)
	at org.apache.catalina.core.StandardHostValve.invoke(StandardHostValve.java:116)
	at org.apache.catalina.valves.ErrorReportValve.invoke(ErrorReportValve.java:93)
	at org.apache.catalina.core.StandardEngineValve.invoke(StandardEngineValve.java:74)
	at org.apache.catalina.connector.CoyoteAdapter.service(CoyoteAdapter.java:344)
	at org.apache.coyote.http11.Http11Processor.service(Http11Processor.java:398)
	at org.apache.coyote.AbstractProcessorLight.process(AbstractProcessorLight.java:63)
	at org.apache.coyote.AbstractProtocol$ConnectionHandler.process(AbstractProtocol.java:903)
	at org.apache.tomcat.util.net.NioEndpoint$SocketProcessor.doRun(NioEndpoint.java:1769)
	at org.apache.tomcat.util.net.SocketProcessorBase.run(SocketProcessorBase.java:52)
	at org.apache.tomcat.util.threads.ThreadPoolExecutor.runWorker(ThreadPoolExecutor.java:1189)
	at org.apache.tomcat.util.threads.ThreadPoolExecutor$Worker.run(ThreadPoolExecutor.java:658)
	at org.apache.tomcat.util.threads.TaskThread$WrappingRunnable.run(TaskThread.java:63)
	at java.base/java.lang.Thread.run(Thread.java:1474)
2026-09-09 23:35:34.281 DEBUG 7964 --- [nio-8080-exec-5] o.s.security.web.FilterChainProxy        : Secured GET /api/v1/me
2026-09-09 23:35:34.281  WARN 7964 --- [nio-8080-exec-9] org.hibernate.orm.query                  : HHH90003004: firstResult/maxResults specified with collection fetch; applying in memory
2026-09-09 23:35:34.281  WARN 7964 --- [nio-8080-exec-6] .m.m.a.ExceptionHandlerExceptionResolver : Resolved [org.springframework.web.servlet.resource.NoResourceFoundException: No static resource api/v1/me/advisory-sessions.]
2026-09-09 23:35:34.281  WARN 7964 --- [nio-8080-exec-7] .m.m.a.ExceptionHandlerExceptionResolver : Resolved [org.springframework.web.servlet.resource.NoResourceFoundException: No static resource api/v1/me/suggestions.]
2026-09-09 23:35:34.281 ERROR 7964 --- [nio-8080-exec-5] c.e.f.handler.GlobalExceptionHandler     : Unexpected error at /api/v1/me: No static resource api/v1/me.
org.springframework.web.servlet.resource.NoResourceFoundException: No static resource api/v1/me.
	at org.springframework.web.servlet.resource.ResourceHttpRequestHandler.handleRequest(ResourceHttpRequestHandler.java:586)
	at org.springframework.web.servlet.mvc.HttpRequestHandlerAdapter.handle(HttpRequestHandlerAdapter.java:52)
	at org.springframework.web.servlet.DispatcherServlet.doDispatch(DispatcherServlet.java:1089)
	at org.springframework.web.servlet.DispatcherServlet.doService(DispatcherServlet.java:979)
	at org.springframework.web.servlet.FrameworkServlet.processRequest(FrameworkServlet.java:1014)
	at org.springframework.web.servlet.FrameworkServlet.doGet(FrameworkServlet.java:903)
	at jakarta.servlet.http.HttpServlet.service(HttpServlet.java:564)
	at org.springframework.web.servlet.FrameworkServlet.service(FrameworkServlet.java:885)
	at jakarta.servlet.http.HttpServlet.service(HttpServlet.java:658)
	at org.apache.catalina.core.ApplicationFilterChain.internalDoFilter(ApplicationFilterChain.java:195)
	at org.apache.catalina.core.ApplicationFilterChain.doFilter(ApplicationFilterChain.java:140)
	at org.apache.tomcat.websocket.server.WsFilter.doFilter(WsFilter.java:51)
	at org.apache.catalina.core.ApplicationFilterChain.internalDoFilter(ApplicationFilterChain.java:164)
	at org.apache.catalina.core.ApplicationFilterChain.doFilter(ApplicationFilterChain.java:140)
	at org.springframework.web.filter.CompositeFilter$VirtualFilterChain.doFilter(CompositeFilter.java:108)
	at org.springframework.security.web.FilterChainProxy.lambda$doFilterInternal$3(FilterChainProxy.java:231)
	at org.springframework.security.web.FilterChainProxy$VirtualFilterChain.doFilter(FilterChainProxy.java:365)
	at org.springframework.security.web.access.intercept.AuthorizationFilter.doFilter(AuthorizationFilter.java:100)
	at org.springframework.security.web.FilterChainProxy$VirtualFilterChain.doFilter(FilterChainProxy.java:374)
	at org.springframework.security.web.access.ExceptionTranslationFilter.doFilter(ExceptionTranslationFilter.java:126)
	at org.springframework.security.web.access.ExceptionTranslationFilter.doFilter(ExceptionTranslationFilter.java:120)
	at org.springframework.security.web.FilterChainProxy$VirtualFilterChain.doFilter(FilterChainProxy.java:374)
	at org.springframework.security.web.session.SessionManagementFilter.doFilter(SessionManagementFilter.java:131)
	at org.springframework.security.web.session.SessionManagementFilter.doFilter(SessionManagementFilter.java:85)
	at org.springframework.security.web.FilterChainProxy$VirtualFilterChain.doFilter(FilterChainProxy.java:374)
	at org.springframework.security.web.authentication.AnonymousAuthenticationFilter.doFilter(AnonymousAuthenticationFilter.java:100)
	at org.springframework.security.web.FilterChainProxy$VirtualFilterChain.doFilter(FilterChainProxy.java:374)
	at org.springframework.security.web.servletapi.SecurityContextHolderAwareRequestFilter.doFilter(SecurityContextHolderAwareRequestFilter.java:179)
	at org.springframework.security.web.FilterChainProxy$VirtualFilterChain.doFilter(FilterChainProxy.java:374)
	at org.springframework.security.web.savedrequest.RequestCacheAwareFilter.doFilter(RequestCacheAwareFilter.java:63)
	at org.springframework.security.web.FilterChainProxy$VirtualFilterChain.doFilter(FilterChainProxy.java:374)
	at com.example.firstapp.filter.JwtAuthFilter.doFilterInternal(JwtAuthFilter.java:205)
	at org.springframework.web.filter.OncePerRequestFilter.doFilter(OncePerRequestFilter.java:116)
	at org.springframework.security.web.FilterChainProxy$VirtualFilterChain.doFilter(FilterChainProxy.java:374)
	at org.springframework.security.web.authentication.logout.LogoutFilter.doFilter(LogoutFilter.java:107)
	at org.springframework.security.web.authentication.logout.LogoutFilter.doFilter(LogoutFilter.java:93)
	at org.springframework.security.web.FilterChainProxy$VirtualFilterChain.doFilter(FilterChainProxy.java:374)
	at org.springframework.security.web.header.HeaderWriterFilter.doHeadersAfter(HeaderWriterFilter.java:90)
	at org.springframework.security.web.header.HeaderWriterFilter.doFilterInternal(HeaderWriterFilter.java:75)
	at org.springframework.web.filter.OncePerRequestFilter.doFilter(OncePerRequestFilter.java:116)
	at org.springframework.security.web.FilterChainProxy$VirtualFilterChain.doFilter(FilterChainProxy.java:374)
	at org.springframework.security.web.context.SecurityContextHolderFilter.doFilter(SecurityContextHolderFilter.java:82)
	at org.springframework.security.web.context.SecurityContextHolderFilter.doFilter(SecurityContextHolderFilter.java:69)
	at org.springframework.security.web.FilterChainProxy$VirtualFilterChain.doFilter(FilterChainProxy.java:374)
	at org.springframework.security.web.context.request.async.WebAsyncManagerIntegrationFilter.doFilterInternal(WebAsyncManagerIntegrationFilter.java:62)
	at org.springframework.web.filter.OncePerRequestFilter.doFilter(OncePerRequestFilter.java:116)
	at org.springframework.security.web.FilterChainProxy$VirtualFilterChain.doFilter(FilterChainProxy.java:374)
	at org.springframework.security.web.session.DisableEncodeUrlFilter.doFilterInternal(DisableEncodeUrlFilter.java:42)
	at org.springframework.web.filter.OncePerRequestFilter.doFilter(OncePerRequestFilter.java:116)
	at org.springframework.security.web.FilterChainProxy$VirtualFilterChain.doFilter(FilterChainProxy.java:374)
	at org.springframework.security.web.FilterChainProxy.doFilterInternal(FilterChainProxy.java:233)
	at org.springframework.security.web.FilterChainProxy.doFilter(FilterChainProxy.java:191)
	at org.springframework.web.filter.CompositeFilter$VirtualFilterChain.doFilter(CompositeFilter.java:113)
	at org.springframework.web.servlet.handler.HandlerMappingIntrospector.lambda$createCacheFilter$3(HandlerMappingIntrospector.java:195)
	at org.springframework.web.filter.CompositeFilter$VirtualFilterChain.doFilter(CompositeFilter.java:113)
	at org.springframework.web.filter.CompositeFilter.doFilter(CompositeFilter.java:74)
	at org.springframework.security.config.annotation.web.configuration.WebMvcSecurityConfiguration$CompositeFilterChainProxy.doFilter(WebMvcSecurityConfiguration.java:230)
	at org.springframework.web.filter.DelegatingFilterProxy.invokeDelegate(DelegatingFilterProxy.java:362)
	at org.springframework.web.filter.DelegatingFilterProxy.doFilter(DelegatingFilterProxy.java:278)
	at org.apache.catalina.core.ApplicationFilterChain.internalDoFilter(ApplicationFilterChain.java:164)
	at org.apache.catalina.core.ApplicationFilterChain.doFilter(ApplicationFilterChain.java:140)
	at org.springframework.web.filter.RequestContextFilter.doFilterInternal(RequestContextFilter.java:100)
	at org.springframework.web.filter.OncePerRequestFilter.doFilter(OncePerRequestFilter.java:116)
	at org.apache.catalina.core.ApplicationFilterChain.internalDoFilter(ApplicationFilterChain.java:164)
	at org.apache.catalina.core.ApplicationFilterChain.doFilter(ApplicationFilterChain.java:140)
	at org.springframework.web.filter.FormContentFilter.doFilterInternal(FormContentFilter.java:93)
	at org.springframework.web.filter.OncePerRequestFilter.doFilter(OncePerRequestFilter.java:116)
	at org.apache.catalina.core.ApplicationFilterChain.internalDoFilter(ApplicationFilterChain.java:164)
	at org.apache.catalina.core.ApplicationFilterChain.doFilter(ApplicationFilterChain.java:140)
	at org.springframework.web.filter.CharacterEncodingFilter.doFilterInternal(CharacterEncodingFilter.java:201)
	at org.springframework.web.filter.OncePerRequestFilter.doFilter(OncePerRequestFilter.java:116)
	at org.apache.catalina.core.ApplicationFilterChain.internalDoFilter(ApplicationFilterChain.java:164)
	at org.apache.catalina.core.ApplicationFilterChain.doFilter(ApplicationFilterChain.java:140)
	at com.example.firstapp.filter.RateLimitFilter.doFilterInternal(RateLimitFilter.java:161)
	at org.springframework.web.filter.OncePerRequestFilter.doFilter(OncePerRequestFilter.java:116)
	at org.apache.catalina.core.ApplicationFilterChain.internalDoFilter(ApplicationFilterChain.java:164)
	at org.apache.catalina.core.ApplicationFilterChain.doFilter(ApplicationFilterChain.java:140)
	at org.apache.catalina.core.StandardWrapperValve.invoke(StandardWrapperValve.java:167)
	at org.apache.catalina.core.StandardContextValve.invoke(StandardContextValve.java:90)
	at org.apache.catalina.authenticator.AuthenticatorBase.invoke(AuthenticatorBase.java:483)
	at org.apache.catalina.core.StandardHostValve.invoke(StandardHostValve.java:116)
	at org.apache.catalina.valves.ErrorReportValve.invoke(ErrorReportValve.java:93)
	at org.apache.catalina.core.StandardEngineValve.invoke(StandardEngineValve.java:74)
	at org.apache.catalina.connector.CoyoteAdapter.service(CoyoteAdapter.java:344)
	at org.apache.coyote.http11.Http11Processor.service(Http11Processor.java:398)
	at org.apache.coyote.AbstractProcessorLight.process(AbstractProcessorLight.java:63)
	at org.apache.coyote.AbstractProtocol$ConnectionHandler.process(AbstractProtocol.java:903)
	at org.apache.tomcat.util.net.NioEndpoint$SocketProcessor.doRun(NioEndpoint.java:1769)
	at org.apache.tomcat.util.net.SocketProcessorBase.run(SocketProcessorBase.java:52)
	at org.apache.tomcat.util.threads.ThreadPoolExecutor.runWorker(ThreadPoolExecutor.java:1189)
	at org.apache.tomcat.util.threads.ThreadPoolExecutor$Worker.run(ThreadPoolExecutor.java:658)
	at org.apache.tomcat.util.threads.TaskThread$WrappingRunnable.run(TaskThread.java:63)
	at java.base/java.lang.Thread.run(Thread.java:1474)
2026-09-09 23:35:34.287  WARN 7964 --- [nio-8080-exec-5] .m.m.a.ExceptionHandlerExceptionResolver : Resolved [org.springframework.web.servlet.resource.NoResourceFoundException: No static resource api/v1/me.]
2026-09-09 23:35:34.287 DEBUG 7964 --- [nio-8080-exec-9] org.hibernate.SQL                        : 
    select
        o1_0.id,
        o1_0.application_deadline,
        o1_0.business_id,
        b1_0.id,
        b1_0.company_name,
        b1_0.company_size,
        b1_0.contact_email,
        b1_0.contact_phone,
        b1_0.created_at,
        b1_0.description,
        b1_0.city,
        b1_0.country,
        b1_0.postal_code,
        b1_0.state,
        b1_0.street,
        b1_0.industry_type,
        b1_0.logo_url,
        b1_0.user_id,
        b1_0.registration_number,
        b1_0.status,
        b1_0.updated_at,
        b1_0.verification_status,
        b1_0.verified_at,
        b1_0.verified_by_admin_id,
        b1_0.website,
        o1_0.business_name,
        o1_0.compensation_currency,
        o1_0.compensation_disclosed,
        o1_0.compensation_max,
        o1_0.compensation_min,
        o1_0.created_at,
        o1_0.description,
        o1_0.experience_level,
        o1_0.location,
        o1_0.openings,
        o1_0.posted_at,
        r1_0.opportunity_id,
        r1_0.responsibility,
        o1_0.specialization,
        o1_0.status,
        o1_0.title,
        o1_0.type,
        o1_0.updated_at,
        o1_0.work_mode 
    from
        opportunities o1_0 
    join
        businesses b1_0 
            on b1_0.id=o1_0.business_id 
    left join
        opportunity_responsibilities r1_0 
            on o1_0.id=r1_0.opportunity_id 
    where
        o1_0.status=? 
    order by
        o1_0.posted_at desc
2026-09-09 23:35:34.287 DEBUG 7964 --- [nio-8080-exec-8] o.s.security.web.FilterChainProxy        : Secured GET /api/v1/me/applications
2026-09-09 23:35:34.293 ERROR 7964 --- [nio-8080-exec-8] c.e.f.handler.GlobalExceptionHandler     : Unexpected error at /api/v1/me/applications: No static resource api/v1/me/applications.
org.springframework.web.servlet.resource.NoResourceFoundException: No static resource api/v1/me/applications.
	at org.springframework.web.servlet.resource.ResourceHttpRequestHandler.handleRequest(ResourceHttpRequestHandler.java:586)
	at org.springframework.web.servlet.mvc.HttpRequestHandlerAdapter.handle(HttpRequestHandlerAdapter.java:52)
	at org.springframework.web.servlet.DispatcherServlet.doDispatch(DispatcherServlet.java:1089)
	at org.springframework.web.servlet.DispatcherServlet.doService(DispatcherServlet.java:979)
	at org.springframework.web.servlet.FrameworkServlet.processRequest(FrameworkServlet.java:1014)
	at org.springframework.web.servlet.FrameworkServlet.doGet(FrameworkServlet.java:903)
	at jakarta.servlet.http.HttpServlet.service(HttpServlet.java:564)
	at org.springframework.web.servlet.FrameworkServlet.service(FrameworkServlet.java:885)
	at jakarta.servlet.http.HttpServlet.service(HttpServlet.java:658)
	at org.apache.catalina.core.ApplicationFilterChain.internalDoFilter(ApplicationFilterChain.java:195)
	at org.apache.catalina.core.ApplicationFilterChain.doFilter(ApplicationFilterChain.java:140)
	at org.apache.tomcat.websocket.server.WsFilter.doFilter(WsFilter.java:51)
	at org.apache.catalina.core.ApplicationFilterChain.internalDoFilter(ApplicationFilterChain.java:164)
	at org.apache.catalina.core.ApplicationFilterChain.doFilter(ApplicationFilterChain.java:140)
	at org.springframework.web.filter.CompositeFilter$VirtualFilterChain.doFilter(CompositeFilter.java:108)
	at org.springframework.security.web.FilterChainProxy.lambda$doFilterInternal$3(FilterChainProxy.java:231)
	at org.springframework.security.web.FilterChainProxy$VirtualFilterChain.doFilter(FilterChainProxy.java:365)
	at org.springframework.security.web.access.intercept.AuthorizationFilter.doFilter(AuthorizationFilter.java:100)
	at org.springframework.security.web.FilterChainProxy$VirtualFilterChain.doFilter(FilterChainProxy.java:374)
	at org.springframework.security.web.access.ExceptionTranslationFilter.doFilter(ExceptionTranslationFilter.java:126)
	at org.springframework.security.web.access.ExceptionTranslationFilter.doFilter(ExceptionTranslationFilter.java:120)
	at org.springframework.security.web.FilterChainProxy$VirtualFilterChain.doFilter(FilterChainProxy.java:374)
	at org.springframework.security.web.session.SessionManagementFilter.doFilter(SessionManagementFilter.java:131)
	at org.springframework.security.web.session.SessionManagementFilter.doFilter(SessionManagementFilter.java:85)
	at org.springframework.security.web.FilterChainProxy$VirtualFilterChain.doFilter(FilterChainProxy.java:374)
	at org.springframework.security.web.authentication.AnonymousAuthenticationFilter.doFilter(AnonymousAuthenticationFilter.java:100)
	at org.springframework.security.web.FilterChainProxy$VirtualFilterChain.doFilter(FilterChainProxy.java:374)
	at org.springframework.security.web.servletapi.SecurityContextHolderAwareRequestFilter.doFilter(SecurityContextHolderAwareRequestFilter.java:179)
	at org.springframework.security.web.FilterChainProxy$VirtualFilterChain.doFilter(FilterChainProxy.java:374)
	at org.springframework.security.web.savedrequest.RequestCacheAwareFilter.doFilter(RequestCacheAwareFilter.java:63)
	at org.springframework.security.web.FilterChainProxy$VirtualFilterChain.doFilter(FilterChainProxy.java:374)
	at com.example.firstapp.filter.JwtAuthFilter.doFilterInternal(JwtAuthFilter.java:205)
	at org.springframework.web.filter.OncePerRequestFilter.doFilter(OncePerRequestFilter.java:116)
	at org.springframework.security.web.FilterChainProxy$VirtualFilterChain.doFilter(FilterChainProxy.java:374)
	at org.springframework.security.web.authentication.logout.LogoutFilter.doFilter(LogoutFilter.java:107)
	at org.springframework.security.web.authentication.logout.LogoutFilter.doFilter(LogoutFilter.java:93)
	at org.springframework.security.web.FilterChainProxy$VirtualFilterChain.doFilter(FilterChainProxy.java:374)
	at org.springframework.security.web.header.HeaderWriterFilter.doHeadersAfter(HeaderWriterFilter.java:90)
	at org.springframework.security.web.header.HeaderWriterFilter.doFilterInternal(HeaderWriterFilter.java:75)
	at org.springframework.web.filter.OncePerRequestFilter.doFilter(OncePerRequestFilter.java:116)
	at org.springframework.security.web.FilterChainProxy$VirtualFilterChain.doFilter(FilterChainProxy.java:374)
	at org.springframework.security.web.context.SecurityContextHolderFilter.doFilter(SecurityContextHolderFilter.java:82)
	at org.springframework.security.web.context.SecurityContextHolderFilter.doFilter(SecurityContextHolderFilter.java:69)
	at org.springframework.security.web.FilterChainProxy$VirtualFilterChain.doFilter(FilterChainProxy.java:374)
	at org.springframework.security.web.context.request.async.WebAsyncManagerIntegrationFilter.doFilterInternal(WebAsyncManagerIntegrationFilter.java:62)
	at org.springframework.web.filter.OncePerRequestFilter.doFilter(OncePerRequestFilter.java:116)
	at org.springframework.security.web.FilterChainProxy$VirtualFilterChain.doFilter(FilterChainProxy.java:374)
	at org.springframework.security.web.session.DisableEncodeUrlFilter.doFilterInternal(DisableEncodeUrlFilter.java:42)
	at org.springframework.web.filter.OncePerRequestFilter.doFilter(OncePerRequestFilter.java:116)
	at org.springframework.security.web.FilterChainProxy$VirtualFilterChain.doFilter(FilterChainProxy.java:374)
	at org.springframework.security.web.FilterChainProxy.doFilterInternal(FilterChainProxy.java:233)
	at org.springframework.security.web.FilterChainProxy.doFilter(FilterChainProxy.java:191)
	at org.springframework.web.filter.CompositeFilter$VirtualFilterChain.doFilter(CompositeFilter.java:113)
	at org.springframework.web.servlet.handler.HandlerMappingIntrospector.lambda$createCacheFilter$3(HandlerMappingIntrospector.java:195)
	at org.springframework.web.filter.CompositeFilter$VirtualFilterChain.doFilter(CompositeFilter.java:113)
	at org.springframework.web.filter.CompositeFilter.doFilter(CompositeFilter.java:74)
	at org.springframework.security.config.annotation.web.configuration.WebMvcSecurityConfiguration$CompositeFilterChainProxy.doFilter(WebMvcSecurityConfiguration.java:230)
	at org.springframework.web.filter.DelegatingFilterProxy.invokeDelegate(DelegatingFilterProxy.java:362)
	at org.springframework.web.filter.DelegatingFilterProxy.doFilter(DelegatingFilterProxy.java:278)
	at org.apache.catalina.core.ApplicationFilterChain.internalDoFilter(ApplicationFilterChain.java:164)
	at org.apache.catalina.core.ApplicationFilterChain.doFilter(ApplicationFilterChain.java:140)
	at org.springframework.web.filter.RequestContextFilter.doFilterInternal(RequestContextFilter.java:100)
	at org.springframework.web.filter.OncePerRequestFilter.doFilter(OncePerRequestFilter.java:116)
	at org.apache.catalina.core.ApplicationFilterChain.internalDoFilter(ApplicationFilterChain.java:164)
	at org.apache.catalina.core.ApplicationFilterChain.doFilter(ApplicationFilterChain.java:140)
	at org.springframework.web.filter.FormContentFilter.doFilterInternal(FormContentFilter.java:93)
	at org.springframework.web.filter.OncePerRequestFilter.doFilter(OncePerRequestFilter.java:116)
	at org.apache.catalina.core.ApplicationFilterChain.internalDoFilter(ApplicationFilterChain.java:164)
	at org.apache.catalina.core.ApplicationFilterChain.doFilter(ApplicationFilterChain.java:140)
	at org.springframework.web.filter.CharacterEncodingFilter.doFilterInternal(CharacterEncodingFilter.java:201)
	at org.springframework.web.filter.OncePerRequestFilter.doFilter(OncePerRequestFilter.java:116)
	at org.apache.catalina.core.ApplicationFilterChain.internalDoFilter(ApplicationFilterChain.java:164)
	at org.apache.catalina.core.ApplicationFilterChain.doFilter(ApplicationFilterChain.java:140)
	at com.example.firstapp.filter.RateLimitFilter.doFilterInternal(RateLimitFilter.java:161)
	at org.springframework.web.filter.OncePerRequestFilter.doFilter(OncePerRequestFilter.java:116)
	at org.apache.catalina.core.ApplicationFilterChain.internalDoFilter(ApplicationFilterChain.java:164)
	at org.apache.catalina.core.ApplicationFilterChain.doFilter(ApplicationFilterChain.java:140)
	at org.apache.catalina.core.StandardWrapperValve.invoke(StandardWrapperValve.java:167)
	at org.apache.catalina.core.StandardContextValve.invoke(StandardContextValve.java:90)
	at org.apache.catalina.authenticator.AuthenticatorBase.invoke(AuthenticatorBase.java:483)
	at org.apache.catalina.core.StandardHostValve.invoke(StandardHostValve.java:116)
	at org.apache.catalina.valves.ErrorReportValve.invoke(ErrorReportValve.java:93)
	at org.apache.catalina.core.StandardEngineValve.invoke(StandardEngineValve.java:74)
	at org.apache.catalina.connector.CoyoteAdapter.service(CoyoteAdapter.java:344)
	at org.apache.coyote.http11.Http11Processor.service(Http11Processor.java:398)
	at org.apache.coyote.AbstractProcessorLight.process(AbstractProcessorLight.java:63)
	at org.apache.coyote.AbstractProtocol$ConnectionHandler.process(AbstractProtocol.java:903)
	at org.apache.tomcat.util.net.NioEndpoint$SocketProcessor.doRun(NioEndpoint.java:1769)
	at org.apache.tomcat.util.net.SocketProcessorBase.run(SocketProcessorBase.java:52)
	at org.apache.tomcat.util.threads.ThreadPoolExecutor.runWorker(ThreadPoolExecutor.java:1189)
	at org.apache.tomcat.util.threads.ThreadPoolExecutor$Worker.run(ThreadPoolExecutor.java:658)
	at org.apache.tomcat.util.threads.TaskThread$WrappingRunnable.run(TaskThread.java:63)
	at java.base/java.lang.Thread.run(Thread.java:1474)
2026-09-09 23:35:34.298  WARN 7964 --- [nio-8080-exec-8] .m.m.a.ExceptionHandlerExceptionResolver : Resolved [org.springframework.web.servlet.resource.NoResourceFoundException: No static resource api/v1/me/applications.]
2026-09-09 23:35:34.322 DEBUG 7964 --- [nio-8080-exec-9] org.hibernate.SQL                        : 
    select
        count(o1_0.id) 
    from
        opportunities o1_0 
    where
        o1_0.status=?
2026-09-09 23:35:34.327 DEBUG 7964 --- [nio-8080-exec-9] org.hibernate.SQL                        : 
    select
        rs1_0.opportunity_id,
        rs1_0.skill 
    from
        opportunity_required_skills rs1_0 
    where
        rs1_0.opportunity_id in (?, ?, ?, ?, ?, ?, ?, ?, ?, ?, ?, ?, ?, ?, ?, ?, ?, ?, ?, ?, ?, ?, ?, ?, ?)
2026-09-09 23:35:34.331 DEBUG 7964 --- [nio-8080-exec-9] org.hibernate.SQL                        : 
    select
        q1_0.opportunity_id,
        q1_0.qualification 
    from
        opportunity_qualifications q1_0 
    where
        q1_0.opportunity_id in (?, ?, ?, ?, ?, ?, ?, ?, ?, ?, ?, ?, ?, ?, ?, ?, ?, ?, ?, ?, ?, ?, ?, ?, ?)
2026-09-09 23:36:31.260 DEBUG 7964 --- [nio-8080-exec-2] o.s.security.web.FilterChainProxy        : Securing GET /api/v1/opportunities
2026-09-09 23:36:31.260 DEBUG 7964 --- [nio-8080-exec-2] org.hibernate.SQL                        : 
    select
        u1_0.id,
        u1_0.created_at,
        u1_0.email,
        u1_0.failed_attempts,
        u1_0.is_active,
        u1_0.is_locked,
        u1_0.last_login_at,
        u1_0.lock_time,
        u1_0.password,
        u1_0.role,
        u1_0.updated_at,
        u1_0.username 
    from
        users u1_0 
    where
        u1_0.email=?
2026-09-09 23:36:31.281 DEBUG 7964 --- [nio-8080-exec-2] o.s.security.web.FilterChainProxy        : Secured GET /api/v1/opportunities
2026-09-09 23:36:31.285  WARN 7964 --- [nio-8080-exec-2] org.hibernate.orm.query                  : HHH90003004: firstResult/maxResults specified with collection fetch; applying in memory
2026-09-09 23:36:31.285 DEBUG 7964 --- [nio-8080-exec-2] org.hibernate.SQL                        : 
    select
        o1_0.id,
        o1_0.application_deadline,
        o1_0.business_id,
        b1_0.id,
        b1_0.company_name,
        b1_0.company_size,
        b1_0.contact_email,
        b1_0.contact_phone,
        b1_0.created_at,
        b1_0.description,
        b1_0.city,
        b1_0.country,
        b1_0.postal_code,
        b1_0.state,
        b1_0.street,
        b1_0.industry_type,
        b1_0.logo_url,
        b1_0.user_id,
        b1_0.registration_number,
        b1_0.status,
        b1_0.updated_at,
        b1_0.verification_status,
        b1_0.verified_at,
        b1_0.verified_by_admin_id,
        b1_0.website,
        o1_0.business_name,
        o1_0.compensation_currency,
        o1_0.compensation_disclosed,
        o1_0.compensation_max,
        o1_0.compensation_min,
        o1_0.created_at,
        o1_0.description,
        o1_0.experience_level,
        o1_0.location,
        o1_0.openings,
        o1_0.posted_at,
        r1_0.opportunity_id,
        r1_0.responsibility,
        o1_0.specialization,
        o1_0.status,
        o1_0.title,
        o1_0.type,
        o1_0.updated_at,
        o1_0.work_mode 
    from
        opportunities o1_0 
    join
        businesses b1_0 
            on b1_0.id=o1_0.business_id 
    left join
        opportunity_responsibilities r1_0 
            on o1_0.id=r1_0.opportunity_id 
    where
        o1_0.status=? 
    order by
        o1_0.posted_at desc
2026-09-09 23:36:31.307 DEBUG 7964 --- [nio-8080-exec-2] org.hibernate.SQL                        : 
    select
        count(o1_0.id) 
    from
        opportunities o1_0 
    where
        o1_0.status=?
2026-09-09 23:36:31.311 DEBUG 7964 --- [nio-8080-exec-2] org.hibernate.SQL                        : 
    select
        rs1_0.opportunity_id,
        rs1_0.skill 
    from
        opportunity_required_skills rs1_0 
    where
        rs1_0.opportunity_id in (?, ?, ?, ?, ?, ?, ?, ?, ?, ?, ?, ?, ?, ?, ?, ?, ?, ?, ?, ?, ?, ?, ?, ?, ?)
2026-09-09 23:36:31.314 DEBUG 7964 --- [nio-8080-exec-2] org.hibernate.SQL                        : 
    select
        q1_0.opportunity_id,
        q1_0.qualification 
    from
        opportunity_qualifications q1_0 
    where
        q1_0.opportunity_id in (?, ?, ?, ?, ?, ?, ?, ?, ?, ?, ?, ?, ?, ?, ?, ?, ?, ?, ?, ?, ?, ?, ?, ?, ?)
2026-09-09 23:36:32.226 DEBUG 7964 --- [nio-8080-exec-1] o.s.security.web.FilterChainProxy        : Securing GET /api/v1/me
2026-09-09 23:36:32.226 DEBUG 7964 --- [nio-8080-exec-4] o.s.security.web.FilterChainProxy        : Securing GET /api/v1/me/advisory-sessions
2026-09-09 23:36:32.226 DEBUG 7964 --- [nio-8080-exec-3] o.s.security.web.FilterChainProxy        : Securing GET /api/v1/me/suggestions
2026-09-09 23:36:32.226 DEBUG 7964 --- [nio-8080-exec-1] org.hibernate.SQL                        : 
    select
        u1_0.id,
        u1_0.created_at,
        u1_0.email,
        u1_0.failed_attempts,
        u1_0.is_active,
        u1_0.is_locked,
        u1_0.last_login_at,
        u1_0.lock_time,
        u1_0.password,
        u1_0.role,
        u1_0.updated_at,
        u1_0.username 
    from
        users u1_0 
    where
        u1_0.email=?
2026-09-09 23:36:32.226 DEBUG 7964 --- [nio-8080-exec-6] o.s.security.web.FilterChainProxy        : Securing GET /api/v1/me/applications
2026-09-09 23:36:32.226 DEBUG 7964 --- [nio-8080-exec-3] org.hibernate.SQL                        : 
    select
        u1_0.id,
        u1_0.created_at,
        u1_0.email,
        u1_0.failed_attempts,
        u1_0.is_active,
        u1_0.is_locked,
        u1_0.last_login_at,
        u1_0.lock_time,
        u1_0.password,
        u1_0.role,
        u1_0.updated_at,
        u1_0.username 
    from
        users u1_0 
    where
        u1_0.email=?
2026-09-09 23:36:32.226 DEBUG 7964 --- [nio-8080-exec-4] org.hibernate.SQL                        : 
    select
        u1_0.id,
        u1_0.created_at,
        u1_0.email,
        u1_0.failed_attempts,
        u1_0.is_active,
        u1_0.is_locked,
        u1_0.last_login_at,
        u1_0.lock_time,
        u1_0.password,
        u1_0.role,
        u1_0.updated_at,
        u1_0.username 
    from
        users u1_0 
    where
        u1_0.email=?
2026-09-09 23:36:32.247 DEBUG 7964 --- [nio-8080-exec-6] org.hibernate.SQL                        : 
    select
        u1_0.id,
        u1_0.created_at,
        u1_0.email,
        u1_0.failed_attempts,
        u1_0.is_active,
        u1_0.is_locked,
        u1_0.last_login_at,
        u1_0.lock_time,
        u1_0.password,
        u1_0.role,
        u1_0.updated_at,
        u1_0.username 
    from
        users u1_0 
    where
        u1_0.email=?
2026-09-09 23:36:32.250 DEBUG 7964 --- [nio-8080-exec-4] o.s.security.web.FilterChainProxy        : Secured GET /api/v1/me/advisory-sessions
2026-09-09 23:36:32.250 DEBUG 7964 --- [nio-8080-exec-1] o.s.security.web.FilterChainProxy        : Secured GET /api/v1/me
2026-09-09 23:36:32.250 DEBUG 7964 --- [nio-8080-exec-3] o.s.security.web.FilterChainProxy        : Secured GET /api/v1/me/suggestions
2026-09-09 23:36:32.263 ERROR 7964 --- [nio-8080-exec-4] c.e.f.handler.GlobalExceptionHandler     : Unexpected error at /api/v1/me/advisory-sessions: No static resource api/v1/me/advisory-sessions.
org.springframework.web.servlet.resource.NoResourceFoundException: No static resource api/v1/me/advisory-sessions.
	at org.springframework.web.servlet.resource.ResourceHttpRequestHandler.handleRequest(ResourceHttpRequestHandler.java:586)
	at org.springframework.web.servlet.mvc.HttpRequestHandlerAdapter.handle(HttpRequestHandlerAdapter.java:52)
	at org.springframework.web.servlet.DispatcherServlet.doDispatch(DispatcherServlet.java:1089)
	at org.springframework.web.servlet.DispatcherServlet.doService(DispatcherServlet.java:979)
	at org.springframework.web.servlet.FrameworkServlet.processRequest(FrameworkServlet.java:1014)
	at org.springframework.web.servlet.FrameworkServlet.doGet(FrameworkServlet.java:903)
	at jakarta.servlet.http.HttpServlet.service(HttpServlet.java:564)
	at org.springframework.web.servlet.FrameworkServlet.service(FrameworkServlet.java:885)
	at jakarta.servlet.http.HttpServlet.service(HttpServlet.java:658)
	at org.apache.catalina.core.ApplicationFilterChain.internalDoFilter(ApplicationFilterChain.java:195)
	at org.apache.catalina.core.ApplicationFilterChain.doFilter(ApplicationFilterChain.java:140)
	at org.apache.tomcat.websocket.server.WsFilter.doFilter(WsFilter.java:51)
	at org.apache.catalina.core.ApplicationFilterChain.internalDoFilter(ApplicationFilterChain.java:164)
	at org.apache.catalina.core.ApplicationFilterChain.doFilter(ApplicationFilterChain.java:140)
	at org.springframework.web.filter.CompositeFilter$VirtualFilterChain.doFilter(CompositeFilter.java:108)
	at org.springframework.security.web.FilterChainProxy.lambda$doFilterInternal$3(FilterChainProxy.java:231)
	at org.springframework.security.web.FilterChainProxy$VirtualFilterChain.doFilter(FilterChainProxy.java:365)
	at org.springframework.security.web.access.intercept.AuthorizationFilter.doFilter(AuthorizationFilter.java:100)
	at org.springframework.security.web.FilterChainProxy$VirtualFilterChain.doFilter(FilterChainProxy.java:374)
	at org.springframework.security.web.access.ExceptionTranslationFilter.doFilter(ExceptionTranslationFilter.java:126)
	at org.springframework.security.web.access.ExceptionTranslationFilter.doFilter(ExceptionTranslationFilter.java:120)
	at org.springframework.security.web.FilterChainProxy$VirtualFilterChain.doFilter(FilterChainProxy.java:374)
	at org.springframework.security.web.session.SessionManagementFilter.doFilter(SessionManagementFilter.java:131)
	at org.springframework.security.web.session.SessionManagementFilter.doFilter(SessionManagementFilter.java:85)
	at org.springframework.security.web.FilterChainProxy$VirtualFilterChain.doFilter(FilterChainProxy.java:374)
	at org.springframework.security.web.authentication.AnonymousAuthenticationFilter.doFilter(AnonymousAuthenticationFilter.java:100)
	at org.springframework.security.web.FilterChainProxy$VirtualFilterChain.doFilter(FilterChainProxy.java:374)
	at org.springframework.security.web.servletapi.SecurityContextHolderAwareRequestFilter.doFilter(SecurityContextHolderAwareRequestFilter.java:179)
	at org.springframework.security.web.FilterChainProxy$VirtualFilterChain.doFilter(FilterChainProxy.java:374)
	at org.springframework.security.web.savedrequest.RequestCacheAwareFilter.doFilter(RequestCacheAwareFilter.java:63)
	at org.springframework.security.web.FilterChainProxy$VirtualFilterChain.doFilter(FilterChainProxy.java:374)
	at com.example.firstapp.filter.JwtAuthFilter.doFilterInternal(JwtAuthFilter.java:205)
	at org.springframework.web.filter.OncePerRequestFilter.doFilter(OncePerRequestFilter.java:116)
	at org.springframework.security.web.FilterChainProxy$VirtualFilterChain.doFilter(FilterChainProxy.java:374)
	at org.springframework.security.web.authentication.logout.LogoutFilter.doFilter(LogoutFilter.java:107)
	at org.springframework.security.web.authentication.logout.LogoutFilter.doFilter(LogoutFilter.java:93)
	at org.springframework.security.web.FilterChainProxy$VirtualFilterChain.doFilter(FilterChainProxy.java:374)
	at org.springframework.security.web.header.HeaderWriterFilter.doHeadersAfter(HeaderWriterFilter.java:90)
	at org.springframework.security.web.header.HeaderWriterFilter.doFilterInternal(HeaderWriterFilter.java:75)
	at org.springframework.web.filter.OncePerRequestFilter.doFilter(OncePerRequestFilter.java:116)
	at org.springframework.security.web.FilterChainProxy$VirtualFilterChain.doFilter(FilterChainProxy.java:374)
	at org.springframework.security.web.context.SecurityContextHolderFilter.doFilter(SecurityContextHolderFilter.java:82)
	at org.springframework.security.web.context.SecurityContextHolderFilter.doFilter(SecurityContextHolderFilter.java:69)
	at org.springframework.security.web.FilterChainProxy$VirtualFilterChain.doFilter(FilterChainProxy.java:374)
	at org.springframework.security.web.context.request.async.WebAsyncManagerIntegrationFilter.doFilterInternal(WebAsyncManagerIntegrationFilter.java:62)
	at org.springframework.web.filter.OncePerRequestFilter.doFilter(OncePerRequestFilter.java:116)
	at org.springframework.security.web.FilterChainProxy$VirtualFilterChain.doFilter(FilterChainProxy.java:374)
	at org.springframework.security.web.session.DisableEncodeUrlFilter.doFilterInternal(DisableEncodeUrlFilter.java:42)
	at org.springframework.web.filter.OncePerRequestFilter.doFilter(OncePerRequestFilter.java:116)
	at org.springframework.security.web.FilterChainProxy$VirtualFilterChain.doFilter(FilterChainProxy.java:374)
	at org.springframework.security.web.FilterChainProxy.doFilterInternal(FilterChainProxy.java:233)
	at org.springframework.security.web.FilterChainProxy.doFilter(FilterChainProxy.java:191)
	at org.springframework.web.filter.CompositeFilter$VirtualFilterChain.doFilter(CompositeFilter.java:113)
	at org.springframework.web.servlet.handler.HandlerMappingIntrospector.lambda$createCacheFilter$3(HandlerMappingIntrospector.java:195)
	at org.springframework.web.filter.CompositeFilter$VirtualFilterChain.doFilter(CompositeFilter.java:113)
	at org.springframework.web.filter.CompositeFilter.doFilter(CompositeFilter.java:74)
	at org.springframework.security.config.annotation.web.configuration.WebMvcSecurityConfiguration$CompositeFilterChainProxy.doFilter(WebMvcSecurityConfiguration.java:230)
	at org.springframework.web.filter.DelegatingFilterProxy.invokeDelegate(DelegatingFilterProxy.java:362)
	at org.springframework.web.filter.DelegatingFilterProxy.doFilter(DelegatingFilterProxy.java:278)
	at org.apache.catalina.core.ApplicationFilterChain.internalDoFilter(ApplicationFilterChain.java:164)
	at org.apache.catalina.core.ApplicationFilterChain.doFilter(ApplicationFilterChain.java:140)
	at org.springframework.web.filter.RequestContextFilter.doFilterInternal(RequestContextFilter.java:100)
	at org.springframework.web.filter.OncePerRequestFilter.doFilter(OncePerRequestFilter.java:116)
	at org.apache.catalina.core.ApplicationFilterChain.internalDoFilter(ApplicationFilterChain.java:164)
	at org.apache.catalina.core.ApplicationFilterChain.doFilter(ApplicationFilterChain.java:140)
	at org.springframework.web.filter.FormContentFilter.doFilterInternal(FormContentFilter.java:93)
	at org.springframework.web.filter.OncePerRequestFilter.doFilter(OncePerRequestFilter.java:116)
	at org.apache.catalina.core.ApplicationFilterChain.internalDoFilter(ApplicationFilterChain.java:164)
	at org.apache.catalina.core.ApplicationFilterChain.doFilter(ApplicationFilterChain.java:140)
	at org.springframework.web.filter.CharacterEncodingFilter.doFilterInternal(CharacterEncodingFilter.java:201)
	at org.springframework.web.filter.OncePerRequestFilter.doFilter(OncePerRequestFilter.java:116)
	at org.apache.catalina.core.ApplicationFilterChain.internalDoFilter(ApplicationFilterChain.java:164)
	at org.apache.catalina.core.ApplicationFilterChain.doFilter(ApplicationFilterChain.java:140)
	at com.example.firstapp.filter.RateLimitFilter.doFilterInternal(RateLimitFilter.java:161)
	at org.springframework.web.filter.OncePerRequestFilter.doFilter(OncePerRequestFilter.java:116)
	at org.apache.catalina.core.ApplicationFilterChain.internalDoFilter(ApplicationFilterChain.java:164)
	at org.apache.catalina.core.ApplicationFilterChain.doFilter(ApplicationFilterChain.java:140)
	at org.apache.catalina.core.StandardWrapperValve.invoke(StandardWrapperValve.java:167)
	at org.apache.catalina.core.StandardContextValve.invoke(StandardContextValve.java:90)
	at org.apache.catalina.authenticator.AuthenticatorBase.invoke(AuthenticatorBase.java:483)
	at org.apache.catalina.core.StandardHostValve.invoke(StandardHostValve.java:116)
	at org.apache.catalina.valves.ErrorReportValve.invoke(ErrorReportValve.java:93)
	at org.apache.catalina.core.StandardEngineValve.invoke(StandardEngineValve.java:74)
	at org.apache.catalina.connector.CoyoteAdapter.service(CoyoteAdapter.java:344)
	at org.apache.coyote.http11.Http11Processor.service(Http11Processor.java:398)
	at org.apache.coyote.AbstractProcessorLight.process(AbstractProcessorLight.java:63)
	at org.apache.coyote.AbstractProtocol$ConnectionHandler.process(AbstractProtocol.java:903)
	at org.apache.tomcat.util.net.NioEndpoint$SocketProcessor.doRun(NioEndpoint.java:1769)
	at org.apache.tomcat.util.net.SocketProcessorBase.run(SocketProcessorBase.java:52)
	at org.apache.tomcat.util.threads.ThreadPoolExecutor.runWorker(ThreadPoolExecutor.java:1189)
	at org.apache.tomcat.util.threads.ThreadPoolExecutor$Worker.run(ThreadPoolExecutor.java:658)
	at org.apache.tomcat.util.threads.TaskThread$WrappingRunnable.run(TaskThread.java:63)
	at java.base/java.lang.Thread.run(Thread.java:1474)
2026-09-09 23:36:32.265 ERROR 7964 --- [nio-8080-exec-1] c.e.f.handler.GlobalExceptionHandler     : Unexpected error at /api/v1/me: No static resource api/v1/me.
org.springframework.web.servlet.resource.NoResourceFoundException: No static resource api/v1/me.
	at org.springframework.web.servlet.resource.ResourceHttpRequestHandler.handleRequest(ResourceHttpRequestHandler.java:586)
	at org.springframework.web.servlet.mvc.HttpRequestHandlerAdapter.handle(HttpRequestHandlerAdapter.java:52)
	at org.springframework.web.servlet.DispatcherServlet.doDispatch(DispatcherServlet.java:1089)
	at org.springframework.web.servlet.DispatcherServlet.doService(DispatcherServlet.java:979)
	at org.springframework.web.servlet.FrameworkServlet.processRequest(FrameworkServlet.java:1014)
	at org.springframework.web.servlet.FrameworkServlet.doGet(FrameworkServlet.java:903)
	at jakarta.servlet.http.HttpServlet.service(HttpServlet.java:564)
	at org.springframework.web.servlet.FrameworkServlet.service(FrameworkServlet.java:885)
	at jakarta.servlet.http.HttpServlet.service(HttpServlet.java:658)
	at org.apache.catalina.core.ApplicationFilterChain.internalDoFilter(ApplicationFilterChain.java:195)
	at org.apache.catalina.core.ApplicationFilterChain.doFilter(ApplicationFilterChain.java:140)
	at org.apache.tomcat.websocket.server.WsFilter.doFilter(WsFilter.java:51)
	at org.apache.catalina.core.ApplicationFilterChain.internalDoFilter(ApplicationFilterChain.java:164)
	at org.apache.catalina.core.ApplicationFilterChain.doFilter(ApplicationFilterChain.java:140)
	at org.springframework.web.filter.CompositeFilter$VirtualFilterChain.doFilter(CompositeFilter.java:108)
	at org.springframework.security.web.FilterChainProxy.lambda$doFilterInternal$3(FilterChainProxy.java:231)
	at org.springframework.security.web.FilterChainProxy$VirtualFilterChain.doFilter(FilterChainProxy.java:365)
	at org.springframework.security.web.access.intercept.AuthorizationFilter.doFilter(AuthorizationFilter.java:100)
	at org.springframework.security.web.FilterChainProxy$VirtualFilterChain.doFilter(FilterChainProxy.java:374)
	at org.springframework.security.web.access.ExceptionTranslationFilter.doFilter(ExceptionTranslationFilter.java:126)
	at org.springframework.security.web.access.ExceptionTranslationFilter.doFilter(ExceptionTranslationFilter.java:120)
	at org.springframework.security.web.FilterChainProxy$VirtualFilterChain.doFilter(FilterChainProxy.java:374)
	at org.springframework.security.web.session.SessionManagementFilter.doFilter(SessionManagementFilter.java:131)
	at org.springframework.security.web.session.SessionManagementFilter.doFilter(SessionManagementFilter.java:85)
	at org.springframework.security.web.FilterChainProxy$VirtualFilterChain.doFilter(FilterChainProxy.java:374)
	at org.springframework.security.web.authentication.AnonymousAuthenticationFilter.doFilter(AnonymousAuthenticationFilter.java:100)
	at org.springframework.security.web.FilterChainProxy$VirtualFilterChain.doFilter(FilterChainProxy.java:374)
	at org.springframework.security.web.servletapi.SecurityContextHolderAwareRequestFilter.doFilter(SecurityContextHolderAwareRequestFilter.java:179)
	at org.springframework.security.web.FilterChainProxy$VirtualFilterChain.doFilter(FilterChainProxy.java:374)
	at org.springframework.security.web.savedrequest.RequestCacheAwareFilter.doFilter(RequestCacheAwareFilter.java:63)
	at org.springframework.security.web.FilterChainProxy$VirtualFilterChain.doFilter(FilterChainProxy.java:374)
	at com.example.firstapp.filter.JwtAuthFilter.doFilterInternal(JwtAuthFilter.java:205)
	at org.springframework.web.filter.OncePerRequestFilter.doFilter(OncePerRequestFilter.java:116)
	at org.springframework.security.web.FilterChainProxy$VirtualFilterChain.doFilter(FilterChainProxy.java:374)
	at org.springframework.security.web.authentication.logout.LogoutFilter.doFilter(LogoutFilter.java:107)
	at org.springframework.security.web.authentication.logout.LogoutFilter.doFilter(LogoutFilter.java:93)
	at org.springframework.security.web.FilterChainProxy$VirtualFilterChain.doFilter(FilterChainProxy.java:374)
	at org.springframework.security.web.header.HeaderWriterFilter.doHeadersAfter(HeaderWriterFilter.java:90)
	at org.springframework.security.web.header.HeaderWriterFilter.doFilterInternal(HeaderWriterFilter.java:75)
	at org.springframework.web.filter.OncePerRequestFilter.doFilter(OncePerRequestFilter.java:116)
	at org.springframework.security.web.FilterChainProxy$VirtualFilterChain.doFilter(FilterChainProxy.java:374)
	at org.springframework.security.web.context.SecurityContextHolderFilter.doFilter(SecurityContextHolderFilter.java:82)
	at org.springframework.security.web.context.SecurityContextHolderFilter.doFilter(SecurityContextHolderFilter.java:69)
	at org.springframework.security.web.FilterChainProxy$VirtualFilterChain.doFilter(FilterChainProxy.java:374)
	at org.springframework.security.web.context.request.async.WebAsyncManagerIntegrationFilter.doFilterInternal(WebAsyncManagerIntegrationFilter.java:62)
	at org.springframework.web.filter.OncePerRequestFilter.doFilter(OncePerRequestFilter.java:116)
	at org.springframework.security.web.FilterChainProxy$VirtualFilterChain.doFilter(FilterChainProxy.java:374)
	at org.springframework.security.web.session.DisableEncodeUrlFilter.doFilterInternal(DisableEncodeUrlFilter.java:42)
	at org.springframework.web.filter.OncePerRequestFilter.doFilter(OncePerRequestFilter.java:116)
	at org.springframework.security.web.FilterChainProxy$VirtualFilterChain.doFilter(FilterChainProxy.java:374)
	at org.springframework.security.web.FilterChainProxy.doFilterInternal(FilterChainProxy.java:233)
	at org.springframework.security.web.FilterChainProxy.doFilter(FilterChainProxy.java:191)
	at org.springframework.web.filter.CompositeFilter$VirtualFilterChain.doFilter(CompositeFilter.java:113)
	at org.springframework.web.servlet.handler.HandlerMappingIntrospector.lambda$createCacheFilter$3(HandlerMappingIntrospector.java:195)
	at org.springframework.web.filter.CompositeFilter$VirtualFilterChain.doFilter(CompositeFilter.java:113)
	at org.springframework.web.filter.CompositeFilter.doFilter(CompositeFilter.java:74)
	at org.springframework.security.config.annotation.web.configuration.WebMvcSecurityConfiguration$CompositeFilterChainProxy.doFilter(WebMvcSecurityConfiguration.java:230)
	at org.springframework.web.filter.DelegatingFilterProxy.invokeDelegate(DelegatingFilterProxy.java:362)
	at org.springframework.web.filter.DelegatingFilterProxy.doFilter(DelegatingFilterProxy.java:278)
	at org.apache.catalina.core.ApplicationFilterChain.internalDoFilter(ApplicationFilterChain.java:164)
	at org.apache.catalina.core.ApplicationFilterChain.doFilter(ApplicationFilterChain.java:140)
	at org.springframework.web.filter.RequestContextFilter.doFilterInternal(RequestContextFilter.java:100)
	at org.springframework.web.filter.OncePerRequestFilter.doFilter(OncePerRequestFilter.java:116)
	at org.apache.catalina.core.ApplicationFilterChain.internalDoFilter(ApplicationFilterChain.java:164)
	at org.apache.catalina.core.ApplicationFilterChain.doFilter(ApplicationFilterChain.java:140)
	at org.springframework.web.filter.FormContentFilter.doFilterInternal(FormContentFilter.java:93)
	at org.springframework.web.filter.OncePerRequestFilter.doFilter(OncePerRequestFilter.java:116)
	at org.apache.catalina.core.ApplicationFilterChain.internalDoFilter(ApplicationFilterChain.java:164)
	at org.apache.catalina.core.ApplicationFilterChain.doFilter(ApplicationFilterChain.java:140)
	at org.springframework.web.filter.CharacterEncodingFilter.doFilterInternal(CharacterEncodingFilter.java:201)
	at org.springframework.web.filter.OncePerRequestFilter.doFilter(OncePerRequestFilter.java:116)
	at org.apache.catalina.core.ApplicationFilterChain.internalDoFilter(ApplicationFilterChain.java:164)
	at org.apache.catalina.core.ApplicationFilterChain.doFilter(ApplicationFilterChain.java:140)
	at com.example.firstapp.filter.RateLimitFilter.doFilterInternal(RateLimitFilter.java:161)
	at org.springframework.web.filter.OncePerRequestFilter.doFilter(OncePerRequestFilter.java:116)
	at org.apache.catalina.core.ApplicationFilterChain.internalDoFilter(ApplicationFilterChain.java:164)
	at org.apache.catalina.core.ApplicationFilterChain.doFilter(ApplicationFilterChain.java:140)
	at org.apache.catalina.core.StandardWrapperValve.invoke(StandardWrapperValve.java:167)
	at org.apache.catalina.core.StandardContextValve.invoke(StandardContextValve.java:90)
	at org.apache.catalina.authenticator.AuthenticatorBase.invoke(AuthenticatorBase.java:483)
	at org.apache.catalina.core.StandardHostValve.invoke(StandardHostValve.java:116)
	at org.apache.catalina.valves.ErrorReportValve.invoke(ErrorReportValve.java:93)
	at org.apache.catalina.core.StandardEngineValve.invoke(StandardEngineValve.java:74)
	at org.apache.catalina.connector.CoyoteAdapter.service(CoyoteAdapter.java:344)
	at org.apache.coyote.http11.Http11Processor.service(Http11Processor.java:398)
	at org.apache.coyote.AbstractProcessorLight.process(AbstractProcessorLight.java:63)
	at org.apache.coyote.AbstractProtocol$ConnectionHandler.process(AbstractProtocol.java:903)
	at org.apache.tomcat.util.net.NioEndpoint$SocketProcessor.doRun(NioEndpoint.java:1769)
	at org.apache.tomcat.util.net.SocketProcessorBase.run(SocketProcessorBase.java:52)
	at org.apache.tomcat.util.threads.ThreadPoolExecutor.runWorker(ThreadPoolExecutor.java:1189)
	at org.apache.tomcat.util.threads.ThreadPoolExecutor$Worker.run(ThreadPoolExecutor.java:658)
	at org.apache.tomcat.util.threads.TaskThread$WrappingRunnable.run(TaskThread.java:63)
	at java.base/java.lang.Thread.run(Thread.java:1474)
2026-09-09 23:36:32.267 DEBUG 7964 --- [nio-8080-exec-6] o.s.security.web.FilterChainProxy        : Secured GET /api/v1/me/applications
2026-09-09 23:36:32.267 ERROR 7964 --- [nio-8080-exec-3] c.e.f.handler.GlobalExceptionHandler     : Unexpected error at /api/v1/me/suggestions: No static resource api/v1/me/suggestions.
org.springframework.web.servlet.resource.NoResourceFoundException: No static resource api/v1/me/suggestions.
	at org.springframework.web.servlet.resource.ResourceHttpRequestHandler.handleRequest(ResourceHttpRequestHandler.java:586)
	at org.springframework.web.servlet.mvc.HttpRequestHandlerAdapter.handle(HttpRequestHandlerAdapter.java:52)
	at org.springframework.web.servlet.DispatcherServlet.doDispatch(DispatcherServlet.java:1089)
	at org.springframework.web.servlet.DispatcherServlet.doService(DispatcherServlet.java:979)
	at org.springframework.web.servlet.FrameworkServlet.processRequest(FrameworkServlet.java:1014)
	at org.springframework.web.servlet.FrameworkServlet.doGet(FrameworkServlet.java:903)
	at jakarta.servlet.http.HttpServlet.service(HttpServlet.java:564)
	at org.springframework.web.servlet.FrameworkServlet.service(FrameworkServlet.java:885)
	at jakarta.servlet.http.HttpServlet.service(HttpServlet.java:658)
	at org.apache.catalina.core.ApplicationFilterChain.internalDoFilter(ApplicationFilterChain.java:195)
	at org.apache.catalina.core.ApplicationFilterChain.doFilter(ApplicationFilterChain.java:140)
	at org.apache.tomcat.websocket.server.WsFilter.doFilter(WsFilter.java:51)
	at org.apache.catalina.core.ApplicationFilterChain.internalDoFilter(ApplicationFilterChain.java:164)
	at org.apache.catalina.core.ApplicationFilterChain.doFilter(ApplicationFilterChain.java:140)
	at org.springframework.web.filter.CompositeFilter$VirtualFilterChain.doFilter(CompositeFilter.java:108)
	at org.springframework.security.web.FilterChainProxy.lambda$doFilterInternal$3(FilterChainProxy.java:231)
	at org.springframework.security.web.FilterChainProxy$VirtualFilterChain.doFilter(FilterChainProxy.java:365)
	at org.springframework.security.web.access.intercept.AuthorizationFilter.doFilter(AuthorizationFilter.java:100)
	at org.springframework.security.web.FilterChainProxy$VirtualFilterChain.doFilter(FilterChainProxy.java:374)
	at org.springframework.security.web.access.ExceptionTranslationFilter.doFilter(ExceptionTranslationFilter.java:126)
	at org.springframework.security.web.access.ExceptionTranslationFilter.doFilter(ExceptionTranslationFilter.java:120)
	at org.springframework.security.web.FilterChainProxy$VirtualFilterChain.doFilter(FilterChainProxy.java:374)
	at org.springframework.security.web.session.SessionManagementFilter.doFilter(SessionManagementFilter.java:131)
	at org.springframework.security.web.session.SessionManagementFilter.doFilter(SessionManagementFilter.java:85)
	at org.springframework.security.web.FilterChainProxy$VirtualFilterChain.doFilter(FilterChainProxy.java:374)
	at org.springframework.security.web.authentication.AnonymousAuthenticationFilter.doFilter(AnonymousAuthenticationFilter.java:100)
	at org.springframework.security.web.FilterChainProxy$VirtualFilterChain.doFilter(FilterChainProxy.java:374)
	at org.springframework.security.web.servletapi.SecurityContextHolderAwareRequestFilter.doFilter(SecurityContextHolderAwareRequestFilter.java:179)
	at org.springframework.security.web.FilterChainProxy$VirtualFilterChain.doFilter(FilterChainProxy.java:374)
	at org.springframework.security.web.savedrequest.RequestCacheAwareFilter.doFilter(RequestCacheAwareFilter.java:63)
	at org.springframework.security.web.FilterChainProxy$VirtualFilterChain.doFilter(FilterChainProxy.java:374)
	at com.example.firstapp.filter.JwtAuthFilter.doFilterInternal(JwtAuthFilter.java:205)
	at org.springframework.web.filter.OncePerRequestFilter.doFilter(OncePerRequestFilter.java:116)
	at org.springframework.security.web.FilterChainProxy$VirtualFilterChain.doFilter(FilterChainProxy.java:374)
	at org.springframework.security.web.authentication.logout.LogoutFilter.doFilter(LogoutFilter.java:107)
	at org.springframework.security.web.authentication.logout.LogoutFilter.doFilter(LogoutFilter.java:93)
	at org.springframework.security.web.FilterChainProxy$VirtualFilterChain.doFilter(FilterChainProxy.java:374)
	at org.springframework.security.web.header.HeaderWriterFilter.doHeadersAfter(HeaderWriterFilter.java:90)
	at org.springframework.security.web.header.HeaderWriterFilter.doFilterInternal(HeaderWriterFilter.java:75)
	at org.springframework.web.filter.OncePerRequestFilter.doFilter(OncePerRequestFilter.java:116)
	at org.springframework.security.web.FilterChainProxy$VirtualFilterChain.doFilter(FilterChainProxy.java:374)
	at org.springframework.security.web.context.SecurityContextHolderFilter.doFilter(SecurityContextHolderFilter.java:82)
	at org.springframework.security.web.context.SecurityContextHolderFilter.doFilter(SecurityContextHolderFilter.java:69)
	at org.springframework.security.web.FilterChainProxy$VirtualFilterChain.doFilter(FilterChainProxy.java:374)
	at org.springframework.security.web.context.request.async.WebAsyncManagerIntegrationFilter.doFilterInternal(WebAsyncManagerIntegrationFilter.java:62)
	at org.springframework.web.filter.OncePerRequestFilter.doFilter(OncePerRequestFilter.java:116)
	at org.springframework.security.web.FilterChainProxy$VirtualFilterChain.doFilter(FilterChainProxy.java:374)
	at org.springframework.security.web.session.DisableEncodeUrlFilter.doFilterInternal(DisableEncodeUrlFilter.java:42)
	at org.springframework.web.filter.OncePerRequestFilter.doFilter(OncePerRequestFilter.java:116)
	at org.springframework.security.web.FilterChainProxy$VirtualFilterChain.doFilter(FilterChainProxy.java:374)
	at org.springframework.security.web.FilterChainProxy.doFilterInternal(FilterChainProxy.java:233)
	at org.springframework.security.web.FilterChainProxy.doFilter(FilterChainProxy.java:191)
	at org.springframework.web.filter.CompositeFilter$VirtualFilterChain.doFilter(CompositeFilter.java:113)
	at org.springframework.web.servlet.handler.HandlerMappingIntrospector.lambda$createCacheFilter$3(HandlerMappingIntrospector.java:195)
	at org.springframework.web.filter.CompositeFilter$VirtualFilterChain.doFilter(CompositeFilter.java:113)
	at org.springframework.web.filter.CompositeFilter.doFilter(CompositeFilter.java:74)
	at org.springframework.security.config.annotation.web.configuration.WebMvcSecurityConfiguration$CompositeFilterChainProxy.doFilter(WebMvcSecurityConfiguration.java:230)
	at org.springframework.web.filter.DelegatingFilterProxy.invokeDelegate(DelegatingFilterProxy.java:362)
	at org.springframework.web.filter.DelegatingFilterProxy.doFilter(DelegatingFilterProxy.java:278)
	at org.apache.catalina.core.ApplicationFilterChain.internalDoFilter(ApplicationFilterChain.java:164)
	at org.apache.catalina.core.ApplicationFilterChain.doFilter(ApplicationFilterChain.java:140)
	at org.springframework.web.filter.RequestContextFilter.doFilterInternal(RequestContextFilter.java:100)
	at org.springframework.web.filter.OncePerRequestFilter.doFilter(OncePerRequestFilter.java:116)
	at org.apache.catalina.core.ApplicationFilterChain.internalDoFilter(ApplicationFilterChain.java:164)
	at org.apache.catalina.core.ApplicationFilterChain.doFilter(ApplicationFilterChain.java:140)
	at org.springframework.web.filter.FormContentFilter.doFilterInternal(FormContentFilter.java:93)
	at org.springframework.web.filter.OncePerRequestFilter.doFilter(OncePerRequestFilter.java:116)
	at org.apache.catalina.core.ApplicationFilterChain.internalDoFilter(ApplicationFilterChain.java:164)
	at org.apache.catalina.core.ApplicationFilterChain.doFilter(ApplicationFilterChain.java:140)
	at org.springframework.web.filter.CharacterEncodingFilter.doFilterInternal(CharacterEncodingFilter.java:201)
	at org.springframework.web.filter.OncePerRequestFilter.doFilter(OncePerRequestFilter.java:116)
	at org.apache.catalina.core.ApplicationFilterChain.internalDoFilter(ApplicationFilterChain.java:164)
	at org.apache.catalina.core.ApplicationFilterChain.doFilter(ApplicationFilterChain.java:140)
	at com.example.firstapp.filter.RateLimitFilter.doFilterInternal(RateLimitFilter.java:161)
	at org.springframework.web.filter.OncePerRequestFilter.doFilter(OncePerRequestFilter.java:116)
	at org.apache.catalina.core.ApplicationFilterChain.internalDoFilter(ApplicationFilterChain.java:164)
	at org.apache.catalina.core.ApplicationFilterChain.doFilter(ApplicationFilterChain.java:140)
	at org.apache.catalina.core.StandardWrapperValve.invoke(StandardWrapperValve.java:167)
	at org.apache.catalina.core.StandardContextValve.invoke(StandardContextValve.java:90)
	at org.apache.catalina.authenticator.AuthenticatorBase.invoke(AuthenticatorBase.java:483)
	at org.apache.catalina.core.StandardHostValve.invoke(StandardHostValve.java:116)
	at org.apache.catalina.valves.ErrorReportValve.invoke(ErrorReportValve.java:93)
	at org.apache.catalina.core.StandardEngineValve.invoke(StandardEngineValve.java:74)
	at org.apache.catalina.connector.CoyoteAdapter.service(CoyoteAdapter.java:344)
	at org.apache.coyote.http11.Http11Processor.service(Http11Processor.java:398)
	at org.apache.coyote.AbstractProcessorLight.process(AbstractProcessorLight.java:63)
	at org.apache.coyote.AbstractProtocol$ConnectionHandler.process(AbstractProtocol.java:903)
	at org.apache.tomcat.util.net.NioEndpoint$SocketProcessor.doRun(NioEndpoint.java:1769)
	at org.apache.tomcat.util.net.SocketProcessorBase.run(SocketProcessorBase.java:52)
	at org.apache.tomcat.util.threads.ThreadPoolExecutor.runWorker(ThreadPoolExecutor.java:1189)
	at org.apache.tomcat.util.threads.ThreadPoolExecutor$Worker.run(ThreadPoolExecutor.java:658)
	at org.apache.tomcat.util.threads.TaskThread$WrappingRunnable.run(TaskThread.java:63)
	at java.base/java.lang.Thread.run(Thread.java:1474)
2026-09-09 23:36:32.282  WARN 7964 --- [nio-8080-exec-4] .m.m.a.ExceptionHandlerExceptionResolver : Resolved [org.springframework.web.servlet.resource.NoResourceFoundException: No static resource api/v1/me/advisory-sessions.]
2026-09-09 23:36:32.299  WARN 7964 --- [nio-8080-exec-1] .m.m.a.ExceptionHandlerExceptionResolver : Resolved [org.springframework.web.servlet.resource.NoResourceFoundException: No static resource api/v1/me.]
2026-09-09 23:36:32.301  WARN 7964 --- [nio-8080-exec-3] .m.m.a.ExceptionHandlerExceptionResolver : Resolved [org.springframework.web.servlet.resource.NoResourceFoundException: No static resource api/v1/me/suggestions.]
2026-09-09 23:36:32.303 ERROR 7964 --- [nio-8080-exec-6] c.e.f.handler.GlobalExceptionHandler     : Unexpected error at /api/v1/me/applications: No static resource api/v1/me/applications.
org.springframework.web.servlet.resource.NoResourceFoundException: No static resource api/v1/me/applications.
	at org.springframework.web.servlet.resource.ResourceHttpRequestHandler.handleRequest(ResourceHttpRequestHandler.java:586)
	at org.springframework.web.servlet.mvc.HttpRequestHandlerAdapter.handle(HttpRequestHandlerAdapter.java:52)
	at org.springframework.web.servlet.DispatcherServlet.doDispatch(DispatcherServlet.java:1089)
	at org.springframework.web.servlet.DispatcherServlet.doService(DispatcherServlet.java:979)
	at org.springframework.web.servlet.FrameworkServlet.processRequest(FrameworkServlet.java:1014)
	at org.springframework.web.servlet.FrameworkServlet.doGet(FrameworkServlet.java:903)
	at jakarta.servlet.http.HttpServlet.service(HttpServlet.java:564)
	at org.springframework.web.servlet.FrameworkServlet.service(FrameworkServlet.java:885)
	at jakarta.servlet.http.HttpServlet.service(HttpServlet.java:658)
	at org.apache.catalina.core.ApplicationFilterChain.internalDoFilter(ApplicationFilterChain.java:195)
	at org.apache.catalina.core.ApplicationFilterChain.doFilter(ApplicationFilterChain.java:140)
	at org.apache.tomcat.websocket.server.WsFilter.doFilter(WsFilter.java:51)
	at org.apache.catalina.core.ApplicationFilterChain.internalDoFilter(ApplicationFilterChain.java:164)
	at org.apache.catalina.core.ApplicationFilterChain.doFilter(ApplicationFilterChain.java:140)
	at org.springframework.web.filter.CompositeFilter$VirtualFilterChain.doFilter(CompositeFilter.java:108)
	at org.springframework.security.web.FilterChainProxy.lambda$doFilterInternal$3(FilterChainProxy.java:231)
	at org.springframework.security.web.FilterChainProxy$VirtualFilterChain.doFilter(FilterChainProxy.java:365)
	at org.springframework.security.web.access.intercept.AuthorizationFilter.doFilter(AuthorizationFilter.java:100)
	at org.springframework.security.web.FilterChainProxy$VirtualFilterChain.doFilter(FilterChainProxy.java:374)
	at org.springframework.security.web.access.ExceptionTranslationFilter.doFilter(ExceptionTranslationFilter.java:126)
	at org.springframework.security.web.access.ExceptionTranslationFilter.doFilter(ExceptionTranslationFilter.java:120)
	at org.springframework.security.web.FilterChainProxy$VirtualFilterChain.doFilter(FilterChainProxy.java:374)
	at org.springframework.security.web.session.SessionManagementFilter.doFilter(SessionManagementFilter.java:131)
	at org.springframework.security.web.session.SessionManagementFilter.doFilter(SessionManagementFilter.java:85)
	at org.springframework.security.web.FilterChainProxy$VirtualFilterChain.doFilter(FilterChainProxy.java:374)
	at org.springframework.security.web.authentication.AnonymousAuthenticationFilter.doFilter(AnonymousAuthenticationFilter.java:100)
	at org.springframework.security.web.FilterChainProxy$VirtualFilterChain.doFilter(FilterChainProxy.java:374)
	at org.springframework.security.web.servletapi.SecurityContextHolderAwareRequestFilter.doFilter(SecurityContextHolderAwareRequestFilter.java:179)
	at org.springframework.security.web.FilterChainProxy$VirtualFilterChain.doFilter(FilterChainProxy.java:374)
	at org.springframework.security.web.savedrequest.RequestCacheAwareFilter.doFilter(RequestCacheAwareFilter.java:63)
	at org.springframework.security.web.FilterChainProxy$VirtualFilterChain.doFilter(FilterChainProxy.java:374)
	at com.example.firstapp.filter.JwtAuthFilter.doFilterInternal(JwtAuthFilter.java:205)
	at org.springframework.web.filter.OncePerRequestFilter.doFilter(OncePerRequestFilter.java:116)
	at org.springframework.security.web.FilterChainProxy$VirtualFilterChain.doFilter(FilterChainProxy.java:374)
	at org.springframework.security.web.authentication.logout.LogoutFilter.doFilter(LogoutFilter.java:107)
	at org.springframework.security.web.authentication.logout.LogoutFilter.doFilter(LogoutFilter.java:93)
	at org.springframework.security.web.FilterChainProxy$VirtualFilterChain.doFilter(FilterChainProxy.java:374)
	at org.springframework.security.web.header.HeaderWriterFilter.doHeadersAfter(HeaderWriterFilter.java:90)
	at org.springframework.security.web.header.HeaderWriterFilter.doFilterInternal(HeaderWriterFilter.java:75)
	at org.springframework.web.filter.OncePerRequestFilter.doFilter(OncePerRequestFilter.java:116)
	at org.springframework.security.web.FilterChainProxy$VirtualFilterChain.doFilter(FilterChainProxy.java:374)
	at org.springframework.security.web.context.SecurityContextHolderFilter.doFilter(SecurityContextHolderFilter.java:82)
	at org.springframework.security.web.context.SecurityContextHolderFilter.doFilter(SecurityContextHolderFilter.java:69)
	at org.springframework.security.web.FilterChainProxy$VirtualFilterChain.doFilter(FilterChainProxy.java:374)
	at org.springframework.security.web.context.request.async.WebAsyncManagerIntegrationFilter.doFilterInternal(WebAsyncManagerIntegrationFilter.java:62)
	at org.springframework.web.filter.OncePerRequestFilter.doFilter(OncePerRequestFilter.java:116)
	at org.springframework.security.web.FilterChainProxy$VirtualFilterChain.doFilter(FilterChainProxy.java:374)
	at org.springframework.security.web.session.DisableEncodeUrlFilter.doFilterInternal(DisableEncodeUrlFilter.java:42)
	at org.springframework.web.filter.OncePerRequestFilter.doFilter(OncePerRequestFilter.java:116)
	at org.springframework.security.web.FilterChainProxy$VirtualFilterChain.doFilter(FilterChainProxy.java:374)
	at org.springframework.security.web.FilterChainProxy.doFilterInternal(FilterChainProxy.java:233)
	at org.springframework.security.web.FilterChainProxy.doFilter(FilterChainProxy.java:191)
	at org.springframework.web.filter.CompositeFilter$VirtualFilterChain.doFilter(CompositeFilter.java:113)
	at org.springframework.web.servlet.handler.HandlerMappingIntrospector.lambda$createCacheFilter$3(HandlerMappingIntrospector.java:195)
	at org.springframework.web.filter.CompositeFilter$VirtualFilterChain.doFilter(CompositeFilter.java:113)
	at org.springframework.web.filter.CompositeFilter.doFilter(CompositeFilter.java:74)
	at org.springframework.security.config.annotation.web.configuration.WebMvcSecurityConfiguration$CompositeFilterChainProxy.doFilter(WebMvcSecurityConfiguration.java:230)
	at org.springframework.web.filter.DelegatingFilterProxy.invokeDelegate(DelegatingFilterProxy.java:362)
	at org.springframework.web.filter.DelegatingFilterProxy.doFilter(DelegatingFilterProxy.java:278)
	at org.apache.catalina.core.ApplicationFilterChain.internalDoFilter(ApplicationFilterChain.java:164)
	at org.apache.catalina.core.ApplicationFilterChain.doFilter(ApplicationFilterChain.java:140)
	at org.springframework.web.filter.RequestContextFilter.doFilterInternal(RequestContextFilter.java:100)
	at org.springframework.web.filter.OncePerRequestFilter.doFilter(OncePerRequestFilter.java:116)
	at org.apache.catalina.core.ApplicationFilterChain.internalDoFilter(ApplicationFilterChain.java:164)
	at org.apache.catalina.core.ApplicationFilterChain.doFilter(ApplicationFilterChain.java:140)
	at org.springframework.web.filter.FormContentFilter.doFilterInternal(FormContentFilter.java:93)
	at org.springframework.web.filter.OncePerRequestFilter.doFilter(OncePerRequestFilter.java:116)
	at org.apache.catalina.core.ApplicationFilterChain.internalDoFilter(ApplicationFilterChain.java:164)
	at org.apache.catalina.core.ApplicationFilterChain.doFilter(ApplicationFilterChain.java:140)
	at org.springframework.web.filter.CharacterEncodingFilter.doFilterInternal(CharacterEncodingFilter.java:201)
	at org.springframework.web.filter.OncePerRequestFilter.doFilter(OncePerRequestFilter.java:116)
	at org.apache.catalina.core.ApplicationFilterChain.internalDoFilter(ApplicationFilterChain.java:164)
	at org.apache.catalina.core.ApplicationFilterChain.doFilter(ApplicationFilterChain.java:140)
	at com.example.firstapp.filter.RateLimitFilter.doFilterInternal(RateLimitFilter.java:161)
	at org.springframework.web.filter.OncePerRequestFilter.doFilter(OncePerRequestFilter.java:116)
	at org.apache.catalina.core.ApplicationFilterChain.internalDoFilter(ApplicationFilterChain.java:164)
	at org.apache.catalina.core.ApplicationFilterChain.doFilter(ApplicationFilterChain.java:140)
	at org.apache.catalina.core.StandardWrapperValve.invoke(StandardWrapperValve.java:167)
	at org.apache.catalina.core.StandardContextValve.invoke(StandardContextValve.java:90)
	at org.apache.catalina.authenticator.AuthenticatorBase.invoke(AuthenticatorBase.java:483)
	at org.apache.catalina.core.StandardHostValve.invoke(StandardHostValve.java:116)
	at org.apache.catalina.valves.ErrorReportValve.invoke(ErrorReportValve.java:93)
	at org.apache.catalina.core.StandardEngineValve.invoke(StandardEngineValve.java:74)
	at org.apache.catalina.connector.CoyoteAdapter.service(CoyoteAdapter.java:344)
	at org.apache.coyote.http11.Http11Processor.service(Http11Processor.java:398)
	at org.apache.coyote.AbstractProcessorLight.process(AbstractProcessorLight.java:63)
	at org.apache.coyote.AbstractProtocol$ConnectionHandler.process(AbstractProtocol.java:903)
	at org.apache.tomcat.util.net.NioEndpoint$SocketProcessor.doRun(NioEndpoint.java:1769)
	at org.apache.tomcat.util.net.SocketProcessorBase.run(SocketProcessorBase.java:52)
	at org.apache.tomcat.util.threads.ThreadPoolExecutor.runWorker(ThreadPoolExecutor.java:1189)
	at org.apache.tomcat.util.threads.ThreadPoolExecutor$Worker.run(ThreadPoolExecutor.java:658)
	at org.apache.tomcat.util.threads.TaskThread$WrappingRunnable.run(TaskThread.java:63)
	at java.base/java.lang.Thread.run(Thread.java:1474)
2026-09-09 23:36:32.363  WARN 7964 --- [nio-8080-exec-6] .m.m.a.ExceptionHandlerExceptionResolver : Resolved [org.springframework.web.servlet.resource.NoResourceFoundException: No static resource api/v1/me/applications.]
