2026-08-05 12:21:42.180  INFO 12648 --- [  restartedMain] c.e.firstapp.FirstappApplication         : Starting FirstappApplication using Java 25.0.3 with PID 12648 (E:\firstapp\firstapp\target\classes started by Dell in E:\firstapp\firstapp)
2026-08-05 12:21:42.185  INFO 12648 --- [  restartedMain] c.e.firstapp.FirstappApplication         : No active profile set, falling back to 1 default profile: "default"
2026-08-05 12:21:42.257  INFO 12648 --- [  restartedMain] .e.DevToolsPropertyDefaultsPostProcessor : Devtools property defaults active! Set 'spring.devtools.add-properties' to 'false' to disable
2026-08-05 12:21:42.258  INFO 12648 --- [  restartedMain] .e.DevToolsPropertyDefaultsPostProcessor : For additional web related logging consider setting the 'logging.level.web' property to 'DEBUG'
2026-08-05 12:21:43.884  INFO 12648 --- [  restartedMain] .s.d.r.c.RepositoryConfigurationDelegate : Bootstrapping Spring Data JPA repositories in DEFAULT mode.
2026-08-05 12:21:43.959  INFO 12648 --- [  restartedMain] .s.d.r.c.RepositoryConfigurationDelegate : Finished Spring Data repository scanning in 63 ms. Found 2 JPA repository interfaces.
2026-08-05 12:21:44.743  INFO 12648 --- [  restartedMain] o.s.b.w.e.tomcat.TomcatWebServer         : Tomcat initialized with port 8080 (http)
2026-08-05 12:21:44.759  INFO 12648 --- [  restartedMain] o.a.catalina.core.StandardService        : Starting service [Tomcat]
2026-08-05 12:21:44.760  INFO 12648 --- [  restartedMain] o.a.catalina.core.StandardEngine         : Starting Servlet engine: [Apache Tomcat/10.1.42]
2026-08-05 12:21:44.829  INFO 12648 --- [  restartedMain] o.a.c.c.C.[Tomcat].[localhost].[/]       : Initializing Spring embedded WebApplicationContext
2026-08-05 12:21:44.830  INFO 12648 --- [  restartedMain] w.s.c.ServletWebServerApplicationContext : Root WebApplicationContext: initialization completed in 2571 ms
2026-08-05 12:21:44.990  INFO 12648 --- [  restartedMain] o.h.jpa.internal.util.LogHelper          : HHH000204: Processing PersistenceUnitInfo [name: default]
2026-08-05 12:21:45.078  INFO 12648 --- [  restartedMain] org.hibernate.Version                    : HHH000412: Hibernate ORM core version 6.5.3.Final
2026-08-05 12:21:45.127  INFO 12648 --- [  restartedMain] o.h.c.i.RegionFactoryInitiator           : HHH000026: Second-level cache disabled
2026-08-05 12:21:45.503  INFO 12648 --- [  restartedMain] o.s.o.j.p.SpringPersistenceUnitInfo      : No LoadTimeWeaver setup: ignoring JPA class transformer
2026-08-05 12:21:45.539  INFO 12648 --- [  restartedMain] com.zaxxer.hikari.HikariDataSource       : BusinessAppHikariPool - Starting...
2026-08-05 12:21:49.696  INFO 12648 --- [  restartedMain] com.zaxxer.hikari.pool.HikariPool        : BusinessAppHikariPool - Added connection com.mysql.cj.jdbc.ConnectionImpl@69d84e87
2026-08-05 12:21:49.699  INFO 12648 --- [  restartedMain] com.zaxxer.hikari.HikariDataSource       : BusinessAppHikariPool - Start completed.
2026-08-05 12:21:50.726  INFO 12648 --- [  restartedMain] o.h.e.t.j.p.i.JtaPlatformInitiator       : HHH000489: No JTA platform available (set 'hibernate.transaction.jta.platform' to enable JTA platform integration)
2026-08-05 12:21:50.815 DEBUG 12648 --- [  restartedMain] org.hibernate.SQL                        : 
    create table password_reset_tokens (
        id bigint not null auto_increment,
        created_at datetime(6),
        expires_at datetime(6) not null,
        token_hash varchar(100) not null,
        used bit not null,
        user_id bigint not null,
        primary key (id)
    ) engine=InnoDB
2026-08-05 12:21:50.865 DEBUG 12648 --- [  restartedMain] org.hibernate.SQL                        : 
    alter table users 
       modify column role enum ('ROLE_ADMIN','ROLE_CUSTOMER','ROLE_MANAGER','ROLE_MEMBERS') not null
2026-08-05 12:21:50.898 DEBUG 12648 --- [  restartedMain] org.hibernate.SQL                        : 
    create index idx_prt_user_id 
       on password_reset_tokens (user_id)
2026-08-05 12:21:50.915 DEBUG 12648 --- [  restartedMain] org.hibernate.SQL                        : 
    alter table password_reset_tokens 
       drop index idx_prt_token_hash
2026-08-05 12:21:50.928 DEBUG 12648 --- [  restartedMain] org.hibernate.SQL                        : 
    alter table password_reset_tokens 
       add constraint idx_prt_token_hash unique (token_hash)
2026-08-05 12:21:50.950  INFO 12648 --- [  restartedMain] j.LocalContainerEntityManagerFactoryBean : Initialized JPA EntityManagerFactory for persistence unit 'default'
2026-08-05 12:21:51.221  INFO 12648 --- [  restartedMain] o.s.d.j.r.query.QueryEnhancerFactory     : Hibernate is in classpath; If applicable, HQL parser will be used.
2026-08-05 12:21:51.805  INFO 12648 --- [  restartedMain] o.s.b.web.servlet.RegistrationBean       : Filter disableJwtAuthFilterRegistration was not registered (disabled)
2026-08-05 12:21:52.065  INFO 12648 --- [  restartedMain] eAuthenticationProviderManagerConfigurer : Global AuthenticationManager configured with AuthenticationProvider bean with name authenticationProvider
2026-08-05 12:21:52.066  WARN 12648 --- [  restartedMain] r$InitializeUserDetailsManagerConfigurer : Global AuthenticationManager configured with an AuthenticationProvider bean. UserDetailsService beans will not be used for username/password login. Consider removing the AuthenticationProvider bean. Alternatively, consider using the UserDetailsService in a manually instantiated DaoAuthenticationProvider.
2026-08-05 12:21:52.160  INFO 12648 --- [  restartedMain] c.e.firstapp.config.AsyncConfig          : Email thread pool initialized: core=2 max=5 queue=50
2026-08-05 12:21:52.499 DEBUG 12648 --- [  restartedMain] o.s.s.web.DefaultSecurityFilterChain     : Will secure any request with filters: DisableEncodeUrlFilter, WebAsyncManagerIntegrationFilter, SecurityContextHolderFilter, HeaderWriterFilter, LogoutFilter, JwtAuthFilter, RequestCacheAwareFilter, SecurityContextHolderAwareRequestFilter, AnonymousAuthenticationFilter, SessionManagementFilter, ExceptionTranslationFilter, AuthorizationFilter
2026-08-05 12:21:52.932  INFO 12648 --- [  restartedMain] o.s.b.d.a.OptionalLiveReloadServer       : LiveReload server is running on port 35729
2026-08-05 12:21:52.992  INFO 12648 --- [  restartedMain] o.s.b.w.e.tomcat.TomcatWebServer         : Tomcat started on port 8080 (http) with context path '/'
2026-08-05 12:21:53.002  INFO 12648 --- [  restartedMain] c.e.firstapp.FirstappApplication         : Started FirstappApplication in 11.53 seconds (process running for 13.556)
2026-08-05 12:51:01.601  INFO 12648 --- [   File Watcher] rtingClassPathChangeChangedEventListener : Restarting due to 1 class path change (0 additions, 0 deletions, 1 modification)
2026-08-05 12:51:02.184  INFO 12648 --- [       Thread-5] j.LocalContainerEntityManagerFactoryBean : Closing JPA EntityManagerFactory for persistence unit 'default'
2026-08-05 12:51:02.346  INFO 12648 --- [       Thread-5] com.zaxxer.hikari.HikariDataSource       : BusinessAppHikariPool - Shutdown initiated...
2026-08-05 12:51:02.418  INFO 12648 --- [       Thread-5] com.zaxxer.hikari.HikariDataSource       : BusinessAppHikariPool - Shutdown completed.
2026-08-05 12:51:06.216  INFO 12648 --- [  restartedMain] c.e.firstapp.FirstappApplication         : Starting FirstappApplication using Java 25.0.3 with PID 12648 (E:\firstapp\firstapp\target\classes started by Dell in E:\firstapp\firstapp)
2026-08-05 12:51:06.217  INFO 12648 --- [  restartedMain] c.e.firstapp.FirstappApplication         : No active profile set, falling back to 1 default profile: "default"
2026-08-05 12:51:07.535  INFO 12648 --- [  restartedMain] .s.d.r.c.RepositoryConfigurationDelegate : Bootstrapping Spring Data JPA repositories in DEFAULT mode.
2026-08-05 12:51:07.557  INFO 12648 --- [  restartedMain] .s.d.r.c.RepositoryConfigurationDelegate : Finished Spring Data repository scanning in 20 ms. Found 2 JPA repository interfaces.
2026-08-05 12:51:07.751  INFO 12648 --- [  restartedMain] o.s.b.w.e.tomcat.TomcatWebServer         : Tomcat initialized with port 8080 (http)
2026-08-05 12:51:07.752  INFO 12648 --- [  restartedMain] o.a.catalina.core.StandardService        : Starting service [Tomcat]
2026-08-05 12:51:07.754  INFO 12648 --- [  restartedMain] o.a.catalina.core.StandardEngine         : Starting Servlet engine: [Apache Tomcat/10.1.42]
2026-08-05 12:51:07.798  INFO 12648 --- [  restartedMain] o.a.c.c.C.[Tomcat].[localhost].[/]       : Initializing Spring embedded WebApplicationContext
2026-08-05 12:51:07.798  INFO 12648 --- [  restartedMain] w.s.c.ServletWebServerApplicationContext : Root WebApplicationContext: initialization completed in 1579 ms
2026-08-05 12:51:07.842  INFO 12648 --- [  restartedMain] o.h.jpa.internal.util.LogHelper          : HHH000204: Processing PersistenceUnitInfo [name: default]
2026-08-05 12:51:07.845  INFO 12648 --- [  restartedMain] o.h.c.i.RegionFactoryInitiator           : HHH000026: Second-level cache disabled
2026-08-05 12:51:07.860  INFO 12648 --- [  restartedMain] o.s.o.j.p.SpringPersistenceUnitInfo      : No LoadTimeWeaver setup: ignoring JPA class transformer
2026-08-05 12:51:07.862  INFO 12648 --- [  restartedMain] com.zaxxer.hikari.HikariDataSource       : BusinessAppHikariPool - Starting...
2026-08-05 12:51:07.898  INFO 12648 --- [  restartedMain] com.zaxxer.hikari.pool.HikariPool        : BusinessAppHikariPool - Added connection com.mysql.cj.jdbc.ConnectionImpl@3929e214
2026-08-05 12:51:07.898  INFO 12648 --- [  restartedMain] com.zaxxer.hikari.HikariDataSource       : BusinessAppHikariPool - Start completed.
2026-08-05 12:51:07.999  INFO 12648 --- [  restartedMain] o.h.e.t.j.p.i.JtaPlatformInitiator       : HHH000489: No JTA platform available (set 'hibernate.transaction.jta.platform' to enable JTA platform integration)
2026-08-05 12:51:08.039 DEBUG 12648 --- [  restartedMain] org.hibernate.SQL                        : 
    alter table users 
       modify column role enum ('ROLE_ADMIN','ROLE_CUSTOMER','ROLE_MANAGER','ROLE_MEMBERS') not null
2026-08-05 12:51:08.085  INFO 12648 --- [  restartedMain] j.LocalContainerEntityManagerFactoryBean : Initialized JPA EntityManagerFactory for persistence unit 'default'
2026-08-05 12:51:08.177  INFO 12648 --- [  restartedMain] o.s.b.web.servlet.RegistrationBean       : Filter disableJwtAuthFilterRegistration was not registered (disabled)
2026-08-05 12:51:08.222  INFO 12648 --- [  restartedMain] eAuthenticationProviderManagerConfigurer : Global AuthenticationManager configured with AuthenticationProvider bean with name authenticationProvider
2026-08-05 12:51:08.222  WARN 12648 --- [  restartedMain] r$InitializeUserDetailsManagerConfigurer : Global AuthenticationManager configured with an AuthenticationProvider bean. UserDetailsService beans will not be used for username/password login. Consider removing the AuthenticationProvider bean. Alternatively, consider using the UserDetailsService in a manually instantiated DaoAuthenticationProvider.
2026-08-05 12:51:08.262  INFO 12648 --- [  restartedMain] c.e.firstapp.config.AsyncConfig          : Email thread pool initialized: core=2 max=5 queue=50
2026-08-05 12:51:08.342 DEBUG 12648 --- [  restartedMain] o.s.s.web.DefaultSecurityFilterChain     : Will secure any request with filters: DisableEncodeUrlFilter, WebAsyncManagerIntegrationFilter, SecurityContextHolderFilter, HeaderWriterFilter, LogoutFilter, JwtAuthFilter, RequestCacheAwareFilter, SecurityContextHolderAwareRequestFilter, AnonymousAuthenticationFilter, SessionManagementFilter, ExceptionTranslationFilter, AuthorizationFilter
2026-08-05 12:51:08.425  INFO 12648 --- [  restartedMain] o.s.b.d.a.OptionalLiveReloadServer       : LiveReload server is running on port 35729
2026-08-05 12:51:08.442  INFO 12648 --- [  restartedMain] o.s.b.w.e.tomcat.TomcatWebServer         : Tomcat started on port 8080 (http) with context path '/'
2026-08-05 12:51:08.450  INFO 12648 --- [  restartedMain] c.e.firstapp.FirstappApplication         : Started FirstappApplication in 2.463 seconds (process running for 1769.003)
2026-08-05 12:51:08.452  INFO 12648 --- [  restartedMain] .ConditionEvaluationDeltaLoggingListener : Condition evaluation unchanged
2026-08-05 12:51:09.839  INFO 12648 --- [   File Watcher] rtingClassPathChangeChangedEventListener : Restarting due to 1 class path change (0 additions, 0 deletions, 1 modification)
2026-08-05 12:51:09.858  INFO 12648 --- [       Thread-7] j.LocalContainerEntityManagerFactoryBean : Closing JPA EntityManagerFactory for persistence unit 'default'
2026-08-05 12:51:09.859  INFO 12648 --- [       Thread-7] com.zaxxer.hikari.HikariDataSource       : BusinessAppHikariPool - Shutdown initiated...
2026-08-05 12:51:09.861  INFO 12648 --- [       Thread-7] com.zaxxer.hikari.HikariDataSource       : BusinessAppHikariPool - Shutdown completed.
2026-08-05 12:51:09.930  INFO 12648 --- [  restartedMain] c.e.firstapp.FirstappApplication         : Starting FirstappApplication using Java 25.0.3 with PID 12648 (E:\firstapp\firstapp\target\classes started by Dell in E:\firstapp\firstapp)
2026-08-05 12:51:09.931  INFO 12648 --- [  restartedMain] c.e.firstapp.FirstappApplication         : No active profile set, falling back to 1 default profile: "default"
2026-08-05 12:51:10.066  INFO 12648 --- [  restartedMain] .s.d.r.c.RepositoryConfigurationDelegate : Bootstrapping Spring Data JPA repositories in DEFAULT mode.
2026-08-05 12:51:10.079  INFO 12648 --- [  restartedMain] .s.d.r.c.RepositoryConfigurationDelegate : Finished Spring Data repository scanning in 12 ms. Found 2 JPA repository interfaces.
2026-08-05 12:51:10.173  INFO 12648 --- [  restartedMain] o.s.b.w.e.tomcat.TomcatWebServer         : Tomcat initialized with port 8080 (http)
2026-08-05 12:51:10.175  INFO 12648 --- [  restartedMain] o.a.catalina.core.StandardService        : Starting service [Tomcat]
2026-08-05 12:51:10.175  INFO 12648 --- [  restartedMain] o.a.catalina.core.StandardEngine         : Starting Servlet engine: [Apache Tomcat/10.1.42]
2026-08-05 12:51:10.206  INFO 12648 --- [  restartedMain] o.a.c.c.C.[Tomcat].[localhost].[/]       : Initializing Spring embedded WebApplicationContext
2026-08-05 12:51:10.206  INFO 12648 --- [  restartedMain] w.s.c.ServletWebServerApplicationContext : Root WebApplicationContext: initialization completed in 272 ms
2026-08-05 12:51:10.234  INFO 12648 --- [  restartedMain] o.h.jpa.internal.util.LogHelper          : HHH000204: Processing PersistenceUnitInfo [name: default]
2026-08-05 12:51:10.237  INFO 12648 --- [  restartedMain] o.h.c.i.RegionFactoryInitiator           : HHH000026: Second-level cache disabled
2026-08-05 12:51:10.246  INFO 12648 --- [  restartedMain] o.s.o.j.p.SpringPersistenceUnitInfo      : No LoadTimeWeaver setup: ignoring JPA class transformer
2026-08-05 12:51:10.247  INFO 12648 --- [  restartedMain] com.zaxxer.hikari.HikariDataSource       : BusinessAppHikariPool - Starting...
2026-08-05 12:51:10.253  INFO 12648 --- [  restartedMain] com.zaxxer.hikari.pool.HikariPool        : BusinessAppHikariPool - Added connection com.mysql.cj.jdbc.ConnectionImpl@48869aac
2026-08-05 12:51:10.254  INFO 12648 --- [  restartedMain] com.zaxxer.hikari.HikariDataSource       : BusinessAppHikariPool - Start completed.
2026-08-05 12:51:10.312  INFO 12648 --- [  restartedMain] o.h.e.t.j.p.i.JtaPlatformInitiator       : HHH000489: No JTA platform available (set 'hibernate.transaction.jta.platform' to enable JTA platform integration)
2026-08-05 12:51:10.321 DEBUG 12648 --- [  restartedMain] org.hibernate.SQL                        : 
    alter table users 
       modify column role enum ('ROLE_ADMIN','ROLE_CUSTOMER','ROLE_MANAGER','ROLE_MEMBERS') not null
2026-08-05 12:51:10.340  INFO 12648 --- [  restartedMain] j.LocalContainerEntityManagerFactoryBean : Initialized JPA EntityManagerFactory for persistence unit 'default'
2026-08-05 12:51:10.418  INFO 12648 --- [  restartedMain] o.s.b.web.servlet.RegistrationBean       : Filter disableJwtAuthFilterRegistration was not registered (disabled)
2026-08-05 12:51:10.449  INFO 12648 --- [  restartedMain] eAuthenticationProviderManagerConfigurer : Global AuthenticationManager configured with AuthenticationProvider bean with name authenticationProvider
2026-08-05 12:51:10.450  WARN 12648 --- [  restartedMain] r$InitializeUserDetailsManagerConfigurer : Global AuthenticationManager configured with an AuthenticationProvider bean. UserDetailsService beans will not be used for username/password login. Consider removing the AuthenticationProvider bean. Alternatively, consider using the UserDetailsService in a manually instantiated DaoAuthenticationProvider.
2026-08-05 12:51:10.482  INFO 12648 --- [  restartedMain] c.e.firstapp.config.AsyncConfig          : Email thread pool initialized: core=2 max=5 queue=50
2026-08-05 12:51:10.534 DEBUG 12648 --- [  restartedMain] o.s.s.web.DefaultSecurityFilterChain     : Will secure any request with filters: DisableEncodeUrlFilter, WebAsyncManagerIntegrationFilter, SecurityContextHolderFilter, HeaderWriterFilter, LogoutFilter, JwtAuthFilter, RequestCacheAwareFilter, SecurityContextHolderAwareRequestFilter, AnonymousAuthenticationFilter, SessionManagementFilter, ExceptionTranslationFilter, AuthorizationFilter
2026-08-05 12:51:10.611  INFO 12648 --- [  restartedMain] o.s.b.d.a.OptionalLiveReloadServer       : LiveReload server is running on port 35729
2026-08-05 12:51:10.620  INFO 12648 --- [  restartedMain] o.s.b.w.e.tomcat.TomcatWebServer         : Tomcat started on port 8080 (http) with context path '/'
2026-08-05 12:51:10.622  INFO 12648 --- [  restartedMain] c.e.firstapp.FirstappApplication         : Started FirstappApplication in 0.716 seconds (process running for 1771.177)
2026-08-05 12:51:10.624  INFO 12648 --- [  restartedMain] .ConditionEvaluationDeltaLoggingListener : Condition evaluation unchanged
2026-08-05 12:52:37.634  INFO 12648 --- [   File Watcher] rtingClassPathChangeChangedEventListener : Restarting due to 1 class path change (0 additions, 0 deletions, 1 modification)
2026-08-05 12:52:37.650  INFO 12648 --- [      Thread-11] j.LocalContainerEntityManagerFactoryBean : Closing JPA EntityManagerFactory for persistence unit 'default'
2026-08-05 12:52:37.651  INFO 12648 --- [      Thread-11] com.zaxxer.hikari.HikariDataSource       : BusinessAppHikariPool - Shutdown initiated...
2026-08-05 12:52:37.653  INFO 12648 --- [      Thread-11] com.zaxxer.hikari.HikariDataSource       : BusinessAppHikariPool - Shutdown completed.
2026-08-05 12:52:37.739  INFO 12648 --- [  restartedMain] c.e.firstapp.FirstappApplication         : Starting FirstappApplication using Java 25.0.3 with PID 12648 (E:\firstapp\firstapp\target\classes started by Dell in E:\firstapp\firstapp)
2026-08-05 12:52:37.739  INFO 12648 --- [  restartedMain] c.e.firstapp.FirstappApplication         : No active profile set, falling back to 1 default profile: "default"
2026-08-05 12:52:37.951  INFO 12648 --- [  restartedMain] .s.d.r.c.RepositoryConfigurationDelegate : Bootstrapping Spring Data JPA repositories in DEFAULT mode.
2026-08-05 12:52:37.976  INFO 12648 --- [  restartedMain] .s.d.r.c.RepositoryConfigurationDelegate : Finished Spring Data repository scanning in 24 ms. Found 2 JPA repository interfaces.
2026-08-05 12:52:38.108  INFO 12648 --- [  restartedMain] o.s.b.w.e.tomcat.TomcatWebServer         : Tomcat initialized with port 8080 (http)
2026-08-05 12:52:38.110  INFO 12648 --- [  restartedMain] o.a.catalina.core.StandardService        : Starting service [Tomcat]
2026-08-05 12:52:38.111  INFO 12648 --- [  restartedMain] o.a.catalina.core.StandardEngine         : Starting Servlet engine: [Apache Tomcat/10.1.42]
2026-08-05 12:52:38.168  INFO 12648 --- [  restartedMain] o.a.c.c.C.[Tomcat].[localhost].[/]       : Initializing Spring embedded WebApplicationContext
2026-08-05 12:52:38.169  INFO 12648 --- [  restartedMain] w.s.c.ServletWebServerApplicationContext : Root WebApplicationContext: initialization completed in 428 ms
2026-08-05 12:52:38.217  INFO 12648 --- [  restartedMain] o.h.jpa.internal.util.LogHelper          : HHH000204: Processing PersistenceUnitInfo [name: default]
2026-08-05 12:52:38.219  INFO 12648 --- [  restartedMain] o.h.c.i.RegionFactoryInitiator           : HHH000026: Second-level cache disabled
2026-08-05 12:52:38.226  INFO 12648 --- [  restartedMain] o.s.o.j.p.SpringPersistenceUnitInfo      : No LoadTimeWeaver setup: ignoring JPA class transformer
2026-08-05 12:52:38.228  INFO 12648 --- [  restartedMain] com.zaxxer.hikari.HikariDataSource       : BusinessAppHikariPool - Starting...
2026-08-05 12:52:38.236  INFO 12648 --- [  restartedMain] com.zaxxer.hikari.pool.HikariPool        : BusinessAppHikariPool - Added connection com.mysql.cj.jdbc.ConnectionImpl@5e8f4dff
2026-08-05 12:52:38.236  INFO 12648 --- [  restartedMain] com.zaxxer.hikari.HikariDataSource       : BusinessAppHikariPool - Start completed.
2026-08-05 12:52:38.352  INFO 12648 --- [  restartedMain] o.h.e.t.j.p.i.JtaPlatformInitiator       : HHH000489: No JTA platform available (set 'hibernate.transaction.jta.platform' to enable JTA platform integration)
2026-08-05 12:52:38.379 DEBUG 12648 --- [  restartedMain] org.hibernate.SQL                        : 
    alter table users 
       modify column role enum ('ROLE_ADMIN','ROLE_CUSTOMER','ROLE_MANAGER','ROLE_MEMBERS') not null
2026-08-05 12:52:38.419  INFO 12648 --- [  restartedMain] j.LocalContainerEntityManagerFactoryBean : Initialized JPA EntityManagerFactory for persistence unit 'default'
2026-08-05 12:52:38.535  INFO 12648 --- [  restartedMain] o.s.b.web.servlet.RegistrationBean       : Filter disableJwtAuthFilterRegistration was not registered (disabled)
2026-08-05 12:52:38.577  INFO 12648 --- [  restartedMain] eAuthenticationProviderManagerConfigurer : Global AuthenticationManager configured with AuthenticationProvider bean with name authenticationProvider
2026-08-05 12:52:38.578  WARN 12648 --- [  restartedMain] r$InitializeUserDetailsManagerConfigurer : Global AuthenticationManager configured with an AuthenticationProvider bean. UserDetailsService beans will not be used for username/password login. Consider removing the AuthenticationProvider bean. Alternatively, consider using the UserDetailsService in a manually instantiated DaoAuthenticationProvider.
2026-08-05 12:52:38.618  INFO 12648 --- [  restartedMain] c.e.firstapp.config.AsyncConfig          : Email thread pool initialized: core=2 max=5 queue=50
2026-08-05 12:52:38.689 DEBUG 12648 --- [  restartedMain] o.s.s.web.DefaultSecurityFilterChain     : Will secure any request with filters: DisableEncodeUrlFilter, WebAsyncManagerIntegrationFilter, SecurityContextHolderFilter, HeaderWriterFilter, LogoutFilter, JwtAuthFilter, RequestCacheAwareFilter, SecurityContextHolderAwareRequestFilter, AnonymousAuthenticationFilter, SessionManagementFilter, ExceptionTranslationFilter, AuthorizationFilter
2026-08-05 12:52:38.768  INFO 12648 --- [  restartedMain] o.s.b.d.a.OptionalLiveReloadServer       : LiveReload server is running on port 35729
2026-08-05 12:52:38.781  INFO 12648 --- [  restartedMain] o.s.b.w.e.tomcat.TomcatWebServer         : Tomcat started on port 8080 (http) with context path '/'
2026-08-05 12:52:38.786  INFO 12648 --- [  restartedMain] c.e.firstapp.FirstappApplication         : Started FirstappApplication in 1.09 seconds (process running for 1859.34)
2026-08-05 12:52:38.787  INFO 12648 --- [  restartedMain] .ConditionEvaluationDeltaLoggingListener : Condition evaluation unchanged
2026-08-05 13:03:17.635  WARN 12648 --- [ool housekeeper] com.zaxxer.hikari.pool.HikariPool        : BusinessAppHikariPool - Thread starvation or clock leap detected (housekeeper delta=6m9s285ms436µs500ns).
2026-08-05 13:32:35.585  INFO 12648 --- [   File Watcher] rtingClassPathChangeChangedEventListener : Restarting due to 1 class path change (1 addition, 0 deletions, 0 modifications)
2026-08-05 13:32:38.005  INFO 12648 --- [      Thread-15] j.LocalContainerEntityManagerFactoryBean : Closing JPA EntityManagerFactory for persistence unit 'default'
2026-08-05 13:32:38.069  INFO 12648 --- [      Thread-15] com.zaxxer.hikari.HikariDataSource       : BusinessAppHikariPool - Shutdown initiated...
2026-08-05 13:32:38.088  INFO 12648 --- [      Thread-15] com.zaxxer.hikari.HikariDataSource       : BusinessAppHikariPool - Shutdown completed.
2026-08-05 13:32:38.835  INFO 12648 --- [  restartedMain] c.e.firstapp.FirstappApplication         : Starting FirstappApplication using Java 25.0.3 with PID 12648 (E:\firstapp\firstapp\target\classes started by Dell in E:\firstapp\firstapp)
2026-08-05 13:32:38.835  INFO 12648 --- [  restartedMain] c.e.firstapp.FirstappApplication         : No active profile set, falling back to 1 default profile: "default"
2026-08-05 13:32:39.133  INFO 12648 --- [  restartedMain] .s.d.r.c.RepositoryConfigurationDelegate : Bootstrapping Spring Data JPA repositories in DEFAULT mode.
2026-08-05 13:32:39.150  INFO 12648 --- [  restartedMain] .s.d.r.c.RepositoryConfigurationDelegate : Finished Spring Data repository scanning in 19 ms. Found 2 JPA repository interfaces.
2026-08-05 13:32:39.316  INFO 12648 --- [  restartedMain] o.s.b.w.e.tomcat.TomcatWebServer         : Tomcat initialized with port 8080 (http)
2026-08-05 13:32:39.316  INFO 12648 --- [  restartedMain] o.a.catalina.core.StandardService        : Starting service [Tomcat]
2026-08-05 13:32:39.316  INFO 12648 --- [  restartedMain] o.a.catalina.core.StandardEngine         : Starting Servlet engine: [Apache Tomcat/10.1.42]
2026-08-05 13:32:39.399  INFO 12648 --- [  restartedMain] o.a.c.c.C.[Tomcat].[localhost].[/]       : Initializing Spring embedded WebApplicationContext
2026-08-05 13:32:39.399  INFO 12648 --- [  restartedMain] w.s.c.ServletWebServerApplicationContext : Root WebApplicationContext: initialization completed in 564 ms
2026-08-05 13:32:39.449  INFO 12648 --- [  restartedMain] o.h.jpa.internal.util.LogHelper          : HHH000204: Processing PersistenceUnitInfo [name: default]
2026-08-05 13:32:39.449  INFO 12648 --- [  restartedMain] o.h.c.i.RegionFactoryInitiator           : HHH000026: Second-level cache disabled
2026-08-05 13:32:39.474  INFO 12648 --- [  restartedMain] o.s.o.j.p.SpringPersistenceUnitInfo      : No LoadTimeWeaver setup: ignoring JPA class transformer
2026-08-05 13:32:39.477  INFO 12648 --- [  restartedMain] com.zaxxer.hikari.HikariDataSource       : BusinessAppHikariPool - Starting...
2026-08-05 13:32:39.516  INFO 12648 --- [  restartedMain] com.zaxxer.hikari.pool.HikariPool        : BusinessAppHikariPool - Added connection com.mysql.cj.jdbc.ConnectionImpl@44e31f42
2026-08-05 13:32:39.516  INFO 12648 --- [  restartedMain] com.zaxxer.hikari.HikariDataSource       : BusinessAppHikariPool - Start completed.
2026-08-05 13:32:39.616  INFO 12648 --- [  restartedMain] o.h.e.t.j.p.i.JtaPlatformInitiator       : HHH000489: No JTA platform available (set 'hibernate.transaction.jta.platform' to enable JTA platform integration)
2026-08-05 13:32:39.677 DEBUG 12648 --- [  restartedMain] org.hibernate.SQL                        : 
    alter table users 
       modify column role enum ('ROLE_ADMIN','ROLE_CUSTOMER','ROLE_MANAGER','ROLE_MEMBERS') not null
2026-08-05 13:32:39.849  INFO 12648 --- [  restartedMain] j.LocalContainerEntityManagerFactoryBean : Initialized JPA EntityManagerFactory for persistence unit 'default'
2026-08-05 13:32:40.034  INFO 12648 --- [  restartedMain] o.s.b.web.servlet.RegistrationBean       : Filter disableJwtAuthFilterRegistration was not registered (disabled)
2026-08-05 13:32:40.068  INFO 12648 --- [  restartedMain] eAuthenticationProviderManagerConfigurer : Global AuthenticationManager configured with AuthenticationProvider bean with name authenticationProvider
2026-08-05 13:32:40.068  WARN 12648 --- [  restartedMain] r$InitializeUserDetailsManagerConfigurer : Global AuthenticationManager configured with an AuthenticationProvider bean. UserDetailsService beans will not be used for username/password login. Consider removing the AuthenticationProvider bean. Alternatively, consider using the UserDetailsService in a manually instantiated DaoAuthenticationProvider.
2026-08-05 13:32:40.112  INFO 12648 --- [  restartedMain] c.e.firstapp.config.AsyncConfig          : Email thread pool initialized: core=2 max=5 queue=50
2026-08-05 13:32:40.167 DEBUG 12648 --- [  restartedMain] o.s.s.web.DefaultSecurityFilterChain     : Will secure any request with filters: DisableEncodeUrlFilter, WebAsyncManagerIntegrationFilter, SecurityContextHolderFilter, HeaderWriterFilter, LogoutFilter, JwtAuthFilter, RequestCacheAwareFilter, SecurityContextHolderAwareRequestFilter, AnonymousAuthenticationFilter, SessionManagementFilter, ExceptionTranslationFilter, AuthorizationFilter
2026-08-05 13:32:40.250  INFO 12648 --- [  restartedMain] o.s.b.d.a.OptionalLiveReloadServer       : LiveReload server is running on port 35729
2026-08-05 13:32:40.265  INFO 12648 --- [  restartedMain] o.s.b.w.e.tomcat.TomcatWebServer         : Tomcat started on port 8080 (http) with context path '/'
2026-08-05 13:32:40.267  INFO 12648 --- [  restartedMain] c.e.firstapp.FirstappApplication         : Started FirstappApplication in 1.483 seconds (process running for 4260.823)
2026-08-05 13:32:40.267  INFO 12648 --- [  restartedMain] .ConditionEvaluationDeltaLoggingListener : Condition evaluation unchanged
2026-08-05 13:32:56.854  INFO 12648 --- [   File Watcher] rtingClassPathChangeChangedEventListener : Restarting due to 1 class path change (1 addition, 0 deletions, 0 modifications)
2026-08-05 13:32:56.874  INFO 12648 --- [      Thread-19] j.LocalContainerEntityManagerFactoryBean : Closing JPA EntityManagerFactory for persistence unit 'default'
2026-08-05 13:32:56.875  INFO 12648 --- [      Thread-19] com.zaxxer.hikari.HikariDataSource       : BusinessAppHikariPool - Shutdown initiated...
2026-08-05 13:32:56.876  INFO 12648 --- [      Thread-19] com.zaxxer.hikari.HikariDataSource       : BusinessAppHikariPool - Shutdown completed.
2026-08-05 13:32:56.944  INFO 12648 --- [  restartedMain] c.e.firstapp.FirstappApplication         : Starting FirstappApplication using Java 25.0.3 with PID 12648 (E:\firstapp\firstapp\target\classes started by Dell in E:\firstapp\firstapp)
2026-08-05 13:32:56.945  INFO 12648 --- [  restartedMain] c.e.firstapp.FirstappApplication         : No active profile set, falling back to 1 default profile: "default"
2026-08-05 13:32:57.088  INFO 12648 --- [  restartedMain] .s.d.r.c.RepositoryConfigurationDelegate : Bootstrapping Spring Data JPA repositories in DEFAULT mode.
2026-08-05 13:32:57.102  INFO 12648 --- [  restartedMain] .s.d.r.c.RepositoryConfigurationDelegate : Finished Spring Data repository scanning in 13 ms. Found 2 JPA repository interfaces.
2026-08-05 13:32:57.167  INFO 12648 --- [  restartedMain] o.s.b.w.e.tomcat.TomcatWebServer         : Tomcat initialized with port 8080 (http)
2026-08-05 13:32:57.168  INFO 12648 --- [  restartedMain] o.a.catalina.core.StandardService        : Starting service [Tomcat]
2026-08-05 13:32:57.169  INFO 12648 --- [  restartedMain] o.a.catalina.core.StandardEngine         : Starting Servlet engine: [Apache Tomcat/10.1.42]
2026-08-05 13:32:57.215  INFO 12648 --- [  restartedMain] o.a.c.c.C.[Tomcat].[localhost].[/]       : Initializing Spring embedded WebApplicationContext
2026-08-05 13:32:57.215  INFO 12648 --- [  restartedMain] w.s.c.ServletWebServerApplicationContext : Root WebApplicationContext: initialization completed in 268 ms
2026-08-05 13:32:57.241  INFO 12648 --- [  restartedMain] o.h.jpa.internal.util.LogHelper          : HHH000204: Processing PersistenceUnitInfo [name: default]
2026-08-05 13:32:57.242  INFO 12648 --- [  restartedMain] o.h.c.i.RegionFactoryInitiator           : HHH000026: Second-level cache disabled
2026-08-05 13:32:57.248  INFO 12648 --- [  restartedMain] o.s.o.j.p.SpringPersistenceUnitInfo      : No LoadTimeWeaver setup: ignoring JPA class transformer
2026-08-05 13:32:57.249  INFO 12648 --- [  restartedMain] com.zaxxer.hikari.HikariDataSource       : BusinessAppHikariPool - Starting...
2026-08-05 13:32:57.257  INFO 12648 --- [  restartedMain] com.zaxxer.hikari.pool.HikariPool        : BusinessAppHikariPool - Added connection com.mysql.cj.jdbc.ConnectionImpl@39a689c9
2026-08-05 13:32:57.257  INFO 12648 --- [  restartedMain] com.zaxxer.hikari.HikariDataSource       : BusinessAppHikariPool - Start completed.
2026-08-05 13:32:57.311  INFO 12648 --- [  restartedMain] o.h.e.t.j.p.i.JtaPlatformInitiator       : HHH000489: No JTA platform available (set 'hibernate.transaction.jta.platform' to enable JTA platform integration)
2026-08-05 13:32:57.327 DEBUG 12648 --- [  restartedMain] org.hibernate.SQL                        : 
    alter table users 
       modify column role enum ('ROLE_ADMIN','ROLE_CUSTOMER','ROLE_MANAGER','ROLE_MEMBERS') not null
2026-08-05 13:32:57.349  INFO 12648 --- [  restartedMain] j.LocalContainerEntityManagerFactoryBean : Initialized JPA EntityManagerFactory for persistence unit 'default'
2026-08-05 13:32:57.431  INFO 12648 --- [  restartedMain] o.s.b.web.servlet.RegistrationBean       : Filter disableJwtAuthFilterRegistration was not registered (disabled)
2026-08-05 13:32:57.462  INFO 12648 --- [  restartedMain] eAuthenticationProviderManagerConfigurer : Global AuthenticationManager configured with AuthenticationProvider bean with name authenticationProvider
2026-08-05 13:32:57.463  WARN 12648 --- [  restartedMain] r$InitializeUserDetailsManagerConfigurer : Global AuthenticationManager configured with an AuthenticationProvider bean. UserDetailsService beans will not be used for username/password login. Consider removing the AuthenticationProvider bean. Alternatively, consider using the UserDetailsService in a manually instantiated DaoAuthenticationProvider.
2026-08-05 13:32:57.491  INFO 12648 --- [  restartedMain] c.e.firstapp.config.AsyncConfig          : Email thread pool initialized: core=2 max=5 queue=50
2026-08-05 13:32:57.547 DEBUG 12648 --- [  restartedMain] o.s.s.web.DefaultSecurityFilterChain     : Will secure any request with filters: DisableEncodeUrlFilter, WebAsyncManagerIntegrationFilter, SecurityContextHolderFilter, HeaderWriterFilter, LogoutFilter, JwtAuthFilter, RequestCacheAwareFilter, SecurityContextHolderAwareRequestFilter, AnonymousAuthenticationFilter, SessionManagementFilter, ExceptionTranslationFilter, AuthorizationFilter
2026-08-05 13:32:57.607  INFO 12648 --- [  restartedMain] o.s.b.d.a.OptionalLiveReloadServer       : LiveReload server is running on port 35729
2026-08-05 13:32:57.616  INFO 12648 --- [  restartedMain] o.s.b.w.e.tomcat.TomcatWebServer         : Tomcat started on port 8080 (http) with context path '/'
2026-08-05 13:32:57.619  INFO 12648 --- [  restartedMain] c.e.firstapp.FirstappApplication         : Started FirstappApplication in 0.694 seconds (process running for 4278.173)
2026-08-05 13:32:57.620  INFO 12648 --- [  restartedMain] .ConditionEvaluationDeltaLoggingListener : Condition evaluation unchanged
2026-08-05 13:33:01.049  INFO 12648 --- [   File Watcher] rtingClassPathChangeChangedEventListener : Restarting due to 1 class path change (0 additions, 0 deletions, 1 modification)
2026-08-05 13:33:01.068  INFO 12648 --- [      Thread-23] j.LocalContainerEntityManagerFactoryBean : Closing JPA EntityManagerFactory for persistence unit 'default'
2026-08-05 13:33:01.069  INFO 12648 --- [      Thread-23] com.zaxxer.hikari.HikariDataSource       : BusinessAppHikariPool - Shutdown initiated...
2026-08-05 13:33:01.069  INFO 12648 --- [      Thread-23] com.zaxxer.hikari.HikariDataSource       : BusinessAppHikariPool - Shutdown completed.
2026-08-05 13:33:01.135  INFO 12648 --- [  restartedMain] c.e.firstapp.FirstappApplication         : Starting FirstappApplication using Java 25.0.3 with PID 12648 (E:\firstapp\firstapp\target\classes started by Dell in E:\firstapp\firstapp)
2026-08-05 13:33:01.135  INFO 12648 --- [  restartedMain] c.e.firstapp.FirstappApplication         : No active profile set, falling back to 1 default profile: "default"
2026-08-05 13:33:01.315  INFO 12648 --- [  restartedMain] .s.d.r.c.RepositoryConfigurationDelegate : Bootstrapping Spring Data JPA repositories in DEFAULT mode.
2026-08-05 13:33:01.334  INFO 12648 --- [  restartedMain] .s.d.r.c.RepositoryConfigurationDelegate : Finished Spring Data repository scanning in 21 ms. Found 2 JPA repository interfaces.
2026-08-05 13:33:01.455  INFO 12648 --- [  restartedMain] o.s.b.w.e.tomcat.TomcatWebServer         : Tomcat initialized with port 8080 (http)
2026-08-05 13:33:01.455  INFO 12648 --- [  restartedMain] o.a.catalina.core.StandardService        : Starting service [Tomcat]
2026-08-05 13:33:01.457  INFO 12648 --- [  restartedMain] o.a.catalina.core.StandardEngine         : Starting Servlet engine: [Apache Tomcat/10.1.42]
2026-08-05 13:33:01.503  INFO 12648 --- [  restartedMain] o.a.c.c.C.[Tomcat].[localhost].[/]       : Initializing Spring embedded WebApplicationContext
2026-08-05 13:33:01.503  INFO 12648 --- [  restartedMain] w.s.c.ServletWebServerApplicationContext : Root WebApplicationContext: initialization completed in 366 ms
2026-08-05 13:33:01.549  INFO 12648 --- [  restartedMain] o.h.jpa.internal.util.LogHelper          : HHH000204: Processing PersistenceUnitInfo [name: default]
2026-08-05 13:33:01.551  INFO 12648 --- [  restartedMain] o.h.c.i.RegionFactoryInitiator           : HHH000026: Second-level cache disabled
2026-08-05 13:33:01.553  INFO 12648 --- [  restartedMain] o.s.o.j.p.SpringPersistenceUnitInfo      : No LoadTimeWeaver setup: ignoring JPA class transformer
2026-08-05 13:33:01.553  INFO 12648 --- [  restartedMain] com.zaxxer.hikari.HikariDataSource       : BusinessAppHikariPool - Starting...
2026-08-05 13:33:01.567  INFO 12648 --- [  restartedMain] com.zaxxer.hikari.pool.HikariPool        : BusinessAppHikariPool - Added connection com.mysql.cj.jdbc.ConnectionImpl@bf9cff9
2026-08-05 13:33:01.567  INFO 12648 --- [  restartedMain] com.zaxxer.hikari.HikariDataSource       : BusinessAppHikariPool - Start completed.
2026-08-05 13:33:01.652  INFO 12648 --- [  restartedMain] o.h.e.t.j.p.i.JtaPlatformInitiator       : HHH000489: No JTA platform available (set 'hibernate.transaction.jta.platform' to enable JTA platform integration)
2026-08-05 13:33:01.669 DEBUG 12648 --- [  restartedMain] org.hibernate.SQL                        : 
    alter table users 
       modify column role enum ('ROLE_ADMIN','ROLE_CUSTOMER','ROLE_MANAGER','ROLE_MEMBERS') not null
2026-08-05 13:33:01.703  INFO 12648 --- [  restartedMain] j.LocalContainerEntityManagerFactoryBean : Initialized JPA EntityManagerFactory for persistence unit 'default'
2026-08-05 13:33:01.850  INFO 12648 --- [  restartedMain] o.s.b.web.servlet.RegistrationBean       : Filter disableJwtAuthFilterRegistration was not registered (disabled)
2026-08-05 13:33:01.893  INFO 12648 --- [  restartedMain] eAuthenticationProviderManagerConfigurer : Global AuthenticationManager configured with AuthenticationProvider bean with name authenticationProvider
2026-08-05 13:33:01.893  WARN 12648 --- [  restartedMain] r$InitializeUserDetailsManagerConfigurer : Global AuthenticationManager configured with an AuthenticationProvider bean. UserDetailsService beans will not be used for username/password login. Consider removing the AuthenticationProvider bean. Alternatively, consider using the UserDetailsService in a manually instantiated DaoAuthenticationProvider.
2026-08-05 13:33:01.929  INFO 12648 --- [  restartedMain] c.e.firstapp.config.AsyncConfig          : Email thread pool initialized: core=2 max=5 queue=50
2026-08-05 13:33:01.992 DEBUG 12648 --- [  restartedMain] o.s.s.web.DefaultSecurityFilterChain     : Will secure any request with filters: DisableEncodeUrlFilter, WebAsyncManagerIntegrationFilter, SecurityContextHolderFilter, HeaderWriterFilter, LogoutFilter, JwtAuthFilter, RequestCacheAwareFilter, SecurityContextHolderAwareRequestFilter, AnonymousAuthenticationFilter, SessionManagementFilter, ExceptionTranslationFilter, AuthorizationFilter
2026-08-05 13:33:02.052  INFO 12648 --- [  restartedMain] o.s.b.d.a.OptionalLiveReloadServer       : LiveReload server is running on port 35729
2026-08-05 13:33:02.067  INFO 12648 --- [  restartedMain] o.s.b.w.e.tomcat.TomcatWebServer         : Tomcat started on port 8080 (http) with context path '/'
2026-08-05 13:33:02.069  INFO 12648 --- [  restartedMain] c.e.firstapp.FirstappApplication         : Started FirstappApplication in 0.953 seconds (process running for 4282.624)
2026-08-05 13:33:02.071  INFO 12648 --- [  restartedMain] .ConditionEvaluationDeltaLoggingListener : Condition evaluation unchanged
2026-08-05 13:34:15.970  INFO 12648 --- [   File Watcher] rtingClassPathChangeChangedEventListener : Restarting due to 1 class path change (1 addition, 0 deletions, 0 modifications)
2026-08-05 13:34:15.987  INFO 12648 --- [      Thread-27] j.LocalContainerEntityManagerFactoryBean : Closing JPA EntityManagerFactory for persistence unit 'default'
2026-08-05 13:34:15.988  INFO 12648 --- [      Thread-27] com.zaxxer.hikari.HikariDataSource       : BusinessAppHikariPool - Shutdown initiated...
2026-08-05 13:34:15.991  INFO 12648 --- [      Thread-27] com.zaxxer.hikari.HikariDataSource       : BusinessAppHikariPool - Shutdown completed.
2026-08-05 13:34:16.087  INFO 12648 --- [  restartedMain] c.e.firstapp.FirstappApplication         : Starting FirstappApplication using Java 25.0.3 with PID 12648 (E:\firstapp\firstapp\target\classes started by Dell in E:\firstapp\firstapp)
2026-08-05 13:34:16.089  INFO 12648 --- [  restartedMain] c.e.firstapp.FirstappApplication         : No active profile set, falling back to 1 default profile: "default"
2026-08-05 13:34:16.372  INFO 12648 --- [  restartedMain] .s.d.r.c.RepositoryConfigurationDelegate : Bootstrapping Spring Data JPA repositories in DEFAULT mode.
2026-08-05 13:34:16.405  INFO 12648 --- [  restartedMain] .s.d.r.c.RepositoryConfigurationDelegate : Finished Spring Data repository scanning in 25 ms. Found 2 JPA repository interfaces.
2026-08-05 13:34:16.540  INFO 12648 --- [  restartedMain] o.s.b.w.e.tomcat.TomcatWebServer         : Tomcat initialized with port 8080 (http)
2026-08-05 13:34:16.540  INFO 12648 --- [  restartedMain] o.a.catalina.core.StandardService        : Starting service [Tomcat]
2026-08-05 13:34:16.541  INFO 12648 --- [  restartedMain] o.a.catalina.core.StandardEngine         : Starting Servlet engine: [Apache Tomcat/10.1.42]
2026-08-05 13:34:16.596  INFO 12648 --- [  restartedMain] o.a.c.c.C.[Tomcat].[localhost].[/]       : Initializing Spring embedded WebApplicationContext
2026-08-05 13:34:16.597  INFO 12648 --- [  restartedMain] w.s.c.ServletWebServerApplicationContext : Root WebApplicationContext: initialization completed in 504 ms
2026-08-05 13:34:16.654  INFO 12648 --- [  restartedMain] o.h.jpa.internal.util.LogHelper          : HHH000204: Processing PersistenceUnitInfo [name: default]
2026-08-05 13:34:16.657  INFO 12648 --- [  restartedMain] o.h.c.i.RegionFactoryInitiator           : HHH000026: Second-level cache disabled
2026-08-05 13:34:16.665  INFO 12648 --- [  restartedMain] o.s.o.j.p.SpringPersistenceUnitInfo      : No LoadTimeWeaver setup: ignoring JPA class transformer
2026-08-05 13:34:16.668  INFO 12648 --- [  restartedMain] com.zaxxer.hikari.HikariDataSource       : BusinessAppHikariPool - Starting...
2026-08-05 13:34:16.679  INFO 12648 --- [  restartedMain] com.zaxxer.hikari.pool.HikariPool        : BusinessAppHikariPool - Added connection com.mysql.cj.jdbc.ConnectionImpl@1c674ac1
2026-08-05 13:34:16.680  INFO 12648 --- [  restartedMain] com.zaxxer.hikari.HikariDataSource       : BusinessAppHikariPool - Start completed.
2026-08-05 13:34:16.801  INFO 12648 --- [  restartedMain] o.h.e.t.j.p.i.JtaPlatformInitiator       : HHH000489: No JTA platform available (set 'hibernate.transaction.jta.platform' to enable JTA platform integration)
2026-08-05 13:34:16.816 DEBUG 12648 --- [  restartedMain] org.hibernate.SQL                        : 
    alter table users 
       modify column role enum ('ROLE_ADMIN','ROLE_CUSTOMER','ROLE_MANAGER','ROLE_MEMBERS') not null
2026-08-05 13:34:16.836  INFO 12648 --- [  restartedMain] j.LocalContainerEntityManagerFactoryBean : Initialized JPA EntityManagerFactory for persistence unit 'default'
2026-08-05 13:34:16.945  INFO 12648 --- [  restartedMain] o.s.b.web.servlet.RegistrationBean       : Filter disableJwtAuthFilterRegistration was not registered (disabled)
2026-08-05 13:34:16.998  INFO 12648 --- [  restartedMain] eAuthenticationProviderManagerConfigurer : Global AuthenticationManager configured with AuthenticationProvider bean with name authenticationProvider
2026-08-05 13:34:16.999  WARN 12648 --- [  restartedMain] r$InitializeUserDetailsManagerConfigurer : Global AuthenticationManager configured with an AuthenticationProvider bean. UserDetailsService beans will not be used for username/password login. Consider removing the AuthenticationProvider bean. Alternatively, consider using the UserDetailsService in a manually instantiated DaoAuthenticationProvider.
2026-08-05 13:34:17.030  INFO 12648 --- [  restartedMain] c.e.firstapp.config.AsyncConfig          : Email thread pool initialized: core=2 max=5 queue=50
2026-08-05 13:34:17.082 DEBUG 12648 --- [  restartedMain] o.s.s.web.DefaultSecurityFilterChain     : Will secure any request with filters: DisableEncodeUrlFilter, WebAsyncManagerIntegrationFilter, SecurityContextHolderFilter, HeaderWriterFilter, LogoutFilter, JwtAuthFilter, RequestCacheAwareFilter, SecurityContextHolderAwareRequestFilter, AnonymousAuthenticationFilter, SessionManagementFilter, ExceptionTranslationFilter, AuthorizationFilter
2026-08-05 13:34:17.134  INFO 12648 --- [  restartedMain] o.s.b.d.a.OptionalLiveReloadServer       : LiveReload server is running on port 35729
2026-08-05 13:34:17.143  INFO 12648 --- [  restartedMain] o.s.b.w.e.tomcat.TomcatWebServer         : Tomcat started on port 8080 (http) with context path '/'
2026-08-05 13:34:17.146  INFO 12648 --- [  restartedMain] c.e.firstapp.FirstappApplication         : Started FirstappApplication in 1.103 seconds (process running for 4357.7)
2026-08-05 13:34:17.147  INFO 12648 --- [  restartedMain] .ConditionEvaluationDeltaLoggingListener : Condition evaluation unchanged
2026-08-05 13:34:31.684  INFO 12648 --- [   File Watcher] rtingClassPathChangeChangedEventListener : Restarting due to 1 class path change (0 additions, 0 deletions, 1 modification)
2026-08-05 13:34:31.702  INFO 12648 --- [      Thread-31] j.LocalContainerEntityManagerFactoryBean : Closing JPA EntityManagerFactory for persistence unit 'default'
2026-08-05 13:34:31.702  INFO 12648 --- [      Thread-31] com.zaxxer.hikari.HikariDataSource       : BusinessAppHikariPool - Shutdown initiated...
2026-08-05 13:34:31.704  INFO 12648 --- [      Thread-31] com.zaxxer.hikari.HikariDataSource       : BusinessAppHikariPool - Shutdown completed.
2026-08-05 13:34:31.793  INFO 12648 --- [  restartedMain] c.e.firstapp.FirstappApplication         : Starting FirstappApplication using Java 25.0.3 with PID 12648 (E:\firstapp\firstapp\target\classes started by Dell in E:\firstapp\firstapp)
2026-08-05 13:34:31.794  INFO 12648 --- [  restartedMain] c.e.firstapp.FirstappApplication         : No active profile set, falling back to 1 default profile: "default"
2026-08-05 13:34:31.997  INFO 12648 --- [  restartedMain] .s.d.r.c.RepositoryConfigurationDelegate : Bootstrapping Spring Data JPA repositories in DEFAULT mode.
2026-08-05 13:34:32.012  INFO 12648 --- [  restartedMain] .s.d.r.c.RepositoryConfigurationDelegate : Finished Spring Data repository scanning in 14 ms. Found 2 JPA repository interfaces.
2026-08-05 13:34:32.099  INFO 12648 --- [  restartedMain] o.s.b.w.e.tomcat.TomcatWebServer         : Tomcat initialized with port 8080 (http)
2026-08-05 13:34:32.101  INFO 12648 --- [  restartedMain] o.a.catalina.core.StandardService        : Starting service [Tomcat]
2026-08-05 13:34:32.102  INFO 12648 --- [  restartedMain] o.a.catalina.core.StandardEngine         : Starting Servlet engine: [Apache Tomcat/10.1.42]
2026-08-05 13:34:32.141  INFO 12648 --- [  restartedMain] o.a.c.c.C.[Tomcat].[localhost].[/]       : Initializing Spring embedded WebApplicationContext
2026-08-05 13:34:32.141  INFO 12648 --- [  restartedMain] w.s.c.ServletWebServerApplicationContext : Root WebApplicationContext: initialization completed in 342 ms
2026-08-05 13:34:32.166  INFO 12648 --- [  restartedMain] o.h.jpa.internal.util.LogHelper          : HHH000204: Processing PersistenceUnitInfo [name: default]
2026-08-05 13:34:32.168  INFO 12648 --- [  restartedMain] o.h.c.i.RegionFactoryInitiator           : HHH000026: Second-level cache disabled
2026-08-05 13:34:32.173  INFO 12648 --- [  restartedMain] o.s.o.j.p.SpringPersistenceUnitInfo      : No LoadTimeWeaver setup: ignoring JPA class transformer
2026-08-05 13:34:32.175  INFO 12648 --- [  restartedMain] com.zaxxer.hikari.HikariDataSource       : BusinessAppHikariPool - Starting...
2026-08-05 13:34:32.185  INFO 12648 --- [  restartedMain] com.zaxxer.hikari.pool.HikariPool        : BusinessAppHikariPool - Added connection com.mysql.cj.jdbc.ConnectionImpl@551f00aa
2026-08-05 13:34:32.185  INFO 12648 --- [  restartedMain] com.zaxxer.hikari.HikariDataSource       : BusinessAppHikariPool - Start completed.
2026-08-05 13:34:32.241  INFO 12648 --- [  restartedMain] o.h.e.t.j.p.i.JtaPlatformInitiator       : HHH000489: No JTA platform available (set 'hibernate.transaction.jta.platform' to enable JTA platform integration)
2026-08-05 13:34:32.253 DEBUG 12648 --- [  restartedMain] org.hibernate.SQL                        : 
    alter table users 
       modify column role enum ('ROLE_ADMIN','ROLE_CUSTOMER','ROLE_MANAGER','ROLE_MEMBERS') not null
2026-08-05 13:34:32.282  INFO 12648 --- [  restartedMain] j.LocalContainerEntityManagerFactoryBean : Initialized JPA EntityManagerFactory for persistence unit 'default'
2026-08-05 13:34:32.364  INFO 12648 --- [  restartedMain] o.s.b.web.servlet.RegistrationBean       : Filter disableJwtAuthFilterRegistration was not registered (disabled)
2026-08-05 13:34:32.389  INFO 12648 --- [  restartedMain] eAuthenticationProviderManagerConfigurer : Global AuthenticationManager configured with AuthenticationProvider bean with name authenticationProvider
2026-08-05 13:34:32.389  WARN 12648 --- [  restartedMain] r$InitializeUserDetailsManagerConfigurer : Global AuthenticationManager configured with an AuthenticationProvider bean. UserDetailsService beans will not be used for username/password login. Consider removing the AuthenticationProvider bean. Alternatively, consider using the UserDetailsService in a manually instantiated DaoAuthenticationProvider.
2026-08-05 13:34:32.423  INFO 12648 --- [  restartedMain] c.e.firstapp.config.AsyncConfig          : Email thread pool initialized: core=2 max=5 queue=50
2026-08-05 13:34:32.497 DEBUG 12648 --- [  restartedMain] o.s.s.web.DefaultSecurityFilterChain     : Will secure any request with filters: DisableEncodeUrlFilter, WebAsyncManagerIntegrationFilter, SecurityContextHolderFilter, HeaderWriterFilter, LogoutFilter, JwtAuthFilter, RequestCacheAwareFilter, SecurityContextHolderAwareRequestFilter, AnonymousAuthenticationFilter, SessionManagementFilter, ExceptionTranslationFilter, AuthorizationFilter
2026-08-05 13:34:32.556  INFO 12648 --- [  restartedMain] o.s.b.d.a.OptionalLiveReloadServer       : LiveReload server is running on port 35729
2026-08-05 13:34:32.566  INFO 12648 --- [  restartedMain] o.s.b.w.e.tomcat.TomcatWebServer         : Tomcat started on port 8080 (http) with context path '/'
2026-08-05 13:34:32.572  INFO 12648 --- [  restartedMain] c.e.firstapp.FirstappApplication         : Started FirstappApplication in 0.809 seconds (process running for 4373.125)
2026-08-05 13:34:32.574  INFO 12648 --- [  restartedMain] .ConditionEvaluationDeltaLoggingListener : Condition evaluation unchanged
2026-08-05 13:35:41.178  INFO 12648 --- [nio-8080-exec-1] o.a.c.c.C.[Tomcat].[localhost].[/]       : Initializing Spring DispatcherServlet 'dispatcherServlet'
2026-08-05 13:35:41.178  INFO 12648 --- [nio-8080-exec-1] o.s.web.servlet.DispatcherServlet        : Initializing Servlet 'dispatcherServlet'
2026-08-05 13:35:41.192  INFO 12648 --- [nio-8080-exec-1] o.s.web.servlet.DispatcherServlet        : Completed initialization in 13 ms
2026-08-05 13:35:41.279 DEBUG 12648 --- [nio-8080-exec-1] o.s.security.web.FilterChainProxy        : Securing POST /api/v1/auth/forgot-password
2026-08-05 13:35:41.294 DEBUG 12648 --- [nio-8080-exec-1] o.s.s.w.a.AnonymousAuthenticationFilter  : Set SecurityContextHolder to anonymous SecurityContext
2026-08-05 13:35:41.296 DEBUG 12648 --- [nio-8080-exec-1] o.s.security.web.FilterChainProxy        : Secured POST /api/v1/auth/forgot-password
2026-08-05 13:35:41.443 ERROR 12648 --- [nio-8080-exec-1] c.e.f.handler.GlobalExceptionHandler     : Unexpected error at /api/v1/auth/forgot-password: JSON parse error: Unexpected character ('}' (code 125)): was expecting double-quote to start field name
org.springframework.http.converter.HttpMessageNotReadableException: JSON parse error: Unexpected character ('}' (code 125)): was expecting double-quote to start field name
	at org.springframework.http.converter.json.AbstractJackson2HttpMessageConverter.readJavaType(AbstractJackson2HttpMessageConverter.java:406) ~[spring-web-6.1.21.jar:6.1.21]
	at org.springframework.http.converter.json.AbstractJackson2HttpMessageConverter.read(AbstractJackson2HttpMessageConverter.java:354) ~[spring-web-6.1.21.jar:6.1.21]
	at org.springframework.web.servlet.mvc.method.annotation.AbstractMessageConverterMethodArgumentResolver.readWithMessageConverters(AbstractMessageConverterMethodArgumentResolver.java:184) ~[spring-webmvc-6.1.21.jar:6.1.21]
	at org.springframework.web.servlet.mvc.method.annotation.RequestResponseBodyMethodProcessor.readWithMessageConverters(RequestResponseBodyMethodProcessor.java:161) ~[spring-webmvc-6.1.21.jar:6.1.21]
	at org.springframework.web.servlet.mvc.method.annotation.RequestResponseBodyMethodProcessor.resolveArgument(RequestResponseBodyMethodProcessor.java:135) ~[spring-webmvc-6.1.21.jar:6.1.21]
	at org.springframework.web.method.support.HandlerMethodArgumentResolverComposite.resolveArgument(HandlerMethodArgumentResolverComposite.java:122) ~[spring-web-6.1.21.jar:6.1.21]
	at org.springframework.web.method.support.InvocableHandlerMethod.getMethodArgumentValues(InvocableHandlerMethod.java:224) ~[spring-web-6.1.21.jar:6.1.21]
	at org.springframework.web.method.support.InvocableHandlerMethod.invokeForRequest(InvocableHandlerMethod.java:178) ~[spring-web-6.1.21.jar:6.1.21]
	at org.springframework.web.servlet.mvc.method.annotation.ServletInvocableHandlerMethod.invokeAndHandle(ServletInvocableHandlerMethod.java:118) ~[spring-webmvc-6.1.21.jar:6.1.21]
	at org.springframework.web.servlet.mvc.method.annotation.RequestMappingHandlerAdapter.invokeHandlerMethod(RequestMappingHandlerAdapter.java:926) ~[spring-webmvc-6.1.21.jar:6.1.21]
	at org.springframework.web.servlet.mvc.method.annotation.RequestMappingHandlerAdapter.handleInternal(RequestMappingHandlerAdapter.java:831) ~[spring-webmvc-6.1.21.jar:6.1.21]
	at org.springframework.web.servlet.mvc.method.AbstractHandlerMethodAdapter.handle(AbstractHandlerMethodAdapter.java:87) ~[spring-webmvc-6.1.21.jar:6.1.21]
	at org.springframework.web.servlet.DispatcherServlet.doDispatch(DispatcherServlet.java:1089) ~[spring-webmvc-6.1.21.jar:6.1.21]
	at org.springframework.web.servlet.DispatcherServlet.doService(DispatcherServlet.java:979) ~[spring-webmvc-6.1.21.jar:6.1.21]
	at org.springframework.web.servlet.FrameworkServlet.processRequest(FrameworkServlet.java:1014) ~[spring-webmvc-6.1.21.jar:6.1.21]
	at org.springframework.web.servlet.FrameworkServlet.doPost(FrameworkServlet.java:914) ~[spring-webmvc-6.1.21.jar:6.1.21]
	at jakarta.servlet.http.HttpServlet.service(HttpServlet.java:590) ~[tomcat-embed-core-10.1.42.jar:6.0]
	at org.springframework.web.servlet.FrameworkServlet.service(FrameworkServlet.java:885) ~[spring-webmvc-6.1.21.jar:6.1.21]
	at jakarta.servlet.http.HttpServlet.service(HttpServlet.java:658) ~[tomcat-embed-core-10.1.42.jar:6.0]
	at org.apache.catalina.core.ApplicationFilterChain.internalDoFilter(ApplicationFilterChain.java:195) ~[tomcat-embed-core-10.1.42.jar:10.1.42]
	at org.apache.catalina.core.ApplicationFilterChain.doFilter(ApplicationFilterChain.java:140) ~[tomcat-embed-core-10.1.42.jar:10.1.42]
	at org.apache.tomcat.websocket.server.WsFilter.doFilter(WsFilter.java:51) ~[tomcat-embed-websocket-10.1.42.jar:10.1.42]
	at org.apache.catalina.core.ApplicationFilterChain.internalDoFilter(ApplicationFilterChain.java:164) ~[tomcat-embed-core-10.1.42.jar:10.1.42]
	at org.apache.catalina.core.ApplicationFilterChain.doFilter(ApplicationFilterChain.java:140) ~[tomcat-embed-core-10.1.42.jar:10.1.42]
	at org.springframework.web.filter.CompositeFilter$VirtualFilterChain.doFilter(CompositeFilter.java:108) ~[spring-web-6.1.21.jar:6.1.21]
	at org.springframework.security.web.FilterChainProxy.lambda$doFilterInternal$3(FilterChainProxy.java:231) ~[spring-security-web-6.3.10.jar:6.3.10]
	at org.springframework.security.web.FilterChainProxy$VirtualFilterChain.doFilter(FilterChainProxy.java:365) ~[spring-security-web-6.3.10.jar:6.3.10]
	at org.springframework.security.web.access.intercept.AuthorizationFilter.doFilter(AuthorizationFilter.java:100) ~[spring-security-web-6.3.10.jar:6.3.10]
	at org.springframework.security.web.FilterChainProxy$VirtualFilterChain.doFilter(FilterChainProxy.java:374) ~[spring-security-web-6.3.10.jar:6.3.10]
	at org.springframework.security.web.access.ExceptionTranslationFilter.doFilter(ExceptionTranslationFilter.java:126) ~[spring-security-web-6.3.10.jar:6.3.10]
	at org.springframework.security.web.access.ExceptionTranslationFilter.doFilter(ExceptionTranslationFilter.java:120) ~[spring-security-web-6.3.10.jar:6.3.10]
	at org.springframework.security.web.FilterChainProxy$VirtualFilterChain.doFilter(FilterChainProxy.java:374) ~[spring-security-web-6.3.10.jar:6.3.10]
	at org.springframework.security.web.session.SessionManagementFilter.doFilter(SessionManagementFilter.java:131) ~[spring-security-web-6.3.10.jar:6.3.10]
	at org.springframework.security.web.session.SessionManagementFilter.doFilter(SessionManagementFilter.java:85) ~[spring-security-web-6.3.10.jar:6.3.10]
	at org.springframework.security.web.FilterChainProxy$VirtualFilterChain.doFilter(FilterChainProxy.java:374) ~[spring-security-web-6.3.10.jar:6.3.10]
	at org.springframework.security.web.authentication.AnonymousAuthenticationFilter.doFilter(AnonymousAuthenticationFilter.java:100) ~[spring-security-web-6.3.10.jar:6.3.10]
	at org.springframework.security.web.FilterChainProxy$VirtualFilterChain.doFilter(FilterChainProxy.java:374) ~[spring-security-web-6.3.10.jar:6.3.10]
	at org.springframework.security.web.servletapi.SecurityContextHolderAwareRequestFilter.doFilter(SecurityContextHolderAwareRequestFilter.java:179) ~[spring-security-web-6.3.10.jar:6.3.10]
	at org.springframework.security.web.FilterChainProxy$VirtualFilterChain.doFilter(FilterChainProxy.java:374) ~[spring-security-web-6.3.10.jar:6.3.10]
	at org.springframework.security.web.savedrequest.RequestCacheAwareFilter.doFilter(RequestCacheAwareFilter.java:63) ~[spring-security-web-6.3.10.jar:6.3.10]
	at org.springframework.security.web.FilterChainProxy$VirtualFilterChain.doFilter(FilterChainProxy.java:374) ~[spring-security-web-6.3.10.jar:6.3.10]
	at com.example.firstapp.filter.JwtAuthFilter.doFilterInternal(JwtAuthFilter.java:105) ~[classes/:na]
	at org.springframework.web.filter.OncePerRequestFilter.doFilter(OncePerRequestFilter.java:116) ~[spring-web-6.1.21.jar:6.1.21]
	at org.springframework.security.web.FilterChainProxy$VirtualFilterChain.doFilter(FilterChainProxy.java:374) ~[spring-security-web-6.3.10.jar:6.3.10]
	at org.springframework.security.web.authentication.logout.LogoutFilter.doFilter(LogoutFilter.java:107) ~[spring-security-web-6.3.10.jar:6.3.10]
	at org.springframework.security.web.authentication.logout.LogoutFilter.doFilter(LogoutFilter.java:93) ~[spring-security-web-6.3.10.jar:6.3.10]
	at org.springframework.security.web.FilterChainProxy$VirtualFilterChain.doFilter(FilterChainProxy.java:374) ~[spring-security-web-6.3.10.jar:6.3.10]
	at org.springframework.security.web.header.HeaderWriterFilter.doHeadersAfter(HeaderWriterFilter.java:90) ~[spring-security-web-6.3.10.jar:6.3.10]
	at org.springframework.security.web.header.HeaderWriterFilter.doFilterInternal(HeaderWriterFilter.java:75) ~[spring-security-web-6.3.10.jar:6.3.10]
	at org.springframework.web.filter.OncePerRequestFilter.doFilter(OncePerRequestFilter.java:116) ~[spring-web-6.1.21.jar:6.1.21]
	at org.springframework.security.web.FilterChainProxy$VirtualFilterChain.doFilter(FilterChainProxy.java:374) ~[spring-security-web-6.3.10.jar:6.3.10]
	at org.springframework.security.web.context.SecurityContextHolderFilter.doFilter(SecurityContextHolderFilter.java:82) ~[spring-security-web-6.3.10.jar:6.3.10]
	at org.springframework.security.web.context.SecurityContextHolderFilter.doFilter(SecurityContextHolderFilter.java:69) ~[spring-security-web-6.3.10.jar:6.3.10]
	at org.springframework.security.web.FilterChainProxy$VirtualFilterChain.doFilter(FilterChainProxy.java:374) ~[spring-security-web-6.3.10.jar:6.3.10]
	at org.springframework.security.web.context.request.async.WebAsyncManagerIntegrationFilter.doFilterInternal(WebAsyncManagerIntegrationFilter.java:62) ~[spring-security-web-6.3.10.jar:6.3.10]
	at org.springframework.web.filter.OncePerRequestFilter.doFilter(OncePerRequestFilter.java:116) ~[spring-web-6.1.21.jar:6.1.21]
	at org.springframework.security.web.FilterChainProxy$VirtualFilterChain.doFilter(FilterChainProxy.java:374) ~[spring-security-web-6.3.10.jar:6.3.10]
	at org.springframework.security.web.session.DisableEncodeUrlFilter.doFilterInternal(DisableEncodeUrlFilter.java:42) ~[spring-security-web-6.3.10.jar:6.3.10]
	at org.springframework.web.filter.OncePerRequestFilter.doFilter(OncePerRequestFilter.java:116) ~[spring-web-6.1.21.jar:6.1.21]
	at org.springframework.security.web.FilterChainProxy$VirtualFilterChain.doFilter(FilterChainProxy.java:374) ~[spring-security-web-6.3.10.jar:6.3.10]
	at org.springframework.security.web.FilterChainProxy.doFilterInternal(FilterChainProxy.java:233) ~[spring-security-web-6.3.10.jar:6.3.10]
	at org.springframework.security.web.FilterChainProxy.doFilter(FilterChainProxy.java:191) ~[spring-security-web-6.3.10.jar:6.3.10]
	at org.springframework.web.filter.CompositeFilter$VirtualFilterChain.doFilter(CompositeFilter.java:113) ~[spring-web-6.1.21.jar:6.1.21]
	at org.springframework.web.servlet.handler.HandlerMappingIntrospector.lambda$createCacheFilter$3(HandlerMappingIntrospector.java:195) ~[spring-webmvc-6.1.21.jar:6.1.21]
	at org.springframework.web.filter.CompositeFilter$VirtualFilterChain.doFilter(CompositeFilter.java:113) ~[spring-web-6.1.21.jar:6.1.21]
	at org.springframework.web.filter.CompositeFilter.doFilter(CompositeFilter.java:74) ~[spring-web-6.1.21.jar:6.1.21]
	at org.springframework.security.config.annotation.web.configuration.WebMvcSecurityConfiguration$CompositeFilterChainProxy.doFilter(WebMvcSecurityConfiguration.java:230) ~[spring-security-config-6.3.10.jar:6.3.10]
	at org.springframework.web.filter.DelegatingFilterProxy.invokeDelegate(DelegatingFilterProxy.java:362) ~[spring-web-6.1.21.jar:6.1.21]
	at org.springframework.web.filter.DelegatingFilterProxy.doFilter(DelegatingFilterProxy.java:278) ~[spring-web-6.1.21.jar:6.1.21]
	at org.apache.catalina.core.ApplicationFilterChain.internalDoFilter(ApplicationFilterChain.java:164) ~[tomcat-embed-core-10.1.42.jar:10.1.42]
	at org.apache.catalina.core.ApplicationFilterChain.doFilter(ApplicationFilterChain.java:140) ~[tomcat-embed-core-10.1.42.jar:10.1.42]
	at org.springframework.web.filter.RequestContextFilter.doFilterInternal(RequestContextFilter.java:100) ~[spring-web-6.1.21.jar:6.1.21]
	at org.springframework.web.filter.OncePerRequestFilter.doFilter(OncePerRequestFilter.java:116) ~[spring-web-6.1.21.jar:6.1.21]
	at org.apache.catalina.core.ApplicationFilterChain.internalDoFilter(ApplicationFilterChain.java:164) ~[tomcat-embed-core-10.1.42.jar:10.1.42]
	at org.apache.catalina.core.ApplicationFilterChain.doFilter(ApplicationFilterChain.java:140) ~[tomcat-embed-core-10.1.42.jar:10.1.42]
	at org.springframework.web.filter.FormContentFilter.doFilterInternal(FormContentFilter.java:93) ~[spring-web-6.1.21.jar:6.1.21]
	at org.springframework.web.filter.OncePerRequestFilter.doFilter(OncePerRequestFilter.java:116) ~[spring-web-6.1.21.jar:6.1.21]
	at org.apache.catalina.core.ApplicationFilterChain.internalDoFilter(ApplicationFilterChain.java:164) ~[tomcat-embed-core-10.1.42.jar:10.1.42]
	at org.apache.catalina.core.ApplicationFilterChain.doFilter(ApplicationFilterChain.java:140) ~[tomcat-embed-core-10.1.42.jar:10.1.42]
	at org.springframework.web.filter.CharacterEncodingFilter.doFilterInternal(CharacterEncodingFilter.java:201) ~[spring-web-6.1.21.jar:6.1.21]
	at org.springframework.web.filter.OncePerRequestFilter.doFilter(OncePerRequestFilter.java:116) ~[spring-web-6.1.21.jar:6.1.21]
	at org.apache.catalina.core.ApplicationFilterChain.internalDoFilter(ApplicationFilterChain.java:164) ~[tomcat-embed-core-10.1.42.jar:10.1.42]
	at org.apache.catalina.core.ApplicationFilterChain.doFilter(ApplicationFilterChain.java:140) ~[tomcat-embed-core-10.1.42.jar:10.1.42]
	at com.example.firstapp.filter.RateLimitFilter.doFilterInternal(RateLimitFilter.java:161) ~[classes/:na]
	at org.springframework.web.filter.OncePerRequestFilter.doFilter(OncePerRequestFilter.java:116) ~[spring-web-6.1.21.jar:6.1.21]
	at org.apache.catalina.core.ApplicationFilterChain.internalDoFilter(ApplicationFilterChain.java:164) ~[tomcat-embed-core-10.1.42.jar:10.1.42]
	at org.apache.catalina.core.ApplicationFilterChain.doFilter(ApplicationFilterChain.java:140) ~[tomcat-embed-core-10.1.42.jar:10.1.42]
	at org.apache.catalina.core.StandardWrapperValve.invoke(StandardWrapperValve.java:167) ~[tomcat-embed-core-10.1.42.jar:10.1.42]
	at org.apache.catalina.core.StandardContextValve.invoke(StandardContextValve.java:90) ~[tomcat-embed-core-10.1.42.jar:10.1.42]
	at org.apache.catalina.authenticator.AuthenticatorBase.invoke(AuthenticatorBase.java:483) ~[tomcat-embed-core-10.1.42.jar:10.1.42]
	at org.apache.catalina.core.StandardHostValve.invoke(StandardHostValve.java:116) ~[tomcat-embed-core-10.1.42.jar:10.1.42]
	at org.apache.catalina.valves.ErrorReportValve.invoke(ErrorReportValve.java:93) ~[tomcat-embed-core-10.1.42.jar:10.1.42]
	at org.apache.catalina.core.StandardEngineValve.invoke(StandardEngineValve.java:74) ~[tomcat-embed-core-10.1.42.jar:10.1.42]
	at org.apache.catalina.connector.CoyoteAdapter.service(CoyoteAdapter.java:344) ~[tomcat-embed-core-10.1.42.jar:10.1.42]
	at org.apache.coyote.http11.Http11Processor.service(Http11Processor.java:398) ~[tomcat-embed-core-10.1.42.jar:10.1.42]
	at org.apache.coyote.AbstractProcessorLight.process(AbstractProcessorLight.java:63) ~[tomcat-embed-core-10.1.42.jar:10.1.42]
	at org.apache.coyote.AbstractProtocol$ConnectionHandler.process(AbstractProtocol.java:903) ~[tomcat-embed-core-10.1.42.jar:10.1.42]
	at org.apache.tomcat.util.net.NioEndpoint$SocketProcessor.doRun(NioEndpoint.java:1769) ~[tomcat-embed-core-10.1.42.jar:10.1.42]
	at org.apache.tomcat.util.net.SocketProcessorBase.run(SocketProcessorBase.java:52) ~[tomcat-embed-core-10.1.42.jar:10.1.42]
	at org.apache.tomcat.util.threads.ThreadPoolExecutor.runWorker(ThreadPoolExecutor.java:1189) ~[tomcat-embed-core-10.1.42.jar:10.1.42]
	at org.apache.tomcat.util.threads.ThreadPoolExecutor$Worker.run(ThreadPoolExecutor.java:658) ~[tomcat-embed-core-10.1.42.jar:10.1.42]
	at org.apache.tomcat.util.threads.TaskThread$WrappingRunnable.run(TaskThread.java:63) ~[tomcat-embed-core-10.1.42.jar:10.1.42]
	at java.base/java.lang.Thread.run(Thread.java:1474) ~[na:na]
Caused by: com.fasterxml.jackson.core.JsonParseException: Unexpected character ('}' (code 125)): was expecting double-quote to start field name
 at [Source: REDACTED (`StreamReadFeature.INCLUDE_SOURCE_IN_LOCATION` disabled); line: 4, column: 1]
	at com.fasterxml.jackson.core.JsonParser._constructReadException(JsonParser.java:2648) ~[jackson-core-2.17.3.jar:2.17.3]
	at com.fasterxml.jackson.core.base.ParserMinimalBase._reportUnexpectedChar(ParserMinimalBase.java:685) ~[jackson-core-2.17.3.jar:2.17.3]
	at com.fasterxml.jackson.core.json.UTF8StreamJsonParser._handleOddName(UTF8StreamJsonParser.java:2103) ~[jackson-core-2.17.3.jar:2.17.3]
	at com.fasterxml.jackson.core.json.UTF8StreamJsonParser._parseName(UTF8StreamJsonParser.java:1753) ~[jackson-core-2.17.3.jar:2.17.3]
	at com.fasterxml.jackson.core.json.UTF8StreamJsonParser.nextFieldName(UTF8StreamJsonParser.java:1040) ~[jackson-core-2.17.3.jar:2.17.3]
	at com.fasterxml.jackson.databind.deser.BeanDeserializer.deserializeFromObject(BeanDeserializer.java:406) ~[jackson-databind-2.17.3.jar:2.17.3]
	at com.fasterxml.jackson.databind.deser.BeanDeserializer.deserialize(BeanDeserializer.java:185) ~[jackson-databind-2.17.3.jar:2.17.3]
	at com.fasterxml.jackson.databind.deser.DefaultDeserializationContext.readRootValue(DefaultDeserializationContext.java:342) ~[jackson-databind-2.17.3.jar:2.17.3]
	at com.fasterxml.jackson.databind.ObjectReader._bindAndClose(ObjectReader.java:2125) ~[jackson-databind-2.17.3.jar:2.17.3]
	at com.fasterxml.jackson.databind.ObjectReader.readValue(ObjectReader.java:1501) ~[jackson-databind-2.17.3.jar:2.17.3]
	at org.springframework.http.converter.json.AbstractJackson2HttpMessageConverter.readJavaType(AbstractJackson2HttpMessageConverter.java:395) ~[spring-web-6.1.21.jar:6.1.21]
	... 102 common frames omitted
2026-08-05 13:35:41.528  WARN 12648 --- [nio-8080-exec-1] .m.m.a.ExceptionHandlerExceptionResolver : Resolved [org.springframework.http.converter.HttpMessageNotReadableException: JSON parse error: Unexpected character ('}' (code 125)): was expecting double-quote to start field name]
2026-08-05 13:36:40.272 DEBUG 12648 --- [nio-8080-exec-9] o.s.security.web.FilterChainProxy        : Securing POST /api/v1/auth/forgot-password
2026-08-05 13:36:40.272 DEBUG 12648 --- [nio-8080-exec-9] o.s.s.w.a.AnonymousAuthenticationFilter  : Set SecurityContextHolder to anonymous SecurityContext
2026-08-05 13:36:40.272 DEBUG 12648 --- [nio-8080-exec-9] o.s.security.web.FilterChainProxy        : Secured POST /api/v1/auth/forgot-password
2026-08-05 13:36:40.711 DEBUG 12648 --- [nio-8080-exec-9] org.hibernate.SQL                        : 
    select
        u1_0.id,
        u1_0.created_at,
        u1_0.email,
        u1_0.failed_attempts,
        u1_0.is_active,
        u1_0.is_locked,
        u1_0.last_login_at,
        u1_0.lock_time,
        u1_0.password,
        u1_0.role,
        u1_0.updated_at,
        u1_0.username 
    from
        users u1_0 
    where
        u1_0.email=?
2026-08-05 13:36:40.790 DEBUG 12648 --- [nio-8080-exec-9] org.hibernate.SQL                        : 
    select
        prt1_0.id,
        prt1_0.created_at,
        prt1_0.expires_at,
        prt1_0.token_hash,
        prt1_0.used,
        prt1_0.user_id 
    from
        password_reset_tokens prt1_0 
    where
        prt1_0.user_id=?
2026-08-05 13:36:41.155 DEBUG 12648 --- [nio-8080-exec-9] org.hibernate.SQL                        : 
    insert 
    into
        password_reset_tokens
        (created_at, expires_at, token_hash, used, user_id) 
    values
        (?, ?, ?, ?, ?)
2026-08-05 13:36:41.793 ERROR 12648 --- [ email-thread-1] c.e.f.service.EmailServiceImpl           : SMTP send failed: to=c**@gmail.com template=PASSWORD_RESET error={}
org.springframework.mail.MailSendException: Mail server connection failed. Failed messages: jakarta.mail.MessagingException: STARTTLS is required but host does not support STARTTLS
	at org.springframework.mail.javamail.JavaMailSenderImpl.doSend(JavaMailSenderImpl.java:410) ~[spring-context-support-6.1.21.jar:6.1.21]
	at org.springframework.mail.javamail.JavaMailSenderImpl.send(JavaMailSenderImpl.java:350) ~[spring-context-support-6.1.21.jar:6.1.21]
	at org.springframework.mail.javamail.JavaMailSender.send(JavaMailSender.java:101) ~[spring-context-support-6.1.21.jar:6.1.21]
	at com.example.firstapp.service.EmailServiceImpl.sendEmail(EmailServiceImpl.java:127) ~[classes/:na]
	at com.example.firstapp.service.EmailServiceImpl.sendPasswordResetEmail(EmailServiceImpl.java:214) ~[classes/:na]
	at java.base/jdk.internal.reflect.DirectMethodHandleAccessor.invoke(DirectMethodHandleAccessor.java:104) ~[na:na]
	at java.base/java.lang.reflect.Method.invoke(Method.java:565) ~[na:na]
	at org.springframework.aop.support.AopUtils.invokeJoinpointUsingReflection(AopUtils.java:355) ~[spring-aop-6.1.21.jar:6.1.21]
	at org.springframework.aop.framework.ReflectiveMethodInvocation.invokeJoinpoint(ReflectiveMethodInvocation.java:196) ~[spring-aop-6.1.21.jar:6.1.21]
	at org.springframework.aop.framework.ReflectiveMethodInvocation.proceed(ReflectiveMethodInvocation.java:163) ~[spring-aop-6.1.21.jar:6.1.21]
	at org.springframework.aop.interceptor.AsyncExecutionInterceptor.lambda$invoke$0(AsyncExecutionInterceptor.java:113) ~[spring-aop-6.1.21.jar:6.1.21]
	at java.base/java.util.concurrent.FutureTask.run(FutureTask.java:328) ~[na:na]
	at java.base/java.util.concurrent.ThreadPoolExecutor.runWorker(ThreadPoolExecutor.java:1090) ~[na:na]
	at java.base/java.util.concurrent.ThreadPoolExecutor$Worker.run(ThreadPoolExecutor.java:614) ~[na:na]
	at java.base/java.lang.Thread.run(Thread.java:1474) ~[na:na]
Caused by: jakarta.mail.MessagingException: STARTTLS is required but host does not support STARTTLS
	at org.eclipse.angus.mail.smtp.SMTPTransport.protocolConnect(SMTPTransport.java:751) ~[jakarta.mail-2.0.3.jar:na]
	at jakarta.mail.Service.connect(Service.java:345) ~[jakarta.mail-2.0.3.jar:na]
	at org.springframework.mail.javamail.JavaMailSenderImpl.connectTransport(JavaMailSenderImpl.java:480) ~[spring-context-support-6.1.21.jar:6.1.21]
	at org.springframework.mail.javamail.JavaMailSenderImpl.doSend(JavaMailSenderImpl.java:399) ~[spring-context-support-6.1.21.jar:6.1.21]
	... 14 common frames omitted
2026-08-05 13:55:20.941  WARN 12648 --- [ool housekeeper] com.zaxxer.hikari.pool.HikariPool        : BusinessAppHikariPool - Thread starvation or clock leap detected (housekeeper delta=12m48s504ms730µs100ns).
2026-08-05 13:57:54.301  INFO 12648 --- [   File Watcher] rtingClassPathChangeChangedEventListener : Restarting due to 1 class path change (0 additions, 0 deletions, 1 modification)
2026-08-05 13:57:54.352  INFO 12648 --- [      Thread-35] j.LocalContainerEntityManagerFactoryBean : Closing JPA EntityManagerFactory for persistence unit 'default'
2026-08-05 13:57:54.371  INFO 12648 --- [      Thread-35] com.zaxxer.hikari.HikariDataSource       : BusinessAppHikariPool - Shutdown initiated...
2026-08-05 13:57:54.377  INFO 12648 --- [      Thread-35] com.zaxxer.hikari.HikariDataSource       : BusinessAppHikariPool - Shutdown completed.
2026-08-05 13:57:54.665  INFO 12648 --- [  restartedMain] c.e.firstapp.FirstappApplication         : Starting FirstappApplication using Java 25.0.3 with PID 12648 (E:\firstapp\firstapp\target\classes started by Dell in E:\firstapp\firstapp)
2026-08-05 13:57:54.665  INFO 12648 --- [  restartedMain] c.e.firstapp.FirstappApplication         : No active profile set, falling back to 1 default profile: "default"
2026-08-05 13:57:54.837  INFO 12648 --- [  restartedMain] .s.d.r.c.RepositoryConfigurationDelegate : Bootstrapping Spring Data JPA repositories in DEFAULT mode.
2026-08-05 13:57:54.855  INFO 12648 --- [  restartedMain] .s.d.r.c.RepositoryConfigurationDelegate : Finished Spring Data repository scanning in 17 ms. Found 2 JPA repository interfaces.
2026-08-05 13:57:54.970  INFO 12648 --- [  restartedMain] o.s.b.w.e.tomcat.TomcatWebServer         : Tomcat initialized with port 8080 (http)
2026-08-05 13:57:54.971  INFO 12648 --- [  restartedMain] o.a.catalina.core.StandardService        : Starting service [Tomcat]
2026-08-05 13:57:54.972  INFO 12648 --- [  restartedMain] o.a.catalina.core.StandardEngine         : Starting Servlet engine: [Apache Tomcat/10.1.42]
2026-08-05 13:57:55.018  INFO 12648 --- [  restartedMain] o.a.c.c.C.[Tomcat].[localhost].[/]       : Initializing Spring embedded WebApplicationContext
2026-08-05 13:57:55.019  INFO 12648 --- [  restartedMain] w.s.c.ServletWebServerApplicationContext : Root WebApplicationContext: initialization completed in 352 ms
2026-08-05 13:57:55.069  INFO 12648 --- [  restartedMain] o.h.jpa.internal.util.LogHelper          : HHH000204: Processing PersistenceUnitInfo [name: default]
2026-08-05 13:57:55.072  INFO 12648 --- [  restartedMain] o.h.c.i.RegionFactoryInitiator           : HHH000026: Second-level cache disabled
2026-08-05 13:57:55.081  INFO 12648 --- [  restartedMain] o.s.o.j.p.SpringPersistenceUnitInfo      : No LoadTimeWeaver setup: ignoring JPA class transformer
2026-08-05 13:57:55.083  INFO 12648 --- [  restartedMain] com.zaxxer.hikari.HikariDataSource       : BusinessAppHikariPool - Starting...
2026-08-05 13:57:55.106  INFO 12648 --- [  restartedMain] com.zaxxer.hikari.pool.HikariPool        : BusinessAppHikariPool - Added connection com.mysql.cj.jdbc.ConnectionImpl@4f3fdba2
2026-08-05 13:57:55.107  INFO 12648 --- [  restartedMain] com.zaxxer.hikari.HikariDataSource       : BusinessAppHikariPool - Start completed.
2026-08-05 13:57:55.160  INFO 12648 --- [  restartedMain] o.h.e.t.j.p.i.JtaPlatformInitiator       : HHH000489: No JTA platform available (set 'hibernate.transaction.jta.platform' to enable JTA platform integration)
2026-08-05 13:57:55.175 DEBUG 12648 --- [  restartedMain] org.hibernate.SQL                        : 
    alter table users 
       modify column role enum ('ROLE_ADMIN','ROLE_CUSTOMER','ROLE_MANAGER','ROLE_MEMBERS') not null
2026-08-05 13:57:55.211  INFO 12648 --- [  restartedMain] j.LocalContainerEntityManagerFactoryBean : Initialized JPA EntityManagerFactory for persistence unit 'default'
2026-08-05 13:57:55.273  INFO 12648 --- [  restartedMain] o.s.b.web.servlet.RegistrationBean       : Filter disableJwtAuthFilterRegistration was not registered (disabled)
2026-08-05 13:57:55.296  INFO 12648 --- [  restartedMain] eAuthenticationProviderManagerConfigurer : Global AuthenticationManager configured with AuthenticationProvider bean with name authenticationProvider
2026-08-05 13:57:55.296  WARN 12648 --- [  restartedMain] r$InitializeUserDetailsManagerConfigurer : Global AuthenticationManager configured with an AuthenticationProvider bean. UserDetailsService beans will not be used for username/password login. Consider removing the AuthenticationProvider bean. Alternatively, consider using the UserDetailsService in a manually instantiated DaoAuthenticationProvider.
2026-08-05 13:57:55.330  INFO 12648 --- [  restartedMain] c.e.firstapp.config.AsyncConfig          : Email thread pool initialized: core=2 max=5 queue=50
2026-08-05 13:57:55.389 DEBUG 12648 --- [  restartedMain] o.s.s.web.DefaultSecurityFilterChain     : Will secure any request with filters: DisableEncodeUrlFilter, WebAsyncManagerIntegrationFilter, SecurityContextHolderFilter, HeaderWriterFilter, LogoutFilter, JwtAuthFilter, RequestCacheAwareFilter, SecurityContextHolderAwareRequestFilter, AnonymousAuthenticationFilter, SessionManagementFilter, ExceptionTranslationFilter, AuthorizationFilter
2026-08-05 13:57:55.429  INFO 12648 --- [  restartedMain] o.s.b.d.a.OptionalLiveReloadServer       : LiveReload server is running on port 35729
2026-08-05 13:57:55.437  INFO 12648 --- [  restartedMain] o.s.b.w.e.tomcat.TomcatWebServer         : Tomcat started on port 8080 (http) with context path '/'
2026-08-05 13:57:55.439  INFO 12648 --- [  restartedMain] c.e.firstapp.FirstappApplication         : Started FirstappApplication in 0.839 seconds (process running for 5775.994)
2026-08-05 13:57:55.441  INFO 12648 --- [  restartedMain] .ConditionEvaluationDeltaLoggingListener : Condition evaluation unchanged
2026-08-05 13:58:01.079  INFO 12648 --- [nio-8080-exec-2] o.a.c.c.C.[Tomcat].[localhost].[/]       : Initializing Spring DispatcherServlet 'dispatcherServlet'
2026-08-05 13:58:01.079  INFO 12648 --- [nio-8080-exec-2] o.s.web.servlet.DispatcherServlet        : Initializing Servlet 'dispatcherServlet'
2026-08-05 13:58:01.082  INFO 12648 --- [nio-8080-exec-2] o.s.web.servlet.DispatcherServlet        : Completed initialization in 0 ms
2026-08-05 13:58:01.085 DEBUG 12648 --- [nio-8080-exec-2] o.s.security.web.FilterChainProxy        : Securing POST /api/v1/auth/forgot-password
2026-08-05 13:58:01.085 DEBUG 12648 --- [nio-8080-exec-2] o.s.s.w.a.AnonymousAuthenticationFilter  : Set SecurityContextHolder to anonymous SecurityContext
2026-08-05 13:58:01.086 DEBUG 12648 --- [nio-8080-exec-2] o.s.security.web.FilterChainProxy        : Secured POST /api/v1/auth/forgot-password
2026-08-05 13:58:01.098 DEBUG 12648 --- [nio-8080-exec-2] org.hibernate.SQL                        : 
    select
        u1_0.id,
        u1_0.created_at,
        u1_0.email,
        u1_0.failed_attempts,
        u1_0.is_active,
        u1_0.is_locked,
        u1_0.last_login_at,
        u1_0.lock_time,
        u1_0.password,
        u1_0.role,
        u1_0.updated_at,
        u1_0.username 
    from
        users u1_0 
    where
        u1_0.email=?
2026-08-05 13:58:01.104 DEBUG 12648 --- [nio-8080-exec-2] org.hibernate.SQL                        : 
    select
        prt1_0.id,
        prt1_0.created_at,
        prt1_0.expires_at,
        prt1_0.token_hash,
        prt1_0.used,
        prt1_0.user_id 
    from
        password_reset_tokens prt1_0 
    where
        prt1_0.user_id=?
2026-08-05 13:58:01.384 DEBUG 12648 --- [nio-8080-exec-2] org.hibernate.SQL                        : 
    insert 
    into
        password_reset_tokens
        (created_at, expires_at, token_hash, used, user_id) 
    values
        (?, ?, ?, ?, ?)
2026-08-05 13:58:01.387 DEBUG 12648 --- [nio-8080-exec-2] org.hibernate.SQL                        : 
    delete 
    from
        password_reset_tokens 
    where
        id=?
2026-08-05 13:58:01.540  INFO 12648 --- [ email-thread-1] c.e.f.service.EmailServiceImpl           : Email sent: to=c**@gmail.com template=PASSWORD_RESET
2026-08-05 14:04:42.015 DEBUG 12648 --- [nio-8080-exec-3] o.s.security.web.FilterChainProxy        : Securing POST /api/v1/auth/forgot-password
2026-08-05 14:04:42.015 DEBUG 12648 --- [nio-8080-exec-3] o.s.s.w.a.AnonymousAuthenticationFilter  : Set SecurityContextHolder to anonymous SecurityContext
2026-08-05 14:04:42.015 DEBUG 12648 --- [nio-8080-exec-3] o.s.security.web.FilterChainProxy        : Secured POST /api/v1/auth/forgot-password
2026-08-05 14:04:42.019 DEBUG 12648 --- [nio-8080-exec-3] org.hibernate.SQL                        : 
    select
        u1_0.id,
        u1_0.created_at,
        u1_0.email,
        u1_0.failed_attempts,
        u1_0.is_active,
        u1_0.is_locked,
        u1_0.last_login_at,
        u1_0.lock_time,
        u1_0.password,
        u1_0.role,
        u1_0.updated_at,
        u1_0.username 
    from
        users u1_0 
    where
        u1_0.email=?
2026-08-05 14:04:42.019 DEBUG 12648 --- [nio-8080-exec-3] org.hibernate.SQL                        : 
    select
        prt1_0.id,
        prt1_0.created_at,
        prt1_0.expires_at,
        prt1_0.token_hash,
        prt1_0.used,
        prt1_0.user_id 
    from
        password_reset_tokens prt1_0 
    where
        prt1_0.user_id=?
2026-08-05 14:04:42.300 DEBUG 12648 --- [nio-8080-exec-3] org.hibernate.SQL                        : 
    insert 
    into
        password_reset_tokens
        (created_at, expires_at, token_hash, used, user_id) 
    values
        (?, ?, ?, ?, ?)
2026-08-05 14:04:42.304 DEBUG 12648 --- [nio-8080-exec-3] org.hibernate.SQL                        : 
    delete 
    from
        password_reset_tokens 
    where
        id=?
2026-08-05 14:04:42.339  INFO 12648 --- [ email-thread-2] c.e.f.service.EmailServiceImpl           : Email sent: to=c**@gmail.com template=PASSWORD_RESET
2026-08-05 14:04:46.006 DEBUG 12648 --- [nio-8080-exec-6] o.s.security.web.FilterChainProxy        : Securing POST /api/v1/auth/forgot-password
2026-08-05 14:04:46.006 DEBUG 12648 --- [nio-8080-exec-6] o.s.s.w.a.AnonymousAuthenticationFilter  : Set SecurityContextHolder to anonymous SecurityContext
2026-08-05 14:04:46.006 DEBUG 12648 --- [nio-8080-exec-6] o.s.security.web.FilterChainProxy        : Secured POST /api/v1/auth/forgot-password
2026-08-05 14:04:46.013 DEBUG 12648 --- [nio-8080-exec-6] org.hibernate.SQL                        : 
    select
        u1_0.id,
        u1_0.created_at,
        u1_0.email,
        u1_0.failed_attempts,
        u1_0.is_active,
        u1_0.is_locked,
        u1_0.last_login_at,
        u1_0.lock_time,
        u1_0.password,
        u1_0.role,
        u1_0.updated_at,
        u1_0.username 
    from
        users u1_0 
    where
        u1_0.email=?
2026-08-05 14:04:46.016 DEBUG 12648 --- [nio-8080-exec-6] org.hibernate.SQL                        : 
    select
        prt1_0.id,
        prt1_0.created_at,
        prt1_0.expires_at,
        prt1_0.token_hash,
        prt1_0.used,
        prt1_0.user_id 
    from
        password_reset_tokens prt1_0 
    where
        prt1_0.user_id=?
2026-08-05 14:04:46.332 DEBUG 12648 --- [nio-8080-exec-6] org.hibernate.SQL                        : 
    insert 
    into
        password_reset_tokens
        (created_at, expires_at, token_hash, used, user_id) 
    values
        (?, ?, ?, ?, ?)
2026-08-05 14:04:46.332 DEBUG 12648 --- [nio-8080-exec-6] org.hibernate.SQL                        : 
    delete 
    from
        password_reset_tokens 
    where
        id=?
2026-08-05 14:04:46.371  INFO 12648 --- [ email-thread-1] c.e.f.service.EmailServiceImpl           : Email sent: to=c**@gmail.com template=PASSWORD_RESET
2026-08-05 14:04:47.544 DEBUG 12648 --- [nio-8080-exec-4] o.s.security.web.FilterChainProxy        : Securing POST /api/v1/auth/forgot-password
2026-08-05 14:04:47.544 DEBUG 12648 --- [nio-8080-exec-4] o.s.s.w.a.AnonymousAuthenticationFilter  : Set SecurityContextHolder to anonymous SecurityContext
2026-08-05 14:04:47.545 DEBUG 12648 --- [nio-8080-exec-4] o.s.security.web.FilterChainProxy        : Secured POST /api/v1/auth/forgot-password
2026-08-05 14:04:47.548 DEBUG 12648 --- [nio-8080-exec-4] org.hibernate.SQL                        : 
    select
        u1_0.id,
        u1_0.created_at,
        u1_0.email,
        u1_0.failed_attempts,
        u1_0.is_active,
        u1_0.is_locked,
        u1_0.last_login_at,
        u1_0.lock_time,
        u1_0.password,
        u1_0.role,
        u1_0.updated_at,
        u1_0.username 
    from
        users u1_0 
    where
        u1_0.email=?
2026-08-05 14:04:47.548 DEBUG 12648 --- [nio-8080-exec-4] org.hibernate.SQL                        : 
    select
        prt1_0.id,
        prt1_0.created_at,
        prt1_0.expires_at,
        prt1_0.token_hash,
        prt1_0.used,
        prt1_0.user_id 
    from
        password_reset_tokens prt1_0 
    where
        prt1_0.user_id=?
2026-08-05 14:04:47.813 DEBUG 12648 --- [nio-8080-exec-4] org.hibernate.SQL                        : 
    insert 
    into
        password_reset_tokens
        (created_at, expires_at, token_hash, used, user_id) 
    values
        (?, ?, ?, ?, ?)
2026-08-05 14:04:47.813 DEBUG 12648 --- [nio-8080-exec-4] org.hibernate.SQL                        : 
    delete 
    from
        password_reset_tokens 
    where
        id=?
2026-08-05 14:04:47.813  WARN 12648 --- [ email-thread-2] c.e.firstapp.config.EmailRateLimiter     : Password reset rate limit exceeded: c**************@gmail.com
2026-08-05 14:04:47.813  WARN 12648 --- [ email-thread-2] c.e.f.service.EmailServiceImpl           : Password reset rate limited: c**@gmail.com
2026-08-05 14:04:48.847 DEBUG 12648 --- [nio-8080-exec-8] o.s.security.web.FilterChainProxy        : Securing POST /api/v1/auth/forgot-password
2026-08-05 14:04:48.847 DEBUG 12648 --- [nio-8080-exec-8] o.s.s.w.a.AnonymousAuthenticationFilter  : Set SecurityContextHolder to anonymous SecurityContext
2026-08-05 14:04:48.847 DEBUG 12648 --- [nio-8080-exec-8] o.s.security.web.FilterChainProxy        : Secured POST /api/v1/auth/forgot-password
2026-08-05 14:04:48.860 DEBUG 12648 --- [nio-8080-exec-8] org.hibernate.SQL                        : 
    select
        u1_0.id,
        u1_0.created_at,
        u1_0.email,
        u1_0.failed_attempts,
        u1_0.is_active,
        u1_0.is_locked,
        u1_0.last_login_at,
        u1_0.lock_time,
        u1_0.password,
        u1_0.role,
        u1_0.updated_at,
        u1_0.username 
    from
        users u1_0 
    where
        u1_0.email=?
2026-08-05 14:04:48.864 DEBUG 12648 --- [nio-8080-exec-8] org.hibernate.SQL                        : 
    select
        prt1_0.id,
        prt1_0.created_at,
        prt1_0.expires_at,
        prt1_0.token_hash,
        prt1_0.used,
        prt1_0.user_id 
    from
        password_reset_tokens prt1_0 
    where
        prt1_0.user_id=?
2026-08-05 14:04:49.129 DEBUG 12648 --- [nio-8080-exec-8] org.hibernate.SQL                        : 
    insert 
    into
        password_reset_tokens
        (created_at, expires_at, token_hash, used, user_id) 
    values
        (?, ?, ?, ?, ?)
2026-08-05 14:04:49.129  WARN 12648 --- [ email-thread-1] c.e.firstapp.config.EmailRateLimiter     : Password reset rate limit exceeded: c**************@gmail.com
2026-08-05 14:04:49.129  WARN 12648 --- [ email-thread-1] c.e.f.service.EmailServiceImpl           : Password reset rate limited: c**@gmail.com
2026-08-05 14:04:49.129 DEBUG 12648 --- [nio-8080-exec-8] org.hibernate.SQL                        : 
    delete 
    from
        password_reset_tokens 
    where
        id=?
2026-08-05 14:04:50.079 DEBUG 12648 --- [nio-8080-exec-9] o.s.security.web.FilterChainProxy        : Securing POST /api/v1/auth/forgot-password
2026-08-05 14:04:50.079 DEBUG 12648 --- [nio-8080-exec-9] o.s.s.w.a.AnonymousAuthenticationFilter  : Set SecurityContextHolder to anonymous SecurityContext
2026-08-05 14:04:50.079 DEBUG 12648 --- [nio-8080-exec-9] o.s.security.web.FilterChainProxy        : Secured POST /api/v1/auth/forgot-password
2026-08-05 14:04:50.096 DEBUG 12648 --- [nio-8080-exec-9] org.hibernate.SQL                        : 
    select
        u1_0.id,
        u1_0.created_at,
        u1_0.email,
        u1_0.failed_attempts,
        u1_0.is_active,
        u1_0.is_locked,
        u1_0.last_login_at,
        u1_0.lock_time,
        u1_0.password,
        u1_0.role,
        u1_0.updated_at,
        u1_0.username 
    from
        users u1_0 
    where
        u1_0.email=?
2026-08-05 14:04:50.098 DEBUG 12648 --- [nio-8080-exec-9] org.hibernate.SQL                        : 
    select
        prt1_0.id,
        prt1_0.created_at,
        prt1_0.expires_at,
        prt1_0.token_hash,
        prt1_0.used,
        prt1_0.user_id 
    from
        password_reset_tokens prt1_0 
    where
        prt1_0.user_id=?
2026-08-05 14:04:50.364 DEBUG 12648 --- [nio-8080-exec-9] org.hibernate.SQL                        : 
    insert 
    into
        password_reset_tokens
        (created_at, expires_at, token_hash, used, user_id) 
    values
        (?, ?, ?, ?, ?)
2026-08-05 14:04:50.364  WARN 12648 --- [ email-thread-2] c.e.firstapp.config.EmailRateLimiter     : Password reset rate limit exceeded: c**************@gmail.com
2026-08-05 14:04:50.364  WARN 12648 --- [ email-thread-2] c.e.f.service.EmailServiceImpl           : Password reset rate limited: c**@gmail.com
2026-08-05 14:04:50.364 DEBUG 12648 --- [nio-8080-exec-9] org.hibernate.SQL                        : 
    delete 
    from
        password_reset_tokens 
    where
        id=?
2026-08-05 14:04:51.310 DEBUG 12648 --- [io-8080-exec-10] o.s.security.web.FilterChainProxy        : Securing POST /api/v1/auth/forgot-password
2026-08-05 14:04:51.310 DEBUG 12648 --- [io-8080-exec-10] o.s.s.w.a.AnonymousAuthenticationFilter  : Set SecurityContextHolder to anonymous SecurityContext
2026-08-05 14:04:51.310 DEBUG 12648 --- [io-8080-exec-10] o.s.security.web.FilterChainProxy        : Secured POST /api/v1/auth/forgot-password
2026-08-05 14:04:51.326 DEBUG 12648 --- [io-8080-exec-10] org.hibernate.SQL                        : 
    select
        u1_0.id,
        u1_0.created_at,
        u1_0.email,
        u1_0.failed_attempts,
        u1_0.is_active,
        u1_0.is_locked,
        u1_0.last_login_at,
        u1_0.lock_time,
        u1_0.password,
        u1_0.role,
        u1_0.updated_at,
        u1_0.username 
    from
        users u1_0 
    where
        u1_0.email=?
2026-08-05 14:04:51.331 DEBUG 12648 --- [io-8080-exec-10] org.hibernate.SQL                        : 
    select
        prt1_0.id,
        prt1_0.created_at,
        prt1_0.expires_at,
        prt1_0.token_hash,
        prt1_0.used,
        prt1_0.user_id 
    from
        password_reset_tokens prt1_0 
    where
        prt1_0.user_id=?
2026-08-05 14:04:51.612 DEBUG 12648 --- [io-8080-exec-10] org.hibernate.SQL                        : 
    insert 
    into
        password_reset_tokens
        (created_at, expires_at, token_hash, used, user_id) 
    values
        (?, ?, ?, ?, ?)
2026-08-05 14:04:51.612  WARN 12648 --- [ email-thread-1] c.e.firstapp.config.EmailRateLimiter     : Password reset rate limit exceeded: c**************@gmail.com
2026-08-05 14:04:51.612  WARN 12648 --- [ email-thread-1] c.e.f.service.EmailServiceImpl           : Password reset rate limited: c**@gmail.com
2026-08-05 14:04:51.612 DEBUG 12648 --- [io-8080-exec-10] org.hibernate.SQL                        : 
    delete 
    from
        password_reset_tokens 
    where
        id=?
2026-08-05 14:04:52.586 DEBUG 12648 --- [nio-8080-exec-1] o.s.security.web.FilterChainProxy        : Securing POST /api/v1/auth/forgot-password
2026-08-05 14:04:52.586 DEBUG 12648 --- [nio-8080-exec-1] o.s.s.w.a.AnonymousAuthenticationFilter  : Set SecurityContextHolder to anonymous SecurityContext
2026-08-05 14:04:52.586 DEBUG 12648 --- [nio-8080-exec-1] o.s.security.web.FilterChainProxy        : Secured POST /api/v1/auth/forgot-password
2026-08-05 14:04:52.593 DEBUG 12648 --- [nio-8080-exec-1] org.hibernate.SQL                        : 
    select
        u1_0.id,
        u1_0.created_at,
        u1_0.email,
        u1_0.failed_attempts,
        u1_0.is_active,
        u1_0.is_locked,
        u1_0.last_login_at,
        u1_0.lock_time,
        u1_0.password,
        u1_0.role,
        u1_0.updated_at,
        u1_0.username 
    from
        users u1_0 
    where
        u1_0.email=?
2026-08-05 14:04:52.597 DEBUG 12648 --- [nio-8080-exec-1] org.hibernate.SQL                        : 
    select
        prt1_0.id,
        prt1_0.created_at,
        prt1_0.expires_at,
        prt1_0.token_hash,
        prt1_0.used,
        prt1_0.user_id 
    from
        password_reset_tokens prt1_0 
    where
        prt1_0.user_id=?
2026-08-05 14:04:52.875 DEBUG 12648 --- [nio-8080-exec-1] org.hibernate.SQL                        : 
    insert 
    into
        password_reset_tokens
        (created_at, expires_at, token_hash, used, user_id) 
    values
        (?, ?, ?, ?, ?)
2026-08-05 14:04:52.876  WARN 12648 --- [ email-thread-2] c.e.firstapp.config.EmailRateLimiter     : Password reset rate limit exceeded: c**************@gmail.com
2026-08-05 14:04:52.876  WARN 12648 --- [ email-thread-2] c.e.f.service.EmailServiceImpl           : Password reset rate limited: c**@gmail.com
2026-08-05 14:04:52.876 DEBUG 12648 --- [nio-8080-exec-1] org.hibernate.SQL                        : 
    delete 
    from
        password_reset_tokens 
    where
        id=?
2026-08-05 14:04:53.858 DEBUG 12648 --- [nio-8080-exec-2] o.s.security.web.FilterChainProxy        : Securing POST /api/v1/auth/forgot-password
2026-08-05 14:04:53.858 DEBUG 12648 --- [nio-8080-exec-2] o.s.s.w.a.AnonymousAuthenticationFilter  : Set SecurityContextHolder to anonymous SecurityContext
2026-08-05 14:04:53.858 DEBUG 12648 --- [nio-8080-exec-2] o.s.security.web.FilterChainProxy        : Secured POST /api/v1/auth/forgot-password
2026-08-05 14:04:53.858 DEBUG 12648 --- [nio-8080-exec-2] org.hibernate.SQL                        : 
    select
        u1_0.id,
        u1_0.created_at,
        u1_0.email,
        u1_0.failed_attempts,
        u1_0.is_active,
        u1_0.is_locked,
        u1_0.last_login_at,
        u1_0.lock_time,
        u1_0.password,
        u1_0.role,
        u1_0.updated_at,
        u1_0.username 
    from
        users u1_0 
    where
        u1_0.email=?
2026-08-05 14:04:53.873 DEBUG 12648 --- [nio-8080-exec-2] org.hibernate.SQL                        : 
    select
        prt1_0.id,
        prt1_0.created_at,
        prt1_0.expires_at,
        prt1_0.token_hash,
        prt1_0.used,
        prt1_0.user_id 
    from
        password_reset_tokens prt1_0 
    where
        prt1_0.user_id=?
2026-08-05 14:04:54.138 DEBUG 12648 --- [nio-8080-exec-2] org.hibernate.SQL                        : 
    insert 
    into
        password_reset_tokens
        (created_at, expires_at, token_hash, used, user_id) 
    values
        (?, ?, ?, ?, ?)
2026-08-05 14:04:54.141  WARN 12648 --- [ email-thread-1] c.e.firstapp.config.EmailRateLimiter     : Password reset rate limit exceeded: c**************@gmail.com
2026-08-05 14:04:54.141  WARN 12648 --- [ email-thread-1] c.e.f.service.EmailServiceImpl           : Password reset rate limited: c**@gmail.com
2026-08-05 14:04:54.142 DEBUG 12648 --- [nio-8080-exec-2] org.hibernate.SQL                        : 
    delete 
    from
        password_reset_tokens 
    where
        id=?
2026-08-05 14:04:55.157 DEBUG 12648 --- [nio-8080-exec-5] o.s.security.web.FilterChainProxy        : Securing POST /api/v1/auth/forgot-password
2026-08-05 14:04:55.157 DEBUG 12648 --- [nio-8080-exec-5] o.s.s.w.a.AnonymousAuthenticationFilter  : Set SecurityContextHolder to anonymous SecurityContext
2026-08-05 14:04:55.157 DEBUG 12648 --- [nio-8080-exec-5] o.s.security.web.FilterChainProxy        : Secured POST /api/v1/auth/forgot-password
2026-08-05 14:04:55.157 DEBUG 12648 --- [nio-8080-exec-5] org.hibernate.SQL                        : 
    select
        u1_0.id,
        u1_0.created_at,
        u1_0.email,
        u1_0.failed_attempts,
        u1_0.is_active,
        u1_0.is_locked,
        u1_0.last_login_at,
        u1_0.lock_time,
        u1_0.password,
        u1_0.role,
        u1_0.updated_at,
        u1_0.username 
    from
        users u1_0 
    where
        u1_0.email=?
2026-08-05 14:04:55.173 DEBUG 12648 --- [nio-8080-exec-5] org.hibernate.SQL                        : 
    select
        prt1_0.id,
        prt1_0.created_at,
        prt1_0.expires_at,
        prt1_0.token_hash,
        prt1_0.used,
        prt1_0.user_id 
    from
        password_reset_tokens prt1_0 
    where
        prt1_0.user_id=?
2026-08-05 14:04:55.439 DEBUG 12648 --- [nio-8080-exec-5] org.hibernate.SQL                        : 
    insert 
    into
        password_reset_tokens
        (created_at, expires_at, token_hash, used, user_id) 
    values
        (?, ?, ?, ?, ?)
2026-08-05 14:04:55.440  WARN 12648 --- [ email-thread-2] c.e.firstapp.config.EmailRateLimiter     : Password reset rate limit exceeded: c**************@gmail.com
2026-08-05 14:04:55.440  WARN 12648 --- [ email-thread-2] c.e.f.service.EmailServiceImpl           : Password reset rate limited: c**@gmail.com
2026-08-05 14:04:55.440 DEBUG 12648 --- [nio-8080-exec-5] org.hibernate.SQL                        : 
    delete 
    from
        password_reset_tokens 
    where
        id=?
2026-08-05 14:04:56.339 DEBUG 12648 --- [nio-8080-exec-7] o.s.security.web.FilterChainProxy        : Securing POST /api/v1/auth/forgot-password
2026-08-05 14:04:56.339 DEBUG 12648 --- [nio-8080-exec-7] o.s.s.w.a.AnonymousAuthenticationFilter  : Set SecurityContextHolder to anonymous SecurityContext
2026-08-05 14:04:56.339 DEBUG 12648 --- [nio-8080-exec-7] o.s.security.web.FilterChainProxy        : Secured POST /api/v1/auth/forgot-password
2026-08-05 14:04:56.354 DEBUG 12648 --- [nio-8080-exec-7] org.hibernate.SQL                        : 
    select
        u1_0.id,
        u1_0.created_at,
        u1_0.email,
        u1_0.failed_attempts,
        u1_0.is_active,
        u1_0.is_locked,
        u1_0.last_login_at,
        u1_0.lock_time,
        u1_0.password,
        u1_0.role,
        u1_0.updated_at,
        u1_0.username 
    from
        users u1_0 
    where
        u1_0.email=?
2026-08-05 14:04:56.360 DEBUG 12648 --- [nio-8080-exec-7] org.hibernate.SQL                        : 
    select
        prt1_0.id,
        prt1_0.created_at,
        prt1_0.expires_at,
        prt1_0.token_hash,
        prt1_0.used,
        prt1_0.user_id 
    from
        password_reset_tokens prt1_0 
    where
        prt1_0.user_id=?
2026-08-05 14:04:56.640 DEBUG 12648 --- [nio-8080-exec-7] org.hibernate.SQL                        : 
    insert 
    into
        password_reset_tokens
        (created_at, expires_at, token_hash, used, user_id) 
    values
        (?, ?, ?, ?, ?)
2026-08-05 14:04:56.640  WARN 12648 --- [ email-thread-1] c.e.firstapp.config.EmailRateLimiter     : Password reset rate limit exceeded: c**************@gmail.com
2026-08-05 14:04:56.640  WARN 12648 --- [ email-thread-1] c.e.f.service.EmailServiceImpl           : Password reset rate limited: c**@gmail.com
2026-08-05 14:04:56.640 DEBUG 12648 --- [nio-8080-exec-7] org.hibernate.SQL                        : 
    delete 
    from
        password_reset_tokens 
    where
        id=?
2026-08-05 14:04:57.622 DEBUG 12648 --- [nio-8080-exec-3] o.s.security.web.FilterChainProxy        : Securing POST /api/v1/auth/forgot-password
2026-08-05 14:04:57.622 DEBUG 12648 --- [nio-8080-exec-3] o.s.s.w.a.AnonymousAuthenticationFilter  : Set SecurityContextHolder to anonymous SecurityContext
2026-08-05 14:04:57.622 DEBUG 12648 --- [nio-8080-exec-3] o.s.security.web.FilterChainProxy        : Secured POST /api/v1/auth/forgot-password
2026-08-05 14:04:57.635 DEBUG 12648 --- [nio-8080-exec-3] org.hibernate.SQL                        : 
    select
        u1_0.id,
        u1_0.created_at,
        u1_0.email,
        u1_0.failed_attempts,
        u1_0.is_active,
        u1_0.is_locked,
        u1_0.last_login_at,
        u1_0.lock_time,
        u1_0.password,
        u1_0.role,
        u1_0.updated_at,
        u1_0.username 
    from
        users u1_0 
    where
        u1_0.email=?
2026-08-05 14:04:57.640 DEBUG 12648 --- [nio-8080-exec-3] org.hibernate.SQL                        : 
    select
        prt1_0.id,
        prt1_0.created_at,
        prt1_0.expires_at,
        prt1_0.token_hash,
        prt1_0.used,
        prt1_0.user_id 
    from
        password_reset_tokens prt1_0 
    where
        prt1_0.user_id=?
2026-08-05 14:04:57.905 DEBUG 12648 --- [nio-8080-exec-3] org.hibernate.SQL                        : 
    insert 
    into
        password_reset_tokens
        (created_at, expires_at, token_hash, used, user_id) 
    values
        (?, ?, ?, ?, ?)
2026-08-05 14:04:57.920  WARN 12648 --- [ email-thread-2] c.e.firstapp.config.EmailRateLimiter     : Password reset rate limit exceeded: c**************@gmail.com
2026-08-05 14:04:57.920  WARN 12648 --- [ email-thread-2] c.e.f.service.EmailServiceImpl           : Password reset rate limited: c**@gmail.com
2026-08-05 14:04:57.921 DEBUG 12648 --- [nio-8080-exec-3] org.hibernate.SQL                        : 
    delete 
    from
        password_reset_tokens 
    where
        id=?
2026-08-05 14:04:58.844 DEBUG 12648 --- [nio-8080-exec-6] o.s.security.web.FilterChainProxy        : Securing POST /api/v1/auth/forgot-password
2026-08-05 14:04:58.844 DEBUG 12648 --- [nio-8080-exec-6] o.s.s.w.a.AnonymousAuthenticationFilter  : Set SecurityContextHolder to anonymous SecurityContext
2026-08-05 14:04:58.844 DEBUG 12648 --- [nio-8080-exec-6] o.s.security.web.FilterChainProxy        : Secured POST /api/v1/auth/forgot-password
2026-08-05 14:04:58.852 DEBUG 12648 --- [nio-8080-exec-6] org.hibernate.SQL                        : 
    select
        u1_0.id,
        u1_0.created_at,
        u1_0.email,
        u1_0.failed_attempts,
        u1_0.is_active,
        u1_0.is_locked,
        u1_0.last_login_at,
        u1_0.lock_time,
        u1_0.password,
        u1_0.role,
        u1_0.updated_at,
        u1_0.username 
    from
        users u1_0 
    where
        u1_0.email=?
2026-08-05 14:04:58.856 DEBUG 12648 --- [nio-8080-exec-6] org.hibernate.SQL                        : 
    select
        prt1_0.id,
        prt1_0.created_at,
        prt1_0.expires_at,
        prt1_0.token_hash,
        prt1_0.used,
        prt1_0.user_id 
    from
        password_reset_tokens prt1_0 
    where
        prt1_0.user_id=?
2026-08-05 14:04:59.138 DEBUG 12648 --- [nio-8080-exec-6] org.hibernate.SQL                        : 
    insert 
    into
        password_reset_tokens
        (created_at, expires_at, token_hash, used, user_id) 
    values
        (?, ?, ?, ?, ?)
2026-08-05 14:04:59.151  WARN 12648 --- [ email-thread-1] c.e.firstapp.config.EmailRateLimiter     : Password reset rate limit exceeded: c**************@gmail.com
2026-08-05 14:04:59.152  WARN 12648 --- [ email-thread-1] c.e.f.service.EmailServiceImpl           : Password reset rate limited: c**@gmail.com
2026-08-05 14:04:59.152 DEBUG 12648 --- [nio-8080-exec-6] org.hibernate.SQL                        : 
    delete 
    from
        password_reset_tokens 
    where
        id=?
2026-08-05 14:05:00.824 DEBUG 12648 --- [nio-8080-exec-4] o.s.security.web.FilterChainProxy        : Securing POST /api/v1/auth/forgot-password
2026-08-05 14:05:00.824 DEBUG 12648 --- [nio-8080-exec-4] o.s.s.w.a.AnonymousAuthenticationFilter  : Set SecurityContextHolder to anonymous SecurityContext
2026-08-05 14:05:00.824 DEBUG 12648 --- [nio-8080-exec-4] o.s.security.web.FilterChainProxy        : Secured POST /api/v1/auth/forgot-password
2026-08-05 14:05:00.832 DEBUG 12648 --- [nio-8080-exec-4] org.hibernate.SQL                        : 
    select
        u1_0.id,
        u1_0.created_at,
        u1_0.email,
        u1_0.failed_attempts,
        u1_0.is_active,
        u1_0.is_locked,
        u1_0.last_login_at,
        u1_0.lock_time,
        u1_0.password,
        u1_0.role,
        u1_0.updated_at,
        u1_0.username 
    from
        users u1_0 
    where
        u1_0.email=?
2026-08-05 14:05:00.836 DEBUG 12648 --- [nio-8080-exec-4] org.hibernate.SQL                        : 
    select
        prt1_0.id,
        prt1_0.created_at,
        prt1_0.expires_at,
        prt1_0.token_hash,
        prt1_0.used,
        prt1_0.user_id 
    from
        password_reset_tokens prt1_0 
    where
        prt1_0.user_id=?
2026-08-05 14:05:01.102 DEBUG 12648 --- [nio-8080-exec-4] org.hibernate.SQL                        : 
    insert 
    into
        password_reset_tokens
        (created_at, expires_at, token_hash, used, user_id) 
    values
        (?, ?, ?, ?, ?)
2026-08-05 14:05:01.102  WARN 12648 --- [ email-thread-2] c.e.firstapp.config.EmailRateLimiter     : Password reset rate limit exceeded: c**************@gmail.com
2026-08-05 14:05:01.102  WARN 12648 --- [ email-thread-2] c.e.f.service.EmailServiceImpl           : Password reset rate limited: c**@gmail.com
2026-08-05 14:05:01.102 DEBUG 12648 --- [nio-8080-exec-4] org.hibernate.SQL                        : 
    delete 
    from
        password_reset_tokens 
    where
        id=?
2026-08-05 14:05:03.140 DEBUG 12648 --- [nio-8080-exec-8] o.s.security.web.FilterChainProxy        : Securing POST /api/v1/auth/forgot-password
2026-08-05 14:05:03.140 DEBUG 12648 --- [nio-8080-exec-8] o.s.s.w.a.AnonymousAuthenticationFilter  : Set SecurityContextHolder to anonymous SecurityContext
2026-08-05 14:05:03.140 DEBUG 12648 --- [nio-8080-exec-8] o.s.security.web.FilterChainProxy        : Secured POST /api/v1/auth/forgot-password
2026-08-05 14:05:03.140 DEBUG 12648 --- [nio-8080-exec-8] org.hibernate.SQL                        : 
    select
        u1_0.id,
        u1_0.created_at,
        u1_0.email,
        u1_0.failed_attempts,
        u1_0.is_active,
        u1_0.is_locked,
        u1_0.last_login_at,
        u1_0.lock_time,
        u1_0.password,
        u1_0.role,
        u1_0.updated_at,
        u1_0.username 
    from
        users u1_0 
    where
        u1_0.email=?
2026-08-05 14:05:03.150 DEBUG 12648 --- [nio-8080-exec-8] org.hibernate.SQL                        : 
    select
        prt1_0.id,
        prt1_0.created_at,
        prt1_0.expires_at,
        prt1_0.token_hash,
        prt1_0.used,
        prt1_0.user_id 
    from
        password_reset_tokens prt1_0 
    where
        prt1_0.user_id=?
2026-08-05 14:05:03.417 DEBUG 12648 --- [nio-8080-exec-8] org.hibernate.SQL                        : 
    insert 
    into
        password_reset_tokens
        (created_at, expires_at, token_hash, used, user_id) 
    values
        (?, ?, ?, ?, ?)
2026-08-05 14:05:03.417  WARN 12648 --- [ email-thread-1] c.e.firstapp.config.EmailRateLimiter     : Password reset rate limit exceeded: c**************@gmail.com
2026-08-05 14:05:03.417  WARN 12648 --- [ email-thread-1] c.e.f.service.EmailServiceImpl           : Password reset rate limited: c**@gmail.com
2026-08-05 14:05:03.417 DEBUG 12648 --- [nio-8080-exec-8] org.hibernate.SQL                        : 
    delete 
    from
        password_reset_tokens 
    where
        id=?
2026-08-05 14:05:05.679 DEBUG 12648 --- [nio-8080-exec-9] o.s.security.web.FilterChainProxy        : Securing POST /api/v1/auth/forgot-password
2026-08-05 14:05:05.679 DEBUG 12648 --- [nio-8080-exec-9] o.s.s.w.a.AnonymousAuthenticationFilter  : Set SecurityContextHolder to anonymous SecurityContext
2026-08-05 14:05:05.679 DEBUG 12648 --- [nio-8080-exec-9] o.s.security.web.FilterChainProxy        : Secured POST /api/v1/auth/forgot-password
2026-08-05 14:05:05.679 DEBUG 12648 --- [nio-8080-exec-9] org.hibernate.SQL                        : 
    select
        u1_0.id,
        u1_0.created_at,
        u1_0.email,
        u1_0.failed_attempts,
        u1_0.is_active,
        u1_0.is_locked,
        u1_0.last_login_at,
        u1_0.lock_time,
        u1_0.password,
        u1_0.role,
        u1_0.updated_at,
        u1_0.username 
    from
        users u1_0 
    where
        u1_0.email=?
2026-08-05 14:05:05.679 DEBUG 12648 --- [nio-8080-exec-9] org.hibernate.SQL                        : 
    select
        prt1_0.id,
        prt1_0.created_at,
        prt1_0.expires_at,
        prt1_0.token_hash,
        prt1_0.used,
        prt1_0.user_id 
    from
        password_reset_tokens prt1_0 
    where
        prt1_0.user_id=?
2026-08-05 14:05:05.949 DEBUG 12648 --- [nio-8080-exec-9] org.hibernate.SQL                        : 
    insert 
    into
        password_reset_tokens
        (created_at, expires_at, token_hash, used, user_id) 
    values
        (?, ?, ?, ?, ?)
2026-08-05 14:05:05.949  WARN 12648 --- [ email-thread-2] c.e.firstapp.config.EmailRateLimiter     : Password reset rate limit exceeded: c**************@gmail.com
2026-08-05 14:05:05.949  WARN 12648 --- [ email-thread-2] c.e.f.service.EmailServiceImpl           : Password reset rate limited: c**@gmail.com
2026-08-05 14:05:05.949 DEBUG 12648 --- [nio-8080-exec-9] org.hibernate.SQL                        : 
    delete 
    from
        password_reset_tokens 
    where
        id=?
2026-08-05 14:05:06.831 DEBUG 12648 --- [io-8080-exec-10] o.s.security.web.FilterChainProxy        : Securing POST /api/v1/auth/forgot-password
2026-08-05 14:05:06.831 DEBUG 12648 --- [io-8080-exec-10] o.s.s.w.a.AnonymousAuthenticationFilter  : Set SecurityContextHolder to anonymous SecurityContext
2026-08-05 14:05:06.831 DEBUG 12648 --- [io-8080-exec-10] o.s.security.web.FilterChainProxy        : Secured POST /api/v1/auth/forgot-password
2026-08-05 14:05:06.844 DEBUG 12648 --- [io-8080-exec-10] org.hibernate.SQL                        : 
    select
        u1_0.id,
        u1_0.created_at,
        u1_0.email,
        u1_0.failed_attempts,
        u1_0.is_active,
        u1_0.is_locked,
        u1_0.last_login_at,
        u1_0.lock_time,
        u1_0.password,
        u1_0.role,
        u1_0.updated_at,
        u1_0.username 
    from
        users u1_0 
    where
        u1_0.email=?
2026-08-05 14:05:06.848 DEBUG 12648 --- [io-8080-exec-10] org.hibernate.SQL                        : 
    select
        prt1_0.id,
        prt1_0.created_at,
        prt1_0.expires_at,
        prt1_0.token_hash,
        prt1_0.used,
        prt1_0.user_id 
    from
        password_reset_tokens prt1_0 
    where
        prt1_0.user_id=?
2026-08-05 14:05:07.114 DEBUG 12648 --- [io-8080-exec-10] org.hibernate.SQL                        : 
    insert 
    into
        password_reset_tokens
        (created_at, expires_at, token_hash, used, user_id) 
    values
        (?, ?, ?, ?, ?)
2026-08-05 14:05:07.114  WARN 12648 --- [ email-thread-1] c.e.firstapp.config.EmailRateLimiter     : Password reset rate limit exceeded: c**************@gmail.com
2026-08-05 14:05:07.114 DEBUG 12648 --- [io-8080-exec-10] org.hibernate.SQL                        : 
    delete 
    from
        password_reset_tokens 
    where
        id=?
2026-08-05 14:05:07.114  WARN 12648 --- [ email-thread-1] c.e.f.service.EmailServiceImpl           : Password reset rate limited: c**@gmail.com
2026-08-05 14:14:29.892  INFO 3280 --- [  restartedMain] c.e.firstapp.FirstappApplication         : Starting FirstappApplication using Java 25.0.3 with PID 3280 (E:\firstapp\firstapp\target\classes started by Dell in E:\firstapp\firstapp)
2026-08-05 14:14:29.894  INFO 3280 --- [  restartedMain] c.e.firstapp.FirstappApplication         : No active profile set, falling back to 1 default profile: "default"
2026-08-05 14:14:29.956  INFO 3280 --- [  restartedMain] .e.DevToolsPropertyDefaultsPostProcessor : Devtools property defaults active! Set 'spring.devtools.add-properties' to 'false' to disable
2026-08-05 14:14:29.957  INFO 3280 --- [  restartedMain] .e.DevToolsPropertyDefaultsPostProcessor : For additional web related logging consider setting the 'logging.level.web' property to 'DEBUG'
2026-08-05 14:14:31.703  INFO 3280 --- [  restartedMain] .s.d.r.c.RepositoryConfigurationDelegate : Bootstrapping Spring Data JPA repositories in DEFAULT mode.
2026-08-05 14:14:31.788  INFO 3280 --- [  restartedMain] .s.d.r.c.RepositoryConfigurationDelegate : Finished Spring Data repository scanning in 73 ms. Found 2 JPA repository interfaces.
2026-08-05 14:14:32.891  INFO 3280 --- [  restartedMain] o.s.b.w.e.tomcat.TomcatWebServer         : Tomcat initialized with port 8080 (http)
2026-08-05 14:14:32.915  INFO 3280 --- [  restartedMain] o.a.catalina.core.StandardService        : Starting service [Tomcat]
2026-08-05 14:14:32.916  INFO 3280 --- [  restartedMain] o.a.catalina.core.StandardEngine         : Starting Servlet engine: [Apache Tomcat/10.1.42]
2026-08-05 14:14:33.008  INFO 3280 --- [  restartedMain] o.a.c.c.C.[Tomcat].[localhost].[/]       : Initializing Spring embedded WebApplicationContext
2026-08-05 14:14:33.009  INFO 3280 --- [  restartedMain] w.s.c.ServletWebServerApplicationContext : Root WebApplicationContext: initialization completed in 3052 ms
2026-08-05 14:14:33.273  INFO 3280 --- [  restartedMain] o.h.jpa.internal.util.LogHelper          : HHH000204: Processing PersistenceUnitInfo [name: default]
2026-08-05 14:14:33.382  INFO 3280 --- [  restartedMain] org.hibernate.Version                    : HHH000412: Hibernate ORM core version 6.5.3.Final
2026-08-05 14:14:33.439  INFO 3280 --- [  restartedMain] o.h.c.i.RegionFactoryInitiator           : HHH000026: Second-level cache disabled
2026-08-05 14:14:33.880  INFO 3280 --- [  restartedMain] o.s.o.j.p.SpringPersistenceUnitInfo      : No LoadTimeWeaver setup: ignoring JPA class transformer
2026-08-05 14:14:33.931  INFO 3280 --- [  restartedMain] com.zaxxer.hikari.HikariDataSource       : BusinessAppHikariPool - Starting...
2026-08-05 14:14:34.215  INFO 3280 --- [  restartedMain] com.zaxxer.hikari.pool.HikariPool        : BusinessAppHikariPool - Added connection com.mysql.cj.jdbc.ConnectionImpl@436504f7
2026-08-05 14:14:34.219  INFO 3280 --- [  restartedMain] com.zaxxer.hikari.HikariDataSource       : BusinessAppHikariPool - Start completed.
2026-08-05 14:14:35.569  INFO 3280 --- [  restartedMain] o.h.e.t.j.p.i.JtaPlatformInitiator       : HHH000489: No JTA platform available (set 'hibernate.transaction.jta.platform' to enable JTA platform integration)
2026-08-05 14:14:35.656 DEBUG 3280 --- [  restartedMain] org.hibernate.SQL                        : 
    alter table users 
       modify column role enum ('ROLE_ADMIN','ROLE_CUSTOMER','ROLE_MANAGER','ROLE_MEMBERS') not null
2026-08-05 14:14:35.726  INFO 3280 --- [  restartedMain] j.LocalContainerEntityManagerFactoryBean : Initialized JPA EntityManagerFactory for persistence unit 'default'
2026-08-05 14:14:36.126  INFO 3280 --- [  restartedMain] o.s.d.j.r.query.QueryEnhancerFactory     : Hibernate is in classpath; If applicable, HQL parser will be used.
2026-08-05 14:14:36.767  INFO 3280 --- [  restartedMain] o.s.b.web.servlet.RegistrationBean       : Filter disableJwtAuthFilterRegistration was not registered (disabled)
2026-08-05 14:14:37.019  INFO 3280 --- [  restartedMain] eAuthenticationProviderManagerConfigurer : Global AuthenticationManager configured with AuthenticationProvider bean with name authenticationProvider
2026-08-05 14:14:37.020  WARN 3280 --- [  restartedMain] r$InitializeUserDetailsManagerConfigurer : Global AuthenticationManager configured with an AuthenticationProvider bean. UserDetailsService beans will not be used for username/password login. Consider removing the AuthenticationProvider bean. Alternatively, consider using the UserDetailsService in a manually instantiated DaoAuthenticationProvider.
2026-08-05 14:14:37.125  INFO 3280 --- [  restartedMain] c.e.firstapp.config.AsyncConfig          : Email thread pool initialized: core=2 max=5 queue=50
2026-08-05 14:14:37.445 DEBUG 3280 --- [  restartedMain] o.s.s.web.DefaultSecurityFilterChain     : Will secure any request with filters: DisableEncodeUrlFilter, WebAsyncManagerIntegrationFilter, SecurityContextHolderFilter, HeaderWriterFilter, LogoutFilter, JwtAuthFilter, RequestCacheAwareFilter, SecurityContextHolderAwareRequestFilter, AnonymousAuthenticationFilter, SessionManagementFilter, ExceptionTranslationFilter, AuthorizationFilter
2026-08-05 14:14:37.706  INFO 3280 --- [  restartedMain] o.s.b.d.a.OptionalLiveReloadServer       : LiveReload server is running on port 35729
2026-08-05 14:14:37.757  INFO 3280 --- [  restartedMain] o.s.b.w.e.tomcat.TomcatWebServer         : Tomcat started on port 8080 (http) with context path '/'
2026-08-05 14:14:37.765  INFO 3280 --- [  restartedMain] c.e.firstapp.FirstappApplication         : Started FirstappApplication in 8.385 seconds (process running for 9.583)
2026-08-05 14:14:42.761  INFO 3280 --- [nio-8080-exec-5] o.a.c.c.C.[Tomcat].[localhost].[/]       : Initializing Spring DispatcherServlet 'dispatcherServlet'
2026-08-05 14:14:42.761  INFO 3280 --- [nio-8080-exec-5] o.s.web.servlet.DispatcherServlet        : Initializing Servlet 'dispatcherServlet'
2026-08-05 14:14:42.761  INFO 3280 --- [nio-8080-exec-5] o.s.web.servlet.DispatcherServlet        : Completed initialization in 0 ms
2026-08-05 14:14:42.797 DEBUG 3280 --- [nio-8080-exec-5] o.s.security.web.FilterChainProxy        : Securing POST /api/v1/auth/forgot-password
2026-08-05 14:14:42.797 DEBUG 3280 --- [nio-8080-exec-5] o.s.s.w.a.AnonymousAuthenticationFilter  : Set SecurityContextHolder to anonymous SecurityContext
2026-08-05 14:14:42.808 DEBUG 3280 --- [nio-8080-exec-5] o.s.security.web.FilterChainProxy        : Secured POST /api/v1/auth/forgot-password
2026-08-05 14:14:43.028 DEBUG 3280 --- [nio-8080-exec-5] org.hibernate.SQL                        : 
    select
        u1_0.id,
        u1_0.created_at,
        u1_0.email,
        u1_0.failed_attempts,
        u1_0.is_active,
        u1_0.is_locked,
        u1_0.last_login_at,
        u1_0.lock_time,
        u1_0.password,
        u1_0.role,
        u1_0.updated_at,
        u1_0.username 
    from
        users u1_0 
    where
        u1_0.email=?
2026-08-05 14:14:43.060 DEBUG 3280 --- [nio-8080-exec-5] org.hibernate.SQL                        : 
    select
        prt1_0.id,
        prt1_0.created_at,
        prt1_0.expires_at,
        prt1_0.token_hash,
        prt1_0.used,
        prt1_0.user_id 
    from
        password_reset_tokens prt1_0 
    where
        prt1_0.user_id=?
2026-08-05 14:14:43.361 DEBUG 3280 --- [nio-8080-exec-5] org.hibernate.SQL                        : 
    insert 
    into
        password_reset_tokens
        (created_at, expires_at, token_hash, used, user_id) 
    values
        (?, ?, ?, ?, ?)
2026-08-05 14:14:43.379 DEBUG 3280 --- [nio-8080-exec-5] org.hibernate.SQL                        : 
    delete 
    from
        password_reset_tokens 
    where
        id=?
2026-08-05 14:14:43.916 ERROR 3280 --- [ email-thread-1] c.e.f.service.EmailServiceImpl           : SMTP send failed: to=c**@gmail.com template=PASSWORD_RESET error={}
org.springframework.mail.MailSendException: Mail server connection failed. Failed messages: org.eclipse.angus.mail.util.MailConnectException: Couldn't connect to host, port: localhost, 1025; timeout 5000;
  nested exception is:
	java.net.ConnectException: Connection refused: getsockopt
	at org.springframework.mail.javamail.JavaMailSenderImpl.doSend(JavaMailSenderImpl.java:410)
	at org.springframework.mail.javamail.JavaMailSenderImpl.send(JavaMailSenderImpl.java:350)
	at org.springframework.mail.javamail.JavaMailSender.send(JavaMailSender.java:101)
	at com.example.firstapp.service.EmailServiceImpl.sendEmail(EmailServiceImpl.java:128)
	at com.example.firstapp.service.EmailServiceImpl.sendPasswordResetEmail(EmailServiceImpl.java:215)
	at java.base/jdk.internal.reflect.DirectMethodHandleAccessor.invoke(DirectMethodHandleAccessor.java:104)
	at java.base/java.lang.reflect.Method.invoke(Method.java:565)
	at org.springframework.aop.support.AopUtils.invokeJoinpointUsingReflection(AopUtils.java:355)
	at org.springframework.aop.framework.ReflectiveMethodInvocation.invokeJoinpoint(ReflectiveMethodInvocation.java:196)
	at org.springframework.aop.framework.ReflectiveMethodInvocation.proceed(ReflectiveMethodInvocation.java:163)
	at org.springframework.aop.interceptor.AsyncExecutionInterceptor.lambda$invoke$0(AsyncExecutionInterceptor.java:113)
	at java.base/java.util.concurrent.FutureTask.run(FutureTask.java:328)
	at java.base/java.util.concurrent.ThreadPoolExecutor.runWorker(ThreadPoolExecutor.java:1090)
	at java.base/java.util.concurrent.ThreadPoolExecutor$Worker.run(ThreadPoolExecutor.java:614)
	at java.base/java.lang.Thread.run(Thread.java:1474)
Caused by: org.eclipse.angus.mail.util.MailConnectException: Couldn't connect to host, port: localhost, 1025; timeout 5000
	at org.eclipse.angus.mail.smtp.SMTPTransport.openServer(SMTPTransport.java:2243)
	at org.eclipse.angus.mail.smtp.SMTPTransport.protocolConnect(SMTPTransport.java:729)
	at jakarta.mail.Service.connect(Service.java:345)
	at org.springframework.mail.javamail.JavaMailSenderImpl.connectTransport(JavaMailSenderImpl.java:480)
	at org.springframework.mail.javamail.JavaMailSenderImpl.doSend(JavaMailSenderImpl.java:399)
	... 14 common frames omitted
Caused by: java.net.ConnectException: Connection refused: getsockopt
	at java.base/sun.nio.ch.Net.pollConnect(Native Method)
	at java.base/sun.nio.ch.Net.pollConnectNow(Net.java:639)
	at java.base/sun.nio.ch.NioSocketImpl.timedFinishConnect(NioSocketImpl.java:543)
	at java.base/sun.nio.ch.NioSocketImpl.connect(NioSocketImpl.java:594)
	at java.base/java.net.SocksSocketImpl.connect(SocksSocketImpl.java:284)
	at java.base/java.net.Socket.connect(Socket.java:659)
	at org.eclipse.angus.mail.util.WriteTimeoutSocket.connect(WriteTimeoutSocket.java:118)
	at org.eclipse.angus.mail.util.SocketFetcher.createSocket(SocketFetcher.java:366)
	at org.eclipse.angus.mail.util.SocketFetcher.getSocket(SocketFetcher.java:243)
	at org.eclipse.angus.mail.smtp.SMTPTransport.openServer(SMTPTransport.java:2193)
	... 18 common frames omitted
2026-08-05 14:14:45.780 DEBUG 3280 --- [nio-8080-exec-3] o.s.security.web.FilterChainProxy        : Securing POST /api/v1/auth/forgot-password
2026-08-05 14:14:45.780 DEBUG 3280 --- [nio-8080-exec-3] o.s.s.w.a.AnonymousAuthenticationFilter  : Set SecurityContextHolder to anonymous SecurityContext
2026-08-05 14:14:45.780 DEBUG 3280 --- [nio-8080-exec-3] o.s.security.web.FilterChainProxy        : Secured POST /api/v1/auth/forgot-password
2026-08-05 14:14:45.790 DEBUG 3280 --- [nio-8080-exec-3] org.hibernate.SQL                        : 
    select
        u1_0.id,
        u1_0.created_at,
        u1_0.email,
        u1_0.failed_attempts,
        u1_0.is_active,
        u1_0.is_locked,
        u1_0.last_login_at,
        u1_0.lock_time,
        u1_0.password,
        u1_0.role,
        u1_0.updated_at,
        u1_0.username 
    from
        users u1_0 
    where
        u1_0.email=?
2026-08-05 14:14:45.795 DEBUG 3280 --- [nio-8080-exec-3] org.hibernate.SQL                        : 
    select
        prt1_0.id,
        prt1_0.created_at,
        prt1_0.expires_at,
        prt1_0.token_hash,
        prt1_0.used,
        prt1_0.user_id 
    from
        password_reset_tokens prt1_0 
    where
        prt1_0.user_id=?
2026-08-05 14:14:46.066 DEBUG 3280 --- [nio-8080-exec-3] org.hibernate.SQL                        : 
    insert 
    into
        password_reset_tokens
        (created_at, expires_at, token_hash, used, user_id) 
    values
        (?, ?, ?, ?, ?)
2026-08-05 14:14:46.071 DEBUG 3280 --- [nio-8080-exec-3] org.hibernate.SQL                        : 
    delete 
    from
        password_reset_tokens 
    where
        id=?
2026-08-05 14:14:46.086 ERROR 3280 --- [ email-thread-2] c.e.f.service.EmailServiceImpl           : SMTP send failed: to=c**@gmail.com template=PASSWORD_RESET error={}
org.springframework.mail.MailSendException: Mail server connection failed. Failed messages: org.eclipse.angus.mail.util.MailConnectException: Couldn't connect to host, port: localhost, 1025; timeout 5000;
  nested exception is:
	java.net.ConnectException: Connection refused: getsockopt
	at org.springframework.mail.javamail.JavaMailSenderImpl.doSend(JavaMailSenderImpl.java:410)
	at org.springframework.mail.javamail.JavaMailSenderImpl.send(JavaMailSenderImpl.java:350)
	at org.springframework.mail.javamail.JavaMailSender.send(JavaMailSender.java:101)
	at com.example.firstapp.service.EmailServiceImpl.sendEmail(EmailServiceImpl.java:128)
	at com.example.firstapp.service.EmailServiceImpl.sendPasswordResetEmail(EmailServiceImpl.java:215)
	at java.base/jdk.internal.reflect.DirectMethodHandleAccessor.invoke(DirectMethodHandleAccessor.java:104)
	at java.base/java.lang.reflect.Method.invoke(Method.java:565)
	at org.springframework.aop.support.AopUtils.invokeJoinpointUsingReflection(AopUtils.java:355)
	at org.springframework.aop.framework.ReflectiveMethodInvocation.invokeJoinpoint(ReflectiveMethodInvocation.java:196)
	at org.springframework.aop.framework.ReflectiveMethodInvocation.proceed(ReflectiveMethodInvocation.java:163)
	at org.springframework.aop.interceptor.AsyncExecutionInterceptor.lambda$invoke$0(AsyncExecutionInterceptor.java:113)
	at java.base/java.util.concurrent.FutureTask.run(FutureTask.java:328)
	at java.base/java.util.concurrent.ThreadPoolExecutor.runWorker(ThreadPoolExecutor.java:1090)
	at java.base/java.util.concurrent.ThreadPoolExecutor$Worker.run(ThreadPoolExecutor.java:614)
	at java.base/java.lang.Thread.run(Thread.java:1474)
Caused by: org.eclipse.angus.mail.util.MailConnectException: Couldn't connect to host, port: localhost, 1025; timeout 5000
	at org.eclipse.angus.mail.smtp.SMTPTransport.openServer(SMTPTransport.java:2243)
	at org.eclipse.angus.mail.smtp.SMTPTransport.protocolConnect(SMTPTransport.java:729)
	at jakarta.mail.Service.connect(Service.java:345)
	at org.springframework.mail.javamail.JavaMailSenderImpl.connectTransport(JavaMailSenderImpl.java:480)
	at org.springframework.mail.javamail.JavaMailSenderImpl.doSend(JavaMailSenderImpl.java:399)
	... 14 common frames omitted
Caused by: java.net.ConnectException: Connection refused: getsockopt
	at java.base/sun.nio.ch.Net.pollConnect(Native Method)
	at java.base/sun.nio.ch.Net.pollConnectNow(Net.java:639)
	at java.base/sun.nio.ch.NioSocketImpl.timedFinishConnect(NioSocketImpl.java:543)
	at java.base/sun.nio.ch.NioSocketImpl.connect(NioSocketImpl.java:594)
	at java.base/java.net.SocksSocketImpl.connect(SocksSocketImpl.java:284)
	at java.base/java.net.Socket.connect(Socket.java:659)
	at org.eclipse.angus.mail.util.WriteTimeoutSocket.connect(WriteTimeoutSocket.java:118)
	at org.eclipse.angus.mail.util.SocketFetcher.createSocket(SocketFetcher.java:366)
	at org.eclipse.angus.mail.util.SocketFetcher.getSocket(SocketFetcher.java:243)
	at org.eclipse.angus.mail.smtp.SMTPTransport.openServer(SMTPTransport.java:2193)
	... 18 common frames omitted
2026-08-05 14:14:47.090 DEBUG 3280 --- [nio-8080-exec-4] o.s.security.web.FilterChainProxy        : Securing POST /api/v1/auth/forgot-password
2026-08-05 14:14:47.091 DEBUG 3280 --- [nio-8080-exec-4] o.s.s.w.a.AnonymousAuthenticationFilter  : Set SecurityContextHolder to anonymous SecurityContext
2026-08-05 14:14:47.091 DEBUG 3280 --- [nio-8080-exec-4] o.s.security.web.FilterChainProxy        : Secured POST /api/v1/auth/forgot-password
2026-08-05 14:14:47.096 DEBUG 3280 --- [nio-8080-exec-4] org.hibernate.SQL                        : 
    select
        u1_0.id,
        u1_0.created_at,
        u1_0.email,
        u1_0.failed_attempts,
        u1_0.is_active,
        u1_0.is_locked,
        u1_0.last_login_at,
        u1_0.lock_time,
        u1_0.password,
        u1_0.role,
        u1_0.updated_at,
        u1_0.username 
    from
        users u1_0 
    where
        u1_0.email=?
2026-08-05 14:14:47.100 DEBUG 3280 --- [nio-8080-exec-4] org.hibernate.SQL                        : 
    select
        prt1_0.id,
        prt1_0.created_at,
        prt1_0.expires_at,
        prt1_0.token_hash,
        prt1_0.used,
        prt1_0.user_id 
    from
        password_reset_tokens prt1_0 
    where
        prt1_0.user_id=?
2026-08-05 14:14:47.390 DEBUG 3280 --- [nio-8080-exec-4] org.hibernate.SQL                        : 
    insert 
    into
        password_reset_tokens
        (created_at, expires_at, token_hash, used, user_id) 
    values
        (?, ?, ?, ?, ?)
2026-08-05 14:14:47.390 DEBUG 3280 --- [nio-8080-exec-4] org.hibernate.SQL                        : 
    delete 
    from
        password_reset_tokens 
    where
        id=?
2026-08-05 14:14:47.390 ERROR 3280 --- [ email-thread-1] c.e.f.service.EmailServiceImpl           : SMTP send failed: to=c**@gmail.com template=PASSWORD_RESET error={}
org.springframework.mail.MailSendException: Mail server connection failed. Failed messages: org.eclipse.angus.mail.util.MailConnectException: Couldn't connect to host, port: localhost, 1025; timeout 5000;
  nested exception is:
	java.net.ConnectException: Connection refused: getsockopt
	at org.springframework.mail.javamail.JavaMailSenderImpl.doSend(JavaMailSenderImpl.java:410)
	at org.springframework.mail.javamail.JavaMailSenderImpl.send(JavaMailSenderImpl.java:350)
	at org.springframework.mail.javamail.JavaMailSender.send(JavaMailSender.java:101)
	at com.example.firstapp.service.EmailServiceImpl.sendEmail(EmailServiceImpl.java:128)
	at com.example.firstapp.service.EmailServiceImpl.sendPasswordResetEmail(EmailServiceImpl.java:215)
	at java.base/jdk.internal.reflect.DirectMethodHandleAccessor.invoke(DirectMethodHandleAccessor.java:104)
	at java.base/java.lang.reflect.Method.invoke(Method.java:565)
	at org.springframework.aop.support.AopUtils.invokeJoinpointUsingReflection(AopUtils.java:355)
	at org.springframework.aop.framework.ReflectiveMethodInvocation.invokeJoinpoint(ReflectiveMethodInvocation.java:196)
	at org.springframework.aop.framework.ReflectiveMethodInvocation.proceed(ReflectiveMethodInvocation.java:163)
	at org.springframework.aop.interceptor.AsyncExecutionInterceptor.lambda$invoke$0(AsyncExecutionInterceptor.java:113)
	at java.base/java.util.concurrent.FutureTask.run(FutureTask.java:328)
	at java.base/java.util.concurrent.ThreadPoolExecutor.runWorker(ThreadPoolExecutor.java:1090)
	at java.base/java.util.concurrent.ThreadPoolExecutor$Worker.run(ThreadPoolExecutor.java:614)
	at java.base/java.lang.Thread.run(Thread.java:1474)
Caused by: org.eclipse.angus.mail.util.MailConnectException: Couldn't connect to host, port: localhost, 1025; timeout 5000
	at org.eclipse.angus.mail.smtp.SMTPTransport.openServer(SMTPTransport.java:2243)
	at org.eclipse.angus.mail.smtp.SMTPTransport.protocolConnect(SMTPTransport.java:729)
	at jakarta.mail.Service.connect(Service.java:345)
	at org.springframework.mail.javamail.JavaMailSenderImpl.connectTransport(JavaMailSenderImpl.java:480)
	at org.springframework.mail.javamail.JavaMailSenderImpl.doSend(JavaMailSenderImpl.java:399)
	... 14 common frames omitted
Caused by: java.net.ConnectException: Connection refused: getsockopt
	at java.base/sun.nio.ch.Net.pollConnect(Native Method)
	at java.base/sun.nio.ch.Net.pollConnectNow(Net.java:639)
	at java.base/sun.nio.ch.NioSocketImpl.timedFinishConnect(NioSocketImpl.java:543)
	at java.base/sun.nio.ch.NioSocketImpl.connect(NioSocketImpl.java:594)
	at java.base/java.net.SocksSocketImpl.connect(SocksSocketImpl.java:284)
	at java.base/java.net.Socket.connect(Socket.java:659)
	at org.eclipse.angus.mail.util.WriteTimeoutSocket.connect(WriteTimeoutSocket.java:118)
	at org.eclipse.angus.mail.util.SocketFetcher.createSocket(SocketFetcher.java:366)
	at org.eclipse.angus.mail.util.SocketFetcher.getSocket(SocketFetcher.java:243)
	at org.eclipse.angus.mail.smtp.SMTPTransport.openServer(SMTPTransport.java:2193)
	... 18 common frames omitted
2026-08-05 14:14:48.547 DEBUG 3280 --- [nio-8080-exec-2] o.s.security.web.FilterChainProxy        : Securing POST /api/v1/auth/forgot-password
2026-08-05 14:14:48.547 DEBUG 3280 --- [nio-8080-exec-2] o.s.s.w.a.AnonymousAuthenticationFilter  : Set SecurityContextHolder to anonymous SecurityContext
2026-08-05 14:14:48.547 DEBUG 3280 --- [nio-8080-exec-2] o.s.security.web.FilterChainProxy        : Secured POST /api/v1/auth/forgot-password
2026-08-05 14:14:48.553 DEBUG 3280 --- [nio-8080-exec-2] org.hibernate.SQL                        : 
    select
        u1_0.id,
        u1_0.created_at,
        u1_0.email,
        u1_0.failed_attempts,
        u1_0.is_active,
        u1_0.is_locked,
        u1_0.last_login_at,
        u1_0.lock_time,
        u1_0.password,
        u1_0.role,
        u1_0.updated_at,
        u1_0.username 
    from
        users u1_0 
    where
        u1_0.email=?
2026-08-05 14:14:48.558 DEBUG 3280 --- [nio-8080-exec-2] org.hibernate.SQL                        : 
    select
        prt1_0.id,
        prt1_0.created_at,
        prt1_0.expires_at,
        prt1_0.token_hash,
        prt1_0.used,
        prt1_0.user_id 
    from
        password_reset_tokens prt1_0 
    where
        prt1_0.user_id=?
2026-08-05 14:14:48.839 DEBUG 3280 --- [nio-8080-exec-2] org.hibernate.SQL                        : 
    insert 
    into
        password_reset_tokens
        (created_at, expires_at, token_hash, used, user_id) 
    values
        (?, ?, ?, ?, ?)
2026-08-05 14:14:48.839 DEBUG 3280 --- [nio-8080-exec-2] org.hibernate.SQL                        : 
    delete 
    from
        password_reset_tokens 
    where
        id=?
2026-08-05 14:14:48.839  WARN 3280 --- [ email-thread-2] c.e.firstapp.config.EmailRateLimiter     : Password reset rate limit exceeded: c**************@gmail.com
2026-08-05 14:14:48.839  WARN 3280 --- [ email-thread-2] c.e.f.service.EmailServiceImpl           : Password reset rate limited: c**@gmail.com
2026-08-05 14:14:50.144 DEBUG 3280 --- [nio-8080-exec-6] o.s.security.web.FilterChainProxy        : Securing POST /api/v1/auth/forgot-password
2026-08-05 14:14:50.145 DEBUG 3280 --- [nio-8080-exec-6] o.s.s.w.a.AnonymousAuthenticationFilter  : Set SecurityContextHolder to anonymous SecurityContext
2026-08-05 14:14:50.145 DEBUG 3280 --- [nio-8080-exec-6] o.s.security.web.FilterChainProxy        : Secured POST /api/v1/auth/forgot-password
2026-08-05 14:14:50.148 DEBUG 3280 --- [nio-8080-exec-6] org.hibernate.SQL                        : 
    select
        u1_0.id,
        u1_0.created_at,
        u1_0.email,
        u1_0.failed_attempts,
        u1_0.is_active,
        u1_0.is_locked,
        u1_0.last_login_at,
        u1_0.lock_time,
        u1_0.password,
        u1_0.role,
        u1_0.updated_at,
        u1_0.username 
    from
        users u1_0 
    where
        u1_0.email=?
2026-08-05 14:14:50.154 DEBUG 3280 --- [nio-8080-exec-6] org.hibernate.SQL                        : 
    select
        prt1_0.id,
        prt1_0.created_at,
        prt1_0.expires_at,
        prt1_0.token_hash,
        prt1_0.used,
        prt1_0.user_id 
    from
        password_reset_tokens prt1_0 
    where
        prt1_0.user_id=?
2026-08-05 14:14:50.469 DEBUG 3280 --- [nio-8080-exec-6] org.hibernate.SQL                        : 
    insert 
    into
        password_reset_tokens
        (created_at, expires_at, token_hash, used, user_id) 
    values
        (?, ?, ?, ?, ?)
2026-08-05 14:14:50.472  WARN 3280 --- [ email-thread-1] c.e.firstapp.config.EmailRateLimiter     : Password reset rate limit exceeded: c**************@gmail.com
2026-08-05 14:14:50.473  WARN 3280 --- [ email-thread-1] c.e.f.service.EmailServiceImpl           : Password reset rate limited: c**@gmail.com
2026-08-05 14:14:50.473 DEBUG 3280 --- [nio-8080-exec-6] org.hibernate.SQL                        : 
    delete 
    from
        password_reset_tokens 
    where
        id=?
2026-08-05 14:15:08.051 DEBUG 3280 --- [nio-8080-exec-7] o.s.security.web.FilterChainProxy        : Securing POST /api/v1/auth/forgot-password
2026-08-05 14:15:08.051 DEBUG 3280 --- [nio-8080-exec-7] o.s.s.w.a.AnonymousAuthenticationFilter  : Set SecurityContextHolder to anonymous SecurityContext
2026-08-05 14:15:08.052 DEBUG 3280 --- [nio-8080-exec-7] o.s.security.web.FilterChainProxy        : Secured POST /api/v1/auth/forgot-password
2026-08-05 14:15:08.056 DEBUG 3280 --- [nio-8080-exec-7] org.hibernate.SQL                        : 
    select
        u1_0.id,
        u1_0.created_at,
        u1_0.email,
        u1_0.failed_attempts,
        u1_0.is_active,
        u1_0.is_locked,
        u1_0.last_login_at,
        u1_0.lock_time,
        u1_0.password,
        u1_0.role,
        u1_0.updated_at,
        u1_0.username 
    from
        users u1_0 
    where
        u1_0.email=?
2026-08-05 14:15:08.062 DEBUG 3280 --- [nio-8080-exec-7] org.hibernate.SQL                        : 
    select
        prt1_0.id,
        prt1_0.created_at,
        prt1_0.expires_at,
        prt1_0.token_hash,
        prt1_0.used,
        prt1_0.user_id 
    from
        password_reset_tokens prt1_0 
    where
        prt1_0.user_id=?
2026-08-05 14:15:08.363 DEBUG 3280 --- [nio-8080-exec-7] org.hibernate.SQL                        : 
    insert 
    into
        password_reset_tokens
        (created_at, expires_at, token_hash, used, user_id) 
    values
        (?, ?, ?, ?, ?)
2026-08-05 14:15:08.367  WARN 3280 --- [ email-thread-2] c.e.firstapp.config.EmailRateLimiter     : Password reset rate limit exceeded: c**************@gmail.com
2026-08-05 14:15:08.367  WARN 3280 --- [ email-thread-2] c.e.f.service.EmailServiceImpl           : Password reset rate limited: c**@gmail.com
2026-08-05 14:15:08.367 DEBUG 3280 --- [nio-8080-exec-7] org.hibernate.SQL                        : 
    delete 
    from
        password_reset_tokens 
    where
        id=?
2026-08-05 14:18:48.798 DEBUG 3280 --- [io-8080-exec-10] o.s.security.web.FilterChainProxy        : Securing POST /api/v1/auth/reset-password
2026-08-05 14:18:48.799 DEBUG 3280 --- [io-8080-exec-10] o.s.s.w.a.AnonymousAuthenticationFilter  : Set SecurityContextHolder to anonymous SecurityContext
2026-08-05 14:18:48.799 DEBUG 3280 --- [io-8080-exec-10] o.s.security.web.FilterChainProxy        : Secured POST /api/v1/auth/reset-password
2026-08-05 14:18:48.821  WARN 3280 --- [io-8080-exec-10] c.e.f.handler.GlobalExceptionHandler     : Validation failed: {newPassword=New password is required, token=Token is required}
2026-08-05 14:18:48.827  WARN 3280 --- [io-8080-exec-10] .m.m.a.ExceptionHandlerExceptionResolver : Resolved [org.springframework.web.bind.MethodArgumentNotValidException: Validation failed for argument [0] in public org.springframework.http.ResponseEntity<java.util.Map<java.lang.String, java.lang.String>> com.example.firstapp.controller.PasswordResetController.resetPassword(com.example.firstapp.dto.ResetPasswordRequest) with 2 errors: [Field error in object 'resetPasswordRequest' on field 'token': rejected value [null]; codes [NotBlank.resetPasswordRequest.token,NotBlank.token,NotBlank.java.lang.String,NotBlank]; arguments [org.springframework.context.support.DefaultMessageSourceResolvable: codes [resetPasswordRequest.token,token]; arguments []; default message [token]]; default message [Token is required]] [Field error in object 'resetPasswordRequest' on field 'newPassword': rejected value [null]; codes [NotBlank.resetPasswordRequest.newPassword,NotBlank.newPassword,NotBlank.java.lang.String,NotBlank]; arguments [org.springframework.context.support.DefaultMessageSourceResolvable: codes [resetPasswordRequest.newPassword,newPassword]; arguments []; default message [newPassword]]; default message [New password is required]] ]
2026-08-05 14:21:56.709 DEBUG 3280 --- [nio-8080-exec-1] o.s.security.web.FilterChainProxy        : Securing POST /api/v1/auth/signup
2026-08-05 14:21:56.712 DEBUG 3280 --- [nio-8080-exec-1] o.s.s.w.a.AnonymousAuthenticationFilter  : Set SecurityContextHolder to anonymous SecurityContext
2026-08-05 14:21:56.713 DEBUG 3280 --- [nio-8080-exec-1] o.s.security.web.FilterChainProxy        : Secured POST /api/v1/auth/signup
2026-08-05 14:21:56.729  INFO 3280 --- [nio-8080-exec-1] c.e.f.controller.AuthController          : Signup request received: mailtest@example.com
2026-08-05 14:21:56.733  INFO 3280 --- [nio-8080-exec-1] c.e.firstapp.service.AuthService         : Signup attempt for email: mailtest@example.com
2026-08-05 14:21:56.740 DEBUG 3280 --- [nio-8080-exec-1] org.hibernate.SQL                        : 
    select
        u1_0.id 
    from
        users u1_0 
    where
        u1_0.email=? 
    limit
        ?
2026-08-05 14:21:56.745 DEBUG 3280 --- [nio-8080-exec-1] org.hibernate.SQL                        : 
    select
        u1_0.id 
    from
        users u1_0 
    where
        u1_0.username=? 
    limit
        ?
2026-08-05 14:21:57.020 DEBUG 3280 --- [nio-8080-exec-1] org.hibernate.SQL                        : 
    insert 
    into
        users
        (created_at, email, failed_attempts, is_active, is_locked, last_login_at, lock_time, password, role, updated_at, username) 
    values
        (?, ?, ?, ?, ?, ?, ?, ?, ?, ?, ?)
2026-08-05 14:21:57.025  INFO 3280 --- [nio-8080-exec-1] c.e.firstapp.service.AuthService         : User created: id=17 email=mailtest@example.com
2026-08-05 14:21:57.060  INFO 3280 --- [nio-8080-exec-1] c.e.firstapp.service.AuthService         : Signup successful: mailtest@example.com
2026-08-05 14:21:57.120  INFO 3280 --- [ email-thread-1] c.e.f.service.EmailServiceImpl           : Email sent: to=m**@example.com template=WELCOME
2026-08-05 14:21:57.145 DEBUG 3280 --- [nio-8080-exec-5] o.s.security.web.FilterChainProxy        : Securing POST /api/v1/auth/forgot-password
2026-08-05 14:21:57.146 DEBUG 3280 --- [nio-8080-exec-5] o.s.s.w.a.AnonymousAuthenticationFilter  : Set SecurityContextHolder to anonymous SecurityContext
2026-08-05 14:21:57.146 DEBUG 3280 --- [nio-8080-exec-5] o.s.security.web.FilterChainProxy        : Secured POST /api/v1/auth/forgot-password
2026-08-05 14:21:57.152 DEBUG 3280 --- [nio-8080-exec-5] org.hibernate.SQL                        : 
    select
        u1_0.id,
        u1_0.created_at,
        u1_0.email,
        u1_0.failed_attempts,
        u1_0.is_active,
        u1_0.is_locked,
        u1_0.last_login_at,
        u1_0.lock_time,
        u1_0.password,
        u1_0.role,
        u1_0.updated_at,
        u1_0.username 
    from
        users u1_0 
    where
        u1_0.email=?
2026-08-05 14:21:57.157 DEBUG 3280 --- [nio-8080-exec-5] org.hibernate.SQL                        : 
    select
        prt1_0.id,
        prt1_0.created_at,
        prt1_0.expires_at,
        prt1_0.token_hash,
        prt1_0.used,
        prt1_0.user_id 
    from
        password_reset_tokens prt1_0 
    where
        prt1_0.user_id=?
2026-08-05 14:21:57.439 DEBUG 3280 --- [nio-8080-exec-5] org.hibernate.SQL                        : 
    insert 
    into
        password_reset_tokens
        (created_at, expires_at, token_hash, used, user_id) 
    values
        (?, ?, ?, ?, ?)
2026-08-05 14:21:57.470  INFO 3280 --- [ email-thread-2] c.e.f.service.EmailServiceImpl           : Email sent: to=m**@example.com template=PASSWORD_RESET
2026-08-05 14:23:44.816 DEBUG 3280 --- [nio-8080-exec-2] o.s.security.web.FilterChainProxy        : Securing POST /api/v1/auth/forgot-password
2026-08-05 14:23:44.819 DEBUG 3280 --- [nio-8080-exec-2] o.s.s.w.a.AnonymousAuthenticationFilter  : Set SecurityContextHolder to anonymous SecurityContext
2026-08-05 14:23:44.819 DEBUG 3280 --- [nio-8080-exec-2] o.s.security.web.FilterChainProxy        : Secured POST /api/v1/auth/forgot-password
2026-08-05 14:23:44.822 DEBUG 3280 --- [nio-8080-exec-2] org.hibernate.SQL                        : 
    select
        u1_0.id,
        u1_0.created_at,
        u1_0.email,
        u1_0.failed_attempts,
        u1_0.is_active,
        u1_0.is_locked,
        u1_0.last_login_at,
        u1_0.lock_time,
        u1_0.password,
        u1_0.role,
        u1_0.updated_at,
        u1_0.username 
    from
        users u1_0 
    where
        u1_0.email=?
2026-08-05 14:27:53.959  INFO 3280 --- [   File Watcher] rtingClassPathChangeChangedEventListener : Restarting due to 1 class path change (0 additions, 0 deletions, 1 modification)
2026-08-05 14:27:54.095  INFO 3280 --- [       Thread-5] j.LocalContainerEntityManagerFactoryBean : Closing JPA EntityManagerFactory for persistence unit 'default'
2026-08-05 14:27:54.144  INFO 3280 --- [       Thread-5] com.zaxxer.hikari.HikariDataSource       : BusinessAppHikariPool - Shutdown initiated...
2026-08-05 14:27:54.177  INFO 3280 --- [       Thread-5] com.zaxxer.hikari.HikariDataSource       : BusinessAppHikariPool - Shutdown completed.
2026-08-05 14:27:54.682  INFO 3280 --- [  restartedMain] c.e.firstapp.FirstappApplication         : Starting FirstappApplication using Java 25.0.3 with PID 3280 (E:\firstapp\firstapp\target\classes started by Dell in E:\firstapp\firstapp)
2026-08-05 14:27:54.684  INFO 3280 --- [  restartedMain] c.e.firstapp.FirstappApplication         : No active profile set, falling back to 1 default profile: "default"
2026-08-05 14:27:55.473  INFO 3280 --- [  restartedMain] .s.d.r.c.RepositoryConfigurationDelegate : Bootstrapping Spring Data JPA repositories in DEFAULT mode.
2026-08-05 14:27:55.507  INFO 3280 --- [  restartedMain] .s.d.r.c.RepositoryConfigurationDelegate : Finished Spring Data repository scanning in 33 ms. Found 2 JPA repository interfaces.
2026-08-05 14:27:55.809  INFO 3280 --- [  restartedMain] o.s.b.w.e.tomcat.TomcatWebServer         : Tomcat initialized with port 8080 (http)
2026-08-05 14:27:55.813  INFO 3280 --- [  restartedMain] o.a.catalina.core.StandardService        : Starting service [Tomcat]
2026-08-05 14:27:55.815  INFO 3280 --- [  restartedMain] o.a.catalina.core.StandardEngine         : Starting Servlet engine: [Apache Tomcat/10.1.42]
2026-08-05 14:27:55.933  INFO 3280 --- [  restartedMain] o.a.c.c.C.[Tomcat].[localhost].[/]       : Initializing Spring embedded WebApplicationContext
2026-08-05 14:27:55.937  INFO 3280 --- [  restartedMain] w.s.c.ServletWebServerApplicationContext : Root WebApplicationContext: initialization completed in 1245 ms
2026-08-05 14:27:56.061  INFO 3280 --- [  restartedMain] o.h.jpa.internal.util.LogHelper          : HHH000204: Processing PersistenceUnitInfo [name: default]
2026-08-05 14:27:56.070  INFO 3280 --- [  restartedMain] o.h.c.i.RegionFactoryInitiator           : HHH000026: Second-level cache disabled
2026-08-05 14:27:56.112  INFO 3280 --- [  restartedMain] o.s.o.j.p.SpringPersistenceUnitInfo      : No LoadTimeWeaver setup: ignoring JPA class transformer
2026-08-05 14:27:56.116  INFO 3280 --- [  restartedMain] com.zaxxer.hikari.HikariDataSource       : BusinessAppHikariPool - Starting...
2026-08-05 14:27:56.161  INFO 3280 --- [  restartedMain] com.zaxxer.hikari.pool.HikariPool        : BusinessAppHikariPool - Added connection com.mysql.cj.jdbc.ConnectionImpl@19ceec53
2026-08-05 14:27:56.162  INFO 3280 --- [  restartedMain] com.zaxxer.hikari.HikariDataSource       : BusinessAppHikariPool - Start completed.
2026-08-05 14:27:56.371  INFO 3280 --- [  restartedMain] o.h.e.t.j.p.i.JtaPlatformInitiator       : HHH000489: No JTA platform available (set 'hibernate.transaction.jta.platform' to enable JTA platform integration)
2026-08-05 14:27:56.434 DEBUG 3280 --- [  restartedMain] org.hibernate.SQL                        : 
    alter table users 
       modify column role enum ('ROLE_ADMIN','ROLE_CUSTOMER','ROLE_MANAGER','ROLE_MEMBERS') not null
2026-08-05 14:27:56.517  INFO 3280 --- [  restartedMain] j.LocalContainerEntityManagerFactoryBean : Initialized JPA EntityManagerFactory for persistence unit 'default'
2026-08-05 14:27:56.692  INFO 3280 --- [  restartedMain] o.s.b.web.servlet.RegistrationBean       : Filter disableJwtAuthFilterRegistration was not registered (disabled)
2026-08-05 14:27:56.761  INFO 3280 --- [  restartedMain] eAuthenticationProviderManagerConfigurer : Global AuthenticationManager configured with AuthenticationProvider bean with name authenticationProvider
2026-08-05 14:27:56.762  WARN 3280 --- [  restartedMain] r$InitializeUserDetailsManagerConfigurer : Global AuthenticationManager configured with an AuthenticationProvider bean. UserDetailsService beans will not be used for username/password login. Consider removing the AuthenticationProvider bean. Alternatively, consider using the UserDetailsService in a manually instantiated DaoAuthenticationProvider.
2026-08-05 14:27:56.926  INFO 3280 --- [  restartedMain] c.e.firstapp.config.AsyncConfig          : Email thread pool initialized: core=2 max=5 queue=50
2026-08-05 14:27:57.196 DEBUG 3280 --- [  restartedMain] o.s.s.web.DefaultSecurityFilterChain     : Will secure any request with filters: DisableEncodeUrlFilter, WebAsyncManagerIntegrationFilter, SecurityContextHolderFilter, HeaderWriterFilter, LogoutFilter, JwtAuthFilter, RequestCacheAwareFilter, SecurityContextHolderAwareRequestFilter, AnonymousAuthenticationFilter, SessionManagementFilter, ExceptionTranslationFilter, AuthorizationFilter
2026-08-05 14:27:57.298  INFO 3280 --- [  restartedMain] o.s.b.d.a.OptionalLiveReloadServer       : LiveReload server is running on port 35729
2026-08-05 14:27:57.318  INFO 3280 --- [  restartedMain] o.s.b.w.e.tomcat.TomcatWebServer         : Tomcat started on port 8080 (http) with context path '/'
2026-08-05 14:27:57.326  INFO 3280 --- [  restartedMain] c.e.firstapp.FirstappApplication         : Started FirstappApplication in 2.715 seconds (process running for 809.142)
2026-08-05 14:27:57.329  INFO 3280 --- [  restartedMain] .ConditionEvaluationDeltaLoggingListener : Condition evaluation unchanged
2026-08-05 14:33:30.805  INFO 3280 --- [nio-8080-exec-4] o.a.c.c.C.[Tomcat].[localhost].[/]       : Initializing Spring DispatcherServlet 'dispatcherServlet'
2026-08-05 14:33:30.807  INFO 3280 --- [nio-8080-exec-4] o.s.web.servlet.DispatcherServlet        : Initializing Servlet 'dispatcherServlet'
2026-08-05 14:33:30.811  INFO 3280 --- [nio-8080-exec-4] o.s.web.servlet.DispatcherServlet        : Completed initialization in 3 ms
2026-08-05 14:33:30.820 DEBUG 3280 --- [nio-8080-exec-4] o.s.security.web.FilterChainProxy        : Securing POST /api/v1/auth/forgot-password
2026-08-05 14:33:30.820 DEBUG 3280 --- [nio-8080-exec-4] o.s.s.w.a.AnonymousAuthenticationFilter  : Set SecurityContextHolder to anonymous SecurityContext
2026-08-05 14:33:30.824 DEBUG 3280 --- [nio-8080-exec-4] o.s.security.web.FilterChainProxy        : Secured POST /api/v1/auth/forgot-password
2026-08-05 14:33:30.859 DEBUG 3280 --- [nio-8080-exec-4] org.hibernate.SQL                        : 
    select
        u1_0.id,
        u1_0.created_at,
        u1_0.email,
        u1_0.failed_attempts,
        u1_0.is_active,
        u1_0.is_locked,
        u1_0.last_login_at,
        u1_0.lock_time,
        u1_0.password,
        u1_0.role,
        u1_0.updated_at,
        u1_0.username 
    from
        users u1_0 
    where
        u1_0.email=?
2026-08-05 14:36:28.193 DEBUG 3280 --- [nio-8080-exec-3] o.s.security.web.FilterChainProxy        : Securing POST /api/v1/auth/signup
2026-08-05 14:36:28.193 DEBUG 3280 --- [nio-8080-exec-3] o.s.s.w.a.AnonymousAuthenticationFilter  : Set SecurityContextHolder to anonymous SecurityContext
2026-08-05 14:36:28.193 DEBUG 3280 --- [nio-8080-exec-3] o.s.security.web.FilterChainProxy        : Secured POST /api/v1/auth/signup
2026-08-05 14:36:28.223  INFO 3280 --- [nio-8080-exec-3] c.e.f.controller.AuthController          : Signup request received: khemrajjoshijk@gmail.com
2026-08-05 14:36:28.227  INFO 3280 --- [nio-8080-exec-3] c.e.firstapp.service.AuthService         : Signup attempt for email: khemrajjoshijk@gmail.com
2026-08-05 14:36:28.233 DEBUG 3280 --- [nio-8080-exec-3] org.hibernate.SQL                        : 
    select
        u1_0.id 
    from
        users u1_0 
    where
        u1_0.email=? 
    limit
        ?
2026-08-05 14:36:28.240 DEBUG 3280 --- [nio-8080-exec-3] org.hibernate.SQL                        : 
    select
        u1_0.id 
    from
        users u1_0 
    where
        u1_0.username=? 
    limit
        ?
2026-08-05 14:36:28.713 DEBUG 3280 --- [nio-8080-exec-3] org.hibernate.SQL                        : 
    insert 
    into
        users
        (created_at, email, failed_attempts, is_active, is_locked, last_login_at, lock_time, password, role, updated_at, username) 
    values
        (?, ?, ?, ?, ?, ?, ?, ?, ?, ?, ?)
2026-08-05 14:36:28.725  INFO 3280 --- [nio-8080-exec-3] c.e.firstapp.service.AuthService         : User created: id=18 email=khemrajjoshijk@gmail.com
2026-08-05 14:36:28.733  INFO 3280 --- [nio-8080-exec-3] c.e.firstapp.service.AuthService         : Signup successful: khemrajjoshijk@gmail.com
2026-08-05 14:36:28.872  INFO 3280 --- [ email-thread-1] c.e.f.service.EmailServiceImpl           : Email sent: to=k**@gmail.com template=WELCOME
2026-08-05 14:37:12.042 DEBUG 3280 --- [nio-8080-exec-5] o.s.security.web.FilterChainProxy        : Securing POST /api/v1/auth/forgot-password
2026-08-05 14:37:12.042 DEBUG 3280 --- [nio-8080-exec-5] o.s.s.w.a.AnonymousAuthenticationFilter  : Set SecurityContextHolder to anonymous SecurityContext
2026-08-05 14:37:12.042 DEBUG 3280 --- [nio-8080-exec-5] o.s.security.web.FilterChainProxy        : Secured POST /api/v1/auth/forgot-password
2026-08-05 14:37:12.052 DEBUG 3280 --- [nio-8080-exec-5] org.hibernate.SQL                        : 
    select
        u1_0.id,
        u1_0.created_at,
        u1_0.email,
        u1_0.failed_attempts,
        u1_0.is_active,
        u1_0.is_locked,
        u1_0.last_login_at,
        u1_0.lock_time,
        u1_0.password,
        u1_0.role,
        u1_0.updated_at,
        u1_0.username 
    from
        users u1_0 
    where
        u1_0.email=?
2026-08-05 14:37:12.059 DEBUG 3280 --- [nio-8080-exec-5] org.hibernate.SQL                        : 
    select
        prt1_0.id,
        prt1_0.created_at,
        prt1_0.expires_at,
        prt1_0.token_hash,
        prt1_0.used,
        prt1_0.user_id 
    from
        password_reset_tokens prt1_0 
    where
        prt1_0.user_id=?
2026-08-05 14:37:12.519 DEBUG 3280 --- [nio-8080-exec-5] org.hibernate.SQL                        : 
    insert 
    into
        password_reset_tokens
        (created_at, expires_at, token_hash, used, user_id) 
    values
        (?, ?, ?, ?, ?)
2026-08-05 14:37:12.580  INFO 3280 --- [ email-thread-2] c.e.f.service.EmailServiceImpl           : Email sent: to=k**@gmail.com template=PASSWORD_RESET
2026-08-05 14:39:40.676 DEBUG 3280 --- [nio-8080-exec-9] o.s.security.web.FilterChainProxy        : Securing POST /api/v1/auth/forgot-password
2026-08-05 14:39:40.678 DEBUG 3280 --- [nio-8080-exec-9] o.s.s.w.a.AnonymousAuthenticationFilter  : Set SecurityContextHolder to anonymous SecurityContext
2026-08-05 14:39:40.678 DEBUG 3280 --- [nio-8080-exec-9] o.s.security.web.FilterChainProxy        : Secured POST /api/v1/auth/forgot-password
2026-08-05 14:39:40.687 DEBUG 3280 --- [nio-8080-exec-9] org.hibernate.SQL                        : 
    select
        u1_0.id,
        u1_0.created_at,
        u1_0.email,
        u1_0.failed_attempts,
        u1_0.is_active,
        u1_0.is_locked,
        u1_0.last_login_at,
        u1_0.lock_time,
        u1_0.password,
        u1_0.role,
        u1_0.updated_at,
        u1_0.username 
    from
        users u1_0 
    where
        u1_0.email=?
2026-08-05 14:39:40.695 DEBUG 3280 --- [nio-8080-exec-9] org.hibernate.SQL                        : 
    select
        prt1_0.id,
        prt1_0.created_at,
        prt1_0.expires_at,
        prt1_0.token_hash,
        prt1_0.used,
        prt1_0.user_id 
    from
        password_reset_tokens prt1_0 
    where
        prt1_0.user_id=?
2026-08-05 14:39:41.098 DEBUG 3280 --- [nio-8080-exec-9] org.hibernate.SQL                        : 
    insert 
    into
        password_reset_tokens
        (created_at, expires_at, token_hash, used, user_id) 
    values
        (?, ?, ?, ?, ?)
2026-08-05 14:39:41.152  INFO 3280 --- [ email-thread-1] c.e.f.service.EmailServiceImpl           : Email sent: to=r**@gmail.com template=PASSWORD_RESET
2026-08-05 14:40:11.830 DEBUG 3280 --- [io-8080-exec-10] o.s.security.web.FilterChainProxy        : Securing POST /api/v1/auth/forgot-password
2026-08-05 14:40:11.830 DEBUG 3280 --- [io-8080-exec-10] o.s.s.w.a.AnonymousAuthenticationFilter  : Set SecurityContextHolder to anonymous SecurityContext
2026-08-05 14:40:11.830 DEBUG 3280 --- [io-8080-exec-10] o.s.security.web.FilterChainProxy        : Secured POST /api/v1/auth/forgot-password
2026-08-05 14:40:11.844 DEBUG 3280 --- [io-8080-exec-10] org.hibernate.SQL                        : 
    select
        u1_0.id,
        u1_0.created_at,
        u1_0.email,
        u1_0.failed_attempts,
        u1_0.is_active,
        u1_0.is_locked,
        u1_0.last_login_at,
        u1_0.lock_time,
        u1_0.password,
        u1_0.role,
        u1_0.updated_at,
        u1_0.username 
    from
        users u1_0 
    where
        u1_0.email=?
2026-08-05 14:40:11.844 DEBUG 3280 --- [io-8080-exec-10] org.hibernate.SQL                        : 
    select
        prt1_0.id,
        prt1_0.created_at,
        prt1_0.expires_at,
        prt1_0.token_hash,
        prt1_0.used,
        prt1_0.user_id 
    from
        password_reset_tokens prt1_0 
    where
        prt1_0.user_id=?
2026-08-05 14:40:12.267 DEBUG 3280 --- [io-8080-exec-10] org.hibernate.SQL                        : 
    insert 
    into
        password_reset_tokens
        (created_at, expires_at, token_hash, used, user_id) 
    values
        (?, ?, ?, ?, ?)
2026-08-05 14:40:12.277 DEBUG 3280 --- [io-8080-exec-10] org.hibernate.SQL                        : 
    delete 
    from
        password_reset_tokens 
    where
        id=?
2026-08-05 14:40:12.341  INFO 3280 --- [ email-thread-2] c.e.f.service.EmailServiceImpl           : Email sent: to=r**@gmail.com template=PASSWORD_RESET
2026-08-05 14:40:15.022 DEBUG 3280 --- [nio-8080-exec-1] o.s.security.web.FilterChainProxy        : Securing POST /api/v1/auth/forgot-password
2026-08-05 14:40:15.022 DEBUG 3280 --- [nio-8080-exec-1] o.s.s.w.a.AnonymousAuthenticationFilter  : Set SecurityContextHolder to anonymous SecurityContext
2026-08-05 14:40:15.022 DEBUG 3280 --- [nio-8080-exec-1] o.s.security.web.FilterChainProxy        : Secured POST /api/v1/auth/forgot-password
2026-08-05 14:40:15.022 DEBUG 3280 --- [nio-8080-exec-1] org.hibernate.SQL                        : 
    select
        u1_0.id,
        u1_0.created_at,
        u1_0.email,
        u1_0.failed_attempts,
        u1_0.is_active,
        u1_0.is_locked,
        u1_0.last_login_at,
        u1_0.lock_time,
        u1_0.password,
        u1_0.role,
        u1_0.updated_at,
        u1_0.username 
    from
        users u1_0 
    where
        u1_0.email=?
2026-08-05 14:40:15.039 DEBUG 3280 --- [nio-8080-exec-1] org.hibernate.SQL                        : 
    select
        prt1_0.id,
        prt1_0.created_at,
        prt1_0.expires_at,
        prt1_0.token_hash,
        prt1_0.used,
        prt1_0.user_id 
    from
        password_reset_tokens prt1_0 
    where
        prt1_0.user_id=?
2026-08-05 14:40:15.388 DEBUG 3280 --- [nio-8080-exec-1] org.hibernate.SQL                        : 
    insert 
    into
        password_reset_tokens
        (created_at, expires_at, token_hash, used, user_id) 
    values
        (?, ?, ?, ?, ?)
2026-08-05 14:40:15.394 DEBUG 3280 --- [nio-8080-exec-1] org.hibernate.SQL                        : 
    delete 
    from
        password_reset_tokens 
    where
        id=?
2026-08-05 14:40:15.433  INFO 3280 --- [ email-thread-1] c.e.f.service.EmailServiceImpl           : Email sent: to=r**@gmail.com template=PASSWORD_RESET
2026-08-05 14:40:17.403 DEBUG 3280 --- [nio-8080-exec-4] o.s.security.web.FilterChainProxy        : Securing POST /api/v1/auth/forgot-password
2026-08-05 14:40:17.405 DEBUG 3280 --- [nio-8080-exec-4] o.s.s.w.a.AnonymousAuthenticationFilter  : Set SecurityContextHolder to anonymous SecurityContext
2026-08-05 14:40:17.405 DEBUG 3280 --- [nio-8080-exec-4] o.s.security.web.FilterChainProxy        : Secured POST /api/v1/auth/forgot-password
2026-08-05 14:40:17.411 DEBUG 3280 --- [nio-8080-exec-4] org.hibernate.SQL                        : 
    select
        u1_0.id,
        u1_0.created_at,
        u1_0.email,
        u1_0.failed_attempts,
        u1_0.is_active,
        u1_0.is_locked,
        u1_0.last_login_at,
        u1_0.lock_time,
        u1_0.password,
        u1_0.role,
        u1_0.updated_at,
        u1_0.username 
    from
        users u1_0 
    where
        u1_0.email=?
2026-08-05 14:40:17.411 DEBUG 3280 --- [nio-8080-exec-4] org.hibernate.SQL                        : 
    select
        prt1_0.id,
        prt1_0.created_at,
        prt1_0.expires_at,
        prt1_0.token_hash,
        prt1_0.used,
        prt1_0.user_id 
    from
        password_reset_tokens prt1_0 
    where
        prt1_0.user_id=?
2026-08-05 14:40:17.809 DEBUG 3280 --- [nio-8080-exec-4] org.hibernate.SQL                        : 
    insert 
    into
        password_reset_tokens
        (created_at, expires_at, token_hash, used, user_id) 
    values
        (?, ?, ?, ?, ?)
2026-08-05 14:40:17.823  WARN 3280 --- [ email-thread-2] c.e.firstapp.config.EmailRateLimiter     : Password reset rate limit exceeded: r**@gmail.com
2026-08-05 14:40:17.823 DEBUG 3280 --- [nio-8080-exec-4] org.hibernate.SQL                        : 
    delete 
    from
        password_reset_tokens 
    where
        id=?
2026-08-05 14:40:17.823  WARN 3280 --- [ email-thread-2] c.e.f.service.EmailServiceImpl           : Password reset rate limited: r**@gmail.com
2026-08-05 14:46:44.801  INFO 3280 --- [   File Watcher] rtingClassPathChangeChangedEventListener : Restarting due to 1 class path change (0 additions, 0 deletions, 1 modification)
2026-08-05 14:46:44.895  INFO 3280 --- [       Thread-7] j.LocalContainerEntityManagerFactoryBean : Closing JPA EntityManagerFactory for persistence unit 'default'
2026-08-05 14:46:44.919  INFO 3280 --- [       Thread-7] com.zaxxer.hikari.HikariDataSource       : BusinessAppHikariPool - Shutdown initiated...
2026-08-05 14:46:44.927  INFO 3280 --- [       Thread-7] com.zaxxer.hikari.HikariDataSource       : BusinessAppHikariPool - Shutdown completed.
2026-08-05 14:46:45.845  INFO 3280 --- [  restartedMain] c.e.firstapp.FirstappApplication         : Starting FirstappApplication using Java 25.0.3 with PID 3280 (E:\firstapp\firstapp\target\classes started by Dell in E:\firstapp\firstapp)
2026-08-05 14:46:45.848  INFO 3280 --- [  restartedMain] c.e.firstapp.FirstappApplication         : No active profile set, falling back to 1 default profile: "default"
2026-08-05 14:46:46.361  INFO 3280 --- [  restartedMain] .s.d.r.c.RepositoryConfigurationDelegate : Bootstrapping Spring Data JPA repositories in DEFAULT mode.
2026-08-05 14:46:46.393  INFO 3280 --- [  restartedMain] .s.d.r.c.RepositoryConfigurationDelegate : Finished Spring Data repository scanning in 30 ms. Found 2 JPA repository interfaces.
2026-08-05 14:46:46.661  INFO 3280 --- [  restartedMain] o.s.b.w.e.tomcat.TomcatWebServer         : Tomcat initialized with port 8080 (http)
2026-08-05 14:46:46.664  INFO 3280 --- [  restartedMain] o.a.catalina.core.StandardService        : Starting service [Tomcat]
2026-08-05 14:46:46.665  INFO 3280 --- [  restartedMain] o.a.catalina.core.StandardEngine         : Starting Servlet engine: [Apache Tomcat/10.1.42]
2026-08-05 14:46:46.755  INFO 3280 --- [  restartedMain] o.a.c.c.C.[Tomcat].[localhost].[/]       : Initializing Spring embedded WebApplicationContext
2026-08-05 14:46:46.756  INFO 3280 --- [  restartedMain] w.s.c.ServletWebServerApplicationContext : Root WebApplicationContext: initialization completed in 902 ms
2026-08-05 14:46:46.826  INFO 3280 --- [  restartedMain] o.h.jpa.internal.util.LogHelper          : HHH000204: Processing PersistenceUnitInfo [name: default]
2026-08-05 14:46:46.833  INFO 3280 --- [  restartedMain] o.h.c.i.RegionFactoryInitiator           : HHH000026: Second-level cache disabled
2026-08-05 14:46:46.851  INFO 3280 --- [  restartedMain] o.s.o.j.p.SpringPersistenceUnitInfo      : No LoadTimeWeaver setup: ignoring JPA class transformer
2026-08-05 14:46:46.852  INFO 3280 --- [  restartedMain] com.zaxxer.hikari.HikariDataSource       : BusinessAppHikariPool - Starting...
2026-08-05 14:46:46.905  INFO 3280 --- [  restartedMain] com.zaxxer.hikari.pool.HikariPool        : BusinessAppHikariPool - Added connection com.mysql.cj.jdbc.ConnectionImpl@5820eea7
2026-08-05 14:46:46.906  INFO 3280 --- [  restartedMain] com.zaxxer.hikari.HikariDataSource       : BusinessAppHikariPool - Start completed.
2026-08-05 14:46:47.038  INFO 3280 --- [  restartedMain] o.h.e.t.j.p.i.JtaPlatformInitiator       : HHH000489: No JTA platform available (set 'hibernate.transaction.jta.platform' to enable JTA platform integration)
2026-08-05 14:46:47.094 DEBUG 3280 --- [  restartedMain] org.hibernate.SQL                        : 
    alter table users 
       modify column role enum ('ROLE_ADMIN','ROLE_CUSTOMER','ROLE_MANAGER','ROLE_MEMBERS') not null
2026-08-05 14:46:47.163  INFO 3280 --- [  restartedMain] j.LocalContainerEntityManagerFactoryBean : Initialized JPA EntityManagerFactory for persistence unit 'default'
2026-08-05 14:46:49.384  INFO 3280 --- [  restartedMain] o.s.b.web.servlet.RegistrationBean       : Filter disableJwtAuthFilterRegistration was not registered (disabled)
2026-08-05 14:46:53.358  INFO 3280 --- [  restartedMain] eAuthenticationProviderManagerConfigurer : Global AuthenticationManager configured with AuthenticationProvider bean with name authenticationProvider
2026-08-05 14:46:53.361  WARN 3280 --- [  restartedMain] r$InitializeUserDetailsManagerConfigurer : Global AuthenticationManager configured with an AuthenticationProvider bean. UserDetailsService beans will not be used for username/password login. Consider removing the AuthenticationProvider bean. Alternatively, consider using the UserDetailsService in a manually instantiated DaoAuthenticationProvider.
2026-08-05 14:46:53.555  INFO 3280 --- [  restartedMain] c.e.firstapp.config.AsyncConfig          : Email thread pool initialized: core=2 max=5 queue=50
2026-08-05 14:46:53.783 DEBUG 3280 --- [  restartedMain] o.s.s.web.DefaultSecurityFilterChain     : Will secure any request with filters: DisableEncodeUrlFilter, WebAsyncManagerIntegrationFilter, SecurityContextHolderFilter, HeaderWriterFilter, LogoutFilter, JwtAuthFilter, RequestCacheAwareFilter, SecurityContextHolderAwareRequestFilter, AnonymousAuthenticationFilter, SessionManagementFilter, ExceptionTranslationFilter, AuthorizationFilter
2026-08-05 14:46:53.949  INFO 3280 --- [  restartedMain] o.s.b.d.a.OptionalLiveReloadServer       : LiveReload server is running on port 35729
2026-08-05 14:46:53.968  INFO 3280 --- [  restartedMain] o.s.b.w.e.tomcat.TomcatWebServer         : Tomcat started on port 8080 (http) with context path '/'
2026-08-05 14:46:53.974  INFO 3280 --- [  restartedMain] c.e.firstapp.FirstappApplication         : Started FirstappApplication in 8.309 seconds (process running for 1945.791)
2026-08-05 14:46:53.978  INFO 3280 --- [  restartedMain] .ConditionEvaluationDeltaLoggingListener : Condition evaluation unchanged
2026-08-05 14:52:31.368  INFO 3280 --- [   File Watcher] rtingClassPathChangeChangedEventListener : Restarting due to 1 class path change (0 additions, 0 deletions, 1 modification)
2026-08-05 14:52:31.481  INFO 3280 --- [      Thread-11] j.LocalContainerEntityManagerFactoryBean : Closing JPA EntityManagerFactory for persistence unit 'default'
2026-08-05 14:52:31.497  INFO 3280 --- [      Thread-11] com.zaxxer.hikari.HikariDataSource       : BusinessAppHikariPool - Shutdown initiated...
2026-08-05 14:52:31.509  INFO 3280 --- [      Thread-11] com.zaxxer.hikari.HikariDataSource       : BusinessAppHikariPool - Shutdown completed.
2026-08-05 14:52:31.753  INFO 3280 --- [  restartedMain] c.e.firstapp.FirstappApplication         : Starting FirstappApplication using Java 25.0.3 with PID 3280 (E:\firstapp\firstapp\target\classes started by Dell in E:\firstapp\firstapp)
2026-08-05 14:52:31.754  INFO 3280 --- [  restartedMain] c.e.firstapp.FirstappApplication         : No active profile set, falling back to 1 default profile: "default"
2026-08-05 14:52:32.228  INFO 3280 --- [  restartedMain] .s.d.r.c.RepositoryConfigurationDelegate : Bootstrapping Spring Data JPA repositories in DEFAULT mode.
2026-08-05 14:52:32.252  INFO 3280 --- [  restartedMain] .s.d.r.c.RepositoryConfigurationDelegate : Finished Spring Data repository scanning in 23 ms. Found 2 JPA repository interfaces.
2026-08-05 14:52:32.475  INFO 3280 --- [  restartedMain] o.s.b.w.e.tomcat.TomcatWebServer         : Tomcat initialized with port 8080 (http)
2026-08-05 14:52:32.481  INFO 3280 --- [  restartedMain] o.a.catalina.core.StandardService        : Starting service [Tomcat]
2026-08-05 14:52:32.482  INFO 3280 --- [  restartedMain] o.a.catalina.core.StandardEngine         : Starting Servlet engine: [Apache Tomcat/10.1.42]
2026-08-05 14:52:32.553  INFO 3280 --- [  restartedMain] o.a.c.c.C.[Tomcat].[localhost].[/]       : Initializing Spring embedded WebApplicationContext
2026-08-05 14:52:32.555  INFO 3280 --- [  restartedMain] w.s.c.ServletWebServerApplicationContext : Root WebApplicationContext: initialization completed in 795 ms
2026-08-05 14:52:32.654  INFO 3280 --- [  restartedMain] o.h.jpa.internal.util.LogHelper          : HHH000204: Processing PersistenceUnitInfo [name: default]
2026-08-05 14:52:32.664  INFO 3280 --- [  restartedMain] o.h.c.i.RegionFactoryInitiator           : HHH000026: Second-level cache disabled
2026-08-05 14:52:32.710  INFO 3280 --- [  restartedMain] o.s.o.j.p.SpringPersistenceUnitInfo      : No LoadTimeWeaver setup: ignoring JPA class transformer
2026-08-05 14:52:32.712  INFO 3280 --- [  restartedMain] com.zaxxer.hikari.HikariDataSource       : BusinessAppHikariPool - Starting...
2026-08-05 14:52:32.870  INFO 3280 --- [  restartedMain] com.zaxxer.hikari.pool.HikariPool        : BusinessAppHikariPool - Added connection com.mysql.cj.jdbc.ConnectionImpl@56706c95
2026-08-05 14:52:32.871  INFO 3280 --- [  restartedMain] com.zaxxer.hikari.HikariDataSource       : BusinessAppHikariPool - Start completed.
2026-08-05 14:52:33.199  INFO 3280 --- [  restartedMain] o.h.e.t.j.p.i.JtaPlatformInitiator       : HHH000489: No JTA platform available (set 'hibernate.transaction.jta.platform' to enable JTA platform integration)
2026-08-05 14:52:33.389 DEBUG 3280 --- [  restartedMain] org.hibernate.SQL                        : 
    alter table users 
       modify column role enum ('ROLE_ADMIN','ROLE_CUSTOMER','ROLE_MANAGER','ROLE_MEMBERS') not null
2026-08-05 14:52:33.528  INFO 3280 --- [  restartedMain] j.LocalContainerEntityManagerFactoryBean : Initialized JPA EntityManagerFactory for persistence unit 'default'
2026-08-05 14:52:33.851  INFO 3280 --- [  restartedMain] o.s.b.web.servlet.RegistrationBean       : Filter disableJwtAuthFilterRegistration was not registered (disabled)
2026-08-05 14:52:33.904  INFO 3280 --- [  restartedMain] eAuthenticationProviderManagerConfigurer : Global AuthenticationManager configured with AuthenticationProvider bean with name authenticationProvider
2026-08-05 14:52:33.905  WARN 3280 --- [  restartedMain] r$InitializeUserDetailsManagerConfigurer : Global AuthenticationManager configured with an AuthenticationProvider bean. UserDetailsService beans will not be used for username/password login. Consider removing the AuthenticationProvider bean. Alternatively, consider using the UserDetailsService in a manually instantiated DaoAuthenticationProvider.
2026-08-05 14:52:34.026  INFO 3280 --- [  restartedMain] c.e.firstapp.config.AsyncConfig          : Email thread pool initialized: core=2 max=5 queue=50
2026-08-05 14:52:37.427 DEBUG 3280 --- [  restartedMain] o.s.s.web.DefaultSecurityFilterChain     : Will secure any request with filters: DisableEncodeUrlFilter, WebAsyncManagerIntegrationFilter, SecurityContextHolderFilter, HeaderWriterFilter, LogoutFilter, JwtAuthFilter, RequestCacheAwareFilter, SecurityContextHolderAwareRequestFilter, AnonymousAuthenticationFilter, SessionManagementFilter, ExceptionTranslationFilter, AuthorizationFilter
2026-08-05 14:52:37.545  INFO 3280 --- [  restartedMain] o.s.b.d.a.OptionalLiveReloadServer       : LiveReload server is running on port 35729
2026-08-05 14:52:37.564  INFO 3280 --- [  restartedMain] o.s.b.w.e.tomcat.TomcatWebServer         : Tomcat started on port 8080 (http) with context path '/'
2026-08-05 14:52:37.580  INFO 3280 --- [  restartedMain] c.e.firstapp.FirstappApplication         : Started FirstappApplication in 5.9 seconds (process running for 2289.397)
2026-08-05 14:52:37.582  INFO 3280 --- [  restartedMain] .ConditionEvaluationDeltaLoggingListener : Condition evaluation unchanged
2026-08-05 15:07:58.837  INFO 3280 --- [nio-8080-exec-1] o.a.c.c.C.[Tomcat].[localhost].[/]       : Initializing Spring DispatcherServlet 'dispatcherServlet'
2026-08-05 15:07:58.949  INFO 3280 --- [nio-8080-exec-1] o.s.web.servlet.DispatcherServlet        : Initializing Servlet 'dispatcherServlet'
2026-08-05 15:07:59.301  INFO 3280 --- [nio-8080-exec-1] o.s.web.servlet.DispatcherServlet        : Completed initialization in 347 ms
2026-08-05 15:07:59.835 DEBUG 3280 --- [nio-8080-exec-1] o.s.security.web.FilterChainProxy        : Securing POST /api/v1/auth/signup
2026-08-05 15:08:00.810  WARN 3280 --- [nio-8080-exec-1] c.e.firstapp.filter.JwtAuthFilter        : Cannot extract username from token: JWT expired at 2026-08-03T06:24:14Z. Current time: 2026-08-05T09:23:00Z, a difference of 183526787 milliseconds.  Allowed clock skew: 0 milliseconds.
2026-08-05 15:08:00.822 DEBUG 3280 --- [nio-8080-exec-1] o.s.s.w.a.AnonymousAuthenticationFilter  : Set SecurityContextHolder to anonymous SecurityContext
2026-08-05 15:08:00.833 DEBUG 3280 --- [nio-8080-exec-1] o.s.security.web.FilterChainProxy        : Secured POST /api/v1/auth/signup
2026-08-05 15:08:01.166  INFO 3280 --- [nio-8080-exec-1] c.e.f.controller.AuthController          : Signup request received: tank@gmail.com
2026-08-05 15:08:01.268  INFO 3280 --- [nio-8080-exec-1] c.e.firstapp.service.AuthService         : Signup attempt for email: tank@gmail.com
2026-08-05 15:08:01.379 DEBUG 3280 --- [nio-8080-exec-1] org.hibernate.SQL                        : 
    select
        u1_0.id 
    from
        users u1_0 
    where
        u1_0.email=? 
    limit
        ?
2026-08-05 15:08:01.448 DEBUG 3280 --- [nio-8080-exec-1] org.hibernate.SQL                        : 
    select
        u1_0.id 
    from
        users u1_0 
    where
        u1_0.username=? 
    limit
        ?
2026-08-05 15:08:01.958 DEBUG 3280 --- [nio-8080-exec-1] org.hibernate.SQL                        : 
    insert 
    into
        users
        (created_at, email, failed_attempts, is_active, is_locked, last_login_at, lock_time, password, role, updated_at, username) 
    values
        (?, ?, ?, ?, ?, ?, ?, ?, ?, ?, ?)
2026-08-05 15:08:02.087  INFO 3280 --- [nio-8080-exec-1] c.e.firstapp.service.AuthService         : User created: id=19 email=tank@gmail.com
2026-08-05 15:08:02.118  INFO 3280 --- [nio-8080-exec-1] c.e.firstapp.service.AuthService         : Signup successful: tank@gmail.com
2026-08-05 15:08:03.246  INFO 3280 --- [ email-thread-1] c.e.f.service.EmailServiceImpl           : Email sent: to=t**@gmail.com template=WELCOME
2026-08-05 15:08:57.555 DEBUG 3280 --- [nio-8080-exec-3] o.s.security.web.FilterChainProxy        : Securing POST /api/v1/auth/forgot-password
2026-08-05 15:08:57.887 DEBUG 3280 --- [nio-8080-exec-3] org.hibernate.SQL                        : 
    select
        u1_0.id,
        u1_0.created_at,
        u1_0.email,
        u1_0.failed_attempts,
        u1_0.is_active,
        u1_0.is_locked,
        u1_0.last_login_at,
        u1_0.lock_time,
        u1_0.password,
        u1_0.role,
        u1_0.updated_at,
        u1_0.username 
    from
        users u1_0 
    where
        u1_0.email=?
2026-08-05 15:08:58.361 DEBUG 3280 --- [nio-8080-exec-3] o.s.security.web.FilterChainProxy        : Secured POST /api/v1/auth/forgot-password
2026-08-05 15:08:58.384 DEBUG 3280 --- [nio-8080-exec-3] org.hibernate.SQL                        : 
    select
        u1_0.id,
        u1_0.created_at,
        u1_0.email,
        u1_0.failed_attempts,
        u1_0.is_active,
        u1_0.is_locked,
        u1_0.last_login_at,
        u1_0.lock_time,
        u1_0.password,
        u1_0.role,
        u1_0.updated_at,
        u1_0.username 
    from
        users u1_0 
    where
        u1_0.email=?
2026-08-05 15:08:58.395 DEBUG 3280 --- [nio-8080-exec-3] org.hibernate.SQL                        : 
    select
        prt1_0.id,
        prt1_0.created_at,
        prt1_0.expires_at,
        prt1_0.token_hash,
        prt1_0.used,
        prt1_0.user_id 
    from
        password_reset_tokens prt1_0 
    where
        prt1_0.user_id=?
2026-08-05 15:08:58.716 DEBUG 3280 --- [nio-8080-exec-3] org.hibernate.SQL                        : 
    insert 
    into
        password_reset_tokens
        (created_at, expires_at, token_hash, used, user_id) 
    values
        (?, ?, ?, ?, ?)
2026-08-05 15:08:58.768  INFO 3280 --- [ email-thread-2] c.e.f.service.EmailServiceImpl           : Email sent: to=t**@gmail.com template=PASSWORD_RESET
2026-08-05 15:10:24.634 DEBUG 3280 --- [io-8080-exec-10] o.s.security.web.FilterChainProxy        : Securing POST /api/v1/auth/reset-password
2026-08-05 15:10:24.640 DEBUG 3280 --- [io-8080-exec-10] org.hibernate.SQL                        : 
    select
        u1_0.id,
        u1_0.created_at,
        u1_0.email,
        u1_0.failed_attempts,
        u1_0.is_active,
        u1_0.is_locked,
        u1_0.last_login_at,
        u1_0.lock_time,
        u1_0.password,
        u1_0.role,
        u1_0.updated_at,
        u1_0.username 
    from
        users u1_0 
    where
        u1_0.email=?
2026-08-05 15:10:25.146 DEBUG 3280 --- [io-8080-exec-10] o.s.security.web.FilterChainProxy        : Secured POST /api/v1/auth/reset-password
2026-08-05 15:10:29.263 DEBUG 3280 --- [io-8080-exec-10] org.hibernate.SQL                        : 
    select
        prt1_0.id,
        prt1_0.created_at,
        prt1_0.expires_at,
        prt1_0.token_hash,
        prt1_0.used,
        prt1_0.user_id 
    from
        password_reset_tokens prt1_0 
    where
        not(prt1_0.used) 
        and prt1_0.expires_at>?
2026-08-05 15:10:31.694 DEBUG 3280 --- [io-8080-exec-10] org.hibernate.SQL                        : 
    select
        u1_0.id,
        u1_0.created_at,
        u1_0.email,
        u1_0.failed_attempts,
        u1_0.is_active,
        u1_0.is_locked,
        u1_0.last_login_at,
        u1_0.lock_time,
        u1_0.password,
        u1_0.role,
        u1_0.updated_at,
        u1_0.username 
    from
        users u1_0 
    where
        u1_0.id=?
2026-08-05 15:10:32.024 DEBUG 3280 --- [io-8080-exec-10] org.hibernate.SQL                        : 
    select
        prt1_0.id,
        prt1_0.created_at,
        prt1_0.expires_at,
        prt1_0.token_hash,
        prt1_0.used,
        prt1_0.user_id 
    from
        password_reset_tokens prt1_0 
    where
        prt1_0.user_id=?
2026-08-05 15:10:32.037 DEBUG 3280 --- [io-8080-exec-10] org.hibernate.SQL                        : 
    update
        users 
    set
        email=?,
        failed_attempts=?,
        is_active=?,
        is_locked=?,
        last_login_at=?,
        lock_time=?,
        password=?,
        role=?,
        updated_at=?,
        username=? 
    where
        id=?
2026-08-05 15:10:32.051 DEBUG 3280 --- [io-8080-exec-10] org.hibernate.SQL                        : 
    delete 
    from
        password_reset_tokens 
    where
        id=?
2026-08-05 15:11:10.901 DEBUG 3280 --- [nio-8080-exec-5] o.s.security.web.FilterChainProxy        : Securing POST /api/v1/auth/login
2026-08-05 15:11:10.908 DEBUG 3280 --- [nio-8080-exec-5] org.hibernate.SQL                        : 
    select
        u1_0.id,
        u1_0.created_at,
        u1_0.email,
        u1_0.failed_attempts,
        u1_0.is_active,
        u1_0.is_locked,
        u1_0.last_login_at,
        u1_0.lock_time,
        u1_0.password,
        u1_0.role,
        u1_0.updated_at,
        u1_0.username 
    from
        users u1_0 
    where
        u1_0.email=?
2026-08-05 15:11:10.919 DEBUG 3280 --- [nio-8080-exec-5] o.s.security.web.FilterChainProxy        : Secured POST /api/v1/auth/login
2026-08-05 15:11:10.929  INFO 3280 --- [nio-8080-exec-5] c.e.f.controller.AuthController          : Login request received: tank@gmail.com
2026-08-05 15:11:10.930  INFO 3280 --- [nio-8080-exec-5] c.e.firstapp.service.AuthService         : Login attempt for: tank@gmail.com
2026-08-05 15:11:11.311 DEBUG 3280 --- [nio-8080-exec-5] org.hibernate.SQL                        : 
    select
        u1_0.id,
        u1_0.created_at,
        u1_0.email,
        u1_0.failed_attempts,
        u1_0.is_active,
        u1_0.is_locked,
        u1_0.last_login_at,
        u1_0.lock_time,
        u1_0.password,
        u1_0.role,
        u1_0.updated_at,
        u1_0.username 
    from
        users u1_0 
    where
        u1_0.email=?
2026-08-05 15:11:11.600 DEBUG 3280 --- [nio-8080-exec-5] o.s.s.a.d.DaoAuthenticationProvider      : Authenticated user
2026-08-05 15:11:11.631 DEBUG 3280 --- [nio-8080-exec-5] org.hibernate.SQL                        : 
    update
        users u1_0 
    set
        failed_attempts=0,
        is_locked=0,
        lock_time=null 
    where
        u1_0.email=?
2026-08-05 15:11:11.635 DEBUG 3280 --- [nio-8080-exec-5] org.hibernate.SQL                        : 
    update
        users u1_0 
    set
        last_login_at=? 
    where
        u1_0.email=?
2026-08-05 15:11:11.643 DEBUG 3280 --- [nio-8080-exec-5] org.hibernate.SQL                        : 
    select
        u1_0.id,
        u1_0.created_at,
        u1_0.email,
        u1_0.failed_attempts,
        u1_0.is_active,
        u1_0.is_locked,
        u1_0.last_login_at,
        u1_0.lock_time,
        u1_0.password,
        u1_0.role,
        u1_0.updated_at,
        u1_0.username 
    from
        users u1_0 
    where
        u1_0.email=?
2026-08-05 15:11:11.646  INFO 3280 --- [nio-8080-exec-5] c.e.firstapp.service.AuthService         : Login successful: tank@gmail.com
2026-08-05 15:33:03.659  INFO 3280 --- [   File Watcher] rtingClassPathChangeChangedEventListener : Restarting due to 1 class path change (0 additions, 0 deletions, 1 modification)
2026-08-05 15:33:04.156  INFO 3280 --- [      Thread-15] j.LocalContainerEntityManagerFactoryBean : Closing JPA EntityManagerFactory for persistence unit 'default'
2026-08-05 15:33:04.227  INFO 3280 --- [      Thread-15] com.zaxxer.hikari.HikariDataSource       : BusinessAppHikariPool - Shutdown initiated...
2026-08-05 15:33:04.258  INFO 3280 --- [      Thread-15] com.zaxxer.hikari.HikariDataSource       : BusinessAppHikariPool - Shutdown completed.
2026-08-05 15:33:05.931  INFO 3280 --- [  restartedMain] c.e.firstapp.FirstappApplication         : Starting FirstappApplication using Java 25.0.3 with PID 3280 (E:\firstapp\firstapp\target\classes started by Dell in E:\firstapp\firstapp)
2026-08-05 15:33:05.931  INFO 3280 --- [  restartedMain] c.e.firstapp.FirstappApplication         : No active profile set, falling back to 1 default profile: "default"
2026-08-05 15:33:06.585  INFO 3280 --- [  restartedMain] .s.d.r.c.RepositoryConfigurationDelegate : Bootstrapping Spring Data JPA repositories in DEFAULT mode.
2026-08-05 15:33:06.662  INFO 3280 --- [  restartedMain] .s.d.r.c.RepositoryConfigurationDelegate : Finished Spring Data repository scanning in 73 ms. Found 2 JPA repository interfaces.
2026-08-05 15:33:07.538  INFO 3280 --- [  restartedMain] o.s.b.w.e.tomcat.TomcatWebServer         : Tomcat initialized with port 8080 (http)
2026-08-05 15:33:07.542  INFO 3280 --- [  restartedMain] o.a.catalina.core.StandardService        : Starting service [Tomcat]
2026-08-05 15:33:07.542  INFO 3280 --- [  restartedMain] o.a.catalina.core.StandardEngine         : Starting Servlet engine: [Apache Tomcat/10.1.42]
2026-08-05 15:33:07.691  INFO 3280 --- [  restartedMain] o.a.c.c.C.[Tomcat].[localhost].[/]       : Initializing Spring embedded WebApplicationContext
2026-08-05 15:33:07.691  INFO 3280 --- [  restartedMain] w.s.c.ServletWebServerApplicationContext : Root WebApplicationContext: initialization completed in 1742 ms
2026-08-05 15:33:07.845  INFO 3280 --- [  restartedMain] o.h.jpa.internal.util.LogHelper          : HHH000204: Processing PersistenceUnitInfo [name: default]
2026-08-05 15:33:07.852  INFO 3280 --- [  restartedMain] o.h.c.i.RegionFactoryInitiator           : HHH000026: Second-level cache disabled
2026-08-05 15:33:07.885  INFO 3280 --- [  restartedMain] o.s.o.j.p.SpringPersistenceUnitInfo      : No LoadTimeWeaver setup: ignoring JPA class transformer
2026-08-05 15:33:07.891  INFO 3280 --- [  restartedMain] com.zaxxer.hikari.HikariDataSource       : BusinessAppHikariPool - Starting...
2026-08-05 15:33:07.940  INFO 3280 --- [  restartedMain] com.zaxxer.hikari.pool.HikariPool        : BusinessAppHikariPool - Added connection com.mysql.cj.jdbc.ConnectionImpl@70de13ac
2026-08-05 15:33:07.940  INFO 3280 --- [  restartedMain] com.zaxxer.hikari.HikariDataSource       : BusinessAppHikariPool - Start completed.
2026-08-05 15:33:08.205  INFO 3280 --- [  restartedMain] o.h.e.t.j.p.i.JtaPlatformInitiator       : HHH000489: No JTA platform available (set 'hibernate.transaction.jta.platform' to enable JTA platform integration)
2026-08-05 15:33:08.321 DEBUG 3280 --- [  restartedMain] org.hibernate.SQL                        : 
    alter table users 
       modify column role enum ('ROLE_ADMIN','ROLE_CUSTOMER','ROLE_MANAGER','ROLE_MEMBERS') not null
2026-08-05 15:33:08.431  INFO 3280 --- [  restartedMain] j.LocalContainerEntityManagerFactoryBean : Initialized JPA EntityManagerFactory for persistence unit 'default'
2026-08-05 15:33:08.775  INFO 3280 --- [  restartedMain] o.s.b.web.servlet.RegistrationBean       : Filter disableJwtAuthFilterRegistration was not registered (disabled)
2026-08-05 15:33:08.894  INFO 3280 --- [  restartedMain] eAuthenticationProviderManagerConfigurer : Global AuthenticationManager configured with AuthenticationProvider bean with name authenticationProvider
2026-08-05 15:33:08.894  WARN 3280 --- [  restartedMain] r$InitializeUserDetailsManagerConfigurer : Global AuthenticationManager configured with an AuthenticationProvider bean. UserDetailsService beans will not be used for username/password login. Consider removing the AuthenticationProvider bean. Alternatively, consider using the UserDetailsService in a manually instantiated DaoAuthenticationProvider.
2026-08-05 15:33:08.972  INFO 3280 --- [  restartedMain] c.e.firstapp.config.AsyncConfig          : Email thread pool initialized: core=2 max=5 queue=50
2026-08-05 15:33:09.157 DEBUG 3280 --- [  restartedMain] o.s.s.web.DefaultSecurityFilterChain     : Will secure any request with filters: DisableEncodeUrlFilter, WebAsyncManagerIntegrationFilter, SecurityContextHolderFilter, HeaderWriterFilter, LogoutFilter, JwtAuthFilter, RequestCacheAwareFilter, SecurityContextHolderAwareRequestFilter, AnonymousAuthenticationFilter, SessionManagementFilter, ExceptionTranslationFilter, AuthorizationFilter
2026-08-05 15:33:09.340  INFO 3280 --- [  restartedMain] o.s.b.d.a.OptionalLiveReloadServer       : LiveReload server is running on port 35729
2026-08-05 15:33:09.366  INFO 3280 --- [  restartedMain] o.s.b.w.e.tomcat.TomcatWebServer         : Tomcat started on port 8080 (http) with context path '/'
2026-08-05 15:33:09.378  INFO 3280 --- [  restartedMain] c.e.firstapp.FirstappApplication         : Started FirstappApplication in 3.608 seconds (process running for 4721.202)
2026-08-05 15:33:09.387  INFO 3280 --- [  restartedMain] .ConditionEvaluationDeltaLoggingListener : Condition evaluation unchanged
2026-08-05 15:42:57.457  INFO 3280 --- [nio-8080-exec-3] o.a.c.c.C.[Tomcat].[localhost].[/]       : Initializing Spring DispatcherServlet 'dispatcherServlet'
2026-08-05 15:42:57.600  INFO 3280 --- [nio-8080-exec-3] o.s.web.servlet.DispatcherServlet        : Initializing Servlet 'dispatcherServlet'
2026-08-05 15:42:57.836  INFO 3280 --- [nio-8080-exec-3] o.s.web.servlet.DispatcherServlet        : Completed initialization in 228 ms
2026-08-05 15:42:58.415 DEBUG 3280 --- [nio-8080-exec-3] o.s.security.web.FilterChainProxy        : Securing POST /api/v1/auth/forgot-password
2026-08-05 15:42:58.728 DEBUG 3280 --- [nio-8080-exec-3] o.s.s.w.a.AnonymousAuthenticationFilter  : Set SecurityContextHolder to anonymous SecurityContext
2026-08-05 15:42:58.887 DEBUG 3280 --- [nio-8080-exec-3] o.s.security.web.FilterChainProxy        : Secured POST /api/v1/auth/forgot-password
2026-08-05 15:43:12.471 DEBUG 3280 --- [nio-8080-exec-3] org.hibernate.SQL                        : 
    select
        u1_0.id,
        u1_0.created_at,
        u1_0.email,
        u1_0.failed_attempts,
        u1_0.is_active,
        u1_0.is_locked,
        u1_0.last_login_at,
        u1_0.lock_time,
        u1_0.password,
        u1_0.role,
        u1_0.updated_at,
        u1_0.username 
    from
        users u1_0 
    where
        u1_0.email=?
2026-08-05 15:43:12.515 DEBUG 3280 --- [nio-8080-exec-3] org.hibernate.SQL                        : 
    select
        prt1_0.id,
        prt1_0.created_at,
        prt1_0.expires_at,
        prt1_0.token_hash,
        prt1_0.used,
        prt1_0.user_id 
    from
        password_reset_tokens prt1_0 
    where
        prt1_0.user_id=?
2026-08-05 15:43:13.325 DEBUG 3280 --- [nio-8080-exec-3] org.hibernate.SQL                        : 
    insert 
    into
        password_reset_tokens
        (created_at, expires_at, token_hash, used, user_id) 
    values
        (?, ?, ?, ?, ?)
2026-08-05 15:43:13.395 DEBUG 3280 --- [nio-8080-exec-3] org.hibernate.SQL                        : 
    delete 
    from
        password_reset_tokens 
    where
        id=?
2026-08-05 15:43:14.211  INFO 3280 --- [ email-thread-1] c.e.f.service.EmailServiceImpl           : Email sent: to=r**@gmail.com template=PASSWORD_RESET
2026-08-05 15:47:00.472  INFO 3280 --- [   File Watcher] rtingClassPathChangeChangedEventListener : Restarting due to 1 class path change (0 additions, 0 deletions, 1 modification)
2026-08-05 15:47:01.195  INFO 3280 --- [      Thread-19] j.LocalContainerEntityManagerFactoryBean : Closing JPA EntityManagerFactory for persistence unit 'default'
2026-08-05 15:47:01.329  INFO 3280 --- [      Thread-19] com.zaxxer.hikari.HikariDataSource       : BusinessAppHikariPool - Shutdown initiated...
2026-08-05 15:47:01.391  INFO 3280 --- [      Thread-19] com.zaxxer.hikari.HikariDataSource       : BusinessAppHikariPool - Shutdown completed.
2026-08-05 15:47:03.502  INFO 3280 --- [  restartedMain] c.e.firstapp.FirstappApplication         : Starting FirstappApplication using Java 25.0.3 with PID 3280 (E:\firstapp\firstapp\target\classes started by Dell in E:\firstapp\firstapp)
2026-08-05 15:47:03.506  INFO 3280 --- [  restartedMain] c.e.firstapp.FirstappApplication         : No active profile set, falling back to 1 default profile: "default"
2026-08-05 15:47:14.742  INFO 3280 --- [  restartedMain] .s.d.r.c.RepositoryConfigurationDelegate : Bootstrapping Spring Data JPA repositories in DEFAULT mode.
2026-08-05 15:47:14.806  INFO 3280 --- [  restartedMain] .s.d.r.c.RepositoryConfigurationDelegate : Finished Spring Data repository scanning in 61 ms. Found 2 JPA repository interfaces.
2026-08-05 15:47:15.329  INFO 3280 --- [  restartedMain] o.s.b.w.e.tomcat.TomcatWebServer         : Tomcat initialized with port 8080 (http)
2026-08-05 15:47:15.335  INFO 3280 --- [  restartedMain] o.a.catalina.core.StandardService        : Starting service [Tomcat]
2026-08-05 15:47:15.336  INFO 3280 --- [  restartedMain] o.a.catalina.core.StandardEngine         : Starting Servlet engine: [Apache Tomcat/10.1.42]
2026-08-05 15:47:15.426  INFO 3280 --- [  restartedMain] o.a.c.c.C.[Tomcat].[localhost].[/]       : Initializing Spring embedded WebApplicationContext
2026-08-05 15:47:15.426  INFO 3280 --- [  restartedMain] w.s.c.ServletWebServerApplicationContext : Root WebApplicationContext: initialization completed in 11907 ms
2026-08-05 15:47:15.506  INFO 3280 --- [  restartedMain] o.h.jpa.internal.util.LogHelper          : HHH000204: Processing PersistenceUnitInfo [name: default]
2026-08-05 15:47:15.512  INFO 3280 --- [  restartedMain] o.h.c.i.RegionFactoryInitiator           : HHH000026: Second-level cache disabled
2026-08-05 15:47:15.554  INFO 3280 --- [  restartedMain] o.s.o.j.p.SpringPersistenceUnitInfo      : No LoadTimeWeaver setup: ignoring JPA class transformer
2026-08-05 15:47:15.556  INFO 3280 --- [  restartedMain] com.zaxxer.hikari.HikariDataSource       : BusinessAppHikariPool - Starting...
2026-08-05 15:47:15.744  INFO 3280 --- [  restartedMain] com.zaxxer.hikari.pool.HikariPool        : BusinessAppHikariPool - Added connection com.mysql.cj.jdbc.ConnectionImpl@740d89c0
2026-08-05 15:47:15.744  INFO 3280 --- [  restartedMain] com.zaxxer.hikari.HikariDataSource       : BusinessAppHikariPool - Start completed.
2026-08-05 15:47:15.920  INFO 3280 --- [  restartedMain] o.h.e.t.j.p.i.JtaPlatformInitiator       : HHH000489: No JTA platform available (set 'hibernate.transaction.jta.platform' to enable JTA platform integration)
2026-08-05 15:47:16.216 DEBUG 3280 --- [  restartedMain] org.hibernate.SQL                        : 
    alter table users 
       modify column role enum ('ROLE_ADMIN','ROLE_CUSTOMER','ROLE_MANAGER','ROLE_MEMBERS') not null
2026-08-05 15:47:16.390  INFO 3280 --- [  restartedMain] j.LocalContainerEntityManagerFactoryBean : Initialized JPA EntityManagerFactory for persistence unit 'default'
2026-08-05 15:47:16.631  INFO 3280 --- [  restartedMain] o.s.b.web.servlet.RegistrationBean       : Filter disableJwtAuthFilterRegistration was not registered (disabled)
2026-08-05 15:47:16.759  INFO 3280 --- [  restartedMain] eAuthenticationProviderManagerConfigurer : Global AuthenticationManager configured with AuthenticationProvider bean with name authenticationProvider
2026-08-05 15:47:16.762  WARN 3280 --- [  restartedMain] r$InitializeUserDetailsManagerConfigurer : Global AuthenticationManager configured with an AuthenticationProvider bean. UserDetailsService beans will not be used for username/password login. Consider removing the AuthenticationProvider bean. Alternatively, consider using the UserDetailsService in a manually instantiated DaoAuthenticationProvider.
2026-08-05 15:47:16.871  INFO 3280 --- [  restartedMain] c.e.firstapp.config.AsyncConfig          : Email thread pool initialized: core=2 max=5 queue=50
2026-08-05 15:47:17.213 DEBUG 3280 --- [  restartedMain] o.s.s.web.DefaultSecurityFilterChain     : Will secure any request with filters: DisableEncodeUrlFilter, WebAsyncManagerIntegrationFilter, SecurityContextHolderFilter, HeaderWriterFilter, LogoutFilter, JwtAuthFilter, RequestCacheAwareFilter, SecurityContextHolderAwareRequestFilter, AnonymousAuthenticationFilter, SessionManagementFilter, ExceptionTranslationFilter, AuthorizationFilter
2026-08-05 15:47:17.381  INFO 3280 --- [  restartedMain] o.s.b.d.a.OptionalLiveReloadServer       : LiveReload server is running on port 35729
2026-08-05 15:47:17.426  INFO 3280 --- [  restartedMain] o.s.b.w.e.tomcat.TomcatWebServer         : Tomcat started on port 8080 (http) with context path '/'
2026-08-05 15:47:17.447  INFO 3280 --- [  restartedMain] c.e.firstapp.FirstappApplication         : Started FirstappApplication in 14.29 seconds (process running for 5569.264)
2026-08-05 15:47:17.452  INFO 3280 --- [  restartedMain] .ConditionEvaluationDeltaLoggingListener : Condition evaluation unchanged
2026-08-05 15:48:01.949  INFO 3280 --- [   File Watcher] rtingClassPathChangeChangedEventListener : Restarting due to 1 class path change (0 additions, 0 deletions, 1 modification)
2026-08-05 15:48:05.172  INFO 3280 --- [      Thread-23] j.LocalContainerEntityManagerFactoryBean : Closing JPA EntityManagerFactory for persistence unit 'default'
2026-08-05 15:48:05.279  INFO 3280 --- [      Thread-23] com.zaxxer.hikari.HikariDataSource       : BusinessAppHikariPool - Shutdown initiated...
2026-08-05 15:48:05.354  INFO 3280 --- [      Thread-23] com.zaxxer.hikari.HikariDataSource       : BusinessAppHikariPool - Shutdown completed.
2026-08-05 15:48:23.036  INFO 3280 --- [  restartedMain] c.e.firstapp.FirstappApplication         : Starting FirstappApplication using Java 25.0.3 with PID 3280 (E:\firstapp\firstapp\target\classes started by Dell in E:\firstapp\firstapp)
2026-08-05 15:48:23.036  INFO 3280 --- [  restartedMain] c.e.firstapp.FirstappApplication         : No active profile set, falling back to 1 default profile: "default"
2026-08-05 15:48:24.124  INFO 3280 --- [  restartedMain] .s.d.r.c.RepositoryConfigurationDelegate : Bootstrapping Spring Data JPA repositories in DEFAULT mode.
2026-08-05 15:48:24.224  INFO 3280 --- [  restartedMain] .s.d.r.c.RepositoryConfigurationDelegate : Finished Spring Data repository scanning in 97 ms. Found 2 JPA repository interfaces.
2026-08-05 15:48:25.745  INFO 3280 --- [  restartedMain] o.s.b.w.e.tomcat.TomcatWebServer         : Tomcat initialized with port 8080 (http)
2026-08-05 15:48:25.747  INFO 3280 --- [  restartedMain] o.a.catalina.core.StandardService        : Starting service [Tomcat]
2026-08-05 15:48:25.747  INFO 3280 --- [  restartedMain] o.a.catalina.core.StandardEngine         : Starting Servlet engine: [Apache Tomcat/10.1.42]
2026-08-05 15:48:25.876  INFO 3280 --- [  restartedMain] o.a.c.c.C.[Tomcat].[localhost].[/]       : Initializing Spring embedded WebApplicationContext
2026-08-05 15:48:25.876  INFO 3280 --- [  restartedMain] w.s.c.ServletWebServerApplicationContext : Root WebApplicationContext: initialization completed in 2818 ms
2026-08-05 15:48:25.987  INFO 3280 --- [  restartedMain] o.h.jpa.internal.util.LogHelper          : HHH000204: Processing PersistenceUnitInfo [name: default]
2026-08-05 15:48:25.998  INFO 3280 --- [  restartedMain] o.h.c.i.RegionFactoryInitiator           : HHH000026: Second-level cache disabled
2026-08-05 15:48:26.077  INFO 3280 --- [  restartedMain] o.s.o.j.p.SpringPersistenceUnitInfo      : No LoadTimeWeaver setup: ignoring JPA class transformer
2026-08-05 15:48:26.090  INFO 3280 --- [  restartedMain] com.zaxxer.hikari.HikariDataSource       : BusinessAppHikariPool - Starting...
2026-08-05 15:48:26.362  INFO 3280 --- [  restartedMain] com.zaxxer.hikari.pool.HikariPool        : BusinessAppHikariPool - Added connection com.mysql.cj.jdbc.ConnectionImpl@46b82665
2026-08-05 15:48:26.394  INFO 3280 --- [  restartedMain] com.zaxxer.hikari.HikariDataSource       : BusinessAppHikariPool - Start completed.
2026-08-05 15:48:26.598  INFO 3280 --- [  restartedMain] o.h.e.t.j.p.i.JtaPlatformInitiator       : HHH000489: No JTA platform available (set 'hibernate.transaction.jta.platform' to enable JTA platform integration)
2026-08-05 15:48:26.681 DEBUG 3280 --- [  restartedMain] org.hibernate.SQL                        : 
    alter table users 
       modify column role enum ('ROLE_ADMIN','ROLE_CUSTOMER','ROLE_MANAGER','ROLE_MEMBERS') not null
2026-08-05 15:48:26.863  INFO 3280 --- [  restartedMain] j.LocalContainerEntityManagerFactoryBean : Initialized JPA EntityManagerFactory for persistence unit 'default'
2026-08-05 15:48:27.034  INFO 3280 --- [  restartedMain] o.s.b.web.servlet.RegistrationBean       : Filter disableJwtAuthFilterRegistration was not registered (disabled)
2026-08-05 15:48:27.125  INFO 3280 --- [  restartedMain] eAuthenticationProviderManagerConfigurer : Global AuthenticationManager configured with AuthenticationProvider bean with name authenticationProvider
2026-08-05 15:48:27.125  WARN 3280 --- [  restartedMain] r$InitializeUserDetailsManagerConfigurer : Global AuthenticationManager configured with an AuthenticationProvider bean. UserDetailsService beans will not be used for username/password login. Consider removing the AuthenticationProvider bean. Alternatively, consider using the UserDetailsService in a manually instantiated DaoAuthenticationProvider.
2026-08-05 15:48:27.198  INFO 3280 --- [  restartedMain] c.e.firstapp.config.AsyncConfig          : Email thread pool initialized: core=2 max=5 queue=50
2026-08-05 15:48:27.285 DEBUG 3280 --- [  restartedMain] o.s.s.web.DefaultSecurityFilterChain     : Will secure any request with filters: DisableEncodeUrlFilter, WebAsyncManagerIntegrationFilter, SecurityContextHolderFilter, HeaderWriterFilter, LogoutFilter, JwtAuthFilter, RequestCacheAwareFilter, SecurityContextHolderAwareRequestFilter, AnonymousAuthenticationFilter, SessionManagementFilter, ExceptionTranslationFilter, AuthorizationFilter
2026-08-05 15:48:27.380  INFO 3280 --- [  restartedMain] o.s.b.d.a.OptionalLiveReloadServer       : LiveReload server is running on port 35729
2026-08-05 15:48:27.406  INFO 3280 --- [  restartedMain] o.s.b.w.e.tomcat.TomcatWebServer         : Tomcat started on port 8080 (http) with context path '/'
2026-08-05 15:48:27.418  INFO 3280 --- [  restartedMain] c.e.firstapp.FirstappApplication         : Started FirstappApplication in 4.644 seconds (process running for 5639.235)
2026-08-05 15:48:27.420  INFO 3280 --- [  restartedMain] .ConditionEvaluationDeltaLoggingListener : Condition evaluation unchanged
2026-08-05 15:49:37.075  INFO 3280 --- [nio-8080-exec-2] o.a.c.c.C.[Tomcat].[localhost].[/]       : Initializing Spring DispatcherServlet 'dispatcherServlet'
2026-08-05 15:49:37.075  INFO 3280 --- [nio-8080-exec-2] o.s.web.servlet.DispatcherServlet        : Initializing Servlet 'dispatcherServlet'
2026-08-05 15:49:37.077  INFO 3280 --- [nio-8080-exec-2] o.s.web.servlet.DispatcherServlet        : Completed initialization in 2 ms
2026-08-05 15:49:37.077 DEBUG 3280 --- [nio-8080-exec-2] o.s.security.web.FilterChainProxy        : Securing POST /api/v1/auth/forgot-password
2026-08-05 15:49:37.077 DEBUG 3280 --- [nio-8080-exec-2] o.s.s.w.a.AnonymousAuthenticationFilter  : Set SecurityContextHolder to anonymous SecurityContext
2026-08-05 15:49:37.077 DEBUG 3280 --- [nio-8080-exec-2] o.s.security.web.FilterChainProxy        : Secured POST /api/v1/auth/forgot-password
2026-08-05 15:49:37.111 DEBUG 3280 --- [nio-8080-exec-2] org.hibernate.SQL                        : 
    select
        u1_0.id,
        u1_0.created_at,
        u1_0.email,
        u1_0.failed_attempts,
        u1_0.is_active,
        u1_0.is_locked,
        u1_0.last_login_at,
        u1_0.lock_time,
        u1_0.password,
        u1_0.role,
        u1_0.updated_at,
        u1_0.username 
    from
        users u1_0 
    where
        u1_0.email=?
2026-08-05 15:49:37.125 DEBUG 3280 --- [nio-8080-exec-2] org.hibernate.SQL                        : 
    select
        prt1_0.id,
        prt1_0.created_at,
        prt1_0.expires_at,
        prt1_0.token_hash,
        prt1_0.used,
        prt1_0.user_id 
    from
        password_reset_tokens prt1_0 
    where
        prt1_0.user_id=?
2026-08-05 15:49:37.425 DEBUG 3280 --- [nio-8080-exec-2] org.hibernate.SQL                        : 
    insert 
    into
        password_reset_tokens
        (created_at, expires_at, token_hash, used, user_id) 
    values
        (?, ?, ?, ?, ?)
2026-08-05 15:49:37.454 DEBUG 3280 --- [nio-8080-exec-2] org.hibernate.SQL                        : 
    delete 
    from
        password_reset_tokens 
    where
        id=?
2026-08-05 15:49:37.668  INFO 3280 --- [ email-thread-1] c.e.f.service.EmailServiceImpl           : Email sent: to=r**@gmail.com template=PASSWORD_RESET
2026-08-05 16:01:57.333 DEBUG 3280 --- [nio-8080-exec-4] o.s.security.web.FilterChainProxy        : Securing POST /api/v1/auth/signup
2026-08-05 16:01:57.939 DEBUG 3280 --- [nio-8080-exec-4] org.hibernate.SQL                        : 
    select
        u1_0.id,
        u1_0.created_at,
        u1_0.email,
        u1_0.failed_attempts,
        u1_0.is_active,
        u1_0.is_locked,
        u1_0.last_login_at,
        u1_0.lock_time,
        u1_0.password,
        u1_0.role,
        u1_0.updated_at,
        u1_0.username 
    from
        users u1_0 
    where
        u1_0.email=?
2026-08-05 16:01:57.977 DEBUG 3280 --- [nio-8080-exec-4] o.s.security.web.FilterChainProxy        : Secured POST /api/v1/auth/signup
2026-08-05 16:01:58.020  INFO 3280 --- [nio-8080-exec-4] c.e.f.controller.AuthController          : Signup request received: boob@gmaul.com
2026-08-05 16:01:58.023  INFO 3280 --- [nio-8080-exec-4] c.e.firstapp.service.AuthService         : Signup attempt for email: boob@gmaul.com
2026-08-05 16:01:58.026 DEBUG 3280 --- [nio-8080-exec-4] org.hibernate.SQL                        : 
    select
        u1_0.id 
    from
        users u1_0 
    where
        u1_0.email=? 
    limit
        ?
2026-08-05 16:01:58.033 DEBUG 3280 --- [nio-8080-exec-4] org.hibernate.SQL                        : 
    select
        u1_0.id 
    from
        users u1_0 
    where
        u1_0.username=? 
    limit
        ?
2026-08-05 16:01:58.318 DEBUG 3280 --- [nio-8080-exec-4] org.hibernate.SQL                        : 
    insert 
    into
        users
        (created_at, email, failed_attempts, is_active, is_locked, last_login_at, lock_time, password, role, updated_at, username) 
    values
        (?, ?, ?, ?, ?, ?, ?, ?, ?, ?, ?)
2026-08-05 16:01:58.334  INFO 3280 --- [nio-8080-exec-4] c.e.firstapp.service.AuthService         : User created: id=20 email=boob@gmaul.com
2026-08-05 16:01:58.342  INFO 3280 --- [nio-8080-exec-4] c.e.firstapp.service.AuthService         : Signup successful: boob@gmaul.com
2026-08-05 16:01:58.425  INFO 3280 --- [ email-thread-2] c.e.f.service.EmailServiceImpl           : Email sent: to=b**@gmaul.com template=WELCOME
2026-08-05 16:02:54.953 DEBUG 3280 --- [nio-8080-exec-6] o.s.security.web.FilterChainProxy        : Securing POST /api/v1/auth/forgot-password
2026-08-05 16:02:54.971 DEBUG 3280 --- [nio-8080-exec-6] org.hibernate.SQL                        : 
    select
        u1_0.id,
        u1_0.created_at,
        u1_0.email,
        u1_0.failed_attempts,
        u1_0.is_active,
        u1_0.is_locked,
        u1_0.last_login_at,
        u1_0.lock_time,
        u1_0.password,
        u1_0.role,
        u1_0.updated_at,
        u1_0.username 
    from
        users u1_0 
    where
        u1_0.email=?
2026-08-05 16:02:54.971 DEBUG 3280 --- [nio-8080-exec-6] o.s.security.web.FilterChainProxy        : Secured POST /api/v1/auth/forgot-password
2026-08-05 16:02:54.990 DEBUG 3280 --- [nio-8080-exec-6] org.hibernate.SQL                        : 
    select
        u1_0.id,
        u1_0.created_at,
        u1_0.email,
        u1_0.failed_attempts,
        u1_0.is_active,
        u1_0.is_locked,
        u1_0.last_login_at,
        u1_0.lock_time,
        u1_0.password,
        u1_0.role,
        u1_0.updated_at,
        u1_0.username 
    from
        users u1_0 
    where
        u1_0.email=?
2026-08-05 16:02:54.990 DEBUG 3280 --- [nio-8080-exec-6] org.hibernate.SQL                        : 
    select
        prt1_0.id,
        prt1_0.created_at,
        prt1_0.expires_at,
        prt1_0.token_hash,
        prt1_0.used,
        prt1_0.user_id 
    from
        password_reset_tokens prt1_0 
    where
        prt1_0.user_id=?
2026-08-05 16:02:55.246 DEBUG 3280 --- [nio-8080-exec-6] org.hibernate.SQL                        : 
    insert 
    into
        password_reset_tokens
        (created_at, expires_at, token_hash, used, user_id) 
    values
        (?, ?, ?, ?, ?)
2026-08-05 16:02:55.302  INFO 3280 --- [ email-thread-1] c.e.f.service.EmailServiceImpl           : Email sent: to=b**@gmaul.com template=PASSWORD_RESET
2026-08-05 23:05:47.715  INFO 8348 --- [  restartedMain] c.e.firstapp.FirstappApplication         : Starting FirstappApplication using Java 21.0.11 with PID 8348 (E:\firstapp\firstapp\target\classes started by Dell in E:\firstapp\firstapp)
2026-08-05 23:05:47.718  INFO 8348 --- [  restartedMain] c.e.firstapp.FirstappApplication         : No active profile set, falling back to 1 default profile: "default"
2026-08-05 23:05:47.794  INFO 8348 --- [  restartedMain] .e.DevToolsPropertyDefaultsPostProcessor : Devtools property defaults active! Set 'spring.devtools.add-properties' to 'false' to disable
2026-08-05 23:05:47.795  INFO 8348 --- [  restartedMain] .e.DevToolsPropertyDefaultsPostProcessor : For additional web related logging consider setting the 'logging.level.web' property to 'DEBUG'
2026-08-05 23:05:49.366  INFO 8348 --- [  restartedMain] .s.d.r.c.RepositoryConfigurationDelegate : Bootstrapping Spring Data JPA repositories in DEFAULT mode.
2026-08-05 23:05:49.457  INFO 8348 --- [  restartedMain] .s.d.r.c.RepositoryConfigurationDelegate : Finished Spring Data repository scanning in 73 ms. Found 2 JPA repository interfaces.
2026-08-05 23:05:50.514  INFO 8348 --- [  restartedMain] o.s.b.w.e.tomcat.TomcatWebServer         : Tomcat initialized with port 8080 (http)
2026-08-05 23:05:50.542  INFO 8348 --- [  restartedMain] o.a.catalina.core.StandardService        : Starting service [Tomcat]
2026-08-05 23:05:50.543  INFO 8348 --- [  restartedMain] o.a.catalina.core.StandardEngine         : Starting Servlet engine: [Apache Tomcat/10.1.42]
2026-08-05 23:05:50.680  INFO 8348 --- [  restartedMain] o.a.c.c.C.[Tomcat].[localhost].[/]       : Initializing Spring embedded WebApplicationContext
2026-08-05 23:05:50.681  INFO 8348 --- [  restartedMain] w.s.c.ServletWebServerApplicationContext : Root WebApplicationContext: initialization completed in 2885 ms
2026-08-05 23:05:50.937  INFO 8348 --- [  restartedMain] o.h.jpa.internal.util.LogHelper          : HHH000204: Processing PersistenceUnitInfo [name: default]
2026-08-05 23:05:51.031  INFO 8348 --- [  restartedMain] org.hibernate.Version                    : HHH000412: Hibernate ORM core version 6.5.3.Final
2026-08-05 23:05:51.091  INFO 8348 --- [  restartedMain] o.h.c.i.RegionFactoryInitiator           : HHH000026: Second-level cache disabled
2026-08-05 23:05:51.550  INFO 8348 --- [  restartedMain] o.s.o.j.p.SpringPersistenceUnitInfo      : No LoadTimeWeaver setup: ignoring JPA class transformer
2026-08-05 23:05:51.605  INFO 8348 --- [  restartedMain] com.zaxxer.hikari.HikariDataSource       : BusinessAppHikariPool - Starting...
2026-08-05 23:05:51.815  INFO 8348 --- [  restartedMain] com.zaxxer.hikari.pool.HikariPool        : BusinessAppHikariPool - Added connection com.mysql.cj.jdbc.ConnectionImpl@c37365c
2026-08-05 23:05:51.817  INFO 8348 --- [  restartedMain] com.zaxxer.hikari.HikariDataSource       : BusinessAppHikariPool - Start completed.
2026-08-05 23:05:52.866  INFO 8348 --- [  restartedMain] o.h.e.t.j.p.i.JtaPlatformInitiator       : HHH000489: No JTA platform available (set 'hibernate.transaction.jta.platform' to enable JTA platform integration)
2026-08-05 23:05:52.928 DEBUG 8348 --- [  restartedMain] org.hibernate.SQL                        : 
    alter table users 
       modify column role enum ('ROLE_ADMIN','ROLE_CUSTOMER','ROLE_MANAGER','ROLE_MEMBERS') not null
2026-08-05 23:05:53.064  INFO 8348 --- [  restartedMain] j.LocalContainerEntityManagerFactoryBean : Initialized JPA EntityManagerFactory for persistence unit 'default'
2026-08-05 23:05:53.352  INFO 8348 --- [  restartedMain] o.s.d.j.r.query.QueryEnhancerFactory     : Hibernate is in classpath; If applicable, HQL parser will be used.
2026-08-05 23:05:53.999  INFO 8348 --- [  restartedMain] o.s.b.web.servlet.RegistrationBean       : Filter disableJwtAuthFilterRegistration was not registered (disabled)
2026-08-05 23:05:54.259  INFO 8348 --- [  restartedMain] eAuthenticationProviderManagerConfigurer : Global AuthenticationManager configured with AuthenticationProvider bean with name authenticationProvider
2026-08-05 23:05:54.260  WARN 8348 --- [  restartedMain] r$InitializeUserDetailsManagerConfigurer : Global AuthenticationManager configured with an AuthenticationProvider bean. UserDetailsService beans will not be used for username/password login. Consider removing the AuthenticationProvider bean. Alternatively, consider using the UserDetailsService in a manually instantiated DaoAuthenticationProvider.
2026-08-05 23:05:54.319  INFO 8348 --- [  restartedMain] c.e.firstapp.config.AsyncConfig          : Email thread pool initialized: core=2 max=5 queue=50
2026-08-05 23:05:54.733 DEBUG 8348 --- [  restartedMain] o.s.s.web.DefaultSecurityFilterChain     : Will secure any request with filters: DisableEncodeUrlFilter, WebAsyncManagerIntegrationFilter, SecurityContextHolderFilter, HeaderWriterFilter, LogoutFilter, JwtAuthFilter, RequestCacheAwareFilter, SecurityContextHolderAwareRequestFilter, AnonymousAuthenticationFilter, SessionManagementFilter, ExceptionTranslationFilter, AuthorizationFilter
2026-08-05 23:05:55.051  INFO 8348 --- [  restartedMain] o.s.b.d.a.OptionalLiveReloadServer       : LiveReload server is running on port 35729
2026-08-05 23:05:55.109  INFO 8348 --- [  restartedMain] o.s.b.w.e.tomcat.TomcatWebServer         : Tomcat started on port 8080 (http) with context path '/'
2026-08-05 23:05:55.118  INFO 8348 --- [  restartedMain] c.e.firstapp.FirstappApplication         : Started FirstappApplication in 8.042 seconds (process running for 12.671)
2026-08-05 23:06:00.611  INFO 8348 --- [nio-8080-exec-1] o.a.c.c.C.[Tomcat].[localhost].[/]       : Initializing Spring DispatcherServlet 'dispatcherServlet'
2026-08-05 23:06:00.612  INFO 8348 --- [nio-8080-exec-1] o.s.web.servlet.DispatcherServlet        : Initializing Servlet 'dispatcherServlet'
2026-08-05 23:06:00.613  INFO 8348 --- [nio-8080-exec-1] o.s.web.servlet.DispatcherServlet        : Completed initialization in 1 ms
2026-08-05 23:06:00.655 DEBUG 8348 --- [nio-8080-exec-1] o.s.security.web.FilterChainProxy        : Securing POST /api/v1/auth/login
2026-08-05 23:06:00.665 DEBUG 8348 --- [nio-8080-exec-1] o.s.s.w.a.AnonymousAuthenticationFilter  : Set SecurityContextHolder to anonymous SecurityContext
2026-08-05 23:06:00.667 DEBUG 8348 --- [nio-8080-exec-1] o.s.security.web.FilterChainProxy        : Secured POST /api/v1/auth/login
2026-08-05 23:06:00.863  INFO 8348 --- [nio-8080-exec-1] c.e.f.controller.AuthController          : Login request received: ram@gmail.com
2026-08-05 23:06:00.875  INFO 8348 --- [nio-8080-exec-1] c.e.firstapp.service.AuthService         : Login attempt for: ram@gmail.com
2026-08-05 23:06:01.296 DEBUG 8348 --- [nio-8080-exec-1] org.hibernate.SQL                        : 
    select
        u1_0.id,
        u1_0.created_at,
        u1_0.email,
        u1_0.failed_attempts,
        u1_0.is_active,
        u1_0.is_locked,
        u1_0.last_login_at,
        u1_0.lock_time,
        u1_0.password,
        u1_0.role,
        u1_0.updated_at,
        u1_0.username 
    from
        users u1_0 
    where
        u1_0.email=?
2026-08-05 23:06:01.615 DEBUG 8348 --- [nio-8080-exec-1] o.s.s.a.d.DaoAuthenticationProvider      : Authenticated user
2026-08-05 23:06:01.637 DEBUG 8348 --- [nio-8080-exec-1] org.hibernate.SQL                        : 
    update
        users u1_0 
    set
        failed_attempts=0,
        is_locked=0,
        lock_time=null 
    where
        u1_0.email=?
2026-08-05 23:06:01.650 DEBUG 8348 --- [nio-8080-exec-1] org.hibernate.SQL                        : 
    update
        users u1_0 
    set
        last_login_at=? 
    where
        u1_0.email=?
2026-08-05 23:06:01.664 DEBUG 8348 --- [nio-8080-exec-1] org.hibernate.SQL                        : 
    select
        u1_0.id,
        u1_0.created_at,
        u1_0.email,
        u1_0.failed_attempts,
        u1_0.is_active,
        u1_0.is_locked,
        u1_0.last_login_at,
        u1_0.lock_time,
        u1_0.password,
        u1_0.role,
        u1_0.updated_at,
        u1_0.username 
    from
        users u1_0 
    where
        u1_0.email=?
2026-08-05 23:06:01.715  INFO 8348 --- [nio-8080-exec-1] c.e.firstapp.service.AuthService         : Login successful: ram@gmail.com
2026-08-05 23:07:12.462 DEBUG 8348 --- [nio-8080-exec-3] o.s.security.web.FilterChainProxy        : Securing GET /api/v1/admin/users
2026-08-05 23:07:12.462 DEBUG 8348 --- [nio-8080-exec-3] o.s.s.w.a.AnonymousAuthenticationFilter  : Set SecurityContextHolder to anonymous SecurityContext
2026-08-05 23:07:12.464 DEBUG 8348 --- [nio-8080-exec-3] o.s.s.w.a.Http403ForbiddenEntryPoint     : Pre-authenticated entry point called. Rejecting access
2026-08-05 23:07:12.468 DEBUG 8348 --- [nio-8080-exec-3] o.s.security.web.FilterChainProxy        : Securing GET /error
2026-08-05 23:07:12.468 DEBUG 8348 --- [nio-8080-exec-3] o.s.s.w.a.AnonymousAuthenticationFilter  : Set SecurityContextHolder to anonymous SecurityContext
2026-08-05 23:07:12.468 DEBUG 8348 --- [nio-8080-exec-3] o.s.s.w.a.Http403ForbiddenEntryPoint     : Pre-authenticated entry point called. Rejecting access
2026-08-05 23:09:06.948 DEBUG 8348 --- [nio-8080-exec-9] o.s.security.web.FilterChainProxy        : Securing GET /api/v1/admin/users
2026-08-05 23:09:06.949 DEBUG 8348 --- [nio-8080-exec-9] o.s.s.w.a.AnonymousAuthenticationFilter  : Set SecurityContextHolder to anonymous SecurityContext
2026-08-05 23:09:06.949 DEBUG 8348 --- [nio-8080-exec-9] o.s.s.w.a.Http403ForbiddenEntryPoint     : Pre-authenticated entry point called. Rejecting access
2026-08-05 23:09:06.949 DEBUG 8348 --- [nio-8080-exec-9] o.s.security.web.FilterChainProxy        : Securing GET /error
2026-08-05 23:09:06.949 DEBUG 8348 --- [nio-8080-exec-9] o.s.s.w.a.AnonymousAuthenticationFilter  : Set SecurityContextHolder to anonymous SecurityContext
2026-08-05 23:09:06.949 DEBUG 8348 --- [nio-8080-exec-9] o.s.s.w.a.Http403ForbiddenEntryPoint     : Pre-authenticated entry point called. Rejecting access
2026-08-05 23:12:24.544 DEBUG 8348 --- [nio-8080-exec-2] o.s.security.web.FilterChainProxy        : Securing GET /api/v1/admin/users
2026-08-05 23:12:24.544 DEBUG 8348 --- [nio-8080-exec-2] o.s.s.w.a.AnonymousAuthenticationFilter  : Set SecurityContextHolder to anonymous SecurityContext
2026-08-05 23:12:24.544 DEBUG 8348 --- [nio-8080-exec-2] o.s.s.w.a.Http403ForbiddenEntryPoint     : Pre-authenticated entry point called. Rejecting access
2026-08-05 23:12:24.544 DEBUG 8348 --- [nio-8080-exec-2] o.s.security.web.FilterChainProxy        : Securing GET /error
2026-08-05 23:12:24.544 DEBUG 8348 --- [nio-8080-exec-2] o.s.s.w.a.AnonymousAuthenticationFilter  : Set SecurityContextHolder to anonymous SecurityContext
2026-08-05 23:12:24.544 DEBUG 8348 --- [nio-8080-exec-2] o.s.s.w.a.Http403ForbiddenEntryPoint     : Pre-authenticated entry point called. Rejecting access
2026-08-05 23:12:42.925 DEBUG 8348 --- [nio-8080-exec-1] o.s.security.web.FilterChainProxy        : Securing GET /api/v1/admin/users
2026-08-05 23:12:42.994 DEBUG 8348 --- [nio-8080-exec-1] org.hibernate.SQL                        : 
    select
        u1_0.id,
        u1_0.created_at,
        u1_0.email,
        u1_0.failed_attempts,
        u1_0.is_active,
        u1_0.is_locked,
        u1_0.last_login_at,
        u1_0.lock_time,
        u1_0.password,
        u1_0.role,
        u1_0.updated_at,
        u1_0.username 
    from
        users u1_0 
    where
        u1_0.email=?
2026-08-05 23:12:43.031 DEBUG 8348 --- [nio-8080-exec-1] o.s.security.web.FilterChainProxy        : Secured GET /api/v1/admin/users
2026-08-05 23:12:43.046 DEBUG 8348 --- [nio-8080-exec-1] horizationManagerBeforeMethodInterceptor : Authorizing method invocation ReflectiveMethodInvocation: public org.springframework.data.domain.Page com.example.firstapp.controller.AdminUserController.listUsers(int,int,java.lang.String,boolean); target is of class [com.example.firstapp.controller.AdminUserController]
2026-08-05 23:12:43.097 DEBUG 8348 --- [nio-8080-exec-1] horizationManagerBeforeMethodInterceptor : Authorized method invocation ReflectiveMethodInvocation: public org.springframework.data.domain.Page com.example.firstapp.controller.AdminUserController.listUsers(int,int,java.lang.String,boolean); target is of class [com.example.firstapp.controller.AdminUserController]
2026-08-05 23:12:43.129 DEBUG 8348 --- [nio-8080-exec-1] org.hibernate.SQL                        : 
    select
        u1_0.id,
        u1_0.created_at,
        u1_0.email,
        u1_0.failed_attempts,
        u1_0.is_active,
        u1_0.is_locked,
        u1_0.last_login_at,
        u1_0.lock_time,
        u1_0.password,
        u1_0.role,
        u1_0.updated_at,
        u1_0.username 
    from
        users u1_0 
    order by
        u1_0.id,
        u1_0.id 
    limit
        ?, ?
2026-08-05 23:12:43.151  WARN 8348 --- [nio-8080-exec-1] ration$PageModule$WarningLoggingModifier : Serializing PageImpl instances as-is is not supported, meaning that there is no guarantee about the stability of the resulting JSON structure!
	For a stable JSON structure, please use Spring Data's PagedModel (globally via @EnableSpringDataWebSupport(pageSerializationMode = VIA_DTO))
	or Spring HATEOAS and Spring Data's PagedResourcesAssembler as documented in https://docs.spring.io/spring-data/commons/reference/repositories/core-extensions.html#core.web.pageables.

2026-08-05 23:55:51.849 DEBUG 8348 --- [nio-8080-exec-4] o.s.security.web.FilterChainProxy        : Securing POST /api/v1/auth/login
2026-08-05 23:55:52.212 DEBUG 8348 --- [nio-8080-exec-4] org.hibernate.SQL                        : 
    select
        u1_0.id,
        u1_0.created_at,
        u1_0.email,
        u1_0.failed_attempts,
        u1_0.is_active,
        u1_0.is_locked,
        u1_0.last_login_at,
        u1_0.lock_time,
        u1_0.password,
        u1_0.role,
        u1_0.updated_at,
        u1_0.username 
    from
        users u1_0 
    where
        u1_0.email=?
2026-08-05 23:55:52.459 DEBUG 8348 --- [nio-8080-exec-4] o.s.security.web.FilterChainProxy        : Secured POST /api/v1/auth/login
2026-08-05 23:55:52.768  INFO 8348 --- [nio-8080-exec-4] c.e.f.controller.AuthController          : Login request received: ram@gmail.com
2026-08-05 23:55:52.800  INFO 8348 --- [nio-8080-exec-4] c.e.firstapp.service.AuthService         : Login attempt for: ram@gmail.com
2026-08-05 23:55:52.806 DEBUG 8348 --- [nio-8080-exec-4] org.hibernate.SQL                        : 
    select
        u1_0.id,
        u1_0.created_at,
        u1_0.email,
        u1_0.failed_attempts,
        u1_0.is_active,
        u1_0.is_locked,
        u1_0.last_login_at,
        u1_0.lock_time,
        u1_0.password,
        u1_0.role,
        u1_0.updated_at,
        u1_0.username 
    from
        users u1_0 
    where
        u1_0.email=?
2026-08-05 23:55:53.084 DEBUG 8348 --- [nio-8080-exec-4] o.s.s.a.d.DaoAuthenticationProvider      : Authenticated user
2026-08-05 23:55:53.146 DEBUG 8348 --- [nio-8080-exec-4] org.hibernate.SQL                        : 
    update
        users u1_0 
    set
        failed_attempts=0,
        is_locked=0,
        lock_time=null 
    where
        u1_0.email=?
2026-08-05 23:55:53.165 DEBUG 8348 --- [nio-8080-exec-4] org.hibernate.SQL                        : 
    update
        users u1_0 
    set
        last_login_at=? 
    where
        u1_0.email=?
2026-08-05 23:55:53.201 DEBUG 8348 --- [nio-8080-exec-4] org.hibernate.SQL                        : 
    select
        u1_0.id,
        u1_0.created_at,
        u1_0.email,
        u1_0.failed_attempts,
        u1_0.is_active,
        u1_0.is_locked,
        u1_0.last_login_at,
        u1_0.lock_time,
        u1_0.password,
        u1_0.role,
        u1_0.updated_at,
        u1_0.username 
    from
        users u1_0 
    where
        u1_0.email=?
2026-08-05 23:55:53.222  INFO 8348 --- [nio-8080-exec-4] c.e.firstapp.service.AuthService         : Login successful: ram@gmail.com
2026-08-05 23:55:53.825 DEBUG 8348 --- [nio-8080-exec-3] o.s.security.web.FilterChainProxy        : Securing GET /api/v1/admin/users?page=0&size=20&sortBy=id&ascending=true
2026-08-05 23:55:53.829 DEBUG 8348 --- [nio-8080-exec-3] org.hibernate.SQL                        : 
    select
        u1_0.id,
        u1_0.created_at,
        u1_0.email,
        u1_0.failed_attempts,
        u1_0.is_active,
        u1_0.is_locked,
        u1_0.last_login_at,
        u1_0.lock_time,
        u1_0.password,
        u1_0.role,
        u1_0.updated_at,
        u1_0.username 
    from
        users u1_0 
    where
        u1_0.email=?
2026-08-05 23:55:53.842 DEBUG 8348 --- [nio-8080-exec-3] o.s.security.web.FilterChainProxy        : Secured GET /api/v1/admin/users?page=0&size=20&sortBy=id&ascending=true
2026-08-05 23:55:53.893 DEBUG 8348 --- [nio-8080-exec-3] horizationManagerBeforeMethodInterceptor : Authorizing method invocation ReflectiveMethodInvocation: public org.springframework.data.domain.Page com.example.firstapp.controller.AdminUserController.listUsers(int,int,java.lang.String,boolean); target is of class [com.example.firstapp.controller.AdminUserController]
2026-08-05 23:55:53.903 DEBUG 8348 --- [nio-8080-exec-3] horizationManagerBeforeMethodInterceptor : Authorized method invocation ReflectiveMethodInvocation: public org.springframework.data.domain.Page com.example.firstapp.controller.AdminUserController.listUsers(int,int,java.lang.String,boolean); target is of class [com.example.firstapp.controller.AdminUserController]
2026-08-05 23:55:53.973 DEBUG 8348 --- [nio-8080-exec-3] org.hibernate.SQL                        : 
    select
        u1_0.id,
        u1_0.created_at,
        u1_0.email,
        u1_0.failed_attempts,
        u1_0.is_active,
        u1_0.is_locked,
        u1_0.last_login_at,
        u1_0.lock_time,
        u1_0.password,
        u1_0.role,
        u1_0.updated_at,
        u1_0.username 
    from
        users u1_0 
    order by
        u1_0.id,
        u1_0.id 
    limit
        ?, ?
2026-08-05 23:58:53.337 DEBUG 8348 --- [nio-8080-exec-7] o.s.security.web.FilterChainProxy        : Securing POST /api/v1/auth/forgot-password
2026-08-05 23:58:53.347 DEBUG 8348 --- [nio-8080-exec-7] org.hibernate.SQL                        : 
    select
        u1_0.id,
        u1_0.created_at,
        u1_0.email,
        u1_0.failed_attempts,
        u1_0.is_active,
        u1_0.is_locked,
        u1_0.last_login_at,
        u1_0.lock_time,
        u1_0.password,
        u1_0.role,
        u1_0.updated_at,
        u1_0.username 
    from
        users u1_0 
    where
        u1_0.email=?
2026-08-05 23:58:53.360 DEBUG 8348 --- [nio-8080-exec-7] o.s.security.web.FilterChainProxy        : Secured POST /api/v1/auth/forgot-password
2026-08-05 23:58:53.454 DEBUG 8348 --- [nio-8080-exec-7] org.hibernate.SQL                        : 
    select
        u1_0.id,
        u1_0.created_at,
        u1_0.email,
        u1_0.failed_attempts,
        u1_0.is_active,
        u1_0.is_locked,
        u1_0.last_login_at,
        u1_0.lock_time,
        u1_0.password,
        u1_0.role,
        u1_0.updated_at,
        u1_0.username 
    from
        users u1_0 
    where
        u1_0.email=?
2026-08-05 23:58:53.496 DEBUG 8348 --- [nio-8080-exec-7] org.hibernate.SQL                        : 
    select
        prt1_0.id,
        prt1_0.created_at,
        prt1_0.expires_at,
        prt1_0.token_hash,
        prt1_0.used,
        prt1_0.user_id 
    from
        password_reset_tokens prt1_0 
    where
        prt1_0.user_id=?
2026-08-05 23:58:53.966 DEBUG 8348 --- [nio-8080-exec-7] org.hibernate.SQL                        : 
    insert 
    into
        password_reset_tokens
        (created_at, expires_at, token_hash, used, user_id) 
    values
        (?, ?, ?, ?, ?)
2026-08-05 23:58:54.072 DEBUG 8348 --- [nio-8080-exec-7] org.hibernate.SQL                        : 
    delete 
    from
        password_reset_tokens 
    where
        id=?
2026-08-05 23:58:54.768 ERROR 8348 --- [ email-thread-1] c.e.f.service.EmailServiceImpl           : SMTP send failed: to=r**@gmail.com template=PASSWORD_RESET error={}
org.springframework.mail.MailSendException: Mail server connection failed. Failed messages: org.eclipse.angus.mail.util.MailConnectException: Couldn't connect to host, port: localhost, 1025; timeout 5000;
  nested exception is:
	java.net.ConnectException: Connection refused: getsockopt
	at org.springframework.mail.javamail.JavaMailSenderImpl.doSend(JavaMailSenderImpl.java:410)
	at org.springframework.mail.javamail.JavaMailSenderImpl.send(JavaMailSenderImpl.java:350)
	at org.springframework.mail.javamail.JavaMailSender.send(JavaMailSender.java:101)
	at com.example.firstapp.service.EmailServiceImpl.sendEmail(EmailServiceImpl.java:128)
	at com.example.firstapp.service.EmailServiceImpl.sendPasswordResetEmail(EmailServiceImpl.java:215)
	at java.base/jdk.internal.reflect.DirectMethodHandleAccessor.invoke(Unknown Source)
	at java.base/java.lang.reflect.Method.invoke(Unknown Source)
	at org.springframework.aop.support.AopUtils.invokeJoinpointUsingReflection(AopUtils.java:355)
	at org.springframework.aop.framework.ReflectiveMethodInvocation.invokeJoinpoint(ReflectiveMethodInvocation.java:196)
	at org.springframework.aop.framework.ReflectiveMethodInvocation.proceed(ReflectiveMethodInvocation.java:163)
	at org.springframework.aop.interceptor.AsyncExecutionInterceptor.lambda$invoke$0(AsyncExecutionInterceptor.java:113)
	at java.base/java.util.concurrent.FutureTask.run(Unknown Source)
	at java.base/java.util.concurrent.ThreadPoolExecutor.runWorker(Unknown Source)
	at java.base/java.util.concurrent.ThreadPoolExecutor$Worker.run(Unknown Source)
	at java.base/java.lang.Thread.run(Unknown Source)
Caused by: org.eclipse.angus.mail.util.MailConnectException: Couldn't connect to host, port: localhost, 1025; timeout 5000
	at org.eclipse.angus.mail.smtp.SMTPTransport.openServer(SMTPTransport.java:2243)
	at org.eclipse.angus.mail.smtp.SMTPTransport.protocolConnect(SMTPTransport.java:729)
	at jakarta.mail.Service.connect(Service.java:345)
	at org.springframework.mail.javamail.JavaMailSenderImpl.connectTransport(JavaMailSenderImpl.java:480)
	at org.springframework.mail.javamail.JavaMailSenderImpl.doSend(JavaMailSenderImpl.java:399)
	... 14 common frames omitted
Caused by: java.net.ConnectException: Connection refused: getsockopt
	at java.base/sun.nio.ch.Net.pollConnect(Native Method)
	at java.base/sun.nio.ch.Net.pollConnectNow(Unknown Source)
	at java.base/sun.nio.ch.NioSocketImpl.timedFinishConnect(Unknown Source)
	at java.base/sun.nio.ch.NioSocketImpl.connect(Unknown Source)
	at java.base/java.net.SocksSocketImpl.connect(Unknown Source)
	at java.base/java.net.Socket.connect(Unknown Source)
	at org.eclipse.angus.mail.util.WriteTimeoutSocket.connect(WriteTimeoutSocket.java:118)
	at org.eclipse.angus.mail.util.SocketFetcher.createSocket(SocketFetcher.java:366)
	at org.eclipse.angus.mail.util.SocketFetcher.getSocket(SocketFetcher.java:243)
	at org.eclipse.angus.mail.smtp.SMTPTransport.openServer(SMTPTransport.java:2193)
	... 18 common frames omitted
